"Scenario","Replication","StepScale","Success","PNIE","SelectedStartMediator","SelectedStartOutcome","CandidateRootsMediator","CandidateRootsOutcome"
"Asymmetric mixture",1,0.05,TRUE,-0.305011189732373,1,1,1,1
"Asymmetric mixture",1,0.1,TRUE,-0.305011189732373,1,1,1,1
"Asymmetric mixture",1,0.2,TRUE,-0.305011189732373,1,1,1,1
"Symmetric bimodal",1,0.05,TRUE,-0.377792482834225,1,1,1,1
"Symmetric bimodal",1,0.1,TRUE,-0.377792482834225,1,1,1,1
"Symmetric bimodal",1,0.2,TRUE,-0.377792482834225,1,1,1,1
"Asymmetric mixture",2,0.05,TRUE,-0.302862941392149,1,1,1,1
"Asymmetric mixture",2,0.1,TRUE,-0.302862941392149,1,1,1,1
"Asymmetric mixture",2,0.2,TRUE,-0.302862941392149,1,1,1,1
"Symmetric bimodal",2,0.05,TRUE,-0.345872478303733,1,1,1,1
"Symmetric bimodal",2,0.1,TRUE,-0.345872478303733,1,1,1,1
"Symmetric bimodal",2,0.2,TRUE,-0.345872478303733,1,1,1,1
"Asymmetric mixture",3,0.05,TRUE,-0.334229727877493,1,1,1,1
"Asymmetric mixture",3,0.1,TRUE,-0.334229727877493,1,1,1,1
"Asymmetric mixture",3,0.2,TRUE,-0.334229727877493,1,1,1,1
"Symmetric bimodal",3,0.05,TRUE,-0.271014609447206,1,1,1,1
"Symmetric bimodal",3,0.1,TRUE,-0.271014609447206,1,1,1,1
"Symmetric bimodal",3,0.2,TRUE,-0.271014609447206,1,1,1,1
"Asymmetric mixture",4,0.05,TRUE,-0.288342862938788,1,1,1,1
"Asymmetric mixture",4,0.1,TRUE,-0.288342862938788,1,1,1,1
"Asymmetric mixture",4,0.2,TRUE,-0.288342862938788,1,1,1,1
"Symmetric bimodal",4,0.05,TRUE,-0.328882569053092,1,1,1,1
"Symmetric bimodal",4,0.1,TRUE,-0.328882569053092,1,1,1,1
"Symmetric bimodal",4,0.2,TRUE,-0.328882569053092,1,1,1,1
"Asymmetric mixture",5,0.05,TRUE,-0.324827359296646,1,1,1,1
"Asymmetric mixture",5,0.1,TRUE,-0.324827359296646,1,1,1,1
"Asymmetric mixture",5,0.2,TRUE,-0.324827359296646,1,1,1,1
"Symmetric bimodal",5,0.05,TRUE,-0.320123880805556,1,1,1,1
"Symmetric bimodal",5,0.1,TRUE,-0.320123880805556,1,1,1,1
"Symmetric bimodal",5,0.2,TRUE,-0.320123880805556,1,1,1,2
"Asymmetric mixture",6,0.05,FALSE,NA,NA,NA,NA,NA
"Asymmetric mixture",6,0.1,FALSE,NA,NA,NA,NA,NA
"Asymmetric mixture",6,0.2,FALSE,NA,NA,NA,NA,NA
"Symmetric bimodal",6,0.05,TRUE,-0.311925220338891,1,3,1,1
"Symmetric bimodal",6,0.1,TRUE,-0.311925220338891,1,5,1,2
"Symmetric bimodal",6,0.2,TRUE,-0.0385983313079366,1,4,1,1
"Asymmetric mixture",7,0.05,TRUE,-0.352192034627432,1,1,1,1
"Asymmetric mixture",7,0.1,TRUE,-0.352192034627432,1,1,1,1
"Asymmetric mixture",7,0.2,TRUE,-0.352192034627432,1,1,1,1
"Symmetric bimodal",7,0.05,TRUE,-0.328435576676453,1,1,1,1
"Symmetric bimodal",7,0.1,TRUE,-0.328435576676453,1,1,1,1
"Symmetric bimodal",7,0.2,TRUE,-0.328435576676453,1,1,1,1
"Asymmetric mixture",8,0.05,TRUE,-0.331972128866327,1,1,1,1
"Asymmetric mixture",8,0.1,TRUE,-0.331972128866327,1,1,1,1
"Asymmetric mixture",8,0.2,TRUE,-0.331972128866327,1,1,1,1
"Symmetric bimodal",8,0.05,TRUE,-0.315322936152419,1,1,1,1
"Symmetric bimodal",8,0.1,TRUE,-0.315322936152419,1,1,1,1
"Symmetric bimodal",8,0.2,TRUE,-0.315322936152419,1,1,1,1
"Asymmetric mixture",9,0.05,FALSE,NA,NA,NA,NA,NA
"Asymmetric mixture",9,0.1,FALSE,NA,NA,NA,NA,NA
"Asymmetric mixture",9,0.2,FALSE,NA,NA,NA,NA,NA
"Symmetric bimodal",9,0.05,TRUE,-0.33233977958328,1,1,1,1
"Symmetric bimodal",9,0.1,TRUE,-0.33233977958328,1,1,1,1
"Symmetric bimodal",9,0.2,TRUE,-0.33233977958328,1,1,1,1
"Asymmetric mixture",10,0.05,TRUE,-0.365902622340725,1,2,1,1
"Asymmetric mixture",10,0.1,FALSE,NA,NA,NA,NA,NA
"Asymmetric mixture",10,0.2,FALSE,NA,NA,NA,NA,NA
"Symmetric bimodal",10,0.05,TRUE,-0.312833582662035,1,1,1,1
"Symmetric bimodal",10,0.1,TRUE,-0.312833582662035,1,1,1,1
"Symmetric bimodal",10,0.2,TRUE,-0.312833582662035,1,1,1,1
"Asymmetric mixture",11,0.05,TRUE,-0.313276368980836,1,1,1,1
"Asymmetric mixture",11,0.1,TRUE,-0.313276368980836,1,1,1,1
"Asymmetric mixture",11,0.2,TRUE,-0.313276368980836,1,1,1,1
"Symmetric bimodal",11,0.05,TRUE,-0.285478807203035,1,1,1,1
"Symmetric bimodal",11,0.1,TRUE,-0.285478807203035,1,1,1,1
"Symmetric bimodal",11,0.2,TRUE,-0.285478807203035,1,1,1,1
"Asymmetric mixture",12,0.05,TRUE,-0.325823158812175,1,1,1,1
"Asymmetric mixture",12,0.1,TRUE,-0.325823158812175,1,1,1,1
"Asymmetric mixture",12,0.2,TRUE,-0.325823158812175,1,1,1,1
"Symmetric bimodal",12,0.05,TRUE,-0.321080907155006,1,1,1,1
"Symmetric bimodal",12,0.1,TRUE,-0.321080907155006,1,1,1,1
"Symmetric bimodal",12,0.2,TRUE,-0.321080907155006,1,1,1,1
"Asymmetric mixture",13,0.05,TRUE,-0.309587490640417,1,1,1,1
"Asymmetric mixture",13,0.1,TRUE,-0.309587490640417,1,1,1,1
"Asymmetric mixture",13,0.2,TRUE,-0.309587490640417,1,1,1,1
"Symmetric bimodal",13,0.05,TRUE,-0.34366079527238,1,1,1,1
"Symmetric bimodal",13,0.1,TRUE,-0.34366079527238,1,1,1,1
"Symmetric bimodal",13,0.2,TRUE,-0.34366079527238,1,1,1,1
"Asymmetric mixture",14,0.05,TRUE,-0.298514657761565,1,1,1,1
"Asymmetric mixture",14,0.1,TRUE,-0.298514657761565,1,1,1,1
"Asymmetric mixture",14,0.2,TRUE,-0.298514657761565,1,1,1,1
"Symmetric bimodal",14,0.05,TRUE,-0.301539851586779,1,1,1,1
"Symmetric bimodal",14,0.1,TRUE,-0.301539851586779,1,1,1,1
"Symmetric bimodal",14,0.2,TRUE,-0.301539851586779,1,1,1,1
"Asymmetric mixture",15,0.05,FALSE,NA,NA,NA,NA,NA
"Asymmetric mixture",15,0.1,FALSE,NA,NA,NA,NA,NA
"Asymmetric mixture",15,0.2,FALSE,NA,NA,NA,NA,NA
"Symmetric bimodal",15,0.05,TRUE,-0.319180141588685,1,1,1,1
"Symmetric bimodal",15,0.1,TRUE,-0.319180141588685,1,1,1,1
"Symmetric bimodal",15,0.2,TRUE,-0.319180141588685,1,1,1,1
"Asymmetric mixture",16,0.05,TRUE,-0.300440586119996,1,4,1,1
"Asymmetric mixture",16,0.1,FALSE,NA,NA,NA,NA,NA
"Asymmetric mixture",16,0.2,FALSE,NA,NA,NA,NA,NA
"Symmetric bimodal",16,0.05,TRUE,-0.340922738940938,1,1,1,1
"Symmetric bimodal",16,0.1,TRUE,-0.340922738940938,1,1,1,1
"Symmetric bimodal",16,0.2,TRUE,-0.340922738940938,1,1,1,1
"Asymmetric mixture",17,0.05,FALSE,NA,NA,NA,NA,NA
"Asymmetric mixture",17,0.1,FALSE,NA,NA,NA,NA,NA
"Asymmetric mixture",17,0.2,FALSE,NA,NA,NA,NA,NA
"Symmetric bimodal",17,0.05,TRUE,-0.286567025435714,1,1,1,1
"Symmetric bimodal",17,0.1,TRUE,-0.286567025435714,1,1,1,1
"Symmetric bimodal",17,0.2,TRUE,-0.286567025435714,1,1,1,1
"Asymmetric mixture",18,0.05,TRUE,-0.329885237237284,1,1,1,1
"Asymmetric mixture",18,0.1,TRUE,-0.329885237237284,1,1,1,1
"Asymmetric mixture",18,0.2,TRUE,-0.329885237237284,1,1,1,1
"Symmetric bimodal",18,0.05,TRUE,-0.30180905624689,1,1,1,1
"Symmetric bimodal",18,0.1,TRUE,-0.30180905624689,1,1,1,1
"Symmetric bimodal",18,0.2,TRUE,-0.30180905624689,1,1,1,1
"Asymmetric mixture",19,0.05,TRUE,-0.322951793524591,1,1,1,1
"Asymmetric mixture",19,0.1,TRUE,-0.322951793524591,1,1,1,1
"Asymmetric mixture",19,0.2,TRUE,-0.322951793524591,1,1,1,1
"Symmetric bimodal",19,0.05,TRUE,-0.352362668167455,1,3,1,1
"Symmetric bimodal",19,0.1,TRUE,-0.35236266816746,1,3,1,1
"Symmetric bimodal",19,0.2,FALSE,NA,NA,NA,NA,NA
"Asymmetric mixture",20,0.05,TRUE,-0.303688688565819,1,1,1,1
"Asymmetric mixture",20,0.1,TRUE,-0.303688688565819,1,1,1,1
"Asymmetric mixture",20,0.2,TRUE,-0.303688688565819,1,1,1,1
"Symmetric bimodal",20,0.05,TRUE,-0.331425457580318,1,1,1,1
"Symmetric bimodal",20,0.1,TRUE,-0.331425457580318,1,1,1,1
"Symmetric bimodal",20,0.2,TRUE,-0.331425457580318,1,1,1,1
"Asymmetric mixture",21,0.05,TRUE,-0.28886492812244,1,1,1,1
"Asymmetric mixture",21,0.1,TRUE,-0.28886492812244,1,1,1,1
"Asymmetric mixture",21,0.2,TRUE,-0.28886492812244,1,1,1,1
"Symmetric bimodal",21,0.05,TRUE,-0.381938356312655,1,1,1,1
"Symmetric bimodal",21,0.1,TRUE,-0.381938356312655,1,1,1,1
"Symmetric bimodal",21,0.2,TRUE,-0.381938356312655,1,1,1,1
"Asymmetric mixture",22,0.05,TRUE,-0.285486829310031,3,1,2,2
"Asymmetric mixture",22,0.1,TRUE,-0.285486829310054,1,1,1,2
"Asymmetric mixture",22,0.2,TRUE,-0.285486829310054,1,1,1,2
"Symmetric bimodal",22,0.05,TRUE,-0.355442447427999,1,1,1,1
"Symmetric bimodal",22,0.1,TRUE,-0.355442447427999,1,1,1,1
"Symmetric bimodal",22,0.2,TRUE,-0.355442447427999,1,1,1,2
"Asymmetric mixture",23,0.05,TRUE,-0.344658244086368,1,1,1,1
"Asymmetric mixture",23,0.1,TRUE,-0.344658244086368,1,1,1,1
"Asymmetric mixture",23,0.2,TRUE,-0.344658244086368,1,1,1,1
"Symmetric bimodal",23,0.05,TRUE,-0.327067527659402,1,2,1,1
"Symmetric bimodal",23,0.1,TRUE,-0.327067527659402,1,2,1,1
"Symmetric bimodal",23,0.2,FALSE,NA,NA,NA,NA,NA
"Asymmetric mixture",24,0.05,TRUE,-0.24967091649114,1,1,1,1
"Asymmetric mixture",24,0.1,TRUE,-0.24967091649114,1,1,1,1
"Asymmetric mixture",24,0.2,TRUE,-0.24967091649114,1,1,1,1
"Symmetric bimodal",24,0.05,TRUE,-0.29803228910535,1,1,1,1
"Symmetric bimodal",24,0.1,TRUE,-0.29803228910535,1,1,1,1
"Symmetric bimodal",24,0.2,TRUE,-0.29803228910535,1,1,1,1
"Asymmetric mixture",25,0.05,TRUE,-0.364593393547278,1,1,1,1
"Asymmetric mixture",25,0.1,TRUE,-0.364593393547278,1,1,1,1
"Asymmetric mixture",25,0.2,TRUE,-0.364593393547278,1,1,1,1
"Symmetric bimodal",25,0.05,TRUE,-0.328957880553753,1,1,1,1
"Symmetric bimodal",25,0.1,TRUE,-0.328957880553753,1,1,1,1
"Symmetric bimodal",25,0.2,TRUE,-0.328957880553753,1,1,1,1
"Asymmetric mixture",26,0.05,TRUE,-0.279374169776277,1,1,1,1
"Asymmetric mixture",26,0.1,TRUE,-0.279374169776277,1,1,1,1
"Asymmetric mixture",26,0.2,TRUE,-0.279374169776277,1,1,1,1
"Symmetric bimodal",26,0.05,TRUE,-0.325132091807469,1,1,1,1
"Symmetric bimodal",26,0.1,TRUE,-0.325132091807469,1,1,1,1
"Symmetric bimodal",26,0.2,TRUE,-0.325132091807469,1,1,1,1
"Asymmetric mixture",27,0.05,TRUE,-0.308551877475302,1,4,1,1
"Asymmetric mixture",27,0.1,FALSE,NA,NA,NA,NA,NA
"Asymmetric mixture",27,0.2,FALSE,NA,NA,NA,NA,NA
"Symmetric bimodal",27,0.05,TRUE,-0.325813179376811,1,1,1,1
"Symmetric bimodal",27,0.1,TRUE,-0.325813179376811,1,1,1,1
"Symmetric bimodal",27,0.2,TRUE,-0.325813179376811,1,1,1,1
"Asymmetric mixture",28,0.05,TRUE,-0.336801532129433,1,2,1,1
"Asymmetric mixture",28,0.1,FALSE,NA,NA,NA,NA,NA
"Asymmetric mixture",28,0.2,FALSE,NA,NA,NA,NA,NA
"Symmetric bimodal",28,0.05,TRUE,-0.354879652500108,1,1,1,1
"Symmetric bimodal",28,0.1,TRUE,-0.354879652500108,1,1,1,1
"Symmetric bimodal",28,0.2,TRUE,-0.354879652500108,1,1,1,1
"Asymmetric mixture",29,0.05,TRUE,-0.2537332653064,1,1,1,1
"Asymmetric mixture",29,0.1,TRUE,-0.2537332653064,1,1,1,1
"Asymmetric mixture",29,0.2,TRUE,-0.2537332653064,1,1,1,1
"Symmetric bimodal",29,0.05,TRUE,-0.258218470902629,1,1,1,1
"Symmetric bimodal",29,0.1,TRUE,-0.258218470902629,1,1,1,1
"Symmetric bimodal",29,0.2,TRUE,-0.258218470902629,1,1,1,1
"Asymmetric mixture",30,0.05,TRUE,-0.332860687722409,1,1,1,1
"Asymmetric mixture",30,0.1,TRUE,-0.332860687722409,1,1,1,1
"Asymmetric mixture",30,0.2,TRUE,-0.332860687722409,1,1,1,1
"Symmetric bimodal",30,0.05,TRUE,-0.267775217952504,1,1,1,1
"Symmetric bimodal",30,0.1,TRUE,-0.267775217952504,1,1,1,1
"Symmetric bimodal",30,0.2,TRUE,-0.267775217952504,1,1,1,1
"Asymmetric mixture",31,0.05,TRUE,-0.346874203831917,1,1,1,1
"Asymmetric mixture",31,0.1,TRUE,-0.346874203831917,1,1,1,1
"Asymmetric mixture",31,0.2,TRUE,-0.346874203831917,1,1,1,1
"Symmetric bimodal",31,0.05,TRUE,-0.347223719806394,1,1,1,1
"Symmetric bimodal",31,0.1,TRUE,-0.347223719806394,1,1,1,1
"Symmetric bimodal",31,0.2,TRUE,-0.347223719806394,1,1,1,1
"Asymmetric mixture",32,0.05,TRUE,-0.324931879467912,1,1,1,1
"Asymmetric mixture",32,0.1,TRUE,-0.324931879467912,1,1,1,1
"Asymmetric mixture",32,0.2,TRUE,-0.324931879467912,1,1,1,1
"Symmetric bimodal",32,0.05,TRUE,-0.297746932622515,1,1,1,1
"Symmetric bimodal",32,0.1,TRUE,-0.297746932622515,1,1,1,1
"Symmetric bimodal",32,0.2,TRUE,-0.297746932622515,1,1,1,1
"Asymmetric mixture",33,0.05,TRUE,-0.288368934031588,1,1,1,1
"Asymmetric mixture",33,0.1,TRUE,-0.288368934031588,1,1,1,1
"Asymmetric mixture",33,0.2,TRUE,-0.288368934031588,1,1,1,1
"Symmetric bimodal",33,0.05,TRUE,-0.306498705785493,1,1,1,1
"Symmetric bimodal",33,0.1,TRUE,-0.306498705785493,1,1,1,1
"Symmetric bimodal",33,0.2,TRUE,-0.306498705785493,1,1,1,1
"Asymmetric mixture",34,0.05,TRUE,-0.321483191013256,1,1,1,1
"Asymmetric mixture",34,0.1,TRUE,-0.321483191013256,1,1,1,1
"Asymmetric mixture",34,0.2,TRUE,-0.321483191013256,1,1,1,1
"Symmetric bimodal",34,0.05,TRUE,-0.346024824708341,1,1,1,1
"Symmetric bimodal",34,0.1,TRUE,-0.346024824708341,1,1,1,1
"Symmetric bimodal",34,0.2,TRUE,-0.346024824708341,1,1,1,1
"Asymmetric mixture",35,0.05,TRUE,-0.355927526318696,1,1,1,1
"Asymmetric mixture",35,0.1,TRUE,-0.355927526318696,1,1,1,1
"Asymmetric mixture",35,0.2,TRUE,-0.355927526318696,1,1,1,1
"Symmetric bimodal",35,0.05,TRUE,-0.32983136530701,1,1,1,1
"Symmetric bimodal",35,0.1,TRUE,-0.32983136530701,1,1,1,1
"Symmetric bimodal",35,0.2,TRUE,-0.32983136530701,1,1,1,1
"Asymmetric mixture",36,0.05,TRUE,-0.271481405116082,1,4,1,1
"Asymmetric mixture",36,0.1,TRUE,-0.271481405116082,1,4,1,1
"Asymmetric mixture",36,0.2,FALSE,NA,NA,NA,NA,NA
"Symmetric bimodal",36,0.05,TRUE,-0.330825817214503,1,1,1,1
"Symmetric bimodal",36,0.1,TRUE,-0.330825817214503,1,1,1,1
"Symmetric bimodal",36,0.2,TRUE,-0.330825817214503,1,1,1,1
"Asymmetric mixture",37,0.05,TRUE,-0.277914264199494,1,1,1,1
"Asymmetric mixture",37,0.1,TRUE,-0.277914264199494,1,1,1,1
"Asymmetric mixture",37,0.2,TRUE,-0.277914264199494,1,1,1,1
"Symmetric bimodal",37,0.05,TRUE,-0.322098207286788,1,1,1,1
"Symmetric bimodal",37,0.1,TRUE,-0.322098207286788,1,1,1,1
"Symmetric bimodal",37,0.2,TRUE,-0.322098207286788,1,1,1,1
"Asymmetric mixture",38,0.05,TRUE,-0.340185958025383,1,1,1,1
"Asymmetric mixture",38,0.1,TRUE,-0.340185958025383,1,1,1,1
"Asymmetric mixture",38,0.2,TRUE,-0.340185958025383,1,1,1,1
"Symmetric bimodal",38,0.05,TRUE,-0.294910351937149,1,1,1,1
"Symmetric bimodal",38,0.1,TRUE,-0.294910351937149,1,1,1,1
"Symmetric bimodal",38,0.2,TRUE,-0.294910351937149,1,1,1,1
"Asymmetric mixture",39,0.05,TRUE,-0.306893976094422,1,1,1,1
"Asymmetric mixture",39,0.1,TRUE,-0.306893976094422,1,1,1,1
"Asymmetric mixture",39,0.2,TRUE,-0.306893976094422,1,1,1,1
"Symmetric bimodal",39,0.05,TRUE,-0.329551926084425,1,5,1,1
"Symmetric bimodal",39,0.1,TRUE,-0.329551926084425,1,5,1,1
"Symmetric bimodal",39,0.2,FALSE,NA,NA,NA,NA,NA
"Asymmetric mixture",40,0.05,TRUE,-0.334598401623848,1,1,1,1
"Asymmetric mixture",40,0.1,TRUE,-0.334598401623848,1,1,1,1
"Asymmetric mixture",40,0.2,TRUE,-0.334598401623848,1,1,1,1
"Symmetric bimodal",40,0.05,TRUE,-0.310318359424985,1,1,1,1
"Symmetric bimodal",40,0.1,TRUE,-0.310318359424985,1,1,1,1
"Symmetric bimodal",40,0.2,TRUE,-0.310318359424985,1,1,1,1
"Asymmetric mixture",41,0.05,TRUE,-0.359868232539434,1,1,1,1
"Asymmetric mixture",41,0.1,TRUE,-0.359868232539434,1,1,1,1
"Asymmetric mixture",41,0.2,TRUE,-0.359868232539434,1,1,1,1
"Symmetric bimodal",41,0.05,TRUE,-0.354437597350112,1,1,1,1
"Symmetric bimodal",41,0.1,TRUE,-0.354437597350112,1,1,1,1
"Symmetric bimodal",41,0.2,TRUE,-0.354437597350112,1,1,1,1
"Asymmetric mixture",42,0.05,TRUE,-0.308695808481961,1,1,1,1
"Asymmetric mixture",42,0.1,TRUE,-0.308695808481961,1,1,1,1
"Asymmetric mixture",42,0.2,TRUE,-0.308695808481961,1,1,1,1
"Symmetric bimodal",42,0.05,TRUE,-0.332747509236168,1,1,1,1
"Symmetric bimodal",42,0.1,TRUE,-0.332747509236168,1,1,1,1
"Symmetric bimodal",42,0.2,TRUE,-0.332747509236168,1,1,1,1
"Asymmetric mixture",43,0.05,TRUE,-0.321377150818239,1,1,1,1
"Asymmetric mixture",43,0.1,TRUE,-0.321377150818239,1,1,1,1
"Asymmetric mixture",43,0.2,TRUE,-0.321377150818239,1,1,1,1
"Symmetric bimodal",43,0.05,TRUE,-0.333060659964035,1,1,1,1
"Symmetric bimodal",43,0.1,TRUE,-0.333060659964035,1,1,1,1
"Symmetric bimodal",43,0.2,TRUE,-0.333060659964035,1,1,1,1
"Asymmetric mixture",44,0.05,TRUE,-0.292653351136575,1,1,1,1
"Asymmetric mixture",44,0.1,TRUE,-0.292653351136575,1,1,1,1
"Asymmetric mixture",44,0.2,TRUE,-0.292653351136575,1,1,1,1
"Symmetric bimodal",44,0.05,TRUE,-0.352582190012112,1,1,1,1
"Symmetric bimodal",44,0.1,TRUE,-0.352582190012112,1,1,1,1
"Symmetric bimodal",44,0.2,TRUE,-0.352582190012112,1,1,1,2
"Asymmetric mixture",45,0.05,TRUE,-0.34702061326452,5,1,1,1
"Asymmetric mixture",45,0.1,TRUE,-0.347020613264533,3,1,1,1
"Asymmetric mixture",45,0.2,TRUE,-0.347020613264518,5,1,1,1
"Symmetric bimodal",45,0.05,TRUE,-0.32085230777829,1,3,1,1
"Symmetric bimodal",45,0.1,TRUE,-0.320852307778292,1,5,1,1
"Symmetric bimodal",45,0.2,FALSE,NA,NA,NA,NA,NA
"Asymmetric mixture",46,0.05,TRUE,-0.357075372114509,1,1,1,1
"Asymmetric mixture",46,0.1,TRUE,-0.357075372114509,1,1,1,1
"Asymmetric mixture",46,0.2,TRUE,-0.357075372114509,1,1,1,1
"Symmetric bimodal",46,0.05,TRUE,-0.368741820426647,1,1,1,1
"Symmetric bimodal",46,0.1,TRUE,-0.368741820426647,1,1,1,1
"Symmetric bimodal",46,0.2,TRUE,-0.368741820426647,1,1,1,1
"Asymmetric mixture",47,0.05,TRUE,-0.330662315324365,1,1,1,1
"Asymmetric mixture",47,0.1,TRUE,-0.330662315324365,1,1,1,1
"Asymmetric mixture",47,0.2,TRUE,-0.330662315324365,1,1,1,1
"Symmetric bimodal",47,0.05,TRUE,-0.315398592900505,1,1,1,1
"Symmetric bimodal",47,0.1,TRUE,-0.315398592900505,1,1,1,1
"Symmetric bimodal",47,0.2,TRUE,-0.315398592900505,1,1,1,1
"Asymmetric mixture",48,0.05,TRUE,-0.333611454512581,1,1,1,1
"Asymmetric mixture",48,0.1,TRUE,-0.333611454512581,1,1,1,1
"Asymmetric mixture",48,0.2,TRUE,-0.333611454512581,1,1,1,1
"Symmetric bimodal",48,0.05,TRUE,-0.285252074069527,1,1,1,1
"Symmetric bimodal",48,0.1,TRUE,-0.285252074069527,1,1,1,1
"Symmetric bimodal",48,0.2,TRUE,-0.285252074069527,1,1,1,1
"Asymmetric mixture",49,0.05,TRUE,-0.343529225998239,1,1,1,1
"Asymmetric mixture",49,0.1,TRUE,-0.343529225998239,1,1,1,1
"Asymmetric mixture",49,0.2,TRUE,-0.343529225998239,1,1,1,1
"Symmetric bimodal",49,0.05,TRUE,-0.373813771095407,1,1,1,1
"Symmetric bimodal",49,0.1,TRUE,-0.373813771095407,1,1,1,1
"Symmetric bimodal",49,0.2,TRUE,-0.373813771095407,1,1,1,1
"Asymmetric mixture",50,0.05,TRUE,-0.323482991678162,1,1,1,1
"Asymmetric mixture",50,0.1,TRUE,-0.323482991678162,1,1,1,1
"Asymmetric mixture",50,0.2,TRUE,-0.323482991678162,1,1,1,1
"Symmetric bimodal",50,0.05,TRUE,-0.304864361472245,1,1,1,1
"Symmetric bimodal",50,0.1,TRUE,-0.304864361472245,1,1,1,1
"Symmetric bimodal",50,0.2,TRUE,-0.304864361472245,1,1,1,1
"Asymmetric mixture",51,0.05,TRUE,-0.320180866802898,1,1,1,1
"Asymmetric mixture",51,0.1,TRUE,-0.320180866802898,1,1,1,1
"Asymmetric mixture",51,0.2,TRUE,-0.320180866802898,1,1,1,1
"Symmetric bimodal",51,0.05,TRUE,-0.328232419610204,1,1,1,1
"Symmetric bimodal",51,0.1,TRUE,-0.328232419610204,1,1,1,1
"Symmetric bimodal",51,0.2,TRUE,-0.328232419610204,1,1,1,1
"Asymmetric mixture",52,0.05,TRUE,-0.265836138210892,1,1,1,1
"Asymmetric mixture",52,0.1,TRUE,-0.265836138210892,1,1,1,1
"Asymmetric mixture",52,0.2,TRUE,-0.265836138210892,1,1,1,1
"Symmetric bimodal",52,0.05,TRUE,-0.288566814843477,1,1,1,1
"Symmetric bimodal",52,0.1,TRUE,-0.288566814843477,1,1,1,1
"Symmetric bimodal",52,0.2,TRUE,-0.288566814843477,1,1,1,1
"Asymmetric mixture",53,0.05,TRUE,-0.346437236782955,2,1,1,1
"Asymmetric mixture",53,0.1,TRUE,-0.346437236782955,5,1,1,1
"Asymmetric mixture",53,0.2,FALSE,NA,NA,NA,NA,NA
"Symmetric bimodal",53,0.05,TRUE,-0.295626062976606,1,1,1,1
"Symmetric bimodal",53,0.1,TRUE,-0.295626062976606,1,1,1,1
"Symmetric bimodal",53,0.2,TRUE,-0.295626062976606,1,1,1,1
"Asymmetric mixture",54,0.05,TRUE,-0.337400361279151,1,1,1,1
"Asymmetric mixture",54,0.1,TRUE,-0.337400361279151,1,1,1,1
"Asymmetric mixture",54,0.2,TRUE,-0.337400361279151,1,1,1,1
"Symmetric bimodal",54,0.05,TRUE,-0.336172172466215,1,1,1,1
"Symmetric bimodal",54,0.1,TRUE,-0.336172172466215,1,1,1,1
"Symmetric bimodal",54,0.2,TRUE,-0.336172172466215,1,1,1,1
"Asymmetric mixture",55,0.05,TRUE,-0.308268227178183,1,1,1,1
"Asymmetric mixture",55,0.1,TRUE,-0.308268227178183,1,1,1,1
"Asymmetric mixture",55,0.2,TRUE,-0.308268227178183,1,1,1,1
"Symmetric bimodal",55,0.05,TRUE,-0.296161295089761,1,1,1,1
"Symmetric bimodal",55,0.1,TRUE,-0.296161295089761,1,1,1,1
"Symmetric bimodal",55,0.2,TRUE,-0.296161295089761,1,1,1,1
"Asymmetric mixture",56,0.05,TRUE,-0.303811711984098,1,1,1,1
"Asymmetric mixture",56,0.1,TRUE,-0.303811711984098,1,1,1,1
"Asymmetric mixture",56,0.2,TRUE,-0.303811711984098,1,1,1,1
"Symmetric bimodal",56,0.05,TRUE,-0.270063789960484,1,1,1,1
"Symmetric bimodal",56,0.1,TRUE,-0.270063789960484,1,1,1,1
"Symmetric bimodal",56,0.2,TRUE,-0.270063789960484,1,1,1,2
"Asymmetric mixture",57,0.05,TRUE,-0.348658629366782,1,1,1,1
"Asymmetric mixture",57,0.1,TRUE,-0.348658629366782,1,1,1,1
"Asymmetric mixture",57,0.2,TRUE,-0.348658629366782,1,1,1,1
"Symmetric bimodal",57,0.05,TRUE,-0.268764326606826,1,1,1,1
"Symmetric bimodal",57,0.1,TRUE,-0.268764326606826,1,1,1,1
"Symmetric bimodal",57,0.2,TRUE,-0.268764326606826,1,1,2,1
"Asymmetric mixture",58,0.05,FALSE,NA,NA,NA,NA,NA
"Asymmetric mixture",58,0.1,FALSE,NA,NA,NA,NA,NA
"Asymmetric mixture",58,0.2,FALSE,NA,NA,NA,NA,NA
"Symmetric bimodal",58,0.05,TRUE,-0.312754684238422,1,2,2,1
"Symmetric bimodal",58,0.1,TRUE,-0.312754684238432,1,4,1,1
"Symmetric bimodal",58,0.2,TRUE,-0.605592436490456,1,5,1,1
"Asymmetric mixture",59,0.05,TRUE,-0.298067669046597,1,2,1,1
"Asymmetric mixture",59,0.1,FALSE,NA,NA,NA,NA,NA
"Asymmetric mixture",59,0.2,FALSE,NA,NA,NA,NA,NA
"Symmetric bimodal",59,0.05,TRUE,-0.37768472316022,1,1,1,1
"Symmetric bimodal",59,0.1,TRUE,-0.37768472316022,1,1,1,1
"Symmetric bimodal",59,0.2,TRUE,-0.37768472316022,1,1,1,1
"Asymmetric mixture",60,0.05,TRUE,-0.383586685699663,1,1,1,1
"Asymmetric mixture",60,0.1,TRUE,-0.383586685699663,1,1,1,1
"Asymmetric mixture",60,0.2,TRUE,-0.383586685699663,1,1,1,1
"Symmetric bimodal",60,0.05,FALSE,NA,NA,NA,NA,NA
"Symmetric bimodal",60,0.1,FALSE,NA,NA,NA,NA,NA
"Symmetric bimodal",60,0.2,FALSE,NA,NA,NA,NA,NA
"Asymmetric mixture",61,0.05,TRUE,-0.356952644295093,1,1,1,1
"Asymmetric mixture",61,0.1,TRUE,-0.356952644295093,1,1,1,1
"Asymmetric mixture",61,0.2,TRUE,-0.356952644295093,1,1,1,1
"Symmetric bimodal",61,0.05,TRUE,-0.365930649609732,1,3,1,1
"Symmetric bimodal",61,0.1,TRUE,-0.365930649609732,1,5,1,1
"Symmetric bimodal",61,0.2,FALSE,NA,NA,NA,NA,NA
"Asymmetric mixture",62,0.05,TRUE,-0.288510406459015,1,1,1,1
"Asymmetric mixture",62,0.1,TRUE,-0.288510406459015,1,1,1,1
"Asymmetric mixture",62,0.2,TRUE,-0.288510406459015,1,1,1,1
"Symmetric bimodal",62,0.05,TRUE,-0.274635521138143,1,1,1,1
"Symmetric bimodal",62,0.1,TRUE,-0.274635521138143,1,1,1,1
"Symmetric bimodal",62,0.2,TRUE,-0.274635521138143,1,1,1,1
"Asymmetric mixture",63,0.05,TRUE,-0.33376551992201,1,1,1,1
"Asymmetric mixture",63,0.1,TRUE,-0.33376551992201,1,1,1,1
"Asymmetric mixture",63,0.2,TRUE,-0.33376551992201,1,1,1,1
"Symmetric bimodal",63,0.05,TRUE,-0.256341969196873,1,1,1,1
"Symmetric bimodal",63,0.1,TRUE,-0.256341969196873,1,1,1,1
"Symmetric bimodal",63,0.2,TRUE,-0.256341969196873,1,1,1,1
"Asymmetric mixture",64,0.05,TRUE,-0.369307307213318,1,5,1,1
"Asymmetric mixture",64,0.1,TRUE,-0.369307307213318,1,5,1,1
"Asymmetric mixture",64,0.2,FALSE,NA,NA,NA,NA,NA
"Symmetric bimodal",64,0.05,TRUE,-0.320192168841768,1,1,1,1
"Symmetric bimodal",64,0.1,TRUE,-0.320192168841768,1,1,1,1
"Symmetric bimodal",64,0.2,TRUE,-0.320192168841768,1,1,1,1
"Asymmetric mixture",65,0.05,TRUE,-0.306755546481183,1,1,1,1
"Asymmetric mixture",65,0.1,TRUE,-0.306755546481183,1,1,1,1
"Asymmetric mixture",65,0.2,TRUE,-0.306755546481183,1,1,1,1
"Symmetric bimodal",65,0.05,TRUE,-0.329748920945368,1,1,1,1
"Symmetric bimodal",65,0.1,TRUE,-0.329748920945368,1,1,1,1
"Symmetric bimodal",65,0.2,TRUE,-0.329748920945368,1,1,1,1
"Asymmetric mixture",66,0.05,TRUE,-0.40447073015507,1,1,1,1
"Asymmetric mixture",66,0.1,TRUE,-0.40447073015507,1,1,1,1
"Asymmetric mixture",66,0.2,TRUE,-0.40447073015507,1,1,1,1
"Symmetric bimodal",66,0.05,TRUE,-0.331869101662489,1,1,1,1
"Symmetric bimodal",66,0.1,TRUE,-0.331869101662489,1,1,1,1
"Symmetric bimodal",66,0.2,TRUE,-0.331869101662489,1,1,1,1
"Asymmetric mixture",67,0.05,TRUE,-0.29518744286689,1,1,1,1
"Asymmetric mixture",67,0.1,TRUE,-0.29518744286689,1,1,1,1
"Asymmetric mixture",67,0.2,TRUE,-0.29518744286689,1,1,1,1
"Symmetric bimodal",67,0.05,TRUE,-0.294510796225809,1,1,1,1
"Symmetric bimodal",67,0.1,TRUE,-0.294510796225809,1,1,1,1
"Symmetric bimodal",67,0.2,TRUE,-0.294510796225809,1,1,1,1
"Asymmetric mixture",68,0.05,TRUE,-0.288316274997636,1,1,1,1
"Asymmetric mixture",68,0.1,TRUE,-0.288316274997636,1,1,1,1
"Asymmetric mixture",68,0.2,TRUE,-0.288316274997636,1,1,1,1
"Symmetric bimodal",68,0.05,TRUE,-0.325854630682356,1,1,1,1
"Symmetric bimodal",68,0.1,TRUE,-0.325854630682356,1,1,1,1
"Symmetric bimodal",68,0.2,TRUE,-0.325854630682356,1,1,1,1
"Asymmetric mixture",69,0.05,TRUE,-0.367165463079645,1,1,1,1
"Asymmetric mixture",69,0.1,TRUE,-0.367165463079645,1,1,1,1
"Asymmetric mixture",69,0.2,TRUE,-0.367165463079645,1,1,1,1
"Symmetric bimodal",69,0.05,TRUE,-0.326569037178186,1,1,1,1
"Symmetric bimodal",69,0.1,TRUE,-0.326569037178186,1,1,1,1
"Symmetric bimodal",69,0.2,TRUE,-0.326569037178186,1,1,1,1
"Asymmetric mixture",70,0.05,TRUE,-0.284744885137093,1,3,1,1
"Asymmetric mixture",70,0.1,TRUE,-0.284744885137093,1,6,1,1
"Asymmetric mixture",70,0.2,TRUE,-0.284744885137093,1,6,1,1
"Symmetric bimodal",70,0.05,TRUE,-0.312693387648684,1,1,1,1
"Symmetric bimodal",70,0.1,TRUE,-0.312693387648684,1,1,1,1
"Symmetric bimodal",70,0.2,TRUE,-0.312693387648684,1,1,1,1
"Asymmetric mixture",71,0.05,TRUE,-0.313475628833858,1,1,1,1
"Asymmetric mixture",71,0.1,TRUE,-0.313475628833858,1,1,1,1
"Asymmetric mixture",71,0.2,TRUE,-0.313475628833858,1,1,1,1
"Symmetric bimodal",71,0.05,TRUE,-0.29456022047994,1,1,1,1
"Symmetric bimodal",71,0.1,TRUE,-0.29456022047994,1,1,1,1
"Symmetric bimodal",71,0.2,TRUE,-0.29456022047994,1,1,1,1
"Asymmetric mixture",72,0.05,TRUE,-0.309981053051458,1,1,1,1
"Asymmetric mixture",72,0.1,TRUE,-0.309981053051458,1,1,1,1
"Asymmetric mixture",72,0.2,TRUE,-0.309981053051458,1,1,1,1
"Symmetric bimodal",72,0.05,TRUE,-0.326952168768872,1,1,1,1
"Symmetric bimodal",72,0.1,TRUE,-0.326952168768872,1,1,1,1
"Symmetric bimodal",72,0.2,TRUE,-0.326952168768872,1,1,1,2
"Asymmetric mixture",73,0.05,TRUE,-0.310270029070162,1,1,1,1
"Asymmetric mixture",73,0.1,TRUE,-0.310270029070162,1,1,1,1
"Asymmetric mixture",73,0.2,TRUE,-0.310270029070162,1,1,1,1
"Symmetric bimodal",73,0.05,TRUE,-0.32348474950399,1,1,1,1
"Symmetric bimodal",73,0.1,TRUE,-0.32348474950399,1,1,1,2
"Symmetric bimodal",73,0.2,TRUE,-0.32348474950399,1,1,1,1
"Asymmetric mixture",74,0.05,TRUE,-0.316338375088887,1,1,1,1
"Asymmetric mixture",74,0.1,TRUE,-0.316338375088887,1,1,1,1
"Asymmetric mixture",74,0.2,TRUE,-0.316338375088887,1,1,1,1
"Symmetric bimodal",74,0.05,TRUE,-0.36783951416159,1,1,1,1
"Symmetric bimodal",74,0.1,TRUE,-0.36783951416159,1,1,1,1
"Symmetric bimodal",74,0.2,TRUE,-0.36783951416159,1,1,1,1
"Asymmetric mixture",75,0.05,TRUE,-0.365161417274359,1,1,1,1
"Asymmetric mixture",75,0.1,TRUE,-0.365161417274359,1,1,1,1
"Asymmetric mixture",75,0.2,TRUE,-0.365161417274359,1,1,1,1
"Symmetric bimodal",75,0.05,TRUE,-0.315237047215115,1,1,1,1
"Symmetric bimodal",75,0.1,TRUE,-0.315237047215115,1,1,1,1
"Symmetric bimodal",75,0.2,TRUE,-0.315237047215115,1,1,1,2
"Asymmetric mixture",76,0.05,TRUE,-0.372552681257376,1,1,1,1
"Asymmetric mixture",76,0.1,TRUE,-0.372552681257376,1,1,1,1
"Asymmetric mixture",76,0.2,TRUE,-0.372552681257376,1,1,1,1
"Symmetric bimodal",76,0.05,TRUE,-0.291057411863113,1,1,1,1
"Symmetric bimodal",76,0.1,TRUE,-0.291057411863113,1,1,1,1
"Symmetric bimodal",76,0.2,TRUE,-0.291057411863113,1,1,1,1
"Asymmetric mixture",77,0.05,TRUE,-0.318035597530591,1,1,1,1
"Asymmetric mixture",77,0.1,TRUE,-0.318035597530591,1,1,1,1
"Asymmetric mixture",77,0.2,TRUE,-0.318035597530591,1,1,1,1
"Symmetric bimodal",77,0.05,TRUE,-0.322346419451012,1,1,1,1
"Symmetric bimodal",77,0.1,TRUE,-0.322346419451012,1,1,1,1
"Symmetric bimodal",77,0.2,TRUE,-0.322346419451012,1,1,1,1
"Asymmetric mixture",78,0.05,TRUE,-0.346331023817826,1,1,1,1
"Asymmetric mixture",78,0.1,TRUE,-0.346331023817826,1,1,1,1
"Asymmetric mixture",78,0.2,TRUE,-0.346331023817826,1,1,1,1
"Symmetric bimodal",78,0.05,TRUE,-0.3048890485092,1,1,1,1
"Symmetric bimodal",78,0.1,TRUE,-0.3048890485092,1,1,1,1
"Symmetric bimodal",78,0.2,TRUE,-0.3048890485092,1,1,1,1
"Asymmetric mixture",79,0.05,TRUE,-0.321684227647011,1,1,1,1
"Asymmetric mixture",79,0.1,TRUE,-0.321684227647011,1,1,1,1
"Asymmetric mixture",79,0.2,TRUE,-0.321684227647011,1,1,1,1
"Symmetric bimodal",79,0.05,TRUE,-0.337188730204653,1,1,1,1
"Symmetric bimodal",79,0.1,TRUE,-0.337188730204653,1,1,1,1
"Symmetric bimodal",79,0.2,TRUE,-0.337188730204653,1,1,1,1
"Asymmetric mixture",80,0.05,TRUE,-0.334240012621295,1,1,1,1
"Asymmetric mixture",80,0.1,TRUE,-0.334240012621295,1,1,1,1
"Asymmetric mixture",80,0.2,TRUE,-0.334240012621295,1,1,1,1
"Symmetric bimodal",80,0.05,TRUE,-0.361752612391916,1,1,1,1
"Symmetric bimodal",80,0.1,TRUE,-0.361752612391916,1,1,1,1
"Symmetric bimodal",80,0.2,TRUE,-0.361752612391916,1,1,1,1
"Asymmetric mixture",81,0.05,TRUE,-0.306477711139348,1,1,1,1
"Asymmetric mixture",81,0.1,TRUE,-0.306477711139348,1,1,1,1
"Asymmetric mixture",81,0.2,TRUE,-0.306477711139348,1,1,1,1
"Symmetric bimodal",81,0.05,TRUE,-0.261893229301844,1,1,1,1
"Symmetric bimodal",81,0.1,TRUE,-0.261893229301844,1,1,1,1
"Symmetric bimodal",81,0.2,TRUE,-0.261893229301844,1,1,1,1
"Asymmetric mixture",82,0.05,TRUE,-0.378209739191869,1,1,1,1
"Asymmetric mixture",82,0.1,TRUE,-0.378209739191869,1,1,1,1
"Asymmetric mixture",82,0.2,TRUE,-0.378209739191869,1,1,1,1
"Symmetric bimodal",82,0.05,FALSE,NA,NA,NA,NA,NA
"Symmetric bimodal",82,0.1,TRUE,-0.31989209477537,4,1,1,1
"Symmetric bimodal",82,0.2,TRUE,-1.19628782555142,5,1,1,1
"Asymmetric mixture",83,0.05,TRUE,-0.247209481711571,1,1,1,1
"Asymmetric mixture",83,0.1,TRUE,-0.247209481711571,1,1,1,1
"Asymmetric mixture",83,0.2,TRUE,-0.247209481711571,1,1,1,1
"Symmetric bimodal",83,0.05,TRUE,-0.313454843964207,1,1,1,1
"Symmetric bimodal",83,0.1,TRUE,-0.313454843964207,1,1,1,1
"Symmetric bimodal",83,0.2,TRUE,-0.313454843964207,1,1,1,1
"Asymmetric mixture",84,0.05,TRUE,-0.290896530957193,1,1,1,1
"Asymmetric mixture",84,0.1,TRUE,-0.290896530957193,1,1,1,1
"Asymmetric mixture",84,0.2,TRUE,-0.290896530957193,1,1,1,1
"Symmetric bimodal",84,0.05,TRUE,-0.342410097779881,1,5,1,1
"Symmetric bimodal",84,0.1,TRUE,-0.32002303978871,1,4,1,1
"Symmetric bimodal",84,0.2,FALSE,NA,NA,NA,NA,NA
"Asymmetric mixture",85,0.05,FALSE,NA,NA,NA,NA,NA
"Asymmetric mixture",85,0.1,FALSE,NA,NA,NA,NA,NA
"Asymmetric mixture",85,0.2,FALSE,NA,NA,NA,NA,NA
"Symmetric bimodal",85,0.05,TRUE,-0.361496637831173,3,1,1,1
"Symmetric bimodal",85,0.1,TRUE,-0.361496637831185,3,1,1,1
"Symmetric bimodal",85,0.2,TRUE,-0.361496637831173,3,1,1,1
"Asymmetric mixture",86,0.05,TRUE,-0.371786915074952,1,1,1,1
"Asymmetric mixture",86,0.1,TRUE,-0.371786915074952,1,1,1,1
"Asymmetric mixture",86,0.2,TRUE,-0.371786915074952,1,1,1,1
"Symmetric bimodal",86,0.05,TRUE,-0.304881044578495,1,1,1,1
"Symmetric bimodal",86,0.1,TRUE,-0.304881044578495,1,1,1,1
"Symmetric bimodal",86,0.2,TRUE,-0.304881044578495,1,1,1,1
"Asymmetric mixture",87,0.05,TRUE,-0.322398257630478,1,1,1,1
"Asymmetric mixture",87,0.1,TRUE,-0.322398257630478,1,1,1,1
"Asymmetric mixture",87,0.2,TRUE,-0.322398257630478,1,1,1,1
"Symmetric bimodal",87,0.05,TRUE,-0.289100555947935,1,1,1,1
"Symmetric bimodal",87,0.1,TRUE,-0.289100555947935,1,1,1,2
"Symmetric bimodal",87,0.2,TRUE,-0.289100555947935,1,1,1,1
"Asymmetric mixture",88,0.05,TRUE,-0.288449413948575,1,1,1,1
"Asymmetric mixture",88,0.1,TRUE,-0.288449413948575,1,1,1,1
"Asymmetric mixture",88,0.2,TRUE,-0.288449413948575,1,1,1,1
"Symmetric bimodal",88,0.05,TRUE,-0.335854015563814,1,1,1,1
"Symmetric bimodal",88,0.1,TRUE,-0.335854015563814,1,1,1,1
"Symmetric bimodal",88,0.2,TRUE,-0.335854015563814,1,1,1,1
"Asymmetric mixture",89,0.05,TRUE,-0.294873801156538,1,4,1,1
"Asymmetric mixture",89,0.1,FALSE,NA,NA,NA,NA,NA
"Asymmetric mixture",89,0.2,FALSE,NA,NA,NA,NA,NA
"Symmetric bimodal",89,0.05,TRUE,-0.336799432608338,1,1,1,1
"Symmetric bimodal",89,0.1,TRUE,-0.336799432608338,1,1,1,1
"Symmetric bimodal",89,0.2,TRUE,-0.336799432608338,1,1,1,1
"Asymmetric mixture",90,0.05,TRUE,-0.273686754586727,1,1,1,1
"Asymmetric mixture",90,0.1,TRUE,-0.273686754586727,1,1,1,1
"Asymmetric mixture",90,0.2,TRUE,-0.273686754586727,1,1,1,1
"Symmetric bimodal",90,0.05,TRUE,-0.283711257829335,1,2,1,1
"Symmetric bimodal",90,0.1,TRUE,-0.283711257829335,1,4,1,1
"Symmetric bimodal",90,0.2,TRUE,-0.295602471272966,1,5,1,1
"Asymmetric mixture",91,0.05,TRUE,-0.272035096374653,1,1,1,1
"Asymmetric mixture",91,0.1,TRUE,-0.272035096374653,1,1,1,1
"Asymmetric mixture",91,0.2,TRUE,-0.272035096374653,1,1,1,1
"Symmetric bimodal",91,0.05,TRUE,-0.278647356133454,1,1,1,1
"Symmetric bimodal",91,0.1,TRUE,-0.278647356133454,1,1,1,1
"Symmetric bimodal",91,0.2,TRUE,-0.278647356133454,1,1,1,1
"Asymmetric mixture",92,0.05,TRUE,-0.274629369046148,2,1,1,1
"Asymmetric mixture",92,0.1,TRUE,-0.274629369046159,4,1,1,1
"Asymmetric mixture",92,0.2,FALSE,NA,NA,NA,NA,NA
"Symmetric bimodal",92,0.05,TRUE,-0.327252654178707,2,1,1,1
"Symmetric bimodal",92,0.1,TRUE,-0.327252654178707,2,1,1,1
"Symmetric bimodal",92,0.2,TRUE,-0.327252654178707,4,1,1,1
"Asymmetric mixture",93,0.05,TRUE,-0.344251900122722,1,1,1,1
"Asymmetric mixture",93,0.1,TRUE,-0.344251900122722,1,1,1,1
"Asymmetric mixture",93,0.2,TRUE,-0.344251900122722,1,1,1,1
"Symmetric bimodal",93,0.05,TRUE,-0.27520862465116,1,1,1,1
"Symmetric bimodal",93,0.1,TRUE,-0.27520862465116,1,1,1,1
"Symmetric bimodal",93,0.2,TRUE,-0.27520862465116,1,1,1,1
"Asymmetric mixture",94,0.05,TRUE,-0.343385452867403,1,2,1,1
"Asymmetric mixture",94,0.1,FALSE,NA,NA,NA,NA,NA
"Asymmetric mixture",94,0.2,FALSE,NA,NA,NA,NA,NA
"Symmetric bimodal",94,0.05,TRUE,-0.318905432199799,1,1,1,1
"Symmetric bimodal",94,0.1,TRUE,-0.318905432199799,1,1,1,1
"Symmetric bimodal",94,0.2,TRUE,-0.318905432199799,1,1,1,1
"Asymmetric mixture",95,0.05,TRUE,-0.357044650143792,1,1,1,1
"Asymmetric mixture",95,0.1,TRUE,-0.357044650143792,1,1,1,1
"Asymmetric mixture",95,0.2,TRUE,-0.357044650143792,1,1,1,1
"Symmetric bimodal",95,0.05,TRUE,-0.326230099098717,1,1,1,1
"Symmetric bimodal",95,0.1,TRUE,-0.326230099098717,1,1,1,1
"Symmetric bimodal",95,0.2,TRUE,-0.326230099098717,1,1,1,1
"Asymmetric mixture",96,0.05,TRUE,-0.301282816786591,1,1,1,1
"Asymmetric mixture",96,0.1,TRUE,-0.301282816786591,1,1,1,1
"Asymmetric mixture",96,0.2,TRUE,-0.301282816786591,1,1,1,1
"Symmetric bimodal",96,0.05,TRUE,-0.328738274208678,1,3,1,1
"Symmetric bimodal",96,0.1,FALSE,NA,NA,NA,NA,NA
"Symmetric bimodal",96,0.2,FALSE,NA,NA,NA,NA,NA
"Asymmetric mixture",97,0.05,TRUE,-0.32048189753799,1,1,1,1
"Asymmetric mixture",97,0.1,TRUE,-0.32048189753799,1,1,1,1
"Asymmetric mixture",97,0.2,TRUE,-0.32048189753799,1,1,1,1
"Symmetric bimodal",97,0.05,TRUE,-0.258740648274557,1,1,1,1
"Symmetric bimodal",97,0.1,TRUE,-0.258740648274557,1,1,1,1
"Symmetric bimodal",97,0.2,TRUE,-0.258740648274557,1,1,1,1
"Asymmetric mixture",98,0.05,TRUE,-0.389514918788218,1,1,1,1
"Asymmetric mixture",98,0.1,TRUE,-0.389514918788218,1,1,1,1
"Asymmetric mixture",98,0.2,TRUE,-0.389514918788218,1,1,1,1
"Symmetric bimodal",98,0.05,TRUE,-0.288606402283385,1,1,1,1
"Symmetric bimodal",98,0.1,TRUE,-0.288606402283385,1,1,1,1
"Symmetric bimodal",98,0.2,TRUE,-0.288606402283385,1,1,1,1
"Asymmetric mixture",99,0.05,TRUE,-0.262771419823908,1,1,1,1
"Asymmetric mixture",99,0.1,TRUE,-0.262771419823908,1,1,1,1
"Asymmetric mixture",99,0.2,TRUE,-0.262771419823908,1,1,1,1
"Symmetric bimodal",99,0.05,TRUE,-0.291852401176649,1,1,1,1
"Symmetric bimodal",99,0.1,TRUE,-0.291852401176649,1,1,1,1
"Symmetric bimodal",99,0.2,TRUE,-0.291852401176649,1,1,1,1
"Asymmetric mixture",100,0.05,TRUE,-0.266071956787731,1,1,1,1
"Asymmetric mixture",100,0.1,TRUE,-0.266071956787731,1,1,1,1
"Asymmetric mixture",100,0.2,TRUE,-0.266071956787731,1,1,1,1
"Symmetric bimodal",100,0.05,TRUE,-0.347143396870636,1,1,1,1
"Symmetric bimodal",100,0.1,TRUE,-0.347143396870636,1,1,1,1
"Symmetric bimodal",100,0.2,TRUE,-0.347143396870636,1,1,1,1
"Asymmetric mixture",101,0.05,TRUE,-0.315358600835795,1,1,1,1
"Asymmetric mixture",101,0.1,TRUE,-0.315358600835795,1,1,1,1
"Asymmetric mixture",101,0.2,TRUE,-0.315358600835795,1,1,1,1
"Symmetric bimodal",101,0.05,TRUE,-0.239515749866871,1,1,1,1
"Symmetric bimodal",101,0.1,TRUE,-0.239515749866871,1,1,1,1
"Symmetric bimodal",101,0.2,TRUE,-0.239515749866871,1,1,1,1
"Asymmetric mixture",102,0.05,TRUE,-0.357631559277802,1,1,1,1
"Asymmetric mixture",102,0.1,TRUE,-0.357631559277802,1,1,1,1
"Asymmetric mixture",102,0.2,TRUE,-0.357631559277802,1,1,1,1
"Symmetric bimodal",102,0.05,TRUE,-0.335959199508651,1,1,1,1
"Symmetric bimodal",102,0.1,TRUE,-0.335959199508651,1,1,1,1
"Symmetric bimodal",102,0.2,TRUE,-0.335959199508651,1,1,1,1
"Asymmetric mixture",103,0.05,TRUE,-0.311485847826015,1,6,1,1
"Asymmetric mixture",103,0.1,TRUE,-0.311485847826015,1,6,1,1
"Asymmetric mixture",103,0.2,TRUE,-0.311485847826015,1,6,1,1
"Symmetric bimodal",103,0.05,TRUE,-0.287952885372603,1,1,1,1
"Symmetric bimodal",103,0.1,TRUE,-0.287952885372603,1,1,1,1
"Symmetric bimodal",103,0.2,TRUE,-0.287952885372603,1,1,1,1
"Asymmetric mixture",104,0.05,TRUE,-0.318001419368626,1,1,1,1
"Asymmetric mixture",104,0.1,TRUE,-0.318001419368626,1,1,1,1
"Asymmetric mixture",104,0.2,TRUE,-0.318001419368626,1,1,1,1
"Symmetric bimodal",104,0.05,TRUE,-0.31360593024194,3,1,1,1
"Symmetric bimodal",104,0.1,TRUE,-0.31360593024194,3,1,1,1
"Symmetric bimodal",104,0.2,TRUE,-0.313605930241939,3,1,1,1
"Asymmetric mixture",105,0.05,TRUE,-0.322705255602399,1,1,1,1
"Asymmetric mixture",105,0.1,TRUE,-0.322705255602399,1,1,1,1
"Asymmetric mixture",105,0.2,TRUE,-0.322705255602399,1,1,1,1
"Symmetric bimodal",105,0.05,TRUE,-0.326208932363066,1,4,1,1
"Symmetric bimodal",105,0.1,TRUE,-0.326208932363066,1,4,1,1
"Symmetric bimodal",105,0.2,FALSE,NA,NA,NA,NA,NA
"Asymmetric mixture",106,0.05,FALSE,NA,NA,NA,NA,NA
"Asymmetric mixture",106,0.1,FALSE,NA,NA,NA,NA,NA
"Asymmetric mixture",106,0.2,FALSE,NA,NA,NA,NA,NA
"Symmetric bimodal",106,0.05,TRUE,-0.303474081146155,1,1,1,1
"Symmetric bimodal",106,0.1,TRUE,-0.303474081146155,1,1,1,1
"Symmetric bimodal",106,0.2,TRUE,-0.303474081146155,1,1,1,1
"Asymmetric mixture",107,0.05,TRUE,-0.363260713682247,1,1,1,1
"Asymmetric mixture",107,0.1,TRUE,-0.363260713682247,1,1,1,2
"Asymmetric mixture",107,0.2,TRUE,-0.363260713682247,1,1,1,1
"Symmetric bimodal",107,0.05,TRUE,-0.395637673889155,1,1,1,1
"Symmetric bimodal",107,0.1,TRUE,-0.395637673889155,1,1,1,1
"Symmetric bimodal",107,0.2,TRUE,-0.395637673889155,1,1,1,1
"Asymmetric mixture",108,0.05,TRUE,-0.289311412035374,1,1,1,1
"Asymmetric mixture",108,0.1,TRUE,-0.289311412035374,1,1,1,1
"Asymmetric mixture",108,0.2,TRUE,-0.289311412035374,1,1,1,1
"Symmetric bimodal",108,0.05,TRUE,-0.324345233724022,1,1,1,1
"Symmetric bimodal",108,0.1,TRUE,-0.324345233724022,1,1,1,1
"Symmetric bimodal",108,0.2,TRUE,-0.324345233724022,1,1,1,1
"Asymmetric mixture",109,0.05,TRUE,-0.320209952848676,1,1,1,1
"Asymmetric mixture",109,0.1,TRUE,-0.320209952848676,1,1,1,1
"Asymmetric mixture",109,0.2,TRUE,-0.320209952848676,1,1,1,1
"Symmetric bimodal",109,0.05,TRUE,-0.306161150578908,1,1,1,1
"Symmetric bimodal",109,0.1,TRUE,-0.306161150578908,1,1,1,1
"Symmetric bimodal",109,0.2,TRUE,-0.306161150578908,1,1,1,1
"Asymmetric mixture",110,0.05,TRUE,-0.320505421066598,1,1,1,1
"Asymmetric mixture",110,0.1,TRUE,-0.320505421066598,1,1,1,1
"Asymmetric mixture",110,0.2,TRUE,-0.320505421066598,1,1,1,1
"Symmetric bimodal",110,0.05,TRUE,-0.295757975599374,1,1,1,1
"Symmetric bimodal",110,0.1,TRUE,-0.295757975599374,1,1,1,1
"Symmetric bimodal",110,0.2,TRUE,-0.295757975599374,1,1,1,2
"Asymmetric mixture",111,0.05,TRUE,-0.32703534916857,1,4,1,1
"Asymmetric mixture",111,0.1,TRUE,-0.32703534916857,1,7,1,1
"Asymmetric mixture",111,0.2,TRUE,-0.32703534916857,1,4,1,1
"Symmetric bimodal",111,0.05,TRUE,-0.288733041612811,1,1,1,1
"Symmetric bimodal",111,0.1,TRUE,-0.288733041612811,1,1,1,1
"Symmetric bimodal",111,0.2,TRUE,-0.288733041612811,1,1,1,2
"Asymmetric mixture",112,0.05,TRUE,-0.368339888766808,1,1,1,1
"Asymmetric mixture",112,0.1,TRUE,-0.368339888766808,1,1,1,1
"Asymmetric mixture",112,0.2,TRUE,-0.368339888766808,1,1,1,1
"Symmetric bimodal",112,0.05,TRUE,-0.341987268166855,1,1,1,1
"Symmetric bimodal",112,0.1,TRUE,-0.341987268166855,1,1,1,1
"Symmetric bimodal",112,0.2,TRUE,-0.341987268166855,1,1,1,1
"Asymmetric mixture",113,0.05,TRUE,-0.323774469398639,1,1,1,1
"Asymmetric mixture",113,0.1,TRUE,-0.323774469398639,1,1,1,1
"Asymmetric mixture",113,0.2,TRUE,-0.323774469398639,1,1,1,1
"Symmetric bimodal",113,0.05,TRUE,-0.31877967711269,1,1,1,1
"Symmetric bimodal",113,0.1,TRUE,-0.31877967711269,1,1,1,1
"Symmetric bimodal",113,0.2,TRUE,-0.31877967711269,1,1,1,1
"Asymmetric mixture",114,0.05,TRUE,-0.303829213751286,1,1,1,1
"Asymmetric mixture",114,0.1,TRUE,-0.303829213751286,1,1,1,1
"Asymmetric mixture",114,0.2,TRUE,-0.303829213751286,1,1,1,1
"Symmetric bimodal",114,0.05,TRUE,-0.374187879603239,1,1,1,1
"Symmetric bimodal",114,0.1,TRUE,-0.374187879603239,1,1,1,1
"Symmetric bimodal",114,0.2,TRUE,-0.374187879603239,1,1,1,1
"Asymmetric mixture",115,0.05,TRUE,-0.305772346744368,1,1,1,1
"Asymmetric mixture",115,0.1,TRUE,-0.305772346744368,1,1,1,1
"Asymmetric mixture",115,0.2,TRUE,-0.305772346744368,1,1,1,1
"Symmetric bimodal",115,0.05,TRUE,-0.29569736899624,1,1,1,1
"Symmetric bimodal",115,0.1,TRUE,-0.29569736899624,1,1,1,1
"Symmetric bimodal",115,0.2,TRUE,-0.29569736899624,1,1,1,1
"Asymmetric mixture",116,0.05,TRUE,-0.287293770930812,1,1,1,1
"Asymmetric mixture",116,0.1,TRUE,-0.287293770930812,1,1,1,1
"Asymmetric mixture",116,0.2,TRUE,-0.287293770930812,1,1,1,1
"Symmetric bimodal",116,0.05,TRUE,-0.290756731012986,1,1,1,1
"Symmetric bimodal",116,0.1,TRUE,-0.290756731012986,1,1,1,1
"Symmetric bimodal",116,0.2,TRUE,-0.290756731012986,1,1,1,2
"Asymmetric mixture",117,0.05,TRUE,-0.278973782366245,1,1,1,1
"Asymmetric mixture",117,0.1,TRUE,-0.278973782366245,1,1,1,1
"Asymmetric mixture",117,0.2,TRUE,-0.278973782366245,1,1,1,1
"Symmetric bimodal",117,0.05,TRUE,-0.349961072927416,1,1,1,1
"Symmetric bimodal",117,0.1,TRUE,-0.349961072927416,1,1,1,1
"Symmetric bimodal",117,0.2,TRUE,-0.349961072927416,1,1,1,1
"Asymmetric mixture",118,0.05,TRUE,-0.270467287678852,1,1,1,1
"Asymmetric mixture",118,0.1,TRUE,-0.270467287678852,1,1,1,1
"Asymmetric mixture",118,0.2,TRUE,-0.270467287678852,1,1,1,1
"Symmetric bimodal",118,0.05,TRUE,-0.311316576640134,1,1,1,1
"Symmetric bimodal",118,0.1,TRUE,-0.311316576640134,1,1,1,1
"Symmetric bimodal",118,0.2,TRUE,-0.311316576640134,1,1,1,2
"Asymmetric mixture",119,0.05,TRUE,-0.268761890863519,1,1,1,1
"Asymmetric mixture",119,0.1,TRUE,-0.268761890863519,1,1,1,1
"Asymmetric mixture",119,0.2,TRUE,-0.268761890863519,1,1,1,1
"Symmetric bimodal",119,0.05,TRUE,-0.249197208015675,1,1,1,1
"Symmetric bimodal",119,0.1,TRUE,-0.249197208015675,1,1,1,1
"Symmetric bimodal",119,0.2,TRUE,-0.249197208015675,1,1,1,1
"Asymmetric mixture",120,0.05,TRUE,-0.286817571253536,1,1,1,1
"Asymmetric mixture",120,0.1,TRUE,-0.286817571253536,1,1,1,1
"Asymmetric mixture",120,0.2,TRUE,-0.286817571253536,1,1,1,1
"Symmetric bimodal",120,0.05,TRUE,-0.332587320091463,1,1,1,1
"Symmetric bimodal",120,0.1,TRUE,-0.332587320091463,1,1,1,1
"Symmetric bimodal",120,0.2,TRUE,-0.332587320091463,1,1,1,1
"Asymmetric mixture",121,0.05,FALSE,NA,NA,NA,NA,NA
"Asymmetric mixture",121,0.1,TRUE,-0.289803181055816,1,5,1,1
"Asymmetric mixture",121,0.2,FALSE,NA,NA,NA,NA,NA
"Symmetric bimodal",121,0.05,TRUE,-0.326015063387085,1,1,1,1
"Symmetric bimodal",121,0.1,TRUE,-0.326015063387085,1,1,1,1
"Symmetric bimodal",121,0.2,TRUE,-0.326015063387085,1,1,1,1
"Asymmetric mixture",122,0.05,TRUE,-0.278547494268764,1,1,1,1
"Asymmetric mixture",122,0.1,TRUE,-0.278547494268764,1,1,1,1
"Asymmetric mixture",122,0.2,TRUE,-0.278547494268764,1,1,1,1
"Symmetric bimodal",122,0.05,TRUE,-0.268309251979423,1,1,1,1
"Symmetric bimodal",122,0.1,TRUE,-0.268309251979423,1,1,1,1
"Symmetric bimodal",122,0.2,TRUE,-0.268309251979423,1,1,1,2
"Asymmetric mixture",123,0.05,TRUE,-0.308337509409984,1,1,1,1
"Asymmetric mixture",123,0.1,TRUE,-0.308337509409984,1,1,1,1
"Asymmetric mixture",123,0.2,TRUE,-0.308337509409984,1,1,1,1
"Symmetric bimodal",123,0.05,FALSE,NA,NA,NA,NA,NA
"Symmetric bimodal",123,0.1,FALSE,NA,NA,NA,NA,NA
"Symmetric bimodal",123,0.2,FALSE,NA,NA,NA,NA,NA
"Asymmetric mixture",124,0.05,TRUE,-0.370210946973294,1,2,1,1
"Asymmetric mixture",124,0.1,TRUE,-0.370210946973294,1,5,1,1
"Asymmetric mixture",124,0.2,FALSE,NA,NA,NA,NA,NA
"Symmetric bimodal",124,0.05,TRUE,-0.299549311375367,1,1,1,1
"Symmetric bimodal",124,0.1,TRUE,-0.299549311375367,1,1,1,1
"Symmetric bimodal",124,0.2,TRUE,-0.299549311375367,1,1,1,1
"Asymmetric mixture",125,0.05,TRUE,-0.353619015711043,1,1,1,1
"Asymmetric mixture",125,0.1,TRUE,-0.353619015711043,1,1,1,1
"Asymmetric mixture",125,0.2,TRUE,-0.353619015711043,1,1,1,1
"Symmetric bimodal",125,0.05,TRUE,-0.307889978130487,1,1,1,1
"Symmetric bimodal",125,0.1,TRUE,-0.307889978130487,1,1,1,1
"Symmetric bimodal",125,0.2,TRUE,-0.307889978130487,1,1,1,1
"Asymmetric mixture",126,0.05,TRUE,-0.307913142074379,1,1,1,1
"Asymmetric mixture",126,0.1,TRUE,-0.307913142074379,1,1,1,1
"Asymmetric mixture",126,0.2,TRUE,-0.307913142074379,1,1,1,1
"Symmetric bimodal",126,0.05,TRUE,-0.314617912143847,1,2,1,2
"Symmetric bimodal",126,0.1,FALSE,NA,NA,NA,NA,NA
"Symmetric bimodal",126,0.2,FALSE,NA,NA,NA,NA,NA
"Asymmetric mixture",127,0.05,TRUE,-0.314648643703818,1,2,1,1
"Asymmetric mixture",127,0.1,TRUE,-0.314648643703818,1,4,1,1
"Asymmetric mixture",127,0.2,FALSE,NA,NA,NA,NA,NA
"Symmetric bimodal",127,0.05,TRUE,-0.311303040850863,1,1,1,1
"Symmetric bimodal",127,0.1,TRUE,-0.311303040850863,1,1,1,1
"Symmetric bimodal",127,0.2,TRUE,-0.311303040850863,1,1,1,1
"Asymmetric mixture",128,0.05,TRUE,-0.352657049517964,1,1,1,1
"Asymmetric mixture",128,0.1,TRUE,-0.352657049517964,1,1,1,1
"Asymmetric mixture",128,0.2,TRUE,-0.352657049517964,1,1,1,1
"Symmetric bimodal",128,0.05,TRUE,-0.271183412809434,1,1,1,1
"Symmetric bimodal",128,0.1,TRUE,-0.271183412809434,1,1,1,1
"Symmetric bimodal",128,0.2,TRUE,-0.271183412809434,1,1,1,2
"Asymmetric mixture",129,0.05,TRUE,-0.345933798530817,1,1,1,1
"Asymmetric mixture",129,0.1,TRUE,-0.345933798530817,1,1,1,1
"Asymmetric mixture",129,0.2,TRUE,-0.345933798530817,1,1,1,1
"Symmetric bimodal",129,0.05,FALSE,NA,NA,NA,NA,NA
"Symmetric bimodal",129,0.1,FALSE,NA,NA,NA,NA,NA
"Symmetric bimodal",129,0.2,FALSE,NA,NA,NA,NA,NA
"Asymmetric mixture",130,0.05,TRUE,-0.265388051341796,2,1,1,1
"Asymmetric mixture",130,0.1,TRUE,-0.265388051341799,6,1,1,1
"Asymmetric mixture",130,0.2,TRUE,-0.265388051341799,6,1,1,1
"Symmetric bimodal",130,0.05,TRUE,-0.300013770122819,1,1,1,1
"Symmetric bimodal",130,0.1,TRUE,-0.300013770122819,1,1,1,1
"Symmetric bimodal",130,0.2,TRUE,-0.300013770122819,1,1,1,1
"Asymmetric mixture",131,0.05,TRUE,-0.317434032091897,3,1,1,1
"Asymmetric mixture",131,0.1,TRUE,-0.317434032091897,3,1,1,1
"Asymmetric mixture",131,0.2,FALSE,NA,NA,NA,NA,NA
"Symmetric bimodal",131,0.05,TRUE,-0.31754614701686,1,1,1,1
"Symmetric bimodal",131,0.1,TRUE,-0.31754614701686,1,1,1,1
"Symmetric bimodal",131,0.2,TRUE,-0.31754614701686,1,1,1,1
"Asymmetric mixture",132,0.05,TRUE,-0.311978614584514,1,1,1,1
"Asymmetric mixture",132,0.1,TRUE,-0.311978614584514,1,1,1,1
"Asymmetric mixture",132,0.2,TRUE,-0.311978614584514,1,1,1,1
"Symmetric bimodal",132,0.05,TRUE,-0.282960252881861,1,1,1,1
"Symmetric bimodal",132,0.1,TRUE,-0.282960252881861,1,1,1,1
"Symmetric bimodal",132,0.2,TRUE,-0.282960252881861,1,1,1,1
"Asymmetric mixture",133,0.05,TRUE,-0.308095513936862,1,1,1,1
"Asymmetric mixture",133,0.1,TRUE,-0.308095513936862,1,1,1,1
"Asymmetric mixture",133,0.2,TRUE,-0.308095513936862,1,1,1,1
"Symmetric bimodal",133,0.05,TRUE,-0.355222844497152,1,1,1,1
"Symmetric bimodal",133,0.1,TRUE,-0.355222844497152,1,1,1,1
"Symmetric bimodal",133,0.2,TRUE,-0.355222844497152,1,1,1,1
"Asymmetric mixture",134,0.05,TRUE,-0.347249132873648,1,1,1,1
"Asymmetric mixture",134,0.1,TRUE,-0.347249132873648,1,1,1,1
"Asymmetric mixture",134,0.2,TRUE,-0.347249132873648,1,1,1,1
"Symmetric bimodal",134,0.05,TRUE,-0.312618384987202,1,1,1,1
"Symmetric bimodal",134,0.1,TRUE,-0.312618384987202,1,1,1,1
"Symmetric bimodal",134,0.2,TRUE,-0.312618384987202,1,1,1,1
"Asymmetric mixture",135,0.05,TRUE,-0.365327555727959,1,1,1,1
"Asymmetric mixture",135,0.1,TRUE,-0.365327555727959,1,1,1,1
"Asymmetric mixture",135,0.2,TRUE,-0.365327555727959,1,1,1,1
"Symmetric bimodal",135,0.05,TRUE,-0.330464805320504,3,1,1,1
"Symmetric bimodal",135,0.1,TRUE,-0.330464805320492,3,1,1,1
"Symmetric bimodal",135,0.2,TRUE,-0.330464805320506,3,1,1,1
"Asymmetric mixture",136,0.05,TRUE,-0.32432718539017,1,1,1,1
"Asymmetric mixture",136,0.1,TRUE,-0.32432718539017,1,1,1,1
"Asymmetric mixture",136,0.2,TRUE,-0.32432718539017,1,1,1,1
"Symmetric bimodal",136,0.05,TRUE,-0.336811482324573,1,2,1,1
"Symmetric bimodal",136,0.1,TRUE,-0.336811482324579,1,2,1,1
"Symmetric bimodal",136,0.2,TRUE,-0.588962553269917,1,5,1,1
"Asymmetric mixture",137,0.05,TRUE,-0.342226178072554,1,1,1,1
"Asymmetric mixture",137,0.1,TRUE,-0.342226178072554,1,1,1,1
"Asymmetric mixture",137,0.2,TRUE,-0.342226178072554,1,1,1,1
"Symmetric bimodal",137,0.05,TRUE,-0.363520772365316,1,1,1,1
"Symmetric bimodal",137,0.1,TRUE,-0.363520772365316,1,1,1,1
"Symmetric bimodal",137,0.2,TRUE,-0.363520772365316,1,1,1,1
"Asymmetric mixture",138,0.05,TRUE,-0.348647602470187,1,1,2,1
"Asymmetric mixture",138,0.1,TRUE,-0.348647602470187,1,1,2,1
"Asymmetric mixture",138,0.2,TRUE,-0.348647602470187,1,1,2,1
"Symmetric bimodal",138,0.05,TRUE,-0.39270733293941,1,1,1,1
"Symmetric bimodal",138,0.1,TRUE,-0.39270733293941,1,1,1,1
"Symmetric bimodal",138,0.2,TRUE,-0.39270733293941,1,1,1,1
"Asymmetric mixture",139,0.05,TRUE,-0.347109408493429,1,1,1,1
"Asymmetric mixture",139,0.1,TRUE,-0.347109408493429,1,1,1,1
"Asymmetric mixture",139,0.2,TRUE,-0.347109408493429,1,1,1,1
"Symmetric bimodal",139,0.05,TRUE,-0.317820654218289,1,1,1,1
"Symmetric bimodal",139,0.1,TRUE,-0.317820654218289,1,1,1,1
"Symmetric bimodal",139,0.2,TRUE,-0.317820654218289,1,1,1,1
"Asymmetric mixture",140,0.05,TRUE,-0.344862200775694,1,1,1,1
"Asymmetric mixture",140,0.1,TRUE,-0.344862200775694,1,1,1,1
"Asymmetric mixture",140,0.2,TRUE,-0.344862200775694,1,1,1,1
"Symmetric bimodal",140,0.05,TRUE,-0.32130677590557,1,1,1,1
"Symmetric bimodal",140,0.1,TRUE,-0.32130677590557,1,1,1,1
"Symmetric bimodal",140,0.2,TRUE,-0.32130677590557,1,1,1,1
"Asymmetric mixture",141,0.05,TRUE,-0.310812026084849,1,1,1,1
"Asymmetric mixture",141,0.1,TRUE,-0.310812026084849,1,1,1,1
"Asymmetric mixture",141,0.2,TRUE,-0.310812026084849,1,1,1,1
"Symmetric bimodal",141,0.05,TRUE,-0.294323234193608,1,1,1,1
"Symmetric bimodal",141,0.1,TRUE,-0.294323234193608,1,1,1,1
"Symmetric bimodal",141,0.2,TRUE,-0.294323234193608,1,1,1,1
"Asymmetric mixture",142,0.05,TRUE,-0.279110461425967,1,1,1,1
"Asymmetric mixture",142,0.1,TRUE,-0.279110461425967,1,1,1,1
"Asymmetric mixture",142,0.2,TRUE,-0.279110461425967,1,1,1,1
"Symmetric bimodal",142,0.05,TRUE,-0.28494960361013,1,1,1,1
"Symmetric bimodal",142,0.1,TRUE,-0.28494960361013,1,1,1,1
"Symmetric bimodal",142,0.2,TRUE,-0.28494960361013,1,1,1,1
"Asymmetric mixture",143,0.05,TRUE,-0.342570599683192,1,1,1,1
"Asymmetric mixture",143,0.1,TRUE,-0.342570599683192,1,1,1,1
"Asymmetric mixture",143,0.2,TRUE,-0.342570599683192,1,1,1,1
"Symmetric bimodal",143,0.05,TRUE,-0.315929517989122,1,1,1,1
"Symmetric bimodal",143,0.1,TRUE,-0.315929517989122,1,1,1,1
"Symmetric bimodal",143,0.2,TRUE,-0.315929517989122,1,1,1,1
"Asymmetric mixture",144,0.05,TRUE,-0.284530413050295,1,1,1,1
"Asymmetric mixture",144,0.1,TRUE,-0.284530413050295,1,1,1,1
"Asymmetric mixture",144,0.2,TRUE,-0.284530413050295,1,1,1,1
"Symmetric bimodal",144,0.05,TRUE,-0.336544777747486,1,1,1,1
"Symmetric bimodal",144,0.1,TRUE,-0.336544777747486,1,1,1,1
"Symmetric bimodal",144,0.2,TRUE,-0.336544777747486,1,1,1,1
"Asymmetric mixture",145,0.05,TRUE,-0.340068651359645,1,6,1,1
"Asymmetric mixture",145,0.1,TRUE,-0.340068651359645,1,6,1,1
"Asymmetric mixture",145,0.2,TRUE,-0.340068651359645,1,6,1,1
"Symmetric bimodal",145,0.05,FALSE,NA,NA,NA,NA,NA
"Symmetric bimodal",145,0.1,FALSE,NA,NA,NA,NA,NA
"Symmetric bimodal",145,0.2,FALSE,NA,NA,NA,NA,NA
"Asymmetric mixture",146,0.05,TRUE,-0.33539347128019,1,1,1,1
"Asymmetric mixture",146,0.1,TRUE,-0.33539347128019,1,1,1,1
"Asymmetric mixture",146,0.2,TRUE,-0.33539347128019,1,1,1,1
"Symmetric bimodal",146,0.05,TRUE,-0.316334715359914,1,1,1,1
"Symmetric bimodal",146,0.1,TRUE,-0.316334715359914,1,1,1,1
"Symmetric bimodal",146,0.2,TRUE,-0.316334715359914,1,1,1,1
"Asymmetric mixture",147,0.05,TRUE,-0.299951914698754,1,1,1,1
"Asymmetric mixture",147,0.1,TRUE,-0.299951914698754,1,1,1,1
"Asymmetric mixture",147,0.2,TRUE,-0.299951914698754,1,1,1,1
"Symmetric bimodal",147,0.05,TRUE,-0.354124314285946,1,1,1,1
"Symmetric bimodal",147,0.1,TRUE,-0.354124314285946,1,1,1,1
"Symmetric bimodal",147,0.2,TRUE,-0.354124314285946,1,1,1,1
"Asymmetric mixture",148,0.05,TRUE,-0.309135641408476,1,1,1,1
"Asymmetric mixture",148,0.1,TRUE,-0.309135641408476,1,1,1,1
"Asymmetric mixture",148,0.2,TRUE,-0.309135641408476,1,1,1,1
"Symmetric bimodal",148,0.05,TRUE,-0.31330883861355,1,1,1,1
"Symmetric bimodal",148,0.1,TRUE,-0.31330883861355,1,1,1,1
"Symmetric bimodal",148,0.2,TRUE,-0.31330883861355,1,1,1,2
"Asymmetric mixture",149,0.05,TRUE,-0.319644721253255,1,1,1,1
"Asymmetric mixture",149,0.1,TRUE,-0.319644721253255,1,1,1,1
"Asymmetric mixture",149,0.2,TRUE,-0.319644721253255,1,1,1,1
"Symmetric bimodal",149,0.05,TRUE,-0.343180521484615,1,5,1,1
"Symmetric bimodal",149,0.1,TRUE,-0.343180521484612,1,5,1,1
"Symmetric bimodal",149,0.2,TRUE,-0.0293108733735281,1,4,1,1
"Asymmetric mixture",150,0.05,TRUE,-0.339121092114155,1,1,1,1
"Asymmetric mixture",150,0.1,TRUE,-0.339121092114155,1,1,1,1
"Asymmetric mixture",150,0.2,TRUE,-0.339121092114155,1,1,1,1
"Symmetric bimodal",150,0.05,TRUE,-0.339656031898748,1,1,1,1
"Symmetric bimodal",150,0.1,TRUE,-0.339656031898748,1,1,1,1
"Symmetric bimodal",150,0.2,TRUE,-0.339656031898748,1,1,1,1
"Asymmetric mixture",151,0.05,TRUE,-0.297224119611114,1,1,1,1
"Asymmetric mixture",151,0.1,TRUE,-0.297224119611114,1,1,1,1
"Asymmetric mixture",151,0.2,TRUE,-0.297224119611114,1,1,1,1
"Symmetric bimodal",151,0.05,TRUE,-0.306798569125871,1,1,1,1
"Symmetric bimodal",151,0.1,TRUE,-0.306798569125871,1,1,1,1
"Symmetric bimodal",151,0.2,TRUE,-0.306798569125871,1,1,1,2
"Asymmetric mixture",152,0.05,TRUE,-0.27907342337289,1,1,1,1
"Asymmetric mixture",152,0.1,TRUE,-0.27907342337289,1,1,1,1
"Asymmetric mixture",152,0.2,TRUE,-0.27907342337289,1,1,1,1
"Symmetric bimodal",152,0.05,TRUE,-0.273185186879363,1,1,1,1
"Symmetric bimodal",152,0.1,TRUE,-0.273185186879363,1,1,1,1
"Symmetric bimodal",152,0.2,TRUE,-0.273185186879363,1,1,1,1
"Asymmetric mixture",153,0.05,TRUE,-0.31668268420232,1,1,1,1
"Asymmetric mixture",153,0.1,TRUE,-0.31668268420232,1,1,1,1
"Asymmetric mixture",153,0.2,TRUE,-0.31668268420232,1,1,1,1
"Symmetric bimodal",153,0.05,TRUE,-0.302790361294421,1,1,1,1
"Symmetric bimodal",153,0.1,TRUE,-0.302790361294421,1,1,1,1
"Symmetric bimodal",153,0.2,TRUE,-0.302790361294421,1,1,1,1
"Asymmetric mixture",154,0.05,TRUE,-0.297228593519755,1,1,1,1
"Asymmetric mixture",154,0.1,TRUE,-0.297228593519755,1,1,1,1
"Asymmetric mixture",154,0.2,TRUE,-0.297228593519755,1,1,1,1
"Symmetric bimodal",154,0.05,TRUE,-0.32563562577864,1,1,1,1
"Symmetric bimodal",154,0.1,TRUE,-0.32563562577864,1,1,1,1
"Symmetric bimodal",154,0.2,TRUE,-0.32563562577864,1,1,1,1
"Asymmetric mixture",155,0.05,TRUE,-0.325063290194591,1,1,1,1
"Asymmetric mixture",155,0.1,TRUE,-0.325063290194591,1,1,1,1
"Asymmetric mixture",155,0.2,TRUE,-0.325063290194591,1,1,1,1
"Symmetric bimodal",155,0.05,TRUE,-0.351142006408707,1,1,1,1
"Symmetric bimodal",155,0.1,TRUE,-0.351142006408707,1,1,1,1
"Symmetric bimodal",155,0.2,TRUE,-0.351142006408707,1,1,1,1
"Asymmetric mixture",156,0.05,TRUE,-0.330150400048396,1,1,1,1
"Asymmetric mixture",156,0.1,TRUE,-0.330150400048396,1,1,1,1
"Asymmetric mixture",156,0.2,TRUE,-0.330150400048396,1,1,1,1
"Symmetric bimodal",156,0.05,TRUE,-0.35857518524596,1,1,1,1
"Symmetric bimodal",156,0.1,TRUE,-0.35857518524596,1,1,1,1
"Symmetric bimodal",156,0.2,TRUE,-0.35857518524596,1,1,1,1
"Asymmetric mixture",157,0.05,TRUE,-0.294409242189388,4,1,1,1
"Asymmetric mixture",157,0.1,TRUE,-0.294409242189383,4,1,1,1
"Asymmetric mixture",157,0.2,FALSE,NA,NA,NA,NA,NA
"Symmetric bimodal",157,0.05,TRUE,-0.27670692896228,1,1,1,1
"Symmetric bimodal",157,0.1,TRUE,-0.27670692896228,1,1,2,1
"Symmetric bimodal",157,0.2,TRUE,-0.27670692896228,1,1,1,1
"Asymmetric mixture",158,0.05,TRUE,-0.32685990997989,1,1,1,1
"Asymmetric mixture",158,0.1,TRUE,-0.32685990997989,1,1,1,1
"Asymmetric mixture",158,0.2,TRUE,-0.32685990997989,1,1,1,1
"Symmetric bimodal",158,0.05,TRUE,-0.321428483221365,1,1,1,1
"Symmetric bimodal",158,0.1,TRUE,-0.321428483221365,1,1,1,1
"Symmetric bimodal",158,0.2,TRUE,-0.321428483221365,1,1,1,1
"Asymmetric mixture",159,0.05,TRUE,-0.337453911983722,1,1,1,1
"Asymmetric mixture",159,0.1,TRUE,-0.337453911983722,1,1,1,1
"Asymmetric mixture",159,0.2,TRUE,-0.337453911983722,1,1,1,1
"Symmetric bimodal",159,0.05,TRUE,-0.265969065676072,1,1,1,1
"Symmetric bimodal",159,0.1,TRUE,-0.265969065676072,1,1,1,1
"Symmetric bimodal",159,0.2,TRUE,-0.265969065676072,1,1,1,1
"Asymmetric mixture",160,0.05,TRUE,-0.320749952275452,1,5,1,1
"Asymmetric mixture",160,0.1,TRUE,-0.320749952275452,1,5,1,1
"Asymmetric mixture",160,0.2,FALSE,NA,NA,NA,NA,NA
"Symmetric bimodal",160,0.05,TRUE,-0.327719288048406,1,1,1,1
"Symmetric bimodal",160,0.1,TRUE,-0.327719288048406,1,1,1,1
"Symmetric bimodal",160,0.2,TRUE,-0.327719288048406,1,1,1,1
"Asymmetric mixture",161,0.05,TRUE,-0.327594366601881,1,1,1,1
"Asymmetric mixture",161,0.1,TRUE,-0.327594366601881,1,1,1,1
"Asymmetric mixture",161,0.2,TRUE,-0.327594366601881,1,1,1,1
"Symmetric bimodal",161,0.05,TRUE,-0.286922765590304,1,1,1,1
"Symmetric bimodal",161,0.1,TRUE,-0.286922765590304,1,1,1,1
"Symmetric bimodal",161,0.2,TRUE,-0.286922765590304,1,1,1,1
"Asymmetric mixture",162,0.05,TRUE,-0.355632550800927,1,1,1,1
"Asymmetric mixture",162,0.1,TRUE,-0.355632550800927,1,1,1,1
"Asymmetric mixture",162,0.2,TRUE,-0.355632550800927,1,1,1,1
"Symmetric bimodal",162,0.05,TRUE,-0.262818286883499,1,1,1,1
"Symmetric bimodal",162,0.1,TRUE,-0.262818286883499,1,1,1,1
"Symmetric bimodal",162,0.2,TRUE,-0.262818286883499,1,1,1,1
"Asymmetric mixture",163,0.05,TRUE,-0.35424560678509,1,1,1,1
"Asymmetric mixture",163,0.1,TRUE,-0.35424560678509,1,1,1,1
"Asymmetric mixture",163,0.2,TRUE,-0.35424560678509,1,1,1,1
"Symmetric bimodal",163,0.05,TRUE,-0.332533146643856,1,1,1,1
"Symmetric bimodal",163,0.1,TRUE,-0.332533146643856,1,1,1,1
"Symmetric bimodal",163,0.2,TRUE,-0.332533146643856,1,1,1,1
"Asymmetric mixture",164,0.05,TRUE,-0.32843580141569,1,1,1,1
"Asymmetric mixture",164,0.1,TRUE,-0.32843580141569,1,1,1,1
"Asymmetric mixture",164,0.2,TRUE,-0.32843580141569,1,1,1,1
"Symmetric bimodal",164,0.05,TRUE,-0.303050403476808,1,1,1,1
"Symmetric bimodal",164,0.1,TRUE,-0.303050403476808,1,1,1,1
"Symmetric bimodal",164,0.2,TRUE,-0.303050403476808,1,1,1,2
"Asymmetric mixture",165,0.05,TRUE,-0.32620276812347,1,6,1,1
"Asymmetric mixture",165,0.1,TRUE,-0.32620276812347,1,6,1,1
"Asymmetric mixture",165,0.2,TRUE,-0.32620276812347,1,6,1,1
"Symmetric bimodal",165,0.05,TRUE,-0.337582361013488,1,2,1,1
"Symmetric bimodal",165,0.1,FALSE,NA,NA,NA,NA,NA
"Symmetric bimodal",165,0.2,FALSE,NA,NA,NA,NA,NA
"Asymmetric mixture",166,0.05,TRUE,-0.305120851343569,1,1,1,1
"Asymmetric mixture",166,0.1,TRUE,-0.305120851343569,1,1,1,1
"Asymmetric mixture",166,0.2,TRUE,-0.305120851343569,1,1,1,1
"Symmetric bimodal",166,0.05,TRUE,-0.325392256354557,1,1,1,1
"Symmetric bimodal",166,0.1,TRUE,-0.325392256354557,1,1,1,1
"Symmetric bimodal",166,0.2,TRUE,-0.325392256354557,1,1,1,1
"Asymmetric mixture",167,0.05,TRUE,-0.366487263453363,1,4,1,1
"Asymmetric mixture",167,0.1,FALSE,NA,NA,NA,NA,NA
"Asymmetric mixture",167,0.2,FALSE,NA,NA,NA,NA,NA
"Symmetric bimodal",167,0.05,TRUE,-0.275464718540276,1,1,1,1
"Symmetric bimodal",167,0.1,TRUE,-0.275464718540276,1,1,1,1
"Symmetric bimodal",167,0.2,TRUE,-0.275464718540276,1,1,1,1
"Asymmetric mixture",168,0.05,TRUE,-0.367676408750487,1,1,1,1
"Asymmetric mixture",168,0.1,TRUE,-0.367676408750487,1,1,1,1
"Asymmetric mixture",168,0.2,TRUE,-0.367676408750487,1,1,1,1
"Symmetric bimodal",168,0.05,TRUE,-0.350705984413886,2,1,1,1
"Symmetric bimodal",168,0.1,TRUE,-0.350705984413886,2,1,1,1
"Symmetric bimodal",168,0.2,FALSE,NA,NA,NA,NA,NA
"Asymmetric mixture",169,0.05,TRUE,-0.299555997020694,1,1,1,1
"Asymmetric mixture",169,0.1,TRUE,-0.299555997020694,1,1,1,1
"Asymmetric mixture",169,0.2,TRUE,-0.299555997020694,1,1,1,1
"Symmetric bimodal",169,0.05,FALSE,NA,NA,NA,NA,NA
"Symmetric bimodal",169,0.1,FALSE,NA,NA,NA,NA,NA
"Symmetric bimodal",169,0.2,TRUE,-0.334071008335208,1,2,1,1
"Asymmetric mixture",170,0.05,TRUE,-0.280844783688762,1,1,1,1
"Asymmetric mixture",170,0.1,TRUE,-0.280844783688762,1,1,1,1
"Asymmetric mixture",170,0.2,TRUE,-0.280844783688762,1,1,1,1
"Symmetric bimodal",170,0.05,TRUE,-0.316669882293581,1,1,1,1
"Symmetric bimodal",170,0.1,TRUE,-0.316669882293581,1,1,1,1
"Symmetric bimodal",170,0.2,TRUE,-0.316669882293581,1,1,1,1
"Asymmetric mixture",171,0.05,TRUE,-0.340358543409301,1,1,1,1
"Asymmetric mixture",171,0.1,TRUE,-0.340358543409301,1,1,1,1
"Asymmetric mixture",171,0.2,TRUE,-0.340358543409301,1,1,1,1
"Symmetric bimodal",171,0.05,TRUE,-0.327625496749865,1,1,1,1
"Symmetric bimodal",171,0.1,TRUE,-0.327625496749865,1,1,1,1
"Symmetric bimodal",171,0.2,TRUE,-0.327625496749865,1,1,1,1
"Asymmetric mixture",172,0.05,TRUE,-0.32944177141778,1,1,1,1
"Asymmetric mixture",172,0.1,TRUE,-0.32944177141778,1,1,1,1
"Asymmetric mixture",172,0.2,TRUE,-0.32944177141778,1,1,1,1
"Symmetric bimodal",172,0.05,TRUE,-0.301086039713641,4,1,1,1
"Symmetric bimodal",172,0.1,TRUE,-0.301086039713641,4,1,1,1
"Symmetric bimodal",172,0.2,TRUE,-0.30108603971366,4,1,1,1
"Asymmetric mixture",173,0.05,TRUE,-0.335029636690026,1,1,1,1
"Asymmetric mixture",173,0.1,TRUE,-0.335029636690026,1,1,1,1
"Asymmetric mixture",173,0.2,TRUE,-0.335029636690026,1,1,1,1
"Symmetric bimodal",173,0.05,TRUE,-0.298647096953164,1,1,1,1
"Symmetric bimodal",173,0.1,TRUE,-0.298647096953164,1,1,1,1
"Symmetric bimodal",173,0.2,TRUE,-0.298647096953164,1,1,1,1
"Asymmetric mixture",174,0.05,TRUE,-0.29215144764635,1,1,1,1
"Asymmetric mixture",174,0.1,TRUE,-0.29215144764635,1,1,1,1
"Asymmetric mixture",174,0.2,TRUE,-0.29215144764635,1,1,1,1
"Symmetric bimodal",174,0.05,FALSE,NA,NA,NA,NA,NA
"Symmetric bimodal",174,0.1,TRUE,-0.308183135821929,3,1,1,1
"Symmetric bimodal",174,0.2,TRUE,-0.308183135821932,3,1,1,1
"Asymmetric mixture",175,0.05,TRUE,-0.282575839915138,1,1,1,1
"Asymmetric mixture",175,0.1,TRUE,-0.282575839915138,1,1,1,1
"Asymmetric mixture",175,0.2,TRUE,-0.282575839915138,1,1,1,1
"Symmetric bimodal",175,0.05,TRUE,-0.306328037412696,1,1,1,1
"Symmetric bimodal",175,0.1,TRUE,-0.306328037412696,1,1,1,1
"Symmetric bimodal",175,0.2,TRUE,-0.306328037412696,1,1,1,1
"Asymmetric mixture",176,0.05,TRUE,-0.343192472885554,1,1,1,1
"Asymmetric mixture",176,0.1,TRUE,-0.343192472885554,1,1,1,1
"Asymmetric mixture",176,0.2,TRUE,-0.343192472885554,1,1,1,1
"Symmetric bimodal",176,0.05,TRUE,-0.293865737441156,1,1,1,1
"Symmetric bimodal",176,0.1,TRUE,-0.293865737441156,1,1,1,1
"Symmetric bimodal",176,0.2,TRUE,-0.293865737441156,1,1,1,1
"Asymmetric mixture",177,0.05,TRUE,-0.323229200084863,1,1,1,1
"Asymmetric mixture",177,0.1,TRUE,-0.323229200084863,1,1,1,1
"Asymmetric mixture",177,0.2,TRUE,-0.323229200084863,1,1,1,1
"Symmetric bimodal",177,0.05,TRUE,-0.350976386611776,1,1,1,1
"Symmetric bimodal",177,0.1,TRUE,-0.350976386611776,1,1,1,1
"Symmetric bimodal",177,0.2,TRUE,-0.350976386611776,1,1,1,1
"Asymmetric mixture",178,0.05,TRUE,-0.298765751400011,1,1,1,1
"Asymmetric mixture",178,0.1,TRUE,-0.298765751400011,1,1,1,1
"Asymmetric mixture",178,0.2,TRUE,-0.298765751400011,1,1,1,1
"Symmetric bimodal",178,0.05,TRUE,-0.309883475410537,1,1,1,1
"Symmetric bimodal",178,0.1,TRUE,-0.309883475410537,1,1,1,1
"Symmetric bimodal",178,0.2,TRUE,-0.309883475410537,1,1,1,2
"Asymmetric mixture",179,0.05,TRUE,-0.319713463439681,1,1,1,1
"Asymmetric mixture",179,0.1,TRUE,-0.319713463439681,1,1,1,1
"Asymmetric mixture",179,0.2,TRUE,-0.319713463439681,1,1,1,1
"Symmetric bimodal",179,0.05,TRUE,-0.288568480264034,1,1,1,1
"Symmetric bimodal",179,0.1,TRUE,-0.288568480264034,1,1,1,1
"Symmetric bimodal",179,0.2,TRUE,-0.288568480264034,1,1,1,1
"Asymmetric mixture",180,0.05,TRUE,-0.305896739565294,1,1,1,1
"Asymmetric mixture",180,0.1,TRUE,-0.305896739565294,1,1,1,1
"Asymmetric mixture",180,0.2,TRUE,-0.305896739565294,1,1,1,1
"Symmetric bimodal",180,0.05,TRUE,-0.303841127328406,1,1,1,1
"Symmetric bimodal",180,0.1,TRUE,-0.303841127328406,1,1,1,1
"Symmetric bimodal",180,0.2,TRUE,-0.303841127328406,1,1,1,1
"Asymmetric mixture",181,0.05,TRUE,0.044838428386872,1,4,1,1
"Asymmetric mixture",181,0.1,TRUE,0.0448384283866124,1,4,1,1
"Asymmetric mixture",181,0.2,FALSE,NA,NA,NA,NA,NA
"Symmetric bimodal",181,0.05,TRUE,-0.306239365667221,1,1,1,1
"Symmetric bimodal",181,0.1,TRUE,-0.306239365667221,1,1,1,1
"Symmetric bimodal",181,0.2,TRUE,-0.306239365667221,1,1,1,1
"Asymmetric mixture",182,0.05,TRUE,-0.278025267011713,1,1,1,1
"Asymmetric mixture",182,0.1,TRUE,-0.278025267011713,1,1,1,1
"Asymmetric mixture",182,0.2,TRUE,-0.278025267011713,1,1,1,1
"Symmetric bimodal",182,0.05,TRUE,-0.28680769398784,1,1,1,1
"Symmetric bimodal",182,0.1,TRUE,-0.28680769398784,1,1,1,1
"Symmetric bimodal",182,0.2,TRUE,-0.28680769398784,1,1,1,1
"Asymmetric mixture",183,0.05,TRUE,-0.274850534050679,1,1,1,1
"Asymmetric mixture",183,0.1,TRUE,-0.274850534050679,1,1,1,1
"Asymmetric mixture",183,0.2,TRUE,-0.274850534050679,1,1,1,1
"Symmetric bimodal",183,0.05,TRUE,-0.351967613848154,1,1,1,1
"Symmetric bimodal",183,0.1,TRUE,-0.351967613848154,1,1,1,1
"Symmetric bimodal",183,0.2,TRUE,-0.351967613848154,1,1,1,1
"Asymmetric mixture",184,0.05,TRUE,-0.346177411483227,1,1,1,1
"Asymmetric mixture",184,0.1,TRUE,-0.346177411483227,1,1,1,1
"Asymmetric mixture",184,0.2,TRUE,-0.346177411483227,1,1,1,1
"Symmetric bimodal",184,0.05,TRUE,-0.288716652306229,1,1,1,1
"Symmetric bimodal",184,0.1,TRUE,-0.288716652306229,1,1,1,1
"Symmetric bimodal",184,0.2,TRUE,-0.288716652306229,1,1,1,1
"Asymmetric mixture",185,0.05,TRUE,-0.298813071292702,1,1,1,1
"Asymmetric mixture",185,0.1,TRUE,-0.298813071292702,1,1,1,1
"Asymmetric mixture",185,0.2,TRUE,-0.298813071292702,1,1,1,1
"Symmetric bimodal",185,0.05,TRUE,-0.373391443634531,1,1,1,1
"Symmetric bimodal",185,0.1,TRUE,-0.373391443634531,1,1,1,1
"Symmetric bimodal",185,0.2,TRUE,-0.373391443634531,1,1,1,1
"Asymmetric mixture",186,0.05,TRUE,-0.34885350978863,1,1,1,1
"Asymmetric mixture",186,0.1,TRUE,-0.34885350978863,1,1,1,1
"Asymmetric mixture",186,0.2,TRUE,-0.34885350978863,1,1,1,1
"Symmetric bimodal",186,0.05,TRUE,-0.325218341817633,1,1,1,1
"Symmetric bimodal",186,0.1,TRUE,-0.325218341817633,1,1,1,1
"Symmetric bimodal",186,0.2,TRUE,-0.325218341817633,1,1,1,1
"Asymmetric mixture",187,0.05,TRUE,-0.345392350236734,1,1,1,1
"Asymmetric mixture",187,0.1,TRUE,-0.345392350236734,1,1,1,1
"Asymmetric mixture",187,0.2,TRUE,-0.345392350236734,1,1,1,1
"Symmetric bimodal",187,0.05,TRUE,-0.347109801712095,1,1,1,1
"Symmetric bimodal",187,0.1,TRUE,-0.347109801712095,1,1,1,1
"Symmetric bimodal",187,0.2,TRUE,-0.347109801712095,1,1,1,1
"Asymmetric mixture",188,0.05,TRUE,-0.332630030298235,1,1,1,1
"Asymmetric mixture",188,0.1,TRUE,-0.332630030298235,1,1,1,1
"Asymmetric mixture",188,0.2,TRUE,-0.332630030298235,1,1,1,1
"Symmetric bimodal",188,0.05,TRUE,-0.339393803132748,1,1,1,1
"Symmetric bimodal",188,0.1,TRUE,-0.339393803132748,1,1,1,1
"Symmetric bimodal",188,0.2,TRUE,-0.339393803132748,1,1,1,1
"Asymmetric mixture",189,0.05,TRUE,-0.278498398586261,1,3,1,1
"Asymmetric mixture",189,0.1,FALSE,NA,NA,NA,NA,NA
"Asymmetric mixture",189,0.2,FALSE,NA,NA,NA,NA,NA
"Symmetric bimodal",189,0.05,TRUE,-0.335998810843808,1,1,1,1
"Symmetric bimodal",189,0.1,TRUE,-0.335998810843808,1,1,1,1
"Symmetric bimodal",189,0.2,TRUE,-0.335998810843808,1,1,1,1
"Asymmetric mixture",190,0.05,TRUE,-0.309278339840495,1,2,1,1
"Asymmetric mixture",190,0.1,FALSE,NA,NA,NA,NA,NA
"Asymmetric mixture",190,0.2,TRUE,-0.309278339840496,1,5,1,1
"Symmetric bimodal",190,0.05,TRUE,-0.33468898976223,1,1,1,1
"Symmetric bimodal",190,0.1,TRUE,-0.33468898976223,1,1,1,1
"Symmetric bimodal",190,0.2,TRUE,-0.33468898976223,1,1,1,1
"Asymmetric mixture",191,0.05,FALSE,NA,NA,NA,NA,NA
"Asymmetric mixture",191,0.1,FALSE,NA,NA,NA,NA,NA
"Asymmetric mixture",191,0.2,FALSE,NA,NA,NA,NA,NA
"Symmetric bimodal",191,0.05,TRUE,-0.297127537098372,1,1,1,1
"Symmetric bimodal",191,0.1,TRUE,-0.297127537098372,1,1,1,1
"Symmetric bimodal",191,0.2,TRUE,-0.297127537098372,1,1,1,1
"Asymmetric mixture",192,0.05,TRUE,-0.341251462185142,1,1,1,1
"Asymmetric mixture",192,0.1,TRUE,-0.341251462185142,1,1,1,1
"Asymmetric mixture",192,0.2,TRUE,-0.341251462185142,1,1,1,1
"Symmetric bimodal",192,0.05,TRUE,-0.363278555273264,1,1,1,1
"Symmetric bimodal",192,0.1,TRUE,-0.363278555273264,1,1,1,1
"Symmetric bimodal",192,0.2,TRUE,-0.363278555273264,1,1,1,2
"Asymmetric mixture",193,0.05,TRUE,-0.321205459157657,1,1,1,1
"Asymmetric mixture",193,0.1,TRUE,-0.321205459157657,1,1,1,1
"Asymmetric mixture",193,0.2,TRUE,-0.321205459157657,1,1,1,1
"Symmetric bimodal",193,0.05,TRUE,-0.357893457549422,1,1,1,1
"Symmetric bimodal",193,0.1,TRUE,-0.357893457549422,1,1,1,1
"Symmetric bimodal",193,0.2,TRUE,-0.357893457549422,1,1,1,1
"Asymmetric mixture",194,0.05,TRUE,-0.338802779444012,1,1,1,1
"Asymmetric mixture",194,0.1,TRUE,-0.338802779444012,1,1,1,2
"Asymmetric mixture",194,0.2,TRUE,-0.338802779444012,1,1,1,1
"Symmetric bimodal",194,0.05,TRUE,-0.344678494594832,3,1,1,1
"Symmetric bimodal",194,0.1,TRUE,-0.344678494594831,5,1,1,1
"Symmetric bimodal",194,0.2,TRUE,-0.344678494594832,5,1,1,2
"Asymmetric mixture",195,0.05,TRUE,-0.354872472227502,1,1,1,1
"Asymmetric mixture",195,0.1,TRUE,-0.354872472227502,1,1,1,1
"Asymmetric mixture",195,0.2,TRUE,-0.354872472227502,1,1,1,1
"Symmetric bimodal",195,0.05,TRUE,-0.303130651898671,1,1,1,1
"Symmetric bimodal",195,0.1,TRUE,-0.303130651898671,1,1,1,1
"Symmetric bimodal",195,0.2,TRUE,-0.303130651898671,1,1,1,1
"Asymmetric mixture",196,0.05,TRUE,-0.321538964284167,1,1,1,1
"Asymmetric mixture",196,0.1,TRUE,-0.321538964284167,1,1,1,1
"Asymmetric mixture",196,0.2,TRUE,-0.321538964284167,1,1,1,1
"Symmetric bimodal",196,0.05,TRUE,-0.334927658106499,1,1,1,1
"Symmetric bimodal",196,0.1,TRUE,-0.334927658106499,1,1,1,1
"Symmetric bimodal",196,0.2,TRUE,-0.334927658106499,1,1,1,1
"Asymmetric mixture",197,0.05,TRUE,-0.34562345731446,1,1,1,1
"Asymmetric mixture",197,0.1,TRUE,-0.34562345731446,1,1,1,1
"Asymmetric mixture",197,0.2,TRUE,-0.34562345731446,1,1,1,1
"Symmetric bimodal",197,0.05,TRUE,-0.299103090043776,1,1,1,1
"Symmetric bimodal",197,0.1,TRUE,-0.299103090043776,1,1,1,1
"Symmetric bimodal",197,0.2,TRUE,-0.299103090043776,1,1,1,1
"Asymmetric mixture",198,0.05,FALSE,NA,NA,NA,NA,NA
"Asymmetric mixture",198,0.1,FALSE,NA,NA,NA,NA,NA
"Asymmetric mixture",198,0.2,FALSE,NA,NA,NA,NA,NA
"Symmetric bimodal",198,0.05,TRUE,-0.298305404517832,1,1,1,1
"Symmetric bimodal",198,0.1,TRUE,-0.298305404517832,1,1,1,1
"Symmetric bimodal",198,0.2,TRUE,-0.298305404517832,1,1,1,1
"Asymmetric mixture",199,0.05,TRUE,-0.32843457854795,1,1,1,1
"Asymmetric mixture",199,0.1,TRUE,-0.32843457854795,1,1,1,1
"Asymmetric mixture",199,0.2,TRUE,-0.32843457854795,1,1,1,1
"Symmetric bimodal",199,0.05,TRUE,-0.291499183015865,1,1,1,1
"Symmetric bimodal",199,0.1,TRUE,-0.291499183015865,1,1,1,1
"Symmetric bimodal",199,0.2,TRUE,-0.291499183015865,1,1,1,2
"Asymmetric mixture",200,0.05,TRUE,-0.309349121413514,1,1,1,1
"Asymmetric mixture",200,0.1,TRUE,-0.309349121413514,1,1,1,1
"Asymmetric mixture",200,0.2,TRUE,-0.309349121413514,1,1,1,1
"Symmetric bimodal",200,0.05,TRUE,-0.302196429695442,1,1,1,1
"Symmetric bimodal",200,0.1,TRUE,-0.302196429695442,1,1,1,2
"Symmetric bimodal",200,0.2,TRUE,-0.302196429695442,1,1,1,1
"Asymmetric mixture",201,0.05,TRUE,-0.344001693878411,1,1,1,1
"Asymmetric mixture",201,0.1,TRUE,-0.344001693878411,1,1,1,1
"Asymmetric mixture",201,0.2,TRUE,-0.344001693878411,1,1,1,1
"Symmetric bimodal",201,0.05,TRUE,-0.321298912578426,1,3,1,1
"Symmetric bimodal",201,0.1,TRUE,-0.321298912578426,1,3,1,1
"Symmetric bimodal",201,0.2,FALSE,NA,NA,NA,NA,NA
"Asymmetric mixture",202,0.05,TRUE,-0.311235920870698,1,1,1,1
"Asymmetric mixture",202,0.1,TRUE,-0.311235920870698,1,1,1,1
"Asymmetric mixture",202,0.2,TRUE,-0.311235920870698,1,1,1,1
"Symmetric bimodal",202,0.05,TRUE,-0.291650218580712,1,1,1,1
"Symmetric bimodal",202,0.1,TRUE,-0.291650218580712,1,1,1,1
"Symmetric bimodal",202,0.2,TRUE,-0.291650218580712,1,1,1,1
"Asymmetric mixture",203,0.05,TRUE,-0.368185366174286,1,1,1,1
"Asymmetric mixture",203,0.1,TRUE,-0.368185366174286,1,1,1,1
"Asymmetric mixture",203,0.2,TRUE,-0.368185366174286,1,1,1,1
"Symmetric bimodal",203,0.05,TRUE,-0.301959775497728,1,1,1,1
"Symmetric bimodal",203,0.1,TRUE,-0.301959775497728,1,1,1,1
"Symmetric bimodal",203,0.2,TRUE,-0.301959775497728,1,1,1,1
"Asymmetric mixture",204,0.05,TRUE,-0.334584824062943,1,1,1,1
"Asymmetric mixture",204,0.1,TRUE,-0.334584824062943,1,1,1,1
"Asymmetric mixture",204,0.2,TRUE,-0.334584824062943,1,1,1,1
"Symmetric bimodal",204,0.05,TRUE,-0.34705381274621,1,1,1,1
"Symmetric bimodal",204,0.1,TRUE,-0.34705381274621,1,1,1,1
"Symmetric bimodal",204,0.2,TRUE,-0.34705381274621,1,1,1,1
"Asymmetric mixture",205,0.05,TRUE,-0.317707017872486,1,1,1,1
"Asymmetric mixture",205,0.1,TRUE,-0.317707017872486,1,1,1,1
"Asymmetric mixture",205,0.2,TRUE,-0.317707017872486,1,1,1,1
"Symmetric bimodal",205,0.05,TRUE,-0.28541037742795,1,1,1,1
"Symmetric bimodal",205,0.1,TRUE,-0.28541037742795,1,1,1,1
"Symmetric bimodal",205,0.2,TRUE,-0.28541037742795,1,1,1,1
"Asymmetric mixture",206,0.05,TRUE,-0.341840602177912,1,1,1,1
"Asymmetric mixture",206,0.1,TRUE,-0.341840602177912,1,1,1,1
"Asymmetric mixture",206,0.2,TRUE,-0.341840602177912,1,1,1,1
"Symmetric bimodal",206,0.05,TRUE,-0.310715227493722,1,1,1,1
"Symmetric bimodal",206,0.1,TRUE,-0.310715227493722,1,1,1,1
"Symmetric bimodal",206,0.2,TRUE,-0.310715227493722,1,1,1,1
"Asymmetric mixture",207,0.05,TRUE,-0.339659141267292,1,1,1,1
"Asymmetric mixture",207,0.1,TRUE,-0.339659141267292,1,1,1,1
"Asymmetric mixture",207,0.2,TRUE,-0.339659141267292,1,1,1,1
"Symmetric bimodal",207,0.05,TRUE,-0.395741977185865,1,1,1,1
"Symmetric bimodal",207,0.1,TRUE,-0.395741977185865,1,1,1,1
"Symmetric bimodal",207,0.2,TRUE,-0.395741977185865,1,1,1,1
"Asymmetric mixture",208,0.05,TRUE,-0.329636145197636,1,1,1,1
"Asymmetric mixture",208,0.1,TRUE,-0.329636145197636,1,1,1,1
"Asymmetric mixture",208,0.2,TRUE,-0.329636145197636,1,1,1,1
"Symmetric bimodal",208,0.05,TRUE,-0.359661040752986,1,1,1,1
"Symmetric bimodal",208,0.1,TRUE,-0.359661040752986,1,1,1,1
"Symmetric bimodal",208,0.2,TRUE,-0.359661040752986,1,1,1,1
"Asymmetric mixture",209,0.05,TRUE,-0.308000850684101,1,1,1,1
"Asymmetric mixture",209,0.1,TRUE,-0.308000850684101,1,1,1,1
"Asymmetric mixture",209,0.2,TRUE,-0.308000850684101,1,1,1,1
"Symmetric bimodal",209,0.05,TRUE,-0.360443829868177,1,1,1,1
"Symmetric bimodal",209,0.1,TRUE,-0.360443829868177,1,1,1,2
"Symmetric bimodal",209,0.2,TRUE,-0.360443829868177,1,1,1,1
"Asymmetric mixture",210,0.05,TRUE,-0.323159224882896,1,1,1,1
"Asymmetric mixture",210,0.1,TRUE,-0.323159224882896,1,1,1,1
"Asymmetric mixture",210,0.2,TRUE,-0.323159224882896,1,1,1,1
"Symmetric bimodal",210,0.05,TRUE,-0.289287173514026,1,1,1,1
"Symmetric bimodal",210,0.1,TRUE,-0.289287173514026,1,1,1,1
"Symmetric bimodal",210,0.2,TRUE,-0.289287173514026,1,1,1,2
"Asymmetric mixture",211,0.05,TRUE,-0.290791073038519,1,1,1,1
"Asymmetric mixture",211,0.1,TRUE,-0.290791073038519,1,1,1,1
"Asymmetric mixture",211,0.2,TRUE,-0.290791073038519,1,1,1,1
"Symmetric bimodal",211,0.05,TRUE,-0.360288903840427,1,1,1,1
"Symmetric bimodal",211,0.1,TRUE,-0.360288903840427,1,1,1,1
"Symmetric bimodal",211,0.2,TRUE,-0.360288903840427,1,1,1,1
"Asymmetric mixture",212,0.05,TRUE,-0.356495938830201,1,1,1,1
"Asymmetric mixture",212,0.1,TRUE,-0.356495938830201,1,1,1,1
"Asymmetric mixture",212,0.2,TRUE,-0.356495938830201,1,1,1,1
"Symmetric bimodal",212,0.05,TRUE,-0.318786848388571,1,1,1,1
"Symmetric bimodal",212,0.1,TRUE,-0.318786848388571,1,1,1,1
"Symmetric bimodal",212,0.2,TRUE,-0.318786848388571,1,1,1,1
"Asymmetric mixture",213,0.05,TRUE,-0.355052029988214,1,1,1,1
"Asymmetric mixture",213,0.1,TRUE,-0.355052029988214,1,1,1,1
"Asymmetric mixture",213,0.2,TRUE,-0.355052029988214,1,1,1,1
"Symmetric bimodal",213,0.05,TRUE,-0.328649792438274,1,1,1,1
"Symmetric bimodal",213,0.1,TRUE,-0.328649792438274,1,1,1,1
"Symmetric bimodal",213,0.2,TRUE,-0.328649792438274,1,1,1,1
"Asymmetric mixture",214,0.05,TRUE,-0.319040678457884,1,1,1,1
"Asymmetric mixture",214,0.1,TRUE,-0.319040678457884,1,1,1,1
"Asymmetric mixture",214,0.2,TRUE,-0.319040678457884,1,1,1,1
"Symmetric bimodal",214,0.05,TRUE,-0.306358318397153,1,1,1,1
"Symmetric bimodal",214,0.1,TRUE,-0.306358318397153,1,1,1,1
"Symmetric bimodal",214,0.2,TRUE,-0.306358318397153,1,1,1,1
"Asymmetric mixture",215,0.05,TRUE,-0.347020740304413,1,1,1,1
"Asymmetric mixture",215,0.1,TRUE,-0.347020740304413,1,1,1,1
"Asymmetric mixture",215,0.2,TRUE,-0.347020740304413,1,1,1,1
"Symmetric bimodal",215,0.05,TRUE,-0.295667107686391,1,1,1,1
"Symmetric bimodal",215,0.1,TRUE,-0.295667107686391,1,1,1,1
"Symmetric bimodal",215,0.2,TRUE,-0.295667107686391,1,1,1,1
"Asymmetric mixture",216,0.05,TRUE,-0.306451054653609,1,1,1,1
"Asymmetric mixture",216,0.1,TRUE,-0.306451054653609,1,1,1,1
"Asymmetric mixture",216,0.2,TRUE,-0.306451054653609,1,1,1,1
"Symmetric bimodal",216,0.05,TRUE,-0.334093460228566,1,1,1,1
"Symmetric bimodal",216,0.1,TRUE,-0.334093460228566,1,1,1,1
"Symmetric bimodal",216,0.2,TRUE,-0.334093460228566,1,1,1,1
"Asymmetric mixture",217,0.05,TRUE,-0.300272541426426,1,1,1,1
"Asymmetric mixture",217,0.1,TRUE,-0.300272541426426,1,1,1,1
"Asymmetric mixture",217,0.2,TRUE,-0.300272541426426,1,1,1,1
"Symmetric bimodal",217,0.05,TRUE,-0.333347368188232,1,1,1,1
"Symmetric bimodal",217,0.1,TRUE,-0.333347368188232,1,1,1,1
"Symmetric bimodal",217,0.2,TRUE,-0.333347368188232,1,1,1,1
"Asymmetric mixture",218,0.05,TRUE,-0.30284628622444,1,1,1,1
"Asymmetric mixture",218,0.1,TRUE,-0.30284628622444,1,1,1,1
"Asymmetric mixture",218,0.2,TRUE,-0.30284628622444,1,1,1,1
"Symmetric bimodal",218,0.05,TRUE,-0.332160648195237,1,1,1,1
"Symmetric bimodal",218,0.1,TRUE,-0.332160648195237,1,1,1,1
"Symmetric bimodal",218,0.2,TRUE,-0.332160648195237,1,1,1,1
"Asymmetric mixture",219,0.05,TRUE,-0.323448089903514,1,1,1,1
"Asymmetric mixture",219,0.1,TRUE,-0.323448089903514,1,1,1,1
"Asymmetric mixture",219,0.2,TRUE,-0.323448089903514,1,1,1,1
"Symmetric bimodal",219,0.05,FALSE,NA,NA,NA,NA,NA
"Symmetric bimodal",219,0.1,FALSE,NA,NA,NA,NA,NA
"Symmetric bimodal",219,0.2,FALSE,NA,NA,NA,NA,NA
"Asymmetric mixture",220,0.05,TRUE,-0.383060492421763,1,1,1,1
"Asymmetric mixture",220,0.1,TRUE,-0.383060492421763,1,1,1,1
"Asymmetric mixture",220,0.2,TRUE,-0.383060492421763,1,1,1,1
"Symmetric bimodal",220,0.05,TRUE,-0.36356708794906,1,1,1,1
"Symmetric bimodal",220,0.1,TRUE,-0.36356708794906,1,1,1,1
"Symmetric bimodal",220,0.2,TRUE,-0.36356708794906,1,1,1,1
"Asymmetric mixture",221,0.05,TRUE,-0.297937667289136,1,1,1,1
"Asymmetric mixture",221,0.1,TRUE,-0.297937667289136,1,1,1,1
"Asymmetric mixture",221,0.2,TRUE,-0.297937667289136,1,1,1,1
"Symmetric bimodal",221,0.05,FALSE,NA,NA,NA,NA,NA
"Symmetric bimodal",221,0.1,FALSE,NA,NA,NA,NA,NA
"Symmetric bimodal",221,0.2,FALSE,NA,NA,NA,NA,NA
"Asymmetric mixture",222,0.05,TRUE,-0.3381002744046,1,4,1,1
"Asymmetric mixture",222,0.1,TRUE,-0.347410812963952,1,5,1,1
"Asymmetric mixture",222,0.2,FALSE,NA,NA,NA,NA,NA
"Symmetric bimodal",222,0.05,TRUE,-0.280107019235598,1,1,1,1
"Symmetric bimodal",222,0.1,TRUE,-0.280107019235598,1,1,1,1
"Symmetric bimodal",222,0.2,TRUE,-0.280107019235598,1,1,1,1
"Asymmetric mixture",223,0.05,TRUE,-0.323765287731973,2,1,1,1
"Asymmetric mixture",223,0.1,TRUE,-0.323765287731973,2,1,1,1
"Asymmetric mixture",223,0.2,FALSE,NA,NA,NA,NA,NA
"Symmetric bimodal",223,0.05,TRUE,-0.349058544264146,1,3,1,1
"Symmetric bimodal",223,0.1,FALSE,NA,NA,NA,NA,NA
"Symmetric bimodal",223,0.2,TRUE,-0.363531703451274,1,5,1,1
"Asymmetric mixture",224,0.05,TRUE,-0.355780007499438,1,1,1,1
"Asymmetric mixture",224,0.1,TRUE,-0.355780007499438,1,1,1,1
"Asymmetric mixture",224,0.2,TRUE,-0.355780007499438,1,1,1,1
"Symmetric bimodal",224,0.05,TRUE,-0.316364829481882,1,1,1,1
"Symmetric bimodal",224,0.1,TRUE,-0.316364829481882,1,1,1,1
"Symmetric bimodal",224,0.2,TRUE,-0.316364829481882,1,1,1,1
"Asymmetric mixture",225,0.05,TRUE,-0.327329551461105,1,1,1,1
"Asymmetric mixture",225,0.1,TRUE,-0.327329551461105,1,1,1,1
"Asymmetric mixture",225,0.2,TRUE,-0.327329551461105,1,1,1,1
"Symmetric bimodal",225,0.05,TRUE,-0.300501694617059,1,1,1,1
"Symmetric bimodal",225,0.1,TRUE,-0.300501694617059,1,1,1,1
"Symmetric bimodal",225,0.2,TRUE,-0.300501694617059,1,1,1,1
"Asymmetric mixture",226,0.05,TRUE,-0.270706906317939,1,2,1,1
"Asymmetric mixture",226,0.1,FALSE,NA,NA,NA,NA,NA
"Asymmetric mixture",226,0.2,FALSE,NA,NA,NA,NA,NA
"Symmetric bimodal",226,0.05,TRUE,-0.331215424677786,1,1,1,1
"Symmetric bimodal",226,0.1,TRUE,-0.331215424677786,1,1,1,1
"Symmetric bimodal",226,0.2,TRUE,-0.331215424677786,1,1,1,1
"Asymmetric mixture",227,0.05,TRUE,-0.268189889083581,1,1,1,1
"Asymmetric mixture",227,0.1,TRUE,-0.268189889083581,1,1,1,1
"Asymmetric mixture",227,0.2,TRUE,-0.268189889083581,1,1,1,1
"Symmetric bimodal",227,0.05,TRUE,-0.29759316945957,1,1,1,1
"Symmetric bimodal",227,0.1,TRUE,-0.29759316945957,1,1,1,1
"Symmetric bimodal",227,0.2,TRUE,-0.29759316945957,1,1,1,1
"Asymmetric mixture",228,0.05,TRUE,-0.336141998071688,1,1,1,1
"Asymmetric mixture",228,0.1,TRUE,-0.336141998071688,1,1,1,1
"Asymmetric mixture",228,0.2,TRUE,-0.336141998071688,1,1,1,1
"Symmetric bimodal",228,0.05,TRUE,-0.313311821166561,1,4,1,1
"Symmetric bimodal",228,0.1,TRUE,-0.31331182116656,1,4,1,1
"Symmetric bimodal",228,0.2,FALSE,NA,NA,NA,NA,NA
"Asymmetric mixture",229,0.05,TRUE,-0.305123480227557,1,1,1,1
"Asymmetric mixture",229,0.1,TRUE,-0.305123480227557,1,1,1,1
"Asymmetric mixture",229,0.2,TRUE,-0.305123480227557,1,1,1,1
"Symmetric bimodal",229,0.05,FALSE,NA,NA,NA,NA,NA
"Symmetric bimodal",229,0.1,FALSE,NA,NA,NA,NA,NA
"Symmetric bimodal",229,0.2,TRUE,-0.280889668234799,1,5,1,1
"Asymmetric mixture",230,0.05,TRUE,-0.321396543984147,1,1,1,1
"Asymmetric mixture",230,0.1,TRUE,-0.321396543984147,1,1,1,1
"Asymmetric mixture",230,0.2,TRUE,-0.321396543984147,1,1,1,1
"Symmetric bimodal",230,0.05,TRUE,-0.353390078878931,1,1,1,1
"Symmetric bimodal",230,0.1,TRUE,-0.353390078878931,1,1,1,1
"Symmetric bimodal",230,0.2,TRUE,-0.353390078878931,1,1,1,1
"Asymmetric mixture",231,0.05,TRUE,-0.274069422749156,1,1,1,1
"Asymmetric mixture",231,0.1,TRUE,-0.274069422749156,1,1,1,1
"Asymmetric mixture",231,0.2,TRUE,-0.274069422749156,1,1,1,1
"Symmetric bimodal",231,0.05,TRUE,-0.297391739624754,1,1,1,1
"Symmetric bimodal",231,0.1,TRUE,-0.297391739624754,1,1,1,1
"Symmetric bimodal",231,0.2,TRUE,-0.297391739624754,1,1,1,1
"Asymmetric mixture",232,0.05,TRUE,-0.303868131706046,1,1,1,1
"Asymmetric mixture",232,0.1,TRUE,-0.303868131706046,1,1,1,1
"Asymmetric mixture",232,0.2,TRUE,-0.303868131706046,1,1,1,1
"Symmetric bimodal",232,0.05,TRUE,-0.336944843771653,1,1,1,1
"Symmetric bimodal",232,0.1,TRUE,-0.336944843771653,1,1,1,1
"Symmetric bimodal",232,0.2,TRUE,-0.336944843771653,1,1,1,1
"Asymmetric mixture",233,0.05,TRUE,-0.317109061086321,1,1,1,1
"Asymmetric mixture",233,0.1,TRUE,-0.317109061086321,1,1,1,1
"Asymmetric mixture",233,0.2,TRUE,-0.317109061086321,1,1,1,1
"Symmetric bimodal",233,0.05,FALSE,NA,NA,NA,NA,NA
"Symmetric bimodal",233,0.1,TRUE,-0.333816901774527,5,1,1,1
"Symmetric bimodal",233,0.2,TRUE,-0.333816901774528,5,1,1,1
"Asymmetric mixture",234,0.05,TRUE,-0.356061630888812,1,1,1,1
"Asymmetric mixture",234,0.1,TRUE,-0.356061630888812,1,1,1,1
"Asymmetric mixture",234,0.2,TRUE,-0.356061630888812,1,1,1,1
"Symmetric bimodal",234,0.05,TRUE,-0.352853387030027,1,1,1,1
"Symmetric bimodal",234,0.1,TRUE,-0.352853387030027,1,1,1,1
"Symmetric bimodal",234,0.2,TRUE,-0.352853387030027,1,1,1,1
"Asymmetric mixture",235,0.05,TRUE,-0.299167586862068,1,2,1,1
"Asymmetric mixture",235,0.1,FALSE,NA,NA,NA,NA,NA
"Asymmetric mixture",235,0.2,TRUE,-0.299167586862068,1,4,1,1
"Symmetric bimodal",235,0.05,TRUE,-0.309176420469272,1,3,1,1
"Symmetric bimodal",235,0.1,FALSE,NA,NA,NA,NA,NA
"Symmetric bimodal",235,0.2,FALSE,NA,NA,NA,NA,NA
"Asymmetric mixture",236,0.05,TRUE,-0.269521561108003,1,1,1,1
"Asymmetric mixture",236,0.1,TRUE,-0.269521561108003,1,1,1,1
"Asymmetric mixture",236,0.2,TRUE,-0.269521561108003,1,1,1,1
"Symmetric bimodal",236,0.05,TRUE,-0.363415563263998,1,1,1,1
"Symmetric bimodal",236,0.1,TRUE,-0.363415563263998,1,1,1,1
"Symmetric bimodal",236,0.2,TRUE,-0.363415563263998,1,1,1,1
"Asymmetric mixture",237,0.05,TRUE,-0.321092956232328,1,1,1,1
"Asymmetric mixture",237,0.1,TRUE,-0.321092956232328,1,1,1,1
"Asymmetric mixture",237,0.2,TRUE,-0.321092956232328,1,1,1,1
"Symmetric bimodal",237,0.05,TRUE,-0.364378648894693,1,1,1,1
"Symmetric bimodal",237,0.1,TRUE,-0.364378648894693,1,1,1,1
"Symmetric bimodal",237,0.2,TRUE,-0.364378648894693,1,1,1,1
"Asymmetric mixture",238,0.05,TRUE,-0.318378053877931,1,1,1,1
"Asymmetric mixture",238,0.1,TRUE,-0.318378053877931,1,1,1,1
"Asymmetric mixture",238,0.2,TRUE,-0.318378053877931,1,1,1,1
"Symmetric bimodal",238,0.05,TRUE,-0.318473817478987,1,1,1,1
"Symmetric bimodal",238,0.1,TRUE,-0.318473817478987,1,1,1,1
"Symmetric bimodal",238,0.2,TRUE,-0.318473817478987,1,1,1,1
"Asymmetric mixture",239,0.05,TRUE,-0.32995771796858,1,1,1,1
"Asymmetric mixture",239,0.1,TRUE,-0.32995771796858,1,1,1,1
"Asymmetric mixture",239,0.2,TRUE,-0.32995771796858,1,1,1,1
"Symmetric bimodal",239,0.05,TRUE,-0.315984378388383,1,1,1,1
"Symmetric bimodal",239,0.1,TRUE,-0.315984378388383,1,1,1,1
"Symmetric bimodal",239,0.2,TRUE,-0.315984378388383,1,1,1,1
"Asymmetric mixture",240,0.05,TRUE,-0.282281418731007,1,1,1,1
"Asymmetric mixture",240,0.1,TRUE,-0.282281418731007,1,1,1,1
"Asymmetric mixture",240,0.2,TRUE,-0.282281418731007,1,1,1,1
"Symmetric bimodal",240,0.05,TRUE,-0.322931142584665,1,1,1,1
"Symmetric bimodal",240,0.1,TRUE,-0.322931142584665,1,1,1,1
"Symmetric bimodal",240,0.2,TRUE,-0.322931142584665,1,1,1,1
"Asymmetric mixture",241,0.05,TRUE,-0.338849835370022,1,1,1,1
"Asymmetric mixture",241,0.1,TRUE,-0.338849835370022,1,1,1,1
"Asymmetric mixture",241,0.2,TRUE,-0.338849835370022,1,1,1,1
"Symmetric bimodal",241,0.05,TRUE,-0.37157886331425,1,1,1,1
"Symmetric bimodal",241,0.1,TRUE,-0.37157886331425,1,1,1,1
"Symmetric bimodal",241,0.2,TRUE,-0.37157886331425,1,1,1,1
"Asymmetric mixture",242,0.05,TRUE,-0.311582728805236,1,1,1,1
"Asymmetric mixture",242,0.1,TRUE,-0.311582728805236,1,1,1,1
"Asymmetric mixture",242,0.2,TRUE,-0.311582728805236,1,1,1,1
"Symmetric bimodal",242,0.05,TRUE,-0.292894004787478,1,1,1,1
"Symmetric bimodal",242,0.1,TRUE,-0.292894004787478,1,1,1,1
"Symmetric bimodal",242,0.2,TRUE,-0.292894004787478,1,1,1,1
"Asymmetric mixture",243,0.05,TRUE,-0.337302592912369,1,1,1,1
"Asymmetric mixture",243,0.1,TRUE,-0.337302592912369,1,1,1,1
"Asymmetric mixture",243,0.2,TRUE,-0.337302592912369,1,1,1,1
"Symmetric bimodal",243,0.05,FALSE,NA,NA,NA,NA,NA
"Symmetric bimodal",243,0.1,FALSE,NA,NA,NA,NA,NA
"Symmetric bimodal",243,0.2,FALSE,NA,NA,NA,NA,NA
"Asymmetric mixture",244,0.05,TRUE,-0.330822581860709,1,1,1,1
"Asymmetric mixture",244,0.1,TRUE,-0.330822581860709,1,1,1,1
"Asymmetric mixture",244,0.2,TRUE,-0.330822581860709,1,1,1,1
"Symmetric bimodal",244,0.05,TRUE,-0.293765869750646,1,1,1,1
"Symmetric bimodal",244,0.1,TRUE,-0.293765869750646,1,1,1,1
"Symmetric bimodal",244,0.2,TRUE,-0.293765869750646,1,1,1,1
"Asymmetric mixture",245,0.05,TRUE,-0.376294269162483,1,1,1,1
"Asymmetric mixture",245,0.1,TRUE,-0.376294269162483,1,1,1,1
"Asymmetric mixture",245,0.2,TRUE,-0.376294269162483,1,1,1,1
"Symmetric bimodal",245,0.05,TRUE,-0.319051868956974,1,1,1,1
"Symmetric bimodal",245,0.1,TRUE,-0.319051868956974,1,1,1,1
"Symmetric bimodal",245,0.2,TRUE,-0.319051868956974,1,1,1,1
"Asymmetric mixture",246,0.05,TRUE,-0.293613059080809,1,1,1,1
"Asymmetric mixture",246,0.1,TRUE,-0.293613059080809,1,1,1,1
"Asymmetric mixture",246,0.2,TRUE,-0.293613059080809,1,1,1,1
"Symmetric bimodal",246,0.05,TRUE,-0.300427644570246,1,1,1,1
"Symmetric bimodal",246,0.1,TRUE,-0.300427644570246,1,1,1,1
"Symmetric bimodal",246,0.2,TRUE,-0.300427644570246,1,1,1,2
"Asymmetric mixture",247,0.05,TRUE,-0.344320482782617,1,1,1,1
"Asymmetric mixture",247,0.1,TRUE,-0.344320482782617,1,1,1,1
"Asymmetric mixture",247,0.2,TRUE,-0.344320482782617,1,1,1,1
"Symmetric bimodal",247,0.05,FALSE,NA,NA,NA,NA,NA
"Symmetric bimodal",247,0.1,FALSE,NA,NA,NA,NA,NA
"Symmetric bimodal",247,0.2,FALSE,NA,NA,NA,NA,NA
"Asymmetric mixture",248,0.05,TRUE,-0.321818123366947,1,1,1,1
"Asymmetric mixture",248,0.1,TRUE,-0.321818123366947,1,1,1,1
"Asymmetric mixture",248,0.2,TRUE,-0.321818123366947,1,1,1,1
"Symmetric bimodal",248,0.05,TRUE,-0.324796610958102,1,1,1,1
"Symmetric bimodal",248,0.1,TRUE,-0.324796610958102,1,1,1,1
"Symmetric bimodal",248,0.2,TRUE,-0.324796610958102,1,1,1,1
"Asymmetric mixture",249,0.05,TRUE,-0.283532391979521,1,1,1,1
"Asymmetric mixture",249,0.1,TRUE,-0.283532391979521,1,1,1,1
"Asymmetric mixture",249,0.2,TRUE,-0.283532391979521,1,1,1,2
"Symmetric bimodal",249,0.05,TRUE,-0.326214631115715,1,1,1,1
"Symmetric bimodal",249,0.1,TRUE,-0.326214631115715,1,1,1,1
"Symmetric bimodal",249,0.2,TRUE,-0.326214631115715,1,1,1,1
"Asymmetric mixture",250,0.05,TRUE,-0.292722472383462,1,1,1,1
"Asymmetric mixture",250,0.1,TRUE,-0.292722472383462,1,1,1,1
"Asymmetric mixture",250,0.2,TRUE,-0.292722472383462,1,1,1,1
"Symmetric bimodal",250,0.05,TRUE,-0.280191834356367,1,1,1,1
"Symmetric bimodal",250,0.1,TRUE,-0.280191834356367,1,1,1,1
"Symmetric bimodal",250,0.2,TRUE,-0.280191834356367,1,1,1,1
"Asymmetric mixture",251,0.05,TRUE,-0.28824495485811,1,1,1,1
"Asymmetric mixture",251,0.1,TRUE,-0.28824495485811,1,1,1,1
"Asymmetric mixture",251,0.2,TRUE,-0.28824495485811,1,1,1,1
"Symmetric bimodal",251,0.05,TRUE,-0.326801357306957,1,3,1,1
"Symmetric bimodal",251,0.1,TRUE,-0.326801357306958,1,5,1,2
"Symmetric bimodal",251,0.2,TRUE,-0.0306025531233009,1,4,1,1
"Asymmetric mixture",252,0.05,TRUE,-0.327376764232506,1,1,1,1
"Asymmetric mixture",252,0.1,TRUE,-0.327376764232506,1,1,1,1
"Asymmetric mixture",252,0.2,TRUE,-0.327376764232506,1,1,1,1
"Symmetric bimodal",252,0.05,TRUE,-0.314871785293431,1,1,1,1
"Symmetric bimodal",252,0.1,TRUE,-0.314871785293431,1,1,1,1
"Symmetric bimodal",252,0.2,TRUE,-0.314871785293431,1,1,1,1
"Asymmetric mixture",253,0.05,TRUE,-0.321506518953403,1,1,1,1
"Asymmetric mixture",253,0.1,TRUE,-0.321506518953403,1,1,1,1
"Asymmetric mixture",253,0.2,TRUE,-0.321506518953403,1,1,1,1
"Symmetric bimodal",253,0.05,TRUE,-0.255805934156822,1,1,1,1
"Symmetric bimodal",253,0.1,TRUE,-0.255805934156822,1,1,1,1
"Symmetric bimodal",253,0.2,TRUE,-0.255805934156822,1,1,1,1
"Asymmetric mixture",254,0.05,TRUE,-0.3239011997,1,1,1,1
"Asymmetric mixture",254,0.1,TRUE,-0.3239011997,1,1,1,1
"Asymmetric mixture",254,0.2,TRUE,-0.3239011997,1,1,1,1
"Symmetric bimodal",254,0.05,TRUE,-0.30520810008346,1,4,1,1
"Symmetric bimodal",254,0.1,TRUE,-0.315294375739866,1,2,1,2
"Symmetric bimodal",254,0.2,FALSE,NA,NA,NA,NA,NA
"Asymmetric mixture",255,0.05,TRUE,-0.369414205436726,1,3,1,1
"Asymmetric mixture",255,0.1,FALSE,NA,NA,NA,NA,NA
"Asymmetric mixture",255,0.2,TRUE,-0.369414205436728,1,4,1,1
"Symmetric bimodal",255,0.05,TRUE,-0.29563208890384,1,1,1,1
"Symmetric bimodal",255,0.1,TRUE,-0.29563208890384,1,1,1,1
"Symmetric bimodal",255,0.2,TRUE,-0.29563208890384,1,1,1,1
"Asymmetric mixture",256,0.05,TRUE,-0.328912445949451,1,1,1,1
"Asymmetric mixture",256,0.1,TRUE,-0.328912445949451,1,1,1,1
"Asymmetric mixture",256,0.2,TRUE,-0.328912445949451,1,1,1,1
"Symmetric bimodal",256,0.05,TRUE,-0.349899279249149,1,1,1,1
"Symmetric bimodal",256,0.1,TRUE,-0.349899279249149,1,1,1,1
"Symmetric bimodal",256,0.2,TRUE,-0.349899279249149,1,1,1,1
"Asymmetric mixture",257,0.05,TRUE,-0.324301204519474,1,1,1,1
"Asymmetric mixture",257,0.1,TRUE,-0.324301204519474,1,1,1,1
"Asymmetric mixture",257,0.2,TRUE,-0.324301204519474,1,1,1,1
"Symmetric bimodal",257,0.05,TRUE,-0.325826200106263,1,5,1,1
"Symmetric bimodal",257,0.1,TRUE,-0.325826200106262,1,5,1,2
"Symmetric bimodal",257,0.2,TRUE,-0.325826200106263,1,5,1,2
"Asymmetric mixture",258,0.05,TRUE,-0.362928273496157,2,1,1,1
"Asymmetric mixture",258,0.1,FALSE,NA,NA,NA,NA,NA
"Asymmetric mixture",258,0.2,TRUE,-0.362928273496157,5,1,1,1
"Symmetric bimodal",258,0.05,TRUE,-0.319585953001513,1,2,1,1
"Symmetric bimodal",258,0.1,TRUE,-0.319585953001516,1,2,1,1
"Symmetric bimodal",258,0.2,FALSE,NA,NA,NA,NA,NA
"Asymmetric mixture",259,0.05,TRUE,-0.38331014065323,1,1,1,1
"Asymmetric mixture",259,0.1,TRUE,-0.38331014065323,1,1,1,1
"Asymmetric mixture",259,0.2,TRUE,-0.38331014065323,1,1,1,1
"Symmetric bimodal",259,0.05,TRUE,-0.307775148763624,1,1,1,1
"Symmetric bimodal",259,0.1,TRUE,-0.307775148763624,1,1,1,1
"Symmetric bimodal",259,0.2,TRUE,-0.307775148763624,1,1,1,1
"Asymmetric mixture",260,0.05,TRUE,-0.327198515223353,1,1,1,1
"Asymmetric mixture",260,0.1,TRUE,-0.327198515223353,1,1,1,1
"Asymmetric mixture",260,0.2,TRUE,-0.327198515223353,1,1,1,1
"Symmetric bimodal",260,0.05,TRUE,-0.331235339938101,1,1,1,1
"Symmetric bimodal",260,0.1,TRUE,-0.331235339938101,1,1,1,1
"Symmetric bimodal",260,0.2,TRUE,-0.331235339938101,1,1,1,1
"Asymmetric mixture",261,0.05,TRUE,-0.275347118070715,4,1,1,1
"Asymmetric mixture",261,0.1,TRUE,-0.275347118070675,4,1,1,1
"Asymmetric mixture",261,0.2,FALSE,NA,NA,NA,NA,NA
"Symmetric bimodal",261,0.05,TRUE,-0.344597616039493,1,1,1,1
"Symmetric bimodal",261,0.1,TRUE,-0.344597616039493,1,1,1,1
"Symmetric bimodal",261,0.2,TRUE,-0.344597616039493,1,1,1,1
"Asymmetric mixture",262,0.05,TRUE,-0.367051996242671,4,1,1,1
"Asymmetric mixture",262,0.1,TRUE,-0.367051996242679,4,1,1,1
"Asymmetric mixture",262,0.2,FALSE,NA,NA,NA,NA,NA
"Symmetric bimodal",262,0.05,TRUE,-0.324897517472863,1,1,1,1
"Symmetric bimodal",262,0.1,TRUE,-0.324897517472863,1,1,1,1
"Symmetric bimodal",262,0.2,TRUE,-0.324897517472863,1,1,1,1
"Asymmetric mixture",263,0.05,TRUE,-0.326365623710809,1,2,1,1
"Asymmetric mixture",263,0.1,FALSE,NA,NA,NA,NA,NA
"Asymmetric mixture",263,0.2,FALSE,NA,NA,NA,NA,NA
"Symmetric bimodal",263,0.05,TRUE,-0.344947706791721,1,1,1,1
"Symmetric bimodal",263,0.1,TRUE,-0.344947706791721,1,1,1,1
"Symmetric bimodal",263,0.2,TRUE,-0.344947706791721,1,1,1,1
"Asymmetric mixture",264,0.05,TRUE,-0.380884351692839,1,1,1,1
"Asymmetric mixture",264,0.1,TRUE,-0.380884351692839,1,1,1,1
"Asymmetric mixture",264,0.2,TRUE,-0.380884351692839,1,1,1,1
"Symmetric bimodal",264,0.05,TRUE,-0.311240396503976,1,1,1,2
"Symmetric bimodal",264,0.1,TRUE,-0.311240396503976,1,1,1,2
"Symmetric bimodal",264,0.2,TRUE,-0.311240396503976,1,1,1,1
"Asymmetric mixture",265,0.05,TRUE,-0.322982174502353,1,1,1,1
"Asymmetric mixture",265,0.1,TRUE,-0.322982174502353,1,1,1,1
"Asymmetric mixture",265,0.2,TRUE,-0.322982174502353,1,1,1,1
"Symmetric bimodal",265,0.05,TRUE,-0.338514954942565,1,1,1,1
"Symmetric bimodal",265,0.1,TRUE,-0.338514954942565,1,1,1,1
"Symmetric bimodal",265,0.2,TRUE,-0.338514954942565,1,1,1,1
"Asymmetric mixture",266,0.05,TRUE,-0.324350074266921,1,4,1,1
"Asymmetric mixture",266,0.1,FALSE,NA,NA,NA,NA,NA
"Asymmetric mixture",266,0.2,FALSE,NA,NA,NA,NA,NA
"Symmetric bimodal",266,0.05,TRUE,-0.252622607886558,1,1,1,1
"Symmetric bimodal",266,0.1,TRUE,-0.252622607886558,1,1,1,1
"Symmetric bimodal",266,0.2,TRUE,-0.252622607886558,1,1,1,1
"Asymmetric mixture",267,0.05,TRUE,-0.310746197622804,1,1,1,1
"Asymmetric mixture",267,0.1,TRUE,-0.310746197622804,1,1,1,1
"Asymmetric mixture",267,0.2,TRUE,-0.310746197622804,1,1,1,1
"Symmetric bimodal",267,0.05,TRUE,-0.313452849957465,1,1,1,1
"Symmetric bimodal",267,0.1,TRUE,-0.313452849957465,1,1,1,1
"Symmetric bimodal",267,0.2,TRUE,-0.313452849957465,1,1,1,1
"Asymmetric mixture",268,0.05,TRUE,-0.32783430043808,1,3,1,1
"Asymmetric mixture",268,0.1,TRUE,-0.32783430043809,1,5,1,1
"Asymmetric mixture",268,0.2,FALSE,NA,NA,NA,NA,NA
"Symmetric bimodal",268,0.05,TRUE,-0.334012271450503,3,1,1,1
"Symmetric bimodal",268,0.1,TRUE,-0.334012271450503,3,1,1,1
"Symmetric bimodal",268,0.2,FALSE,NA,NA,NA,NA,NA
"Asymmetric mixture",269,0.05,TRUE,-0.374946695184412,1,3,1,1
"Asymmetric mixture",269,0.1,FALSE,NA,NA,NA,NA,NA
"Asymmetric mixture",269,0.2,FALSE,NA,NA,NA,NA,NA
"Symmetric bimodal",269,0.05,TRUE,-0.348302851721821,1,1,1,1
"Symmetric bimodal",269,0.1,TRUE,-0.348302851721821,1,1,1,1
"Symmetric bimodal",269,0.2,TRUE,-0.348302851721821,1,1,1,1
"Asymmetric mixture",270,0.05,TRUE,-0.306918934966152,1,1,1,1
"Asymmetric mixture",270,0.1,TRUE,-0.306918934966152,1,1,1,1
"Asymmetric mixture",270,0.2,TRUE,-0.306918934966152,1,1,1,1
"Symmetric bimodal",270,0.05,TRUE,-0.309038188400083,1,1,1,1
"Symmetric bimodal",270,0.1,TRUE,-0.309038188400083,1,1,1,1
"Symmetric bimodal",270,0.2,TRUE,-0.309038188400083,1,1,1,1
"Asymmetric mixture",271,0.05,TRUE,-0.290489484417935,1,1,1,1
"Asymmetric mixture",271,0.1,TRUE,-0.290489484417935,1,1,1,1
"Asymmetric mixture",271,0.2,TRUE,-0.290489484417935,1,1,1,1
"Symmetric bimodal",271,0.05,TRUE,-0.355373649048129,1,1,1,1
"Symmetric bimodal",271,0.1,TRUE,-0.355373649048129,1,1,1,1
"Symmetric bimodal",271,0.2,TRUE,-0.355373649048129,1,1,1,1
"Asymmetric mixture",272,0.05,TRUE,-0.328630126929877,1,1,1,1
"Asymmetric mixture",272,0.1,TRUE,-0.328630126929877,1,1,1,1
"Asymmetric mixture",272,0.2,TRUE,-0.328630126929877,1,1,1,1
"Symmetric bimodal",272,0.05,TRUE,-0.319390376050959,1,1,1,1
"Symmetric bimodal",272,0.1,TRUE,-0.319390376050959,1,1,1,1
"Symmetric bimodal",272,0.2,TRUE,-0.319390376050959,1,1,1,1
"Asymmetric mixture",273,0.05,FALSE,NA,NA,NA,NA,NA
"Asymmetric mixture",273,0.1,TRUE,-0.359040084327951,1,5,1,1
"Asymmetric mixture",273,0.2,FALSE,NA,NA,NA,NA,NA
"Symmetric bimodal",273,0.05,TRUE,-0.32455284154351,1,1,1,1
"Symmetric bimodal",273,0.1,TRUE,-0.32455284154351,1,1,1,1
"Symmetric bimodal",273,0.2,TRUE,-0.32455284154351,1,1,1,1
"Asymmetric mixture",274,0.05,TRUE,-0.320058480938224,1,2,1,1
"Asymmetric mixture",274,0.1,TRUE,-0.320058480938224,1,4,1,1
"Asymmetric mixture",274,0.2,TRUE,-0.320058480938224,1,6,1,1
"Symmetric bimodal",274,0.05,TRUE,-0.309883125134626,1,1,1,1
"Symmetric bimodal",274,0.1,TRUE,-0.309883125134626,1,1,1,1
"Symmetric bimodal",274,0.2,TRUE,-0.309883125134626,1,1,1,1
"Asymmetric mixture",275,0.05,TRUE,-0.343426544034698,1,1,1,1
"Asymmetric mixture",275,0.1,TRUE,-0.343426544034698,1,1,1,1
"Asymmetric mixture",275,0.2,TRUE,-0.343426544034698,1,1,1,1
"Symmetric bimodal",275,0.05,TRUE,-0.309860574187255,1,1,1,1
"Symmetric bimodal",275,0.1,TRUE,-0.309860574187255,1,1,1,1
"Symmetric bimodal",275,0.2,TRUE,-0.309860574187255,1,1,1,1
"Asymmetric mixture",276,0.05,TRUE,-0.324753337026794,1,4,1,1
"Asymmetric mixture",276,0.1,FALSE,NA,NA,NA,NA,NA
"Asymmetric mixture",276,0.2,FALSE,NA,NA,NA,NA,NA
"Symmetric bimodal",276,0.05,TRUE,-0.34025155419416,1,1,1,1
"Symmetric bimodal",276,0.1,TRUE,-0.34025155419416,1,1,1,1
"Symmetric bimodal",276,0.2,TRUE,-0.34025155419416,1,1,1,1
"Asymmetric mixture",277,0.05,TRUE,-0.320357362951492,1,1,1,1
"Asymmetric mixture",277,0.1,TRUE,-0.320357362951492,1,1,1,1
"Asymmetric mixture",277,0.2,TRUE,-0.320357362951492,1,1,1,1
"Symmetric bimodal",277,0.05,TRUE,-0.317781137731934,1,1,1,1
"Symmetric bimodal",277,0.1,TRUE,-0.317781137731934,1,1,1,1
"Symmetric bimodal",277,0.2,TRUE,-0.317781137731934,1,1,1,2
"Asymmetric mixture",278,0.05,TRUE,-0.293983672567142,1,1,1,1
"Asymmetric mixture",278,0.1,TRUE,-0.293983672567142,1,1,1,1
"Asymmetric mixture",278,0.2,TRUE,-0.293983672567142,1,1,1,1
"Symmetric bimodal",278,0.05,TRUE,-0.285009005728212,1,4,1,1
"Symmetric bimodal",278,0.1,TRUE,-0.285009005728203,1,4,1,2
"Symmetric bimodal",278,0.2,TRUE,-0.289026616601895,1,3,1,1
"Asymmetric mixture",279,0.05,TRUE,-0.329873520443071,1,1,1,1
"Asymmetric mixture",279,0.1,TRUE,-0.329873520443071,1,1,1,1
"Asymmetric mixture",279,0.2,TRUE,-0.329873520443071,1,1,1,1
"Symmetric bimodal",279,0.05,TRUE,-0.283649469704058,1,1,1,1
"Symmetric bimodal",279,0.1,TRUE,-0.283649469704058,1,1,1,1
"Symmetric bimodal",279,0.2,TRUE,-0.283649469704058,1,1,1,1
"Asymmetric mixture",280,0.05,TRUE,-0.328117468665709,1,1,1,1
"Asymmetric mixture",280,0.1,TRUE,-0.328117468665709,1,1,1,1
"Asymmetric mixture",280,0.2,TRUE,-0.328117468665709,1,1,1,1
"Symmetric bimodal",280,0.05,TRUE,-0.371529414967832,1,3,1,1
"Symmetric bimodal",280,0.1,TRUE,-0.371529414967841,1,5,1,2
"Symmetric bimodal",280,0.2,TRUE,-0.0967578584029213,1,4,1,1
"Asymmetric mixture",281,0.05,TRUE,-0.30284651655794,1,4,1,1
"Asymmetric mixture",281,0.1,TRUE,-0.30284651655794,1,6,1,1
"Asymmetric mixture",281,0.2,TRUE,-0.30284651655794,1,6,1,1
"Symmetric bimodal",281,0.05,TRUE,-0.30873309007385,1,1,1,1
"Symmetric bimodal",281,0.1,TRUE,-0.30873309007385,1,1,1,1
"Symmetric bimodal",281,0.2,TRUE,-0.30873309007385,1,1,1,1
"Asymmetric mixture",282,0.05,TRUE,-0.380683957890872,1,1,1,1
"Asymmetric mixture",282,0.1,TRUE,-0.380683957890872,1,1,1,1
"Asymmetric mixture",282,0.2,TRUE,-0.380683957890872,1,1,1,1
"Symmetric bimodal",282,0.05,TRUE,-0.36364766502344,1,3,1,1
"Symmetric bimodal",282,0.1,FALSE,NA,NA,NA,NA,NA
"Symmetric bimodal",282,0.2,TRUE,-0.0638030538038725,1,4,1,1
"Asymmetric mixture",283,0.05,TRUE,-0.319474281542758,1,1,1,1
"Asymmetric mixture",283,0.1,TRUE,-0.319474281542758,1,1,1,1
"Asymmetric mixture",283,0.2,TRUE,-0.319474281542758,1,1,1,1
"Symmetric bimodal",283,0.05,TRUE,-0.291225442098984,1,1,1,1
"Symmetric bimodal",283,0.1,TRUE,-0.291225442098984,1,1,1,1
"Symmetric bimodal",283,0.2,TRUE,-0.291225442098984,1,1,1,1
"Asymmetric mixture",284,0.05,TRUE,-0.29402659393971,1,1,1,1
"Asymmetric mixture",284,0.1,TRUE,-0.29402659393971,1,1,1,1
"Asymmetric mixture",284,0.2,TRUE,-0.29402659393971,1,1,1,1
"Symmetric bimodal",284,0.05,TRUE,-0.350112284800312,1,1,1,1
"Symmetric bimodal",284,0.1,TRUE,-0.350112284800312,1,1,1,1
"Symmetric bimodal",284,0.2,TRUE,-0.350112284800312,1,1,1,1
"Asymmetric mixture",285,0.05,TRUE,-0.318582127924012,2,1,1,1
"Asymmetric mixture",285,0.1,TRUE,-0.318582127924012,2,1,1,1
"Asymmetric mixture",285,0.2,TRUE,-0.318582127924016,5,1,1,1
"Symmetric bimodal",285,0.05,TRUE,-0.305994056510349,1,1,1,1
"Symmetric bimodal",285,0.1,TRUE,-0.305994056510349,1,1,1,1
"Symmetric bimodal",285,0.2,TRUE,-0.305994056510349,1,1,1,1
"Asymmetric mixture",286,0.05,FALSE,NA,NA,NA,NA,NA
"Asymmetric mixture",286,0.1,FALSE,NA,NA,NA,NA,NA
"Asymmetric mixture",286,0.2,TRUE,-0.308035609096002,1,4,1,1
"Symmetric bimodal",286,0.05,TRUE,-0.27988045646851,1,5,1,1
"Symmetric bimodal",286,0.1,TRUE,-0.27988045646851,1,5,1,1
"Symmetric bimodal",286,0.2,TRUE,-0.27988045646851,1,5,1,2
"Asymmetric mixture",287,0.05,TRUE,-0.264848519961175,1,1,1,1
"Asymmetric mixture",287,0.1,TRUE,-0.264848519961175,1,1,1,1
"Asymmetric mixture",287,0.2,TRUE,-0.264848519961175,1,1,1,1
"Symmetric bimodal",287,0.05,TRUE,-0.331516911890535,4,1,1,1
"Symmetric bimodal",287,0.1,TRUE,-0.331516911890526,4,1,1,1
"Symmetric bimodal",287,0.2,FALSE,NA,NA,NA,NA,NA
"Asymmetric mixture",288,0.05,TRUE,-0.343215019787141,1,1,1,1
"Asymmetric mixture",288,0.1,TRUE,-0.343215019787141,1,1,1,1
"Asymmetric mixture",288,0.2,TRUE,-0.343215019787141,1,1,1,1
"Symmetric bimodal",288,0.05,TRUE,-0.403787087082058,1,1,1,1
"Symmetric bimodal",288,0.1,TRUE,-0.403787087082058,1,1,1,1
"Symmetric bimodal",288,0.2,TRUE,-0.403787087082058,1,1,1,1
"Asymmetric mixture",289,0.05,TRUE,-0.30830280786784,1,1,1,1
"Asymmetric mixture",289,0.1,TRUE,-0.30830280786784,1,1,1,1
"Asymmetric mixture",289,0.2,TRUE,-0.30830280786784,1,1,1,1
"Symmetric bimodal",289,0.05,TRUE,-0.33231150654691,1,1,1,1
"Symmetric bimodal",289,0.1,TRUE,-0.33231150654691,1,1,1,1
"Symmetric bimodal",289,0.2,TRUE,-0.33231150654691,1,1,1,1
"Asymmetric mixture",290,0.05,FALSE,NA,NA,NA,NA,NA
"Asymmetric mixture",290,0.1,FALSE,NA,NA,NA,NA,NA
"Asymmetric mixture",290,0.2,FALSE,NA,NA,NA,NA,NA
"Symmetric bimodal",290,0.05,FALSE,NA,NA,NA,NA,NA
"Symmetric bimodal",290,0.1,FALSE,NA,NA,NA,NA,NA
"Symmetric bimodal",290,0.2,FALSE,NA,NA,NA,NA,NA
"Asymmetric mixture",291,0.05,TRUE,-0.402148097292097,1,1,1,1
"Asymmetric mixture",291,0.1,TRUE,-0.402148097292097,1,1,1,1
"Asymmetric mixture",291,0.2,TRUE,-0.402148097292097,1,1,1,1
"Symmetric bimodal",291,0.05,TRUE,-0.290240519455165,1,1,1,1
"Symmetric bimodal",291,0.1,TRUE,-0.290240519455165,1,1,1,1
"Symmetric bimodal",291,0.2,TRUE,-0.290240519455165,1,1,1,1
"Asymmetric mixture",292,0.05,TRUE,-0.298537132664164,1,1,1,1
"Asymmetric mixture",292,0.1,TRUE,-0.298537132664164,1,1,1,1
"Asymmetric mixture",292,0.2,TRUE,-0.298537132664164,1,1,1,1
"Symmetric bimodal",292,0.05,TRUE,-0.325826582325958,1,1,1,1
"Symmetric bimodal",292,0.1,TRUE,-0.325826582325958,1,1,1,1
"Symmetric bimodal",292,0.2,TRUE,-0.325826582325958,1,1,1,1
"Asymmetric mixture",293,0.05,TRUE,-0.276866477280691,1,1,1,1
"Asymmetric mixture",293,0.1,TRUE,-0.276866477280691,1,1,1,1
"Asymmetric mixture",293,0.2,TRUE,-0.276866477280691,1,1,1,1
"Symmetric bimodal",293,0.05,TRUE,-0.300669473400365,3,1,1,1
"Symmetric bimodal",293,0.1,TRUE,-0.300669473400365,3,1,1,1
"Symmetric bimodal",293,0.2,TRUE,-0.30066947340038,5,1,1,2
"Asymmetric mixture",294,0.05,TRUE,-0.294457865977904,1,1,1,1
"Asymmetric mixture",294,0.1,TRUE,-0.294457865977904,1,1,1,1
"Asymmetric mixture",294,0.2,TRUE,-0.294457865977904,1,1,1,1
"Symmetric bimodal",294,0.05,TRUE,-0.31039485876751,1,1,1,1
"Symmetric bimodal",294,0.1,TRUE,-0.31039485876751,1,1,1,1
"Symmetric bimodal",294,0.2,TRUE,-0.31039485876751,1,1,1,1
"Asymmetric mixture",295,0.05,TRUE,-0.289360186770868,1,1,1,1
"Asymmetric mixture",295,0.1,TRUE,-0.289360186770868,1,1,1,1
"Asymmetric mixture",295,0.2,TRUE,-0.289360186770868,1,1,1,1
"Symmetric bimodal",295,0.05,TRUE,-0.32443673043129,1,1,1,1
"Symmetric bimodal",295,0.1,TRUE,-0.32443673043129,1,1,1,1
"Symmetric bimodal",295,0.2,TRUE,-0.32443673043129,1,1,1,1
"Asymmetric mixture",296,0.05,TRUE,-0.258966549432926,1,4,1,1
"Asymmetric mixture",296,0.1,FALSE,NA,NA,NA,NA,NA
"Asymmetric mixture",296,0.2,FALSE,NA,NA,NA,NA,NA
"Symmetric bimodal",296,0.05,TRUE,-0.341062933112506,1,1,1,1
"Symmetric bimodal",296,0.1,TRUE,-0.341062933112506,1,1,1,1
"Symmetric bimodal",296,0.2,TRUE,-0.341062933112506,1,1,1,1
"Asymmetric mixture",297,0.05,TRUE,-0.338023153761225,1,1,1,1
"Asymmetric mixture",297,0.1,TRUE,-0.338023153761225,1,1,1,1
"Asymmetric mixture",297,0.2,TRUE,-0.338023153761225,1,1,1,1
"Symmetric bimodal",297,0.05,TRUE,-0.289183955623606,1,1,1,1
"Symmetric bimodal",297,0.1,TRUE,-0.289183955623606,1,1,1,1
"Symmetric bimodal",297,0.2,TRUE,-0.289183955623606,1,1,1,1
"Asymmetric mixture",298,0.05,TRUE,-0.318832216059415,1,1,1,1
"Asymmetric mixture",298,0.1,TRUE,-0.318832216059415,1,1,1,1
"Asymmetric mixture",298,0.2,TRUE,-0.318832216059415,1,1,1,1
"Symmetric bimodal",298,0.05,TRUE,-0.299791956347269,1,1,1,1
"Symmetric bimodal",298,0.1,TRUE,-0.299791956347269,1,1,1,1
"Symmetric bimodal",298,0.2,TRUE,-0.299791956347269,1,1,1,1
"Asymmetric mixture",299,0.05,TRUE,-0.32025074682691,1,1,1,1
"Asymmetric mixture",299,0.1,TRUE,-0.32025074682691,1,1,1,1
"Asymmetric mixture",299,0.2,TRUE,-0.32025074682691,1,1,1,1
"Symmetric bimodal",299,0.05,TRUE,-0.330839613667958,1,1,1,1
"Symmetric bimodal",299,0.1,TRUE,-0.330839613667958,1,1,1,1
"Symmetric bimodal",299,0.2,TRUE,-0.330839613667958,1,1,1,1
"Asymmetric mixture",300,0.05,TRUE,-0.317295154682444,1,1,1,1
"Asymmetric mixture",300,0.1,TRUE,-0.317295154682444,1,1,1,1
"Asymmetric mixture",300,0.2,TRUE,-0.317295154682444,1,1,1,1
"Symmetric bimodal",300,0.05,FALSE,NA,NA,NA,NA,NA
"Symmetric bimodal",300,0.1,FALSE,NA,NA,NA,NA,NA
"Symmetric bimodal",300,0.2,TRUE,-0.287889704128645,1,4,1,1
