"Stage","Replication","Beta2","Seed","Task"
"calibration",1,0,561050143,1
"calibration",2,0,275491558,2
"calibration",3,0,658591458,3
"calibration",4,0,835799753,4
"calibration",5,0,731039463,5
"calibration",6,0,1639837692,6
"calibration",7,0,430748417,7
"calibration",8,0,620521422,8
"calibration",9,0,315195987,9
"calibration",10,0,319804710,10
"calibration",11,0,1922542799,11
"calibration",12,0,2105040189,12
"calibration",13,0,1971791953,13
"calibration",14,0,368422942,14
"calibration",15,0,939142640,15
"calibration",16,0,1413283180,16
"calibration",17,0,1582495408,17
"calibration",18,0,1910269741,18
"calibration",19,0,1089332846,19
"calibration",20,0,287339279,20
"calibration",21,0,1611879709,21
"calibration",22,0,70996770,22
"calibration",23,0,893964450,23
"calibration",24,0,1884680163,24
"calibration",25,0,1682482351,25
"calibration",26,0,777835090,26
"calibration",27,0,1231495472,27
"calibration",28,0,1961367692,28
"calibration",29,0,955172194,29
"calibration",30,0,1585342338,30
"calibration",31,0,195851971,31
"calibration",32,0,92643365,32
"calibration",33,0,1478029068,33
"calibration",34,0,1939433716,34
"calibration",35,0,2044414595,35
"calibration",36,0,1432171705,36
"calibration",37,0,1789362874,37
"calibration",38,0,1634741380,38
"calibration",39,0,499908447,39
"calibration",40,0,606294032,40
"calibration",41,0,586693536,41
"calibration",42,0,993094467,42
"calibration",43,0,842567729,43
"calibration",44,0,1977455935,44
"calibration",45,0,1374597877,45
"calibration",46,0,812296242,46
"calibration",47,0,1186064871,47
"calibration",48,0,200192500,48
"calibration",49,0,184553464,49
"calibration",50,0,2052220609,50
"calibration",51,0,1489507687,51
"calibration",52,0,1650705873,52
"calibration",53,0,252560381,53
"calibration",54,0,1243483667,54
"calibration",55,0,714911974,55
"calibration",56,0,467052604,56
"calibration",57,0,21177419,57
"calibration",58,0,1190062055,58
"calibration",59,0,67740053,59
"calibration",60,0,267182499,60
"calibration",61,0,170697004,61
"calibration",62,0,1198801634,62
"calibration",63,0,453364637,63
"calibration",64,0,199994367,64
"calibration",65,0,132022978,65
"calibration",66,0,855170793,66
"calibration",67,0,778722520,67
"calibration",68,0,165591038,68
"calibration",69,0,1399160956,69
"calibration",70,0,1084644055,70
"calibration",71,0,1261774071,71
"calibration",72,0,1525438309,72
"calibration",73,0,2100202755,73
"calibration",74,0,399531070,74
"calibration",75,0,88014096,75
"calibration",76,0,1995670413,76
"calibration",77,0,1720454671,77
"calibration",78,0,888638112,78
"calibration",79,0,1272417535,79
"calibration",80,0,330363715,80
"calibration",81,0,632702613,81
"calibration",82,0,626803221,82
"calibration",83,0,1957590882,83
"calibration",84,0,1249911762,84
"calibration",85,0,1811952033,85
"calibration",86,0,1272466938,86
"calibration",87,0,772950388,87
"calibration",88,0,91279166,88
"calibration",89,0,966104993,89
"calibration",90,0,497800126,90
"calibration",91,0,732496237,91
"calibration",92,0,739524679,92
"calibration",93,0,485927041,93
"calibration",94,0,142184520,94
"calibration",95,0,2103837055,95
"calibration",96,0,224898711,96
"calibration",97,0,252261232,97
"calibration",98,0,1271637915,98
"calibration",99,0,1438224131,99
"calibration",100,0,1810855955,100
"calibration",101,0,1626117705,101
"calibration",102,0,1287459862,102
"calibration",103,0,1163645773,103
"calibration",104,0,7124970,104
"calibration",105,0,1665518129,105
"calibration",106,0,856417044,106
"calibration",107,0,1207667112,107
"calibration",108,0,1336622466,108
"calibration",109,0,832929127,109
"calibration",110,0,1002967310,110
"calibration",111,0,91632757,111
"calibration",112,0,1803940016,112
"calibration",113,0,274987391,113
"calibration",114,0,172403656,114
"calibration",115,0,1668920799,115
"calibration",116,0,689448856,116
"calibration",117,0,554160412,117
"calibration",118,0,196383591,118
"calibration",119,0,1505192468,119
"calibration",120,0,1544033822,120
"calibration",121,0,2026921895,121
"calibration",122,0,96963550,122
"calibration",123,0,1868495496,123
"calibration",124,0,930755465,124
"calibration",125,0,2073027066,125
"calibration",126,0,687215419,126
"calibration",127,0,1827482722,127
"calibration",128,0,1538504772,128
"calibration",129,0,580272333,129
"calibration",130,0,250917217,130
"calibration",131,0,1918160464,131
"calibration",132,0,683012790,132
"calibration",133,0,210894251,133
"calibration",134,0,1243665121,134
"calibration",135,0,780395085,135
"calibration",136,0,222992908,136
"calibration",137,0,1842669160,137
"calibration",138,0,214451934,138
"calibration",139,0,1467077079,139
"calibration",140,0,1285340404,140
"calibration",141,0,26002966,141
"calibration",142,0,224839911,142
"calibration",143,0,554295493,143
"calibration",144,0,979185666,144
"calibration",145,0,48739413,145
"calibration",146,0,1239313743,146
"calibration",147,0,223678068,147
"calibration",148,0,1672595518,148
"calibration",149,0,2089855585,149
"calibration",150,0,1014911158,150
"calibration",151,0,2133760569,151
"calibration",152,0,1168635909,152
"calibration",153,0,1889980890,153
"calibration",154,0,1658797065,154
"calibration",155,0,1224282373,155
"calibration",156,0,779526625,156
"calibration",157,0,72513838,157
"calibration",158,0,913078889,158
"calibration",159,0,202530735,159
"calibration",160,0,2065802944,160
"calibration",161,0,1389222209,161
"calibration",162,0,1494270226,162
"calibration",163,0,178448730,163
"calibration",164,0,1438191221,164
"calibration",165,0,1912050759,165
"calibration",166,0,1262396921,166
"calibration",167,0,216209281,167
"calibration",168,0,1029401462,168
"calibration",169,0,568770439,169
"calibration",170,0,1948855391,170
"calibration",171,0,1618327506,171
"calibration",172,0,1547238097,172
"calibration",173,0,390050890,173
"calibration",174,0,1137813121,174
"calibration",175,0,973995933,175
"calibration",176,0,10128533,176
"calibration",177,0,334442767,177
"calibration",178,0,1392561016,178
"calibration",179,0,986869637,179
"calibration",180,0,1480441766,180
"calibration",181,0,832563699,181
"calibration",182,0,1668822434,182
"calibration",183,0,1234573756,183
"calibration",184,0,467930318,184
"calibration",185,0,1172521674,185
"calibration",186,0,159208586,186
"calibration",187,0,1750491857,187
"calibration",188,0,1824727324,188
"calibration",189,0,169947546,189
"calibration",190,0,1336189737,190
"calibration",191,0,304503090,191
"calibration",192,0,1582846170,192
"calibration",193,0,2104054923,193
"calibration",194,0,120770446,194
"calibration",195,0,1428518128,195
"calibration",196,0,1801024178,196
"calibration",197,0,971465656,197
"calibration",198,0,2021726355,198
"calibration",199,0,2077707828,199
"calibration",200,0,483654006,200
"calibration",201,0,1380927154,201
"calibration",202,0,451271527,202
"calibration",203,0,1060870027,203
"calibration",204,0,1601083312,204
"calibration",205,0,481672677,205
"calibration",206,0,1113038703,206
"calibration",207,0,1030068939,207
"calibration",208,0,1638518088,208
"calibration",209,0,1920748572,209
"calibration",210,0,1739888742,210
"calibration",211,0,1545252170,211
"calibration",212,0,1738925228,212
"calibration",213,0,2077137801,213
"calibration",214,0,1554228903,214
"calibration",215,0,1179304740,215
"calibration",216,0,1588301331,216
"calibration",217,0,1536986484,217
"calibration",218,0,679175608,218
"calibration",219,0,1764900033,219
"calibration",220,0,765623629,220
"calibration",221,0,1453732837,221
"calibration",222,0,1347987676,222
"calibration",223,0,1500048937,223
"calibration",224,0,1422863078,224
"calibration",225,0,1998893251,225
"calibration",226,0,1665026957,226
"calibration",227,0,1756029973,227
"calibration",228,0,1463808673,228
"calibration",229,0,1870302025,229
"calibration",230,0,1571285684,230
"calibration",231,0,1755951579,231
"calibration",232,0,1606173588,232
"calibration",233,0,1616474428,233
"calibration",234,0,1411506290,234
"calibration",235,0,712483277,235
"calibration",236,0,2113296472,236
"calibration",237,0,1001933921,237
"calibration",238,0,131748175,238
"calibration",239,0,212112844,239
"calibration",240,0,543368219,240
"calibration",241,0,1899176310,241
"calibration",242,0,674350086,242
"calibration",243,0,953930258,243
"calibration",244,0,1089540965,244
"calibration",245,0,1024950991,245
"calibration",246,0,1408892868,246
"calibration",247,0,1763759128,247
"calibration",248,0,1857962248,248
"calibration",249,0,953052848,249
"calibration",250,0,1882571716,250
"calibration",251,0,1164195072,251
"calibration",252,0,663355624,252
"calibration",253,0,1384341278,253
"calibration",254,0,1435171541,254
"calibration",255,0,935773083,255
"calibration",256,0,1612053988,256
"calibration",257,0,951977302,257
"calibration",258,0,2862244,258
"calibration",259,0,13594878,259
"calibration",260,0,1308509396,260
"calibration",261,0,694117637,261
"calibration",262,0,192353976,262
"calibration",263,0,1695871310,263
"calibration",264,0,1940338660,264
"calibration",265,0,1988794185,265
"calibration",266,0,1057552287,266
"calibration",267,0,1432315384,267
"calibration",268,0,127945595,268
"calibration",269,0,1086522229,269
"calibration",270,0,1932729239,270
"calibration",271,0,1967139387,271
"calibration",272,0,420955576,272
"calibration",273,0,1860647530,273
"calibration",274,0,245060595,274
"calibration",275,0,886763485,275
"calibration",276,0,1261661807,276
"calibration",277,0,943853798,277
"calibration",278,0,497602612,278
"calibration",279,0,1200588625,279
"calibration",280,0,1596323971,280
"calibration",281,0,538008463,281
"calibration",282,0,1785631130,282
"calibration",283,0,1541927319,283
"calibration",284,0,1590524980,284
"calibration",285,0,1200380462,285
"calibration",286,0,1469826284,286
"calibration",287,0,529829626,287
"calibration",288,0,195343531,288
"calibration",289,0,143308820,289
"calibration",290,0,1084574456,290
"calibration",291,0,518319650,291
"calibration",292,0,347978283,292
"calibration",293,0,312705390,293
"calibration",294,0,1513597163,294
"calibration",295,0,1435435567,295
"calibration",296,0,41064120,296
"calibration",297,0,1333493145,297
"calibration",298,0,1373998171,298
"calibration",299,0,1582655934,299
"calibration",300,0,230179581,300
"calibration",301,0,1917940388,301
"calibration",302,0,941589306,302
"calibration",303,0,693413295,303
"calibration",304,0,177191849,304
"calibration",305,0,817894902,305
"calibration",306,0,2051052378,306
"calibration",307,0,1103734971,307
"calibration",308,0,1573087172,308
"calibration",309,0,821063601,309
"calibration",310,0,652547378,310
"calibration",311,0,1329323695,311
"calibration",312,0,620220709,312
"calibration",313,0,1937955297,313
"calibration",314,0,633268434,314
"calibration",315,0,805176799,315
"calibration",316,0,1039693108,316
"calibration",317,0,889950776,317
"calibration",318,0,1745382251,318
"calibration",319,0,74225330,319
"calibration",320,0,1398215955,320
"calibration",321,0,2003246611,321
"calibration",322,0,857658311,322
"calibration",323,0,284606108,323
"calibration",324,0,2033691431,324
"calibration",325,0,1480091813,325
"calibration",326,0,1831605231,326
"calibration",327,0,329989221,327
"calibration",328,0,1881173693,328
"calibration",329,0,801747635,329
"calibration",330,0,543792854,330
"calibration",331,0,1161499732,331
"calibration",332,0,1443912695,332
"calibration",333,0,1042904062,333
"calibration",334,0,1528411409,334
"calibration",335,0,1591754491,335
"calibration",336,0,539485240,336
"calibration",337,0,1473750875,337
"calibration",338,0,404846969,338
"calibration",339,0,1775162045,339
"calibration",340,0,1570801174,340
"calibration",341,0,535356726,341
"calibration",342,0,531790812,342
"calibration",343,0,1557260494,343
"calibration",344,0,191893130,344
"calibration",345,0,1736470152,345
"calibration",346,0,446276922,346
"calibration",347,0,30518852,347
"calibration",348,0,81985692,348
"calibration",349,0,1557694685,349
"calibration",350,0,1728179856,350
"calibration",351,0,2017663175,351
"calibration",352,0,1241624968,352
"calibration",353,0,282798442,353
"calibration",354,0,1403530007,354
"calibration",355,0,1047394427,355
"calibration",356,0,1673073641,356
"calibration",357,0,1750336162,357
"calibration",358,0,536034850,358
"calibration",359,0,1554313523,359
"calibration",360,0,319520502,360
"calibration",361,0,387244768,361
"calibration",362,0,850108868,362
"calibration",363,0,951716200,363
"calibration",364,0,1960318705,364
"calibration",365,0,893606820,365
"calibration",366,0,430564598,366
"calibration",367,0,1564585219,367
"calibration",368,0,949310914,368
"calibration",369,0,725102929,369
"calibration",370,0,1762136061,370
"calibration",371,0,2110258499,371
"calibration",372,0,206328533,372
"calibration",373,0,1302829959,373
"calibration",374,0,1262791888,374
"calibration",375,0,1218122189,375
"calibration",376,0,1163728451,376
"calibration",377,0,253302597,377
"calibration",378,0,324183158,378
"calibration",379,0,293996285,379
"calibration",380,0,1219117520,380
"calibration",381,0,1750916590,381
"calibration",382,0,2113973888,382
"calibration",383,0,1103189248,383
"calibration",384,0,66736226,384
"calibration",385,0,1835882871,385
"calibration",386,0,136427676,386
"calibration",387,0,1499399305,387
"calibration",388,0,1082362521,388
"calibration",389,0,38151273,389
"calibration",390,0,1612211049,390
"calibration",391,0,926062052,391
"calibration",392,0,1707509947,392
"calibration",393,0,1613103642,393
"calibration",394,0,1361983666,394
"calibration",395,0,873705919,395
"calibration",396,0,1518795201,396
"calibration",397,0,2102491534,397
"calibration",398,0,291466281,398
"calibration",399,0,1315666355,399
"calibration",400,0,2146063163,400
"calibration",401,0,641070098,401
"calibration",402,0,469224215,402
"calibration",403,0,1385956121,403
"calibration",404,0,801582909,404
"calibration",405,0,188093819,405
"calibration",406,0,1948465829,406
"calibration",407,0,1663421693,407
"calibration",408,0,1602249822,408
"calibration",409,0,407701155,409
"calibration",410,0,273042380,410
"calibration",411,0,1605378867,411
"calibration",412,0,338802978,412
"calibration",413,0,1184453244,413
"calibration",414,0,459711021,414
"calibration",415,0,118822819,415
"calibration",416,0,1969914524,416
"calibration",417,0,2040701789,417
"calibration",418,0,1216149986,418
"calibration",419,0,1236765175,419
"calibration",420,0,458081564,420
"calibration",421,0,955153287,421
"calibration",422,0,1623215756,422
"calibration",423,0,562453183,423
"calibration",424,0,659600012,424
"calibration",425,0,247075527,425
"calibration",426,0,91487836,426
"calibration",427,0,714683660,427
"calibration",428,0,1340545993,428
"calibration",429,0,1308318983,429
"calibration",430,0,102337363,430
"calibration",431,0,935911703,431
"calibration",432,0,1728105537,432
"calibration",433,0,195142715,433
"calibration",434,0,787926074,434
"calibration",435,0,348556343,435
"calibration",436,0,693625570,436
"calibration",437,0,1111890418,437
"calibration",438,0,153487402,438
"calibration",439,0,382030441,439
"calibration",440,0,440738403,440
"calibration",441,0,926604844,441
"calibration",442,0,1295896200,442
"calibration",443,0,1367133478,443
"calibration",444,0,1290073176,444
"calibration",445,0,2119723365,445
"calibration",446,0,281419395,446
"calibration",447,0,988494968,447
"calibration",448,0,933047312,448
"calibration",449,0,17766987,449
"calibration",450,0,168155473,450
"calibration",451,0,237894416,451
"calibration",452,0,1106382872,452
"calibration",453,0,1737197200,453
"calibration",454,0,1400899617,454
"calibration",455,0,241683680,455
"calibration",456,0,1049987193,456
"calibration",457,0,1624921961,457
"calibration",458,0,1408068678,458
"calibration",459,0,259769981,459
"calibration",460,0,2002104791,460
"calibration",461,0,1818555182,461
"calibration",462,0,27724018,462
"calibration",463,0,797170043,463
"calibration",464,0,1551974130,464
"calibration",465,0,1226792603,465
"calibration",466,0,48579261,466
"calibration",467,0,886062713,467
"calibration",468,0,1912566161,468
"calibration",469,0,1741709033,469
"calibration",470,0,449258679,470
"calibration",471,0,109812748,471
"calibration",472,0,449218545,472
"calibration",473,0,500073885,473
"calibration",474,0,660630669,474
"calibration",475,0,1714365753,475
"calibration",476,0,1049454015,476
"calibration",477,0,1368159391,477
"calibration",478,0,408619005,478
"calibration",479,0,1279750393,479
"calibration",480,0,337137154,480
"calibration",481,0,577204702,481
"calibration",482,0,1728598393,482
"calibration",483,0,2110703109,483
"calibration",484,0,1100093325,484
"calibration",485,0,1043821243,485
"calibration",486,0,116102326,486
"calibration",487,0,996586708,487
"calibration",488,0,1825660845,488
"calibration",489,0,411285131,489
"calibration",490,0,894956776,490
"calibration",491,0,869429286,491
"calibration",492,0,549450215,492
"calibration",493,0,2022553181,493
"calibration",494,0,1080096015,494
"calibration",495,0,653025760,495
"calibration",496,0,1363223005,496
"calibration",497,0,1375357274,497
"calibration",498,0,593685697,498
"calibration",499,0,2064077542,499
"calibration",500,0,753294414,500
"calibration",501,0,1380076067,501
"calibration",502,0,84913381,502
"calibration",503,0,903680266,503
"calibration",504,0,72228843,504
"calibration",505,0,1111088772,505
"calibration",506,0,67872901,506
"calibration",507,0,1688382360,507
"calibration",508,0,1156320541,508
"calibration",509,0,1543247562,509
"calibration",510,0,2100282224,510
"calibration",511,0,1461701347,511
"calibration",512,0,965575870,512
"calibration",513,0,1285881229,513
"calibration",514,0,1836618569,514
"calibration",515,0,591003571,515
"calibration",516,0,724941759,516
"calibration",517,0,950504739,517
"calibration",518,0,642209936,518
"calibration",519,0,115707364,519
"calibration",520,0,1844338794,520
"calibration",521,0,17907228,521
"calibration",522,0,1830305510,522
"calibration",523,0,1364479467,523
"calibration",524,0,1476531127,524
"calibration",525,0,1291185087,525
"calibration",526,0,1484788091,526
"calibration",527,0,1431456924,527
"calibration",528,0,360751811,528
"calibration",529,0,715304905,529
"calibration",530,0,903137517,530
"calibration",531,0,74114928,531
"calibration",532,0,1383728483,532
"calibration",533,0,1666507309,533
"calibration",534,0,1290731050,534
"calibration",535,0,502001774,535
"calibration",536,0,1084197483,536
"calibration",537,0,51178513,537
"calibration",538,0,236982072,538
"calibration",539,0,1152280781,539
"calibration",540,0,235672750,540
"calibration",541,0,1181179710,541
"calibration",542,0,643265253,542
"calibration",543,0,1183835464,543
"calibration",544,0,745991640,544
"calibration",545,0,1124058838,545
"calibration",546,0,2117473385,546
"calibration",547,0,1546154607,547
"calibration",548,0,178990864,548
"calibration",549,0,1271318975,549
"calibration",550,0,1286484608,550
"calibration",551,0,1160211753,551
"calibration",552,0,769930674,552
"calibration",553,0,254555371,553
"calibration",554,0,1196600472,554
"calibration",555,0,1691202975,555
"calibration",556,0,742282813,556
"calibration",557,0,19697793,557
"calibration",558,0,1346692504,558
"calibration",559,0,2000410033,559
"calibration",560,0,663368304,560
"calibration",561,0,1443502185,561
"calibration",562,0,339320763,562
"calibration",563,0,488841678,563
"calibration",564,0,1626650825,564
"calibration",565,0,537073744,565
"calibration",566,0,1529043633,566
"calibration",567,0,1007545374,567
"calibration",568,0,291321255,568
"calibration",569,0,1391215020,569
"calibration",570,0,1235678307,570
"calibration",571,0,435033982,571
"calibration",572,0,1407001375,572
"calibration",573,0,270305946,573
"calibration",574,0,1867217289,574
"calibration",575,0,223578122,575
"calibration",576,0,1066430584,576
"calibration",577,0,2031542780,577
"calibration",578,0,1102279798,578
"calibration",579,0,571607287,579
"calibration",580,0,2112107782,580
"calibration",581,0,460118877,581
"calibration",582,0,1017532702,582
"calibration",583,0,836688251,583
"calibration",584,0,213002036,584
"calibration",585,0,1216920729,585
"calibration",586,0,436057199,586
"calibration",587,0,1106561496,587
"calibration",588,0,88955350,588
"calibration",589,0,1975163607,589
"calibration",590,0,923511498,590
"calibration",591,0,366435174,591
"calibration",592,0,1661726472,592
"calibration",593,0,811937389,593
"calibration",594,0,529826671,594
"calibration",595,0,914068426,595
"calibration",596,0,972362302,596
"calibration",597,0,1571116378,597
"calibration",598,0,2136176553,598
"calibration",599,0,1091163876,599
"calibration",600,0,374931162,600
"calibration",601,0,1283572545,601
"calibration",602,0,1428879024,602
"calibration",603,0,1885115325,603
"calibration",604,0,154473592,604
"calibration",605,0,1913263865,605
"calibration",606,0,1970381715,606
"calibration",607,0,510990690,607
"calibration",608,0,1017225636,608
"calibration",609,0,787197210,609
"calibration",610,0,805910447,610
"calibration",611,0,1919466525,611
"calibration",612,0,1572825208,612
"calibration",613,0,1792523489,613
"calibration",614,0,1135215596,614
"calibration",615,0,364303670,615
"calibration",616,0,237213895,616
"calibration",617,0,1417347318,617
"calibration",618,0,1012336625,618
"calibration",619,0,82714332,619
"calibration",620,0,2145723373,620
"calibration",621,0,2077270616,621
"calibration",622,0,77059206,622
"calibration",623,0,1654005344,623
"calibration",624,0,1434195534,624
"calibration",625,0,1412905088,625
"calibration",626,0,716364160,626
"calibration",627,0,1198243205,627
"calibration",628,0,954009965,628
"calibration",629,0,1348142229,629
"calibration",630,0,1217389932,630
"calibration",631,0,1258264339,631
"calibration",632,0,2102972043,632
"calibration",633,0,623165719,633
"calibration",634,0,959043850,634
"calibration",635,0,1411973152,635
"calibration",636,0,1041755720,636
"calibration",637,0,1272854309,637
"calibration",638,0,434318144,638
"calibration",639,0,360578801,639
"calibration",640,0,1687243505,640
"calibration",641,0,1078450220,641
"calibration",642,0,786719039,642
"calibration",643,0,462428821,643
"calibration",644,0,1478191469,644
"calibration",645,0,529891921,645
"calibration",646,0,81424121,646
"calibration",647,0,1601805146,647
"calibration",648,0,1730324170,648
"calibration",649,0,355562295,649
"calibration",650,0,1187286209,650
"calibration",651,0,2046654613,651
"calibration",652,0,1794093616,652
"calibration",653,0,972013972,653
"calibration",654,0,833361497,654
"calibration",655,0,201757609,655
"calibration",656,0,1919054788,656
"calibration",657,0,1830561270,657
"calibration",658,0,2116364577,658
"calibration",659,0,259438280,659
"calibration",660,0,841063047,660
"calibration",661,0,212487299,661
"calibration",662,0,399311411,662
"calibration",663,0,1265422012,663
"calibration",664,0,998325286,664
"calibration",665,0,760976614,665
"calibration",666,0,345159265,666
"calibration",667,0,308407699,667
"calibration",668,0,1084140913,668
"calibration",669,0,1345465842,669
"calibration",670,0,189570429,670
"calibration",671,0,1711125031,671
"calibration",672,0,658872429,672
"calibration",673,0,2091298989,673
"calibration",674,0,136716029,674
"calibration",675,0,1629986600,675
"calibration",676,0,543463559,676
"calibration",677,0,1598126029,677
"calibration",678,0,1790083203,678
"calibration",679,0,926231921,679
"calibration",680,0,680694330,680
"calibration",681,0,910905138,681
"calibration",682,0,1516896413,682
"calibration",683,0,579713482,683
"calibration",684,0,631166518,684
"calibration",685,0,1754346422,685
"calibration",686,0,1771528416,686
"calibration",687,0,1180494006,687
"calibration",688,0,1840204315,688
"calibration",689,0,1315687441,689
"calibration",690,0,339872602,690
"calibration",691,0,47338773,691
"calibration",692,0,1339929064,692
"calibration",693,0,2075844631,693
"calibration",694,0,1839412888,694
"calibration",695,0,97759735,695
"calibration",696,0,265296110,696
"calibration",697,0,1978994472,697
"calibration",698,0,1976520186,698
"calibration",699,0,329854540,699
"calibration",700,0,200289195,700
"calibration",701,0,2080955014,701
"calibration",702,0,38118131,702
"calibration",703,0,649255992,703
"calibration",704,0,96362159,704
"calibration",705,0,797545207,705
"calibration",706,0,71694024,706
"calibration",707,0,1812514063,707
"calibration",708,0,1916547174,708
"calibration",709,0,1258253866,709
"calibration",710,0,158743900,710
"calibration",711,0,1747750718,711
"calibration",712,0,830230242,712
"calibration",713,0,1565745334,713
"calibration",714,0,2108725999,714
"calibration",715,0,1116877621,715
"calibration",716,0,461595104,716
"calibration",717,0,2099984924,717
"calibration",718,0,893395401,718
"calibration",719,0,294721772,719
"calibration",720,0,1212436468,720
"calibration",721,0,1191227826,721
"calibration",722,0,1150196782,722
"calibration",723,0,1296863522,723
"calibration",724,0,1876873450,724
"calibration",725,0,1729029498,725
"calibration",726,0,1344122919,726
"calibration",727,0,647972078,727
"calibration",728,0,905662220,728
"calibration",729,0,1948124553,729
"calibration",730,0,931133779,730
"calibration",731,0,1570034086,731
"calibration",732,0,2021586154,732
"calibration",733,0,1577698110,733
"calibration",734,0,1661095821,734
"calibration",735,0,2028962908,735
"calibration",736,0,1105903270,736
"calibration",737,0,726522083,737
"calibration",738,0,1016563828,738
"calibration",739,0,118135514,739
"calibration",740,0,2037689225,740
"calibration",741,0,36055863,741
"calibration",742,0,1194830531,742
"calibration",743,0,1384492318,743
"calibration",744,0,295901929,744
"calibration",745,0,811954302,745
"calibration",746,0,1000451793,746
"calibration",747,0,429240703,747
"calibration",748,0,1468418056,748
"calibration",749,0,571979167,749
"calibration",750,0,725263015,750
"calibration",751,0,660567492,751
"calibration",752,0,505544634,752
"calibration",753,0,1205498310,753
"calibration",754,0,1850917804,754
"calibration",755,0,1521120446,755
"calibration",756,0,34699637,756
"calibration",757,0,1960670327,757
"calibration",758,0,2072631136,758
"calibration",759,0,193480450,759
"calibration",760,0,602148549,760
"calibration",761,0,1698253993,761
"calibration",762,0,1668458313,762
"calibration",763,0,254353361,763
"calibration",764,0,2123958903,764
"calibration",765,0,1051641071,765
"calibration",766,0,1766685948,766
"calibration",767,0,746167693,767
"calibration",768,0,36604396,768
"calibration",769,0,1233414408,769
"calibration",770,0,640572894,770
"calibration",771,0,98354638,771
"calibration",772,0,369999131,772
"calibration",773,0,1032621014,773
"calibration",774,0,33765909,774
"calibration",775,0,1033908362,775
"calibration",776,0,2069668368,776
"calibration",777,0,1843143755,777
"calibration",778,0,29958590,778
"calibration",779,0,1456077216,779
"calibration",780,0,2112730034,780
"calibration",781,0,1160467196,781
"calibration",782,0,1834715974,782
"calibration",783,0,1349758424,783
"calibration",784,0,831141825,784
"calibration",785,0,1466009107,785
"calibration",786,0,1235308769,786
"calibration",787,0,255076980,787
"calibration",788,0,1911778731,788
"calibration",789,0,1985179927,789
"calibration",790,0,1474239802,790
"calibration",791,0,1593068018,791
"calibration",792,0,553187056,792
"calibration",793,0,758883025,793
"calibration",794,0,439841503,794
"calibration",795,0,1179853878,795
"calibration",796,0,477176923,796
"calibration",797,0,619854982,797
"calibration",798,0,249211679,798
"calibration",799,0,1394445229,799
"calibration",800,0,1343651465,800
"calibration",801,0,2093911079,801
"calibration",802,0,742761195,802
"calibration",803,0,91017149,803
"calibration",804,0,1181877698,804
"calibration",805,0,300654703,805
"calibration",806,0,374589786,806
"calibration",807,0,1885157937,807
"calibration",808,0,1131853741,808
"calibration",809,0,396301661,809
"calibration",810,0,1882169098,810
"calibration",811,0,1947559172,811
"calibration",812,0,1454644043,812
"calibration",813,0,610794593,813
"calibration",814,0,1498390603,814
"calibration",815,0,923332567,815
"calibration",816,0,1339070148,816
"calibration",817,0,456150255,817
"calibration",818,0,940385198,818
"calibration",819,0,1958708299,819
"calibration",820,0,1598562472,820
"calibration",821,0,451402399,821
"calibration",822,0,733747829,822
"calibration",823,0,464769957,823
"calibration",824,0,2099401560,824
"calibration",825,0,575634808,825
"calibration",826,0,747105812,826
"calibration",827,0,600871523,827
"calibration",828,0,1706960222,828
"calibration",829,0,1222253750,829
"calibration",830,0,200655327,830
"calibration",831,0,1719350067,831
"calibration",832,0,1554301756,832
"calibration",833,0,2027452524,833
"calibration",834,0,980523537,834
"calibration",835,0,1255695711,835
"calibration",836,0,271243024,836
"calibration",837,0,281540213,837
"calibration",838,0,438072451,838
"calibration",839,0,1490317508,839
"calibration",840,0,383989056,840
"calibration",841,0,478672375,841
"calibration",842,0,218090293,842
"calibration",843,0,1002266324,843
"calibration",844,0,941892655,844
"calibration",845,0,553767718,845
"calibration",846,0,1515483543,846
"calibration",847,0,1476658420,847
"calibration",848,0,1862841959,848
"calibration",849,0,1778301745,849
"calibration",850,0,945503600,850
"calibration",851,0,575898553,851
"calibration",852,0,1073327769,852
"calibration",853,0,802566845,853
"calibration",854,0,825528486,854
"calibration",855,0,1841069735,855
"calibration",856,0,1545263935,856
"calibration",857,0,318435423,857
"calibration",858,0,503705665,858
"calibration",859,0,874195457,859
"calibration",860,0,237623979,860
"calibration",861,0,2040827649,861
"calibration",862,0,56843084,862
"calibration",863,0,1939238329,863
"calibration",864,0,112375001,864
"calibration",865,0,1655149572,865
"calibration",866,0,1168775110,866
"calibration",867,0,1179971288,867
"calibration",868,0,322255180,868
"calibration",869,0,1040420903,869
"calibration",870,0,1421587143,870
"calibration",871,0,487071110,871
"calibration",872,0,1664239897,872
"calibration",873,0,1638613411,873
"calibration",874,0,390414087,874
"calibration",875,0,670782313,875
"calibration",876,0,116482808,876
"calibration",877,0,165526494,877
"calibration",878,0,83596770,878
"calibration",879,0,1090887833,879
"calibration",880,0,783751719,880
"calibration",881,0,456726217,881
"calibration",882,0,688315265,882
"calibration",883,0,908135515,883
"calibration",884,0,1134506113,884
"calibration",885,0,1635247607,885
"calibration",886,0,696382644,886
"calibration",887,0,1799619363,887
"calibration",888,0,1739179505,888
"calibration",889,0,389124810,889
"calibration",890,0,1829745524,890
"calibration",891,0,36785640,891
"calibration",892,0,573413129,892
"calibration",893,0,1756869004,893
"calibration",894,0,1383140143,894
"calibration",895,0,1093726003,895
"calibration",896,0,692047370,896
"calibration",897,0,7596281,897
"calibration",898,0,1602152680,898
"calibration",899,0,787710639,899
"calibration",900,0,335719474,900
"calibration",901,0,2082926394,901
"calibration",902,0,547823112,902
"calibration",903,0,1713478527,903
"calibration",904,0,54596045,904
"calibration",905,0,1310968985,905
"calibration",906,0,1772704946,906
"calibration",907,0,113774176,907
"calibration",908,0,82612459,908
"calibration",909,0,642997194,909
"calibration",910,0,1253817128,910
"calibration",911,0,2146074454,911
"calibration",912,0,1348706097,912
"calibration",913,0,1071017968,913
"calibration",914,0,1279330475,914
"calibration",915,0,1935542571,915
"calibration",916,0,2030438588,916
"calibration",917,0,1865642815,917
"calibration",918,0,1475574512,918
"calibration",919,0,1158156214,919
"calibration",920,0,1479933399,920
"calibration",921,0,2070237664,921
"calibration",922,0,232922880,922
"calibration",923,0,1588865678,923
"calibration",924,0,367279036,924
"calibration",925,0,1408612697,925
"calibration",926,0,1865172257,926
"calibration",927,0,1551415614,927
"calibration",928,0,1322938848,928
"calibration",929,0,1379597040,929
"calibration",930,0,1795416800,930
"calibration",931,0,2127032087,931
"calibration",932,0,1244748409,932
"calibration",933,0,1396059000,933
"calibration",934,0,947967080,934
"calibration",935,0,25737431,935
"calibration",936,0,245570856,936
"calibration",937,0,252217478,937
"calibration",938,0,404222504,938
"calibration",939,0,446514895,939
"calibration",940,0,986503401,940
"calibration",941,0,1626429420,941
"calibration",942,0,227480050,942
"calibration",943,0,741050362,943
"calibration",944,0,2042427113,944
"calibration",945,0,842329365,945
"calibration",946,0,195860161,946
"calibration",947,0,267790265,947
"calibration",948,0,215270445,948
"calibration",949,0,22402718,949
"calibration",950,0,112204485,950
"calibration",951,0,533210263,951
"calibration",952,0,222479941,952
"calibration",953,0,1030868158,953
"calibration",954,0,827572582,954
"calibration",955,0,954516497,955
"calibration",956,0,1771829447,956
"calibration",957,0,1747515407,957
"calibration",958,0,294178935,958
"calibration",959,0,1696142264,959
"calibration",960,0,155305164,960
"calibration",961,0,902346601,961
"calibration",962,0,1849544730,962
"calibration",963,0,1963844534,963
"calibration",964,0,1338715129,964
"calibration",965,0,1580540416,965
"calibration",966,0,494892475,966
"calibration",967,0,1591710751,967
"calibration",968,0,5930576,968
"calibration",969,0,2120888865,969
"calibration",970,0,699568381,970
"calibration",971,0,1761187609,971
"calibration",972,0,1106000999,972
"calibration",973,0,1948959836,973
"calibration",974,0,1083646941,974
"calibration",975,0,1447187780,975
"calibration",976,0,867990713,976
"calibration",977,0,1050372106,977
"calibration",978,0,12677791,978
"calibration",979,0,896430115,979
"calibration",980,0,1311935605,980
"calibration",981,0,148019210,981
"calibration",982,0,926105393,982
"calibration",983,0,1162958041,983
"calibration",984,0,343132413,984
"calibration",985,0,126786039,985
"calibration",986,0,656471696,986
"calibration",987,0,954554955,987
"calibration",988,0,1234681839,988
"calibration",989,0,1916237049,989
"calibration",990,0,445425830,990
"calibration",991,0,1962424228,991
"calibration",992,0,72080807,992
"calibration",993,0,119724989,993
"calibration",994,0,1057576271,994
"calibration",995,0,1103643898,995
"calibration",996,0,1319145165,996
"calibration",997,0,720756614,997
"calibration",998,0,445329898,998
"calibration",999,0,1541095881,999
"calibration",1000,0,1404439707,1000
"calibration",1001,0,1693242066,1001
"calibration",1002,0,1681268935,1002
"calibration",1003,0,562324815,1003
"calibration",1004,0,2099704719,1004
"calibration",1005,0,813030431,1005
"calibration",1006,0,1615533672,1006
"calibration",1007,0,142794475,1007
"calibration",1008,0,563743210,1008
"calibration",1009,0,2058977741,1009
"calibration",1010,0,1038532498,1010
"calibration",1011,0,949863745,1011
"calibration",1012,0,315599729,1012
"calibration",1013,0,1822172435,1013
"calibration",1014,0,1182500366,1014
"calibration",1015,0,864130545,1015
"calibration",1016,0,69363098,1016
"calibration",1017,0,1130313626,1017
"calibration",1018,0,1632929053,1018
"calibration",1019,0,914296329,1019
"calibration",1020,0,1911963817,1020
"calibration",1021,0,843741376,1021
"calibration",1022,0,1064262041,1022
"calibration",1023,0,1159280177,1023
"calibration",1024,0,768641435,1024
"calibration",1025,0,737959224,1025
"calibration",1026,0,164254332,1026
"calibration",1027,0,1726154209,1027
"calibration",1028,0,1221299080,1028
"calibration",1029,0,787620287,1029
"calibration",1030,0,1268880230,1030
"calibration",1031,0,461574902,1031
"calibration",1032,0,961564574,1032
"calibration",1033,0,2060402003,1033
"calibration",1034,0,1285850015,1034
"calibration",1035,0,2095670103,1035
"calibration",1036,0,567802444,1036
"calibration",1037,0,1900867261,1037
"calibration",1038,0,1169368495,1038
"calibration",1039,0,1158581353,1039
"calibration",1040,0,1106484703,1040
"calibration",1041,0,1546207323,1041
"calibration",1042,0,1199919597,1042
"calibration",1043,0,1821699893,1043
"calibration",1044,0,569483811,1044
"calibration",1045,0,447961111,1045
"calibration",1046,0,57443654,1046
"calibration",1047,0,194568435,1047
"calibration",1048,0,1888643093,1048
"calibration",1049,0,2044631119,1049
"calibration",1050,0,599160999,1050
"calibration",1051,0,851009093,1051
"calibration",1052,0,987238960,1052
"calibration",1053,0,1887261325,1053
"calibration",1054,0,356711493,1054
"calibration",1055,0,511387227,1055
"calibration",1056,0,835549507,1056
"calibration",1057,0,387351359,1057
"calibration",1058,0,2127464556,1058
"calibration",1059,0,219444295,1059
"calibration",1060,0,493923337,1060
"calibration",1061,0,1382287606,1061
"calibration",1062,0,502901924,1062
"calibration",1063,0,1824054823,1063
"calibration",1064,0,20203221,1064
"calibration",1065,0,1876851099,1065
"calibration",1066,0,1378864473,1066
"calibration",1067,0,1505440205,1067
"calibration",1068,0,1099955186,1068
"calibration",1069,0,1931571530,1069
"calibration",1070,0,2057785197,1070
"calibration",1071,0,1018364829,1071
"calibration",1072,0,1126882973,1072
"calibration",1073,0,1012893501,1073
"calibration",1074,0,441007318,1074
"calibration",1075,0,1489057443,1075
"calibration",1076,0,1239905197,1076
"calibration",1077,0,1457976185,1077
"calibration",1078,0,351857572,1078
"calibration",1079,0,48103937,1079
"calibration",1080,0,998247365,1080
"calibration",1081,0,93797996,1081
"calibration",1082,0,188291683,1082
"calibration",1083,0,158161451,1083
"calibration",1084,0,81942467,1084
"calibration",1085,0,91658119,1085
"calibration",1086,0,1526189894,1086
"calibration",1087,0,749526673,1087
"calibration",1088,0,1175638646,1088
"calibration",1089,0,523273727,1089
"calibration",1090,0,1807414843,1090
"calibration",1091,0,849906141,1091
"calibration",1092,0,1364268271,1092
"calibration",1093,0,812118710,1093
"calibration",1094,0,1326267613,1094
"calibration",1095,0,1911720833,1095
"calibration",1096,0,665871137,1096
"calibration",1097,0,1686675737,1097
"calibration",1098,0,238893560,1098
"calibration",1099,0,1255200931,1099
"calibration",1100,0,700164232,1100
"calibration",1101,0,150881073,1101
"calibration",1102,0,1491208398,1102
"calibration",1103,0,1753497937,1103
"calibration",1104,0,1533440121,1104
"calibration",1105,0,1477925653,1105
"calibration",1106,0,345837346,1106
"calibration",1107,0,261530007,1107
"calibration",1108,0,1270917895,1108
"calibration",1109,0,1271313361,1109
"calibration",1110,0,288774005,1110
"calibration",1111,0,979365568,1111
"calibration",1112,0,415513873,1112
"calibration",1113,0,438029427,1113
"calibration",1114,0,735780913,1114
"calibration",1115,0,926272383,1115
"calibration",1116,0,1817615241,1116
"calibration",1117,0,601795645,1117
"calibration",1118,0,787869280,1118
"calibration",1119,0,1647201418,1119
"calibration",1120,0,2023685309,1120
"calibration",1121,0,255314066,1121
"calibration",1122,0,2094907816,1122
"calibration",1123,0,1435946828,1123
"calibration",1124,0,1352051026,1124
"calibration",1125,0,2033550374,1125
"calibration",1126,0,1546392100,1126
"calibration",1127,0,1684382316,1127
"calibration",1128,0,1573400909,1128
"calibration",1129,0,1746767069,1129
"calibration",1130,0,1085393351,1130
"calibration",1131,0,135805565,1131
"calibration",1132,0,179193551,1132
"calibration",1133,0,1843210162,1133
"calibration",1134,0,743633008,1134
"calibration",1135,0,54192821,1135
"calibration",1136,0,330920364,1136
"calibration",1137,0,1444441034,1137
"calibration",1138,0,1991149891,1138
"calibration",1139,0,782955642,1139
"calibration",1140,0,1421459205,1140
"calibration",1141,0,1659614647,1141
"calibration",1142,0,1865184889,1142
"calibration",1143,0,1942914067,1143
"calibration",1144,0,658936813,1144
"calibration",1145,0,1382811085,1145
"calibration",1146,0,1232297880,1146
"calibration",1147,0,137850105,1147
"calibration",1148,0,379163394,1148
"calibration",1149,0,561863292,1149
"calibration",1150,0,744268631,1150
"calibration",1151,0,354611965,1151
"calibration",1152,0,534521791,1152
"calibration",1153,0,2098698151,1153
"calibration",1154,0,1389095568,1154
"calibration",1155,0,381755140,1155
"calibration",1156,0,2088376433,1156
"calibration",1157,0,467942201,1157
"calibration",1158,0,1306785494,1158
"calibration",1159,0,502721618,1159
"calibration",1160,0,1421234082,1160
"calibration",1161,0,2065970308,1161
"calibration",1162,0,798675259,1162
"calibration",1163,0,903829401,1163
"calibration",1164,0,413789615,1164
"calibration",1165,0,355997115,1165
"calibration",1166,0,1760764313,1166
"calibration",1167,0,120522543,1167
"calibration",1168,0,622204335,1168
"calibration",1169,0,2077929002,1169
"calibration",1170,0,1573841363,1170
"calibration",1171,0,1518135918,1171
"calibration",1172,0,1806526686,1172
"calibration",1173,0,582838013,1173
"calibration",1174,0,562479939,1174
"calibration",1175,0,1864407233,1175
"calibration",1176,0,2093141810,1176
"calibration",1177,0,734929315,1177
"calibration",1178,0,1555399814,1178
"calibration",1179,0,1007981422,1179
"calibration",1180,0,1111588127,1180
"calibration",1181,0,1178492389,1181
"calibration",1182,0,1290961146,1182
"calibration",1183,0,1019625994,1183
"calibration",1184,0,1317427122,1184
"calibration",1185,0,479980111,1185
"calibration",1186,0,153757715,1186
"calibration",1187,0,1542548877,1187
"calibration",1188,0,172416284,1188
"calibration",1189,0,1333720021,1189
"calibration",1190,0,147287409,1190
"calibration",1191,0,1970706321,1191
"calibration",1192,0,1615407944,1192
"calibration",1193,0,808001404,1193
"calibration",1194,0,1286993397,1194
"calibration",1195,0,546551169,1195
"calibration",1196,0,239880468,1196
"calibration",1197,0,1897681384,1197
"calibration",1198,0,80646879,1198
"calibration",1199,0,1053074340,1199
"calibration",1200,0,385725703,1200
"calibration",1201,0,159397579,1201
"calibration",1202,0,361854732,1202
"calibration",1203,0,268209474,1203
"calibration",1204,0,1066446704,1204
"calibration",1205,0,82921461,1205
"calibration",1206,0,1465449372,1206
"calibration",1207,0,500197302,1207
"calibration",1208,0,1842861833,1208
"calibration",1209,0,1021618182,1209
"calibration",1210,0,1512991307,1210
"calibration",1211,0,1205384197,1211
"calibration",1212,0,313533960,1212
"calibration",1213,0,491467477,1213
"calibration",1214,0,580380631,1214
"calibration",1215,0,35152040,1215
"calibration",1216,0,673166439,1216
"calibration",1217,0,423996005,1217
"calibration",1218,0,1390860369,1218
"calibration",1219,0,445448754,1219
"calibration",1220,0,983114475,1220
"calibration",1221,0,273093629,1221
"calibration",1222,0,558847508,1222
"calibration",1223,0,726415109,1223
"calibration",1224,0,369112535,1224
"calibration",1225,0,1216922428,1225
"calibration",1226,0,1977301137,1226
"calibration",1227,0,540114496,1227
"calibration",1228,0,1242253209,1228
"calibration",1229,0,1413681343,1229
"calibration",1230,0,756813954,1230
"calibration",1231,0,2109178460,1231
"calibration",1232,0,279763760,1232
"calibration",1233,0,330808614,1233
"calibration",1234,0,221915390,1234
"calibration",1235,0,736923824,1235
"calibration",1236,0,151844307,1236
"calibration",1237,0,998650344,1237
"calibration",1238,0,1719828649,1238
"calibration",1239,0,63624559,1239
"calibration",1240,0,1908889642,1240
"calibration",1241,0,614597453,1241
"calibration",1242,0,2061150984,1242
"calibration",1243,0,1837412682,1243
"calibration",1244,0,1753176762,1244
"calibration",1245,0,422364018,1245
"calibration",1246,0,142105007,1246
"calibration",1247,0,260182978,1247
"calibration",1248,0,1750730257,1248
"calibration",1249,0,1176739537,1249
"calibration",1250,0,332730722,1250
"calibration",1251,0,573697815,1251
"calibration",1252,0,2128425070,1252
"calibration",1253,0,2030437001,1253
"calibration",1254,0,889258382,1254
"calibration",1255,0,1865902378,1255
"calibration",1256,0,2112299740,1256
"calibration",1257,0,1056921058,1257
"calibration",1258,0,732635830,1258
"calibration",1259,0,1285995276,1259
"calibration",1260,0,1386067185,1260
"calibration",1261,0,2133021993,1261
"calibration",1262,0,1246530546,1262
"calibration",1263,0,1716152426,1263
"calibration",1264,0,826719031,1264
"calibration",1265,0,1729002822,1265
"calibration",1266,0,469344349,1266
"calibration",1267,0,1404325697,1267
"calibration",1268,0,1336618024,1268
"calibration",1269,0,1807581404,1269
"calibration",1270,0,993286650,1270
"calibration",1271,0,1314228189,1271
"calibration",1272,0,1519530527,1272
"calibration",1273,0,1692955304,1273
"calibration",1274,0,1939205944,1274
"calibration",1275,0,1589123721,1275
"calibration",1276,0,516335603,1276
"calibration",1277,0,1933946185,1277
"calibration",1278,0,1354038209,1278
"calibration",1279,0,1121544449,1279
"calibration",1280,0,1950659154,1280
"calibration",1281,0,50004398,1281
"calibration",1282,0,1613066890,1282
"calibration",1283,0,983715527,1283
"calibration",1284,0,988424741,1284
"calibration",1285,0,1888817982,1285
"calibration",1286,0,217174755,1286
"calibration",1287,0,430517980,1287
"calibration",1288,0,1300910505,1288
"calibration",1289,0,279603677,1289
"calibration",1290,0,953237507,1290
"calibration",1291,0,647053385,1291
"calibration",1292,0,1373985200,1292
"calibration",1293,0,150001547,1293
"calibration",1294,0,1671280782,1294
"calibration",1295,0,1747269378,1295
"calibration",1296,0,95865381,1296
"calibration",1297,0,1369023991,1297
"calibration",1298,0,1609552279,1298
"calibration",1299,0,1759814859,1299
"calibration",1300,0,685668501,1300
"calibration",1301,0,1621664781,1301
"calibration",1302,0,1570069670,1302
"calibration",1303,0,1474964634,1303
"calibration",1304,0,278851073,1304
"calibration",1305,0,1471249899,1305
"calibration",1306,0,814370630,1306
"calibration",1307,0,277528663,1307
"calibration",1308,0,1758886752,1308
"calibration",1309,0,1902026551,1309
"calibration",1310,0,474268521,1310
"calibration",1311,0,1996265218,1311
"calibration",1312,0,1985121171,1312
"calibration",1313,0,1776215451,1313
"calibration",1314,0,1609473045,1314
"calibration",1315,0,414158325,1315
"calibration",1316,0,295592936,1316
"calibration",1317,0,740691292,1317
"calibration",1318,0,1574258143,1318
"calibration",1319,0,1718742099,1319
"calibration",1320,0,1841715978,1320
"calibration",1321,0,1603448282,1321
"calibration",1322,0,572229222,1322
"calibration",1323,0,1246142580,1323
"calibration",1324,0,1055527185,1324
"calibration",1325,0,1680760299,1325
"calibration",1326,0,998705573,1326
"calibration",1327,0,1386235872,1327
"calibration",1328,0,1714557277,1328
"calibration",1329,0,1199212354,1329
"calibration",1330,0,200386758,1330
"calibration",1331,0,103190459,1331
"calibration",1332,0,733922424,1332
"calibration",1333,0,1144080038,1333
"calibration",1334,0,415244129,1334
"calibration",1335,0,1325080430,1335
"calibration",1336,0,1278056235,1336
"calibration",1337,0,1105507544,1337
"calibration",1338,0,925382642,1338
"calibration",1339,0,776538669,1339
"calibration",1340,0,1882475372,1340
"calibration",1341,0,1208932290,1341
"calibration",1342,0,576700683,1342
"calibration",1343,0,1466396578,1343
"calibration",1344,0,1004772933,1344
"calibration",1345,0,1359768288,1345
"calibration",1346,0,414761426,1346
"calibration",1347,0,1264709561,1347
"calibration",1348,0,136462865,1348
"calibration",1349,0,1399516557,1349
"calibration",1350,0,1466856539,1350
"calibration",1351,0,502833477,1351
"calibration",1352,0,1688064865,1352
"calibration",1353,0,38564606,1353
"calibration",1354,0,312979528,1354
"calibration",1355,0,1965684846,1355
"calibration",1356,0,324004096,1356
"calibration",1357,0,1603643527,1357
"calibration",1358,0,1970847155,1358
"calibration",1359,0,393390241,1359
"calibration",1360,0,387284911,1360
"calibration",1361,0,470679586,1361
"calibration",1362,0,844847133,1362
"calibration",1363,0,830818071,1363
"calibration",1364,0,1117066084,1364
"calibration",1365,0,566836083,1365
"calibration",1366,0,1138416146,1366
"calibration",1367,0,555184406,1367
"calibration",1368,0,2089092585,1368
"calibration",1369,0,634110672,1369
"calibration",1370,0,40706530,1370
"calibration",1371,0,1151362404,1371
"calibration",1372,0,2104375819,1372
"calibration",1373,0,1417034348,1373
"calibration",1374,0,190878328,1374
"calibration",1375,0,3399654,1375
"calibration",1376,0,1413223455,1376
"calibration",1377,0,1364425452,1377
"calibration",1378,0,1917513561,1378
"calibration",1379,0,850085711,1379
"calibration",1380,0,49441903,1380
"calibration",1381,0,690395279,1381
"calibration",1382,0,191884,1382
"calibration",1383,0,1360064221,1383
"calibration",1384,0,46825236,1384
"calibration",1385,0,1992612373,1385
"calibration",1386,0,1314765659,1386
"calibration",1387,0,1136900770,1387
"calibration",1388,0,693724394,1388
"calibration",1389,0,70674871,1389
"calibration",1390,0,642429848,1390
"calibration",1391,0,1517154560,1391
"calibration",1392,0,229625270,1392
"calibration",1393,0,303302230,1393
"calibration",1394,0,1902160563,1394
"calibration",1395,0,52222053,1395
"calibration",1396,0,1398382965,1396
"calibration",1397,0,426006953,1397
"calibration",1398,0,720339976,1398
"calibration",1399,0,897643095,1399
"calibration",1400,0,498676903,1400
"calibration",1401,0,854256260,1401
"calibration",1402,0,1197349376,1402
"calibration",1403,0,837253124,1403
"calibration",1404,0,1235443030,1404
"calibration",1405,0,1360968255,1405
"calibration",1406,0,86169797,1406
"calibration",1407,0,291201779,1407
"calibration",1408,0,1905607770,1408
"calibration",1409,0,678812202,1409
"calibration",1410,0,166114107,1410
"calibration",1411,0,1984117877,1411
"calibration",1412,0,1233836983,1412
"calibration",1413,0,580023751,1413
"calibration",1414,0,1690461819,1414
"calibration",1415,0,576924621,1415
"calibration",1416,0,763779805,1416
"calibration",1417,0,1529295039,1417
"calibration",1418,0,1186475702,1418
"calibration",1419,0,1915199069,1419
"calibration",1420,0,1681002414,1420
"calibration",1421,0,716285100,1421
"calibration",1422,0,322639561,1422
"calibration",1423,0,2076863214,1423
"calibration",1424,0,1701826602,1424
"calibration",1425,0,443443611,1425
"calibration",1426,0,17942751,1426
"calibration",1427,0,1340283612,1427
"calibration",1428,0,1869175108,1428
"calibration",1429,0,1545983496,1429
"calibration",1430,0,1818665327,1430
"calibration",1431,0,1741657963,1431
"calibration",1432,0,1770118885,1432
"calibration",1433,0,1043355332,1433
"calibration",1434,0,629019873,1434
"calibration",1435,0,1765555126,1435
"calibration",1436,0,1388880073,1436
"calibration",1437,0,125437665,1437
"calibration",1438,0,1248945175,1438
"calibration",1439,0,1497446096,1439
"calibration",1440,0,449028009,1440
"calibration",1441,0,674385073,1441
"calibration",1442,0,1122979542,1442
"calibration",1443,0,1349065443,1443
"calibration",1444,0,229322770,1444
"calibration",1445,0,2026836193,1445
"calibration",1446,0,597621648,1446
"calibration",1447,0,657756390,1447
"calibration",1448,0,1666270214,1448
"calibration",1449,0,1444858942,1449
"calibration",1450,0,772848762,1450
"calibration",1451,0,45719982,1451
"calibration",1452,0,1850623190,1452
"calibration",1453,0,1995540270,1453
"calibration",1454,0,1923235953,1454
"calibration",1455,0,1205131306,1455
"calibration",1456,0,1577321826,1456
"calibration",1457,0,1006678921,1457
"calibration",1458,0,1720457040,1458
"calibration",1459,0,1309816995,1459
"calibration",1460,0,1502019660,1460
"calibration",1461,0,1191879729,1461
"calibration",1462,0,1735565753,1462
"calibration",1463,0,603102999,1463
"calibration",1464,0,1982966096,1464
"calibration",1465,0,1071371149,1465
"calibration",1466,0,1034608157,1466
"calibration",1467,0,684278666,1467
"calibration",1468,0,1399967155,1468
"calibration",1469,0,1816072618,1469
"calibration",1470,0,705173191,1470
"calibration",1471,0,1835883500,1471
"calibration",1472,0,849578173,1472
"calibration",1473,0,1225646154,1473
"calibration",1474,0,504893151,1474
"calibration",1475,0,53990733,1475
"calibration",1476,0,1687449322,1476
"calibration",1477,0,1999168579,1477
"calibration",1478,0,733386829,1478
"calibration",1479,0,1031792926,1479
"calibration",1480,0,1232032703,1480
"calibration",1481,0,396375572,1481
"calibration",1482,0,1252532655,1482
"calibration",1483,0,1569365611,1483
"calibration",1484,0,315974884,1484
"calibration",1485,0,1826878717,1485
"calibration",1486,0,669699763,1486
"calibration",1487,0,1608843915,1487
"calibration",1488,0,1903040041,1488
"calibration",1489,0,1740109951,1489
"calibration",1490,0,194325213,1490
"calibration",1491,0,1705824799,1491
"calibration",1492,0,1875557354,1492
"calibration",1493,0,798302216,1493
"calibration",1494,0,22616388,1494
"calibration",1495,0,250659167,1495
"calibration",1496,0,611399508,1496
"calibration",1497,0,267637048,1497
"calibration",1498,0,264339827,1498
"calibration",1499,0,1258094175,1499
"calibration",1500,0,255727809,1500
"calibration",1501,0,1476094488,1501
"calibration",1502,0,265756715,1502
"calibration",1503,0,1640787429,1503
"calibration",1504,0,2086578079,1504
"calibration",1505,0,705793993,1505
"calibration",1506,0,361611140,1506
"calibration",1507,0,1371871615,1507
"calibration",1508,0,1738564952,1508
"calibration",1509,0,1966507070,1509
"calibration",1510,0,1615657643,1510
"calibration",1511,0,2108878308,1511
"calibration",1512,0,628679737,1512
"calibration",1513,0,580288387,1513
"calibration",1514,0,2112832417,1514
"calibration",1515,0,1455678306,1515
"calibration",1516,0,725894111,1516
"calibration",1517,0,1025286726,1517
"calibration",1518,0,1903560901,1518
"calibration",1519,0,373252066,1519
"calibration",1520,0,1357459891,1520
"calibration",1521,0,104085787,1521
"calibration",1522,0,1328793754,1522
"calibration",1523,0,708842727,1523
"calibration",1524,0,1305510896,1524
"calibration",1525,0,1679958719,1525
"calibration",1526,0,88124695,1526
"calibration",1527,0,927832413,1527
"calibration",1528,0,832581598,1528
"calibration",1529,0,1658415268,1529
"calibration",1530,0,1016499961,1530
"calibration",1531,0,2132821271,1531
"calibration",1532,0,1898068194,1532
"calibration",1533,0,414644599,1533
"calibration",1534,0,1192618655,1534
"calibration",1535,0,48915728,1535
"calibration",1536,0,1088912929,1536
"calibration",1537,0,613879328,1537
"calibration",1538,0,1206494374,1538
"calibration",1539,0,456472166,1539
"calibration",1540,0,1777089980,1540
"calibration",1541,0,1622177304,1541
"calibration",1542,0,1102792290,1542
"calibration",1543,0,1118843102,1543
"calibration",1544,0,1050126776,1544
"calibration",1545,0,1953030780,1545
"calibration",1546,0,836497065,1546
"calibration",1547,0,177143450,1547
"calibration",1548,0,885159799,1548
"calibration",1549,0,2090082133,1549
"calibration",1550,0,730613444,1550
"calibration",1551,0,1685993818,1551
"calibration",1552,0,103463963,1552
"calibration",1553,0,1515327758,1553
"calibration",1554,0,1057137158,1554
"calibration",1555,0,270056590,1555
"calibration",1556,0,2101878021,1556
"calibration",1557,0,1485161558,1557
"calibration",1558,0,1605854709,1558
"calibration",1559,0,1917424218,1559
"calibration",1560,0,15853913,1560
"calibration",1561,0,2058027074,1561
"calibration",1562,0,1798430061,1562
"calibration",1563,0,1805400409,1563
"calibration",1564,0,1980962290,1564
"calibration",1565,0,1295544571,1565
"calibration",1566,0,332047418,1566
"calibration",1567,0,1589411387,1567
"calibration",1568,0,625812438,1568
"calibration",1569,0,172178906,1569
"calibration",1570,0,1626222039,1570
"calibration",1571,0,1794082428,1571
"calibration",1572,0,1545276607,1572
"calibration",1573,0,257550894,1573
"calibration",1574,0,1412694268,1574
"calibration",1575,0,439098791,1575
"calibration",1576,0,2066177834,1576
"calibration",1577,0,1634848240,1577
"calibration",1578,0,1560945383,1578
"calibration",1579,0,1329528396,1579
"calibration",1580,0,576248567,1580
"calibration",1581,0,556029263,1581
"calibration",1582,0,1847863631,1582
"calibration",1583,0,1761379236,1583
"calibration",1584,0,56371739,1584
"calibration",1585,0,688997638,1585
"calibration",1586,0,1474642086,1586
"calibration",1587,0,801647064,1587
"calibration",1588,0,1951612044,1588
"calibration",1589,0,2018145529,1589
"calibration",1590,0,1124557778,1590
"calibration",1591,0,391873778,1591
"calibration",1592,0,1146469028,1592
"calibration",1593,0,902310871,1593
"calibration",1594,0,610692358,1594
"calibration",1595,0,1565256301,1595
"calibration",1596,0,1842129112,1596
"calibration",1597,0,1014830006,1597
"calibration",1598,0,1056819675,1598
"calibration",1599,0,1297510924,1599
"calibration",1600,0,1120675308,1600
"calibration",1601,0,1626740166,1601
"calibration",1602,0,1934119812,1602
"calibration",1603,0,2085560726,1603
"calibration",1604,0,1133840398,1604
"calibration",1605,0,1231897306,1605
"calibration",1606,0,1359688105,1606
"calibration",1607,0,497246901,1607
"calibration",1608,0,368230128,1608
"calibration",1609,0,1173823522,1609
"calibration",1610,0,809688448,1610
"calibration",1611,0,1150143207,1611
"calibration",1612,0,799339285,1612
"calibration",1613,0,323866181,1613
"calibration",1614,0,1233370322,1614
"calibration",1615,0,885980189,1615
"calibration",1616,0,1349935662,1616
"calibration",1617,0,2062000309,1617
"calibration",1618,0,1679056396,1618
"calibration",1619,0,1090187533,1619
"calibration",1620,0,1494763691,1620
"calibration",1621,0,551977651,1621
"calibration",1622,0,835996614,1622
"calibration",1623,0,1884954346,1623
"calibration",1624,0,1456258768,1624
"calibration",1625,0,1219968651,1625
"calibration",1626,0,1928504131,1626
"calibration",1627,0,1670893717,1627
"calibration",1628,0,1924777303,1628
"calibration",1629,0,1521796838,1629
"calibration",1630,0,293862,1630
"calibration",1631,0,1525965262,1631
"calibration",1632,0,1056685748,1632
"calibration",1633,0,1674585576,1633
"calibration",1634,0,337690093,1634
"calibration",1635,0,1711257629,1635
"calibration",1636,0,1012982625,1636
"calibration",1637,0,535764227,1637
"calibration",1638,0,1205773868,1638
"calibration",1639,0,1789864014,1639
"calibration",1640,0,1010853106,1640
"calibration",1641,0,218583380,1641
"calibration",1642,0,620592109,1642
"calibration",1643,0,1222384758,1643
"calibration",1644,0,515679622,1644
"calibration",1645,0,1936478658,1645
"calibration",1646,0,1832620059,1646
"calibration",1647,0,862213972,1647
"calibration",1648,0,2028607306,1648
"calibration",1649,0,1033954384,1649
"calibration",1650,0,1417998649,1650
"calibration",1651,0,163029483,1651
"calibration",1652,0,2138820233,1652
"calibration",1653,0,728352578,1653
"calibration",1654,0,1541430293,1654
"calibration",1655,0,1786217366,1655
"calibration",1656,0,1535084051,1656
"calibration",1657,0,1560895322,1657
"calibration",1658,0,1860728507,1658
"calibration",1659,0,2003222542,1659
"calibration",1660,0,317847946,1660
"calibration",1661,0,817527206,1661
"calibration",1662,0,1179079361,1662
"calibration",1663,0,1840444230,1663
"calibration",1664,0,971079131,1664
"calibration",1665,0,1503358536,1665
"calibration",1666,0,420612816,1666
"calibration",1667,0,156315541,1667
"calibration",1668,0,2062566186,1668
"calibration",1669,0,1232452437,1669
"calibration",1670,0,1353462445,1670
"calibration",1671,0,957406455,1671
"calibration",1672,0,2050265125,1672
"calibration",1673,0,1090742242,1673
"calibration",1674,0,300113462,1674
"calibration",1675,0,1411575349,1675
"calibration",1676,0,263492844,1676
"calibration",1677,0,169801895,1677
"calibration",1678,0,670612166,1678
"calibration",1679,0,1016636941,1679
"calibration",1680,0,1993746031,1680
"calibration",1681,0,470517493,1681
"calibration",1682,0,688070481,1682
"calibration",1683,0,1171490231,1683
"calibration",1684,0,1225172592,1684
"calibration",1685,0,1399251570,1685
"calibration",1686,0,557478874,1686
"calibration",1687,0,1997930510,1687
"calibration",1688,0,309541202,1688
"calibration",1689,0,1764426843,1689
"calibration",1690,0,294734307,1690
"calibration",1691,0,110162061,1691
"calibration",1692,0,1067518441,1692
"calibration",1693,0,2027607311,1693
"calibration",1694,0,249509415,1694
"calibration",1695,0,1922577262,1695
"calibration",1696,0,2100123467,1696
"calibration",1697,0,641194416,1697
"calibration",1698,0,1531678585,1698
"calibration",1699,0,1967559799,1699
"calibration",1700,0,988471354,1700
"calibration",1701,0,143782577,1701
"calibration",1702,0,772370990,1702
"calibration",1703,0,974449000,1703
"calibration",1704,0,166810588,1704
"calibration",1705,0,916511753,1705
"calibration",1706,0,644513407,1706
"calibration",1707,0,2124874322,1707
"calibration",1708,0,1642134383,1708
"calibration",1709,0,1051418791,1709
"calibration",1710,0,1661065350,1710
"calibration",1711,0,1787510827,1711
"calibration",1712,0,1918578782,1712
"calibration",1713,0,819180441,1713
"calibration",1714,0,991808320,1714
"calibration",1715,0,800461893,1715
"calibration",1716,0,1177065926,1716
"calibration",1717,0,993182652,1717
"calibration",1718,0,855414830,1718
"calibration",1719,0,2002920848,1719
"calibration",1720,0,741132355,1720
"calibration",1721,0,1925146902,1721
"calibration",1722,0,1418306591,1722
"calibration",1723,0,1499178702,1723
"calibration",1724,0,6716867,1724
"calibration",1725,0,332582891,1725
"calibration",1726,0,518806002,1726
"calibration",1727,0,556396446,1727
"calibration",1728,0,1256917850,1728
"calibration",1729,0,98928482,1729
"calibration",1730,0,1000201426,1730
"calibration",1731,0,2100481209,1731
"calibration",1732,0,327208028,1732
"calibration",1733,0,1586621259,1733
"calibration",1734,0,1263075047,1734
"calibration",1735,0,435669499,1735
"calibration",1736,0,1500346436,1736
"calibration",1737,0,831726319,1737
"calibration",1738,0,711313633,1738
"calibration",1739,0,923361976,1739
"calibration",1740,0,1148189525,1740
"calibration",1741,0,1748905456,1741
"calibration",1742,0,1937691376,1742
"calibration",1743,0,1495124152,1743
"calibration",1744,0,125900921,1744
"calibration",1745,0,1646312394,1745
"calibration",1746,0,225345780,1746
"calibration",1747,0,200543762,1747
"calibration",1748,0,1071257153,1748
"calibration",1749,0,120204407,1749
"calibration",1750,0,1263978768,1750
"calibration",1751,0,160786787,1751
"calibration",1752,0,2000174570,1752
"calibration",1753,0,693151497,1753
"calibration",1754,0,1971758686,1754
"calibration",1755,0,1255771250,1755
"calibration",1756,0,835173526,1756
"calibration",1757,0,305768224,1757
"calibration",1758,0,400358904,1758
"calibration",1759,0,564233698,1759
"calibration",1760,0,1635894880,1760
"calibration",1761,0,722948709,1761
"calibration",1762,0,867399348,1762
"calibration",1763,0,663411775,1763
"calibration",1764,0,681076737,1764
"calibration",1765,0,1903954531,1765
"calibration",1766,0,897310755,1766
"calibration",1767,0,1536337349,1767
"calibration",1768,0,1184108199,1768
"calibration",1769,0,690180904,1769
"calibration",1770,0,1246219066,1770
"calibration",1771,0,1480327240,1771
"calibration",1772,0,1569530843,1772
"calibration",1773,0,359252173,1773
"calibration",1774,0,728215583,1774
"calibration",1775,0,951322437,1775
"calibration",1776,0,405240180,1776
"calibration",1777,0,1556125021,1777
"calibration",1778,0,1231638956,1778
"calibration",1779,0,1770464175,1779
"calibration",1780,0,1112042051,1780
"calibration",1781,0,727775855,1781
"calibration",1782,0,489625421,1782
"calibration",1783,0,2058092607,1783
"calibration",1784,0,267615794,1784
"calibration",1785,0,351318336,1785
"calibration",1786,0,1585959185,1786
"calibration",1787,0,1074859425,1787
"calibration",1788,0,963578133,1788
"calibration",1789,0,1148737004,1789
"calibration",1790,0,1284793035,1790
"calibration",1791,0,2050312325,1791
"calibration",1792,0,1117615019,1792
"calibration",1793,0,1409746530,1793
"calibration",1794,0,1280714981,1794
"calibration",1795,0,1945494347,1795
"calibration",1796,0,1705653079,1796
"calibration",1797,0,746745148,1797
"calibration",1798,0,1645032828,1798
"calibration",1799,0,1368647960,1799
"calibration",1800,0,1247895282,1800
"calibration",1801,0,1235910064,1801
"calibration",1802,0,306204423,1802
"calibration",1803,0,235849675,1803
"calibration",1804,0,1439815258,1804
"calibration",1805,0,829845648,1805
"calibration",1806,0,24974037,1806
"calibration",1807,0,81787668,1807
"calibration",1808,0,1842721173,1808
"calibration",1809,0,773977575,1809
"calibration",1810,0,1638297443,1810
"calibration",1811,0,1059826168,1811
"calibration",1812,0,801020388,1812
"calibration",1813,0,1449712231,1813
"calibration",1814,0,1235107382,1814
"calibration",1815,0,2061385265,1815
"calibration",1816,0,1494922525,1816
"calibration",1817,0,559995039,1817
"calibration",1818,0,606503173,1818
"calibration",1819,0,157630582,1819
"calibration",1820,0,1180379409,1820
"calibration",1821,0,232138429,1821
"calibration",1822,0,1507153951,1822
"calibration",1823,0,482600181,1823
"calibration",1824,0,983316359,1824
"calibration",1825,0,600810452,1825
"calibration",1826,0,1000271832,1826
"calibration",1827,0,147159529,1827
"calibration",1828,0,151336266,1828
"calibration",1829,0,872458755,1829
"calibration",1830,0,1294507037,1830
"calibration",1831,0,1915515825,1831
"calibration",1832,0,951929812,1832
"calibration",1833,0,1878685705,1833
"calibration",1834,0,206260562,1834
"calibration",1835,0,660518763,1835
"calibration",1836,0,681738121,1836
"calibration",1837,0,1567030565,1837
"calibration",1838,0,302150145,1838
"calibration",1839,0,733289627,1839
"calibration",1840,0,1589602060,1840
"calibration",1841,0,6212704,1841
"calibration",1842,0,1452218160,1842
"calibration",1843,0,209549904,1843
"calibration",1844,0,969024348,1844
"calibration",1845,0,1760948509,1845
"calibration",1846,0,1961711653,1846
"calibration",1847,0,422961294,1847
"calibration",1848,0,737285111,1848
"calibration",1849,0,1234593640,1849
"calibration",1850,0,709008,1850
"calibration",1851,0,519578168,1851
"calibration",1852,0,1864222683,1852
"calibration",1853,0,2101292505,1853
"calibration",1854,0,1633967331,1854
"calibration",1855,0,457481283,1855
"calibration",1856,0,81999675,1856
"calibration",1857,0,113491218,1857
"calibration",1858,0,1167964561,1858
"calibration",1859,0,1786242007,1859
"calibration",1860,0,1496790012,1860
"calibration",1861,0,1915841473,1861
"calibration",1862,0,811514715,1862
"calibration",1863,0,507011403,1863
"calibration",1864,0,405934400,1864
"calibration",1865,0,1674369645,1865
"calibration",1866,0,1881327922,1866
"calibration",1867,0,99347495,1867
"calibration",1868,0,260271810,1868
"calibration",1869,0,1090068891,1869
"calibration",1870,0,762672195,1870
"calibration",1871,0,1191035175,1871
"calibration",1872,0,300404704,1872
"calibration",1873,0,1137222492,1873
"calibration",1874,0,1229335255,1874
"calibration",1875,0,71440120,1875
"calibration",1876,0,1371539484,1876
"calibration",1877,0,1248826687,1877
"calibration",1878,0,1358393593,1878
"calibration",1879,0,1745156214,1879
"calibration",1880,0,386904737,1880
"calibration",1881,0,2035804022,1881
"calibration",1882,0,610288038,1882
"calibration",1883,0,564885684,1883
"calibration",1884,0,1933681100,1884
"calibration",1885,0,125369131,1885
"calibration",1886,0,1402626616,1886
"calibration",1887,0,663109648,1887
"calibration",1888,0,69229337,1888
"calibration",1889,0,1043681844,1889
"calibration",1890,0,507224235,1890
"calibration",1891,0,1935152094,1891
"calibration",1892,0,1360607915,1892
"calibration",1893,0,1284033165,1893
"calibration",1894,0,437581844,1894
"calibration",1895,0,1384697918,1895
"calibration",1896,0,1656456156,1896
"calibration",1897,0,1810523957,1897
"calibration",1898,0,294330767,1898
"calibration",1899,0,586108457,1899
"calibration",1900,0,888778245,1900
"calibration",1901,0,341859650,1901
"calibration",1902,0,1062609470,1902
"calibration",1903,0,939089551,1903
"calibration",1904,0,1511468207,1904
"calibration",1905,0,84213595,1905
"calibration",1906,0,1163687727,1906
"calibration",1907,0,1582327413,1907
"calibration",1908,0,1405763306,1908
"calibration",1909,0,1283520606,1909
"calibration",1910,0,954260889,1910
"calibration",1911,0,2030276650,1911
"calibration",1912,0,1096963214,1912
"calibration",1913,0,1800428995,1913
"calibration",1914,0,1337602047,1914
"calibration",1915,0,1086013512,1915
"calibration",1916,0,1399897155,1916
"calibration",1917,0,1251263695,1917
"calibration",1918,0,2068940506,1918
"calibration",1919,0,666561808,1919
"calibration",1920,0,684758207,1920
"calibration",1921,0,640664738,1921
"calibration",1922,0,990911938,1922
"calibration",1923,0,1541076083,1923
"calibration",1924,0,152102337,1924
"calibration",1925,0,212780685,1925
"calibration",1926,0,1564097201,1926
"calibration",1927,0,2132949182,1927
"calibration",1928,0,1999466043,1928
"calibration",1929,0,1160393707,1929
"calibration",1930,0,1293324106,1930
"calibration",1931,0,965303547,1931
"calibration",1932,0,1309571560,1932
"calibration",1933,0,1430339909,1933
"calibration",1934,0,1925747420,1934
"calibration",1935,0,221154349,1935
"calibration",1936,0,1378620883,1936
"calibration",1937,0,1430835084,1937
"calibration",1938,0,1980434,1938
"calibration",1939,0,2101795030,1939
"calibration",1940,0,479817227,1940
"calibration",1941,0,1879141756,1941
"calibration",1942,0,552788894,1942
"calibration",1943,0,497750908,1943
"calibration",1944,0,1331195793,1944
"calibration",1945,0,1625679167,1945
"calibration",1946,0,636025572,1946
"calibration",1947,0,1534185071,1947
"calibration",1948,0,1107371272,1948
"calibration",1949,0,415903280,1949
"calibration",1950,0,1359498491,1950
"calibration",1951,0,1789507483,1951
"calibration",1952,0,1949556293,1952
"calibration",1953,0,172824050,1953
"calibration",1954,0,1172497931,1954
"calibration",1955,0,57113947,1955
"calibration",1956,0,127938664,1956
"calibration",1957,0,2103190408,1957
"calibration",1958,0,579756609,1958
"calibration",1959,0,1342365955,1959
"calibration",1960,0,2015051165,1960
"calibration",1961,0,1193761952,1961
"calibration",1962,0,1452602607,1962
"calibration",1963,0,423392797,1963
"calibration",1964,0,1063942299,1964
"calibration",1965,0,1655249255,1965
"calibration",1966,0,593722199,1966
"calibration",1967,0,195847495,1967
"calibration",1968,0,122257776,1968
"calibration",1969,0,501337554,1969
"calibration",1970,0,1095597996,1970
"calibration",1971,0,238236847,1971
"calibration",1972,0,305013712,1972
"calibration",1973,0,1011352739,1973
"calibration",1974,0,406215660,1974
"calibration",1975,0,389717137,1975
"calibration",1976,0,622892406,1976
"calibration",1977,0,346383109,1977
"calibration",1978,0,2113935866,1978
"calibration",1979,0,89878303,1979
"calibration",1980,0,511105410,1980
"calibration",1981,0,1256949037,1981
"calibration",1982,0,929768764,1982
"calibration",1983,0,14766677,1983
"calibration",1984,0,1674789693,1984
"calibration",1985,0,541804607,1985
"calibration",1986,0,1279898818,1986
"calibration",1987,0,242603574,1987
"calibration",1988,0,455717655,1988
"calibration",1989,0,455516256,1989
"calibration",1990,0,1544326884,1990
"calibration",1991,0,671435173,1991
"calibration",1992,0,253545904,1992
"calibration",1993,0,549248868,1993
"calibration",1994,0,182319786,1994
"calibration",1995,0,1145778568,1995
"calibration",1996,0,840814410,1996
"calibration",1997,0,1714593962,1997
"calibration",1998,0,816281449,1998
"calibration",1999,0,1810604507,1999
"calibration",2000,0,140366871,2000
"calibration",2001,0,154372853,2001
"calibration",2002,0,197789940,2002
"calibration",2003,0,591373850,2003
"calibration",2004,0,1702951074,2004
"calibration",2005,0,1885069186,2005
"calibration",2006,0,1541793432,2006
"calibration",2007,0,489862475,2007
"calibration",2008,0,2044092789,2008
"calibration",2009,0,100117217,2009
"calibration",2010,0,918506200,2010
"calibration",2011,0,1011027946,2011
"calibration",2012,0,29277267,2012
"calibration",2013,0,1086660934,2013
"calibration",2014,0,1993484175,2014
"calibration",2015,0,184756314,2015
"calibration",2016,0,241485475,2016
"calibration",2017,0,2000567341,2017
"calibration",2018,0,1416036986,2018
"calibration",2019,0,674188459,2019
"calibration",2020,0,1169127011,2020
"calibration",2021,0,903401690,2021
"calibration",2022,0,807699165,2022
"calibration",2023,0,1050484745,2023
"calibration",2024,0,860417412,2024
"calibration",2025,0,794581796,2025
"calibration",2026,0,866571261,2026
"calibration",2027,0,900894707,2027
"calibration",2028,0,1324251513,2028
"calibration",2029,0,42601826,2029
"calibration",2030,0,930102691,2030
"calibration",2031,0,403872585,2031
"calibration",2032,0,2132088270,2032
"calibration",2033,0,7585828,2033
"calibration",2034,0,1228771520,2034
"calibration",2035,0,1975648136,2035
"calibration",2036,0,870842287,2036
"calibration",2037,0,528917989,2037
"calibration",2038,0,33873765,2038
"calibration",2039,0,1098305224,2039
"calibration",2040,0,760445364,2040
"calibration",2041,0,517103934,2041
"calibration",2042,0,996952896,2042
"calibration",2043,0,387753366,2043
"calibration",2044,0,2032716144,2044
"calibration",2045,0,1232792503,2045
"calibration",2046,0,1782458000,2046
"calibration",2047,0,1270164512,2047
"calibration",2048,0,513165256,2048
"calibration",2049,0,898057986,2049
"calibration",2050,0,1315746229,2050
"calibration",2051,0,1637263418,2051
"calibration",2052,0,244819200,2052
"calibration",2053,0,1194670754,2053
"calibration",2054,0,317031351,2054
"calibration",2055,0,1697274354,2055
"calibration",2056,0,1386171502,2056
"calibration",2057,0,703895112,2057
"calibration",2058,0,901338887,2058
"calibration",2059,0,568746866,2059
"calibration",2060,0,79925273,2060
"calibration",2061,0,836162515,2061
"calibration",2062,0,797395630,2062
"calibration",2063,0,1092011829,2063
"calibration",2064,0,1526142833,2064
"calibration",2065,0,1295706751,2065
"calibration",2066,0,1050595368,2066
"calibration",2067,0,257402743,2067
"calibration",2068,0,25969647,2068
"calibration",2069,0,1729960993,2069
"calibration",2070,0,2145701480,2070
"calibration",2071,0,2041855147,2071
"calibration",2072,0,70107838,2072
"calibration",2073,0,2018362913,2073
"calibration",2074,0,1290854018,2074
"calibration",2075,0,692395073,2075
"calibration",2076,0,2076555925,2076
"calibration",2077,0,1491557338,2077
"calibration",2078,0,568407543,2078
"calibration",2079,0,1401117351,2079
"calibration",2080,0,1825510293,2080
"calibration",2081,0,1004854087,2081
"calibration",2082,0,1089984820,2082
"calibration",2083,0,124544500,2083
"calibration",2084,0,1027481874,2084
"calibration",2085,0,127946218,2085
"calibration",2086,0,865901772,2086
"calibration",2087,0,778634188,2087
"calibration",2088,0,1714378619,2088
"calibration",2089,0,1037201668,2089
"calibration",2090,0,1227140668,2090
"calibration",2091,0,995733288,2091
"calibration",2092,0,1404877353,2092
"calibration",2093,0,203813643,2093
"calibration",2094,0,1904019416,2094
"calibration",2095,0,1326599184,2095
"calibration",2096,0,527167751,2096
"calibration",2097,0,1361414324,2097
"calibration",2098,0,473965413,2098
"calibration",2099,0,817276757,2099
"calibration",2100,0,740354899,2100
"calibration",2101,0,175259655,2101
"calibration",2102,0,353975166,2102
"calibration",2103,0,230446566,2103
"calibration",2104,0,1662188662,2104
"calibration",2105,0,746891711,2105
"calibration",2106,0,1362387587,2106
"calibration",2107,0,624980412,2107
"calibration",2108,0,1837679823,2108
"calibration",2109,0,133992121,2109
"calibration",2110,0,1295537963,2110
"calibration",2111,0,191696245,2111
"calibration",2112,0,2011978588,2112
"calibration",2113,0,1920764918,2113
"calibration",2114,0,741119522,2114
"calibration",2115,0,45712533,2115
"calibration",2116,0,992883846,2116
"calibration",2117,0,408545553,2117
"calibration",2118,0,198033534,2118
"calibration",2119,0,1067448069,2119
"calibration",2120,0,1658555331,2120
"calibration",2121,0,1301795693,2121
"calibration",2122,0,484150208,2122
"calibration",2123,0,1473457862,2123
"calibration",2124,0,1827169326,2124
"calibration",2125,0,1064703488,2125
"calibration",2126,0,512616696,2126
"calibration",2127,0,545403145,2127
"calibration",2128,0,2118466280,2128
"calibration",2129,0,1826351636,2129
"calibration",2130,0,1579560456,2130
"calibration",2131,0,1546125953,2131
"calibration",2132,0,1865158330,2132
"calibration",2133,0,703844947,2133
"calibration",2134,0,1358571234,2134
"calibration",2135,0,138639538,2135
"calibration",2136,0,1105383137,2136
"calibration",2137,0,1779577610,2137
"calibration",2138,0,1504074506,2138
"calibration",2139,0,553317199,2139
"calibration",2140,0,717488709,2140
"calibration",2141,0,2103861392,2141
"calibration",2142,0,799694422,2142
"calibration",2143,0,961429641,2143
"calibration",2144,0,1509327444,2144
"calibration",2145,0,294497583,2145
"calibration",2146,0,479826554,2146
"calibration",2147,0,1668177510,2147
"calibration",2148,0,1635288060,2148
"calibration",2149,0,2096493614,2149
"calibration",2150,0,1696033345,2150
"calibration",2151,0,174327946,2151
"calibration",2152,0,1594963160,2152
"calibration",2153,0,329087257,2153
"calibration",2154,0,818100825,2154
"calibration",2155,0,1799455453,2155
"calibration",2156,0,156306159,2156
"calibration",2157,0,568653164,2157
"calibration",2158,0,1643556171,2158
"calibration",2159,0,1765944799,2159
"calibration",2160,0,973390574,2160
"calibration",2161,0,571269423,2161
"calibration",2162,0,812790317,2162
"calibration",2163,0,1575090934,2163
"calibration",2164,0,221135493,2164
"calibration",2165,0,9802632,2165
"calibration",2166,0,1920921391,2166
"calibration",2167,0,1210365769,2167
"calibration",2168,0,1666860918,2168
"calibration",2169,0,2141053007,2169
"calibration",2170,0,478302412,2170
"calibration",2171,0,1356033392,2171
"calibration",2172,0,1745865801,2172
"calibration",2173,0,1443907821,2173
"calibration",2174,0,91652774,2174
"calibration",2175,0,656782554,2175
"calibration",2176,0,719370958,2176
"calibration",2177,0,1273943577,2177
"calibration",2178,0,1774567788,2178
"calibration",2179,0,382521396,2179
"calibration",2180,0,675915511,2180
"calibration",2181,0,1371877191,2181
"calibration",2182,0,1853902432,2182
"calibration",2183,0,1295238463,2183
"calibration",2184,0,1766675819,2184
"calibration",2185,0,1893132924,2185
"calibration",2186,0,1234094534,2186
"calibration",2187,0,1882692285,2187
"calibration",2188,0,1940050260,2188
"calibration",2189,0,717845310,2189
"calibration",2190,0,103593865,2190
"calibration",2191,0,1711548835,2191
"calibration",2192,0,1982055276,2192
"calibration",2193,0,538557701,2193
"calibration",2194,0,61753952,2194
"calibration",2195,0,644709364,2195
"calibration",2196,0,418108697,2196
"calibration",2197,0,1963168927,2197
"calibration",2198,0,1610943480,2198
"calibration",2199,0,13897766,2199
"calibration",2200,0,1874587198,2200
"calibration",2201,0,591838712,2201
"calibration",2202,0,1945979176,2202
"calibration",2203,0,1328461688,2203
"calibration",2204,0,2100020431,2204
"calibration",2205,0,1547352451,2205
"calibration",2206,0,714551398,2206
"calibration",2207,0,1228640127,2207
"calibration",2208,0,1836642758,2208
"calibration",2209,0,695459747,2209
"calibration",2210,0,2008983179,2210
"calibration",2211,0,596565853,2211
"calibration",2212,0,1377360940,2212
"calibration",2213,0,1396115972,2213
"calibration",2214,0,1610558223,2214
"calibration",2215,0,1579812585,2215
"calibration",2216,0,1603417259,2216
"calibration",2217,0,1148173332,2217
"calibration",2218,0,1924418655,2218
"calibration",2219,0,100516355,2219
"calibration",2220,0,1427094411,2220
"calibration",2221,0,286387301,2221
"calibration",2222,0,1938020865,2222
"calibration",2223,0,2049064824,2223
"calibration",2224,0,1228576821,2224
"calibration",2225,0,227387213,2225
"calibration",2226,0,1623883319,2226
"calibration",2227,0,1836361403,2227
"calibration",2228,0,1439677020,2228
"calibration",2229,0,1944054701,2229
"calibration",2230,0,420203353,2230
"calibration",2231,0,215833502,2231
"calibration",2232,0,166336700,2232
"calibration",2233,0,616729543,2233
"calibration",2234,0,590205549,2234
"calibration",2235,0,1102281655,2235
"calibration",2236,0,811091255,2236
"calibration",2237,0,16662405,2237
"calibration",2238,0,182110462,2238
"calibration",2239,0,1809985350,2239
"calibration",2240,0,694890319,2240
"calibration",2241,0,190070712,2241
"calibration",2242,0,1995930311,2242
"calibration",2243,0,2049492397,2243
"calibration",2244,0,1160334595,2244
"calibration",2245,0,1667082753,2245
"calibration",2246,0,340418589,2246
"calibration",2247,0,804762875,2247
"calibration",2248,0,1941916117,2248
"calibration",2249,0,836652600,2249
"calibration",2250,0,1776705989,2250
"calibration",2251,0,605715395,2251
"calibration",2252,0,1009854532,2252
"calibration",2253,0,344554324,2253
"calibration",2254,0,855263471,2254
"calibration",2255,0,1488259566,2255
"calibration",2256,0,1229353453,2256
"calibration",2257,0,616425905,2257
"calibration",2258,0,45429801,2258
"calibration",2259,0,1205760950,2259
"calibration",2260,0,1222977873,2260
"calibration",2261,0,1848750638,2261
"calibration",2262,0,1467811170,2262
"calibration",2263,0,1683821262,2263
"calibration",2264,0,243479152,2264
"calibration",2265,0,1158774860,2265
"calibration",2266,0,131563375,2266
"calibration",2267,0,438165822,2267
"calibration",2268,0,722140420,2268
"calibration",2269,0,1894486511,2269
"calibration",2270,0,1443074024,2270
"calibration",2271,0,1440898667,2271
"calibration",2272,0,1383622552,2272
"calibration",2273,0,1054577140,2273
"calibration",2274,0,525343495,2274
"calibration",2275,0,2045247656,2275
"calibration",2276,0,819093834,2276
"calibration",2277,0,349625961,2277
"calibration",2278,0,323211096,2278
"calibration",2279,0,96588736,2279
"calibration",2280,0,1596133040,2280
"calibration",2281,0,620713035,2281
"calibration",2282,0,284965458,2282
"calibration",2283,0,1651822143,2283
"calibration",2284,0,978179008,2284
"calibration",2285,0,267182179,2285
"calibration",2286,0,1485075724,2286
"calibration",2287,0,1438392521,2287
"calibration",2288,0,1634860856,2288
"calibration",2289,0,1751601754,2289
"calibration",2290,0,312351135,2290
"calibration",2291,0,1374846828,2291
"calibration",2292,0,904908614,2292
"calibration",2293,0,215363859,2293
"calibration",2294,0,1933474313,2294
"calibration",2295,0,1406758328,2295
"calibration",2296,0,2006012453,2296
"calibration",2297,0,33004135,2297
"calibration",2298,0,2087777449,2298
"calibration",2299,0,394776523,2299
"calibration",2300,0,1627322598,2300
"calibration",2301,0,1567449048,2301
"calibration",2302,0,1014401087,2302
"calibration",2303,0,1846882744,2303
"calibration",2304,0,112474292,2304
"calibration",2305,0,1184726469,2305
"calibration",2306,0,1668057320,2306
"calibration",2307,0,1298670984,2307
"calibration",2308,0,791601413,2308
"calibration",2309,0,388325722,2309
"calibration",2310,0,582282758,2310
"calibration",2311,0,1035976538,2311
"calibration",2312,0,852594280,2312
"calibration",2313,0,642851351,2313
"calibration",2314,0,41332198,2314
"calibration",2315,0,1237695499,2315
"calibration",2316,0,1386122965,2316
"calibration",2317,0,20792913,2317
"calibration",2318,0,698748766,2318
"calibration",2319,0,1690350488,2319
"calibration",2320,0,69661799,2320
"calibration",2321,0,1256205869,2321
"calibration",2322,0,1134406216,2322
"calibration",2323,0,2094868019,2323
"calibration",2324,0,610408434,2324
"calibration",2325,0,1811875192,2325
"calibration",2326,0,1302181634,2326
"calibration",2327,0,1764628173,2327
"calibration",2328,0,633058312,2328
"calibration",2329,0,1870577451,2329
"calibration",2330,0,700620941,2330
"calibration",2331,0,148394493,2331
"calibration",2332,0,1646402219,2332
"calibration",2333,0,824441342,2333
"calibration",2334,0,1332408859,2334
"calibration",2335,0,1788719451,2335
"calibration",2336,0,1105229872,2336
"calibration",2337,0,1745006736,2337
"calibration",2338,0,2108959450,2338
"calibration",2339,0,893692733,2339
"calibration",2340,0,1583199688,2340
"calibration",2341,0,1843191706,2341
"calibration",2342,0,1885534021,2342
"calibration",2343,0,558630657,2343
"calibration",2344,0,671354089,2344
"calibration",2345,0,184684706,2345
"calibration",2346,0,1551594810,2346
"calibration",2347,0,1637151654,2347
"calibration",2348,0,4541586,2348
"calibration",2349,0,1540985068,2349
"calibration",2350,0,2125997730,2350
"calibration",2351,0,167938336,2351
"calibration",2352,0,1249814517,2352
"calibration",2353,0,223616221,2353
"calibration",2354,0,1958638113,2354
"calibration",2355,0,944476182,2355
"calibration",2356,0,1455871870,2356
"calibration",2357,0,1038766540,2357
"calibration",2358,0,1901523201,2358
"calibration",2359,0,1840131948,2359
"calibration",2360,0,267170182,2360
"calibration",2361,0,1301673833,2361
"calibration",2362,0,1695024128,2362
"calibration",2363,0,1409625920,2363
"calibration",2364,0,1903742787,2364
"calibration",2365,0,1415746513,2365
"calibration",2366,0,1625099060,2366
"calibration",2367,0,1005529591,2367
"calibration",2368,0,1054347444,2368
"calibration",2369,0,1218530974,2369
"calibration",2370,0,1808788927,2370
"calibration",2371,0,1841970666,2371
"calibration",2372,0,596048405,2372
"calibration",2373,0,1420581159,2373
"calibration",2374,0,878881398,2374
"calibration",2375,0,1242625642,2375
"calibration",2376,0,1616422624,2376
"calibration",2377,0,2140439106,2377
"calibration",2378,0,692614836,2378
"calibration",2379,0,2028589292,2379
"calibration",2380,0,955086518,2380
"calibration",2381,0,1043829240,2381
"calibration",2382,0,2138549070,2382
"calibration",2383,0,246004103,2383
"calibration",2384,0,878359181,2384
"calibration",2385,0,659416391,2385
"calibration",2386,0,742212046,2386
"calibration",2387,0,1219516547,2387
"calibration",2388,0,1934941523,2388
"calibration",2389,0,1458374233,2389
"calibration",2390,0,1426001602,2390
"calibration",2391,0,90068325,2391
"calibration",2392,0,519935822,2392
"calibration",2393,0,1706218618,2393
"calibration",2394,0,2039036467,2394
"calibration",2395,0,1283985732,2395
"calibration",2396,0,1230677094,2396
"calibration",2397,0,960113026,2397
"calibration",2398,0,377577687,2398
"calibration",2399,0,1635246497,2399
"calibration",2400,0,1134144526,2400
"calibration",2401,0,1482689426,2401
"calibration",2402,0,83277037,2402
"calibration",2403,0,1184130476,2403
"calibration",2404,0,257570761,2404
"calibration",2405,0,907205657,2405
"calibration",2406,0,407139001,2406
"calibration",2407,0,439248201,2407
"calibration",2408,0,395251942,2408
"calibration",2409,0,193112502,2409
"calibration",2410,0,486262385,2410
"calibration",2411,0,1967225854,2411
"calibration",2412,0,730667986,2412
"calibration",2413,0,836709684,2413
"calibration",2414,0,777093708,2414
"calibration",2415,0,1549507186,2415
"calibration",2416,0,692139708,2416
"calibration",2417,0,1069080946,2417
"calibration",2418,0,1668414143,2418
"calibration",2419,0,1800300411,2419
"calibration",2420,0,1718335276,2420
"calibration",2421,0,424520425,2421
"calibration",2422,0,615295111,2422
"calibration",2423,0,2013875114,2423
"calibration",2424,0,712169455,2424
"calibration",2425,0,1107900076,2425
"calibration",2426,0,383105339,2426
"calibration",2427,0,794325441,2427
"calibration",2428,0,730036457,2428
"calibration",2429,0,815391414,2429
"calibration",2430,0,907971614,2430
"calibration",2431,0,406450096,2431
"calibration",2432,0,1837719347,2432
"calibration",2433,0,553064051,2433
"calibration",2434,0,1573754321,2434
"calibration",2435,0,1637350653,2435
"calibration",2436,0,1020818173,2436
"calibration",2437,0,46049478,2437
"calibration",2438,0,1983250845,2438
"calibration",2439,0,1507979809,2439
"calibration",2440,0,541933841,2440
"calibration",2441,0,1057273046,2441
"calibration",2442,0,613593936,2442
"calibration",2443,0,1322288030,2443
"calibration",2444,0,883051591,2444
"calibration",2445,0,320276432,2445
"calibration",2446,0,1848227218,2446
"calibration",2447,0,1004809590,2447
"calibration",2448,0,196323381,2448
"calibration",2449,0,1345651208,2449
"calibration",2450,0,1137830089,2450
"calibration",2451,0,500801783,2451
"calibration",2452,0,187866853,2452
"calibration",2453,0,1346696237,2453
"calibration",2454,0,721679242,2454
"calibration",2455,0,2129591059,2455
"calibration",2456,0,198585824,2456
"calibration",2457,0,534922248,2457
"calibration",2458,0,2046845107,2458
"calibration",2459,0,121656595,2459
"calibration",2460,0,655269055,2460
"calibration",2461,0,1597482523,2461
"calibration",2462,0,1314128293,2462
"calibration",2463,0,1697750070,2463
"calibration",2464,0,27052290,2464
"calibration",2465,0,1823965200,2465
"calibration",2466,0,1802102096,2466
"calibration",2467,0,959452967,2467
"calibration",2468,0,191637647,2468
"calibration",2469,0,144089244,2469
"calibration",2470,0,1290707348,2470
"calibration",2471,0,567997363,2471
"calibration",2472,0,865082651,2472
"calibration",2473,0,300522639,2473
"calibration",2474,0,663113434,2474
"calibration",2475,0,1963918758,2475
"calibration",2476,0,1907338727,2476
"calibration",2477,0,798569476,2477
"calibration",2478,0,942238127,2478
"calibration",2479,0,306820906,2479
"calibration",2480,0,1659298202,2480
"calibration",2481,0,1450515807,2481
"calibration",2482,0,1130084405,2482
"calibration",2483,0,2046851663,2483
"calibration",2484,0,2098660767,2484
"calibration",2485,0,1458556005,2485
"calibration",2486,0,129144609,2486
"calibration",2487,0,1668309448,2487
"calibration",2488,0,588758418,2488
"calibration",2489,0,739933280,2489
"calibration",2490,0,742647761,2490
"calibration",2491,0,1822889588,2491
"calibration",2492,0,48050117,2492
"calibration",2493,0,1644372464,2493
"calibration",2494,0,1478476696,2494
"calibration",2495,0,1098036572,2495
"calibration",2496,0,1276778396,2496
"calibration",2497,0,995537160,2497
"calibration",2498,0,609070211,2498
"calibration",2499,0,926356569,2499
"calibration",2500,0,653055314,2500
"calibration",2501,0,1567919164,2501
"calibration",2502,0,270846284,2502
"calibration",2503,0,343796258,2503
"calibration",2504,0,1553708619,2504
"calibration",2505,0,1981381942,2505
"calibration",2506,0,1785126908,2506
"calibration",2507,0,181970405,2507
"calibration",2508,0,1136607019,2508
"calibration",2509,0,1997628881,2509
"calibration",2510,0,608742139,2510
"calibration",2511,0,1899931253,2511
"calibration",2512,0,425219469,2512
"calibration",2513,0,447447508,2513
"calibration",2514,0,1002243182,2514
"calibration",2515,0,1523476996,2515
"calibration",2516,0,1032349860,2516
"calibration",2517,0,1371168859,2517
"calibration",2518,0,911499927,2518
"calibration",2519,0,347248505,2519
"calibration",2520,0,1759745351,2520
"calibration",2521,0,681599461,2521
"calibration",2522,0,355226857,2522
"calibration",2523,0,848255107,2523
"calibration",2524,0,52106718,2524
"calibration",2525,0,793685733,2525
"calibration",2526,0,2019571907,2526
"calibration",2527,0,850888492,2527
"calibration",2528,0,60556221,2528
"calibration",2529,0,1281207307,2529
"calibration",2530,0,931902049,2530
"calibration",2531,0,1549911903,2531
"calibration",2532,0,622101610,2532
"calibration",2533,0,81297760,2533
"calibration",2534,0,1680326294,2534
"calibration",2535,0,1614779304,2535
"calibration",2536,0,286633158,2536
"calibration",2537,0,1458744344,2537
"calibration",2538,0,2048554401,2538
"calibration",2539,0,1806273655,2539
"calibration",2540,0,1618103534,2540
"calibration",2541,0,271369298,2541
"calibration",2542,0,1802841408,2542
"calibration",2543,0,1411742140,2543
"calibration",2544,0,77652216,2544
"calibration",2545,0,604977656,2545
"calibration",2546,0,1263585253,2546
"calibration",2547,0,1434773584,2547
"calibration",2548,0,832366298,2548
"calibration",2549,0,753394570,2549
"calibration",2550,0,1943858392,2550
"calibration",2551,0,1015863517,2551
"calibration",2552,0,479220001,2552
"calibration",2553,0,712784893,2553
"calibration",2554,0,1529944608,2554
"calibration",2555,0,554973021,2555
"calibration",2556,0,1378358968,2556
"calibration",2557,0,21153612,2557
"calibration",2558,0,693216410,2558
"calibration",2559,0,321352287,2559
"calibration",2560,0,377685712,2560
"calibration",2561,0,1933448591,2561
"calibration",2562,0,846896418,2562
"calibration",2563,0,173491887,2563
"calibration",2564,0,517487020,2564
"calibration",2565,0,943878816,2565
"calibration",2566,0,598380159,2566
"calibration",2567,0,467231326,2567
"calibration",2568,0,1476293792,2568
"calibration",2569,0,1371390583,2569
"calibration",2570,0,1047781279,2570
"calibration",2571,0,698501659,2571
"calibration",2572,0,1706911668,2572
"calibration",2573,0,1758558765,2573
"calibration",2574,0,562988511,2574
"calibration",2575,0,1508611908,2575
"calibration",2576,0,847504804,2576
"calibration",2577,0,1407266341,2577
"calibration",2578,0,110258694,2578
"calibration",2579,0,344185180,2579
"calibration",2580,0,1840080881,2580
"calibration",2581,0,1591541192,2581
"calibration",2582,0,2114428941,2582
"calibration",2583,0,310221247,2583
"calibration",2584,0,1332596776,2584
"calibration",2585,0,1865089621,2585
"calibration",2586,0,374730950,2586
"calibration",2587,0,953860384,2587
"calibration",2588,0,2089636303,2588
"calibration",2589,0,719657054,2589
"calibration",2590,0,1064559961,2590
"calibration",2591,0,1199382347,2591
"calibration",2592,0,469431282,2592
"calibration",2593,0,1001178898,2593
"calibration",2594,0,499779920,2594
"calibration",2595,0,1256182471,2595
"calibration",2596,0,321704387,2596
"calibration",2597,0,176606554,2597
"calibration",2598,0,963218507,2598
"calibration",2599,0,1903826507,2599
"calibration",2600,0,598038740,2600
"calibration",2601,0,698589141,2601
"calibration",2602,0,2063319581,2602
"calibration",2603,0,1985660697,2603
"calibration",2604,0,1795143113,2604
"calibration",2605,0,1097224266,2605
"calibration",2606,0,1225462181,2606
"calibration",2607,0,1767130362,2607
"calibration",2608,0,2051117208,2608
"calibration",2609,0,620921451,2609
"calibration",2610,0,1484871099,2610
"calibration",2611,0,12272180,2611
"calibration",2612,0,1259794090,2612
"calibration",2613,0,837573042,2613
"calibration",2614,0,1400891586,2614
"calibration",2615,0,1038864030,2615
"calibration",2616,0,671506156,2616
"calibration",2617,0,1111474820,2617
"calibration",2618,0,1652264580,2618
"calibration",2619,0,1908302319,2619
"calibration",2620,0,1850995276,2620
"calibration",2621,0,1530621294,2621
"calibration",2622,0,879071318,2622
"calibration",2623,0,862882424,2623
"calibration",2624,0,1595555987,2624
"calibration",2625,0,44296228,2625
"calibration",2626,0,876752684,2626
"calibration",2627,0,1763694308,2627
"calibration",2628,0,57501383,2628
"calibration",2629,0,653622116,2629
"calibration",2630,0,1250029033,2630
"calibration",2631,0,1292675031,2631
"calibration",2632,0,749023667,2632
"calibration",2633,0,1942324919,2633
"calibration",2634,0,369211643,2634
"calibration",2635,0,401085311,2635
"calibration",2636,0,1716650931,2636
"calibration",2637,0,405645068,2637
"calibration",2638,0,847833518,2638
"calibration",2639,0,440467353,2639
"calibration",2640,0,475088031,2640
"calibration",2641,0,300208993,2641
"calibration",2642,0,932429964,2642
"calibration",2643,0,1931185848,2643
"calibration",2644,0,210013226,2644
"calibration",2645,0,1674314151,2645
"calibration",2646,0,564472382,2646
"calibration",2647,0,1467001040,2647
"calibration",2648,0,1724031355,2648
"calibration",2649,0,1966461815,2649
"calibration",2650,0,876824277,2650
"calibration",2651,0,1878611189,2651
"calibration",2652,0,2146438356,2652
"calibration",2653,0,1342245391,2653
"calibration",2654,0,1335417492,2654
"calibration",2655,0,747655044,2655
"calibration",2656,0,1434182514,2656
"calibration",2657,0,1729242511,2657
"calibration",2658,0,932780794,2658
"calibration",2659,0,1574022049,2659
"calibration",2660,0,1560724202,2660
"calibration",2661,0,732046616,2661
"calibration",2662,0,1352555259,2662
"calibration",2663,0,1081632336,2663
"calibration",2664,0,1577123190,2664
"calibration",2665,0,1610768069,2665
"calibration",2666,0,840606970,2666
"calibration",2667,0,932662893,2667
"calibration",2668,0,2006557997,2668
"calibration",2669,0,19630702,2669
"calibration",2670,0,1811299380,2670
"calibration",2671,0,737472265,2671
"calibration",2672,0,475827580,2672
"calibration",2673,0,1708851271,2673
"calibration",2674,0,658854489,2674
"calibration",2675,0,543499067,2675
"calibration",2676,0,291489953,2676
"calibration",2677,0,632640956,2677
"calibration",2678,0,926833031,2678
"calibration",2679,0,1929816020,2679
"calibration",2680,0,523132433,2680
"calibration",2681,0,1267819692,2681
"calibration",2682,0,450087375,2682
"calibration",2683,0,972672978,2683
"calibration",2684,0,1505368123,2684
"calibration",2685,0,889667862,2685
"calibration",2686,0,1655146265,2686
"calibration",2687,0,202946314,2687
"calibration",2688,0,1900105053,2688
"calibration",2689,0,720321150,2689
"calibration",2690,0,1257203668,2690
"calibration",2691,0,1231211523,2691
"calibration",2692,0,1481588503,2692
"calibration",2693,0,289422805,2693
"calibration",2694,0,317782091,2694
"calibration",2695,0,178785870,2695
"calibration",2696,0,472579270,2696
"calibration",2697,0,507540530,2697
"calibration",2698,0,805555434,2698
"calibration",2699,0,1869723040,2699
"calibration",2700,0,460677100,2700
"calibration",2701,0,2004132373,2701
"calibration",2702,0,103280686,2702
"calibration",2703,0,1313010591,2703
"calibration",2704,0,216162069,2704
"calibration",2705,0,1552159966,2705
"calibration",2706,0,2000747078,2706
"calibration",2707,0,1408267144,2707
"calibration",2708,0,1464969242,2708
"calibration",2709,0,2067175203,2709
"calibration",2710,0,1384640606,2710
"calibration",2711,0,1086095179,2711
"calibration",2712,0,1600229390,2712
"calibration",2713,0,1710281725,2713
"calibration",2714,0,785736059,2714
"calibration",2715,0,565183765,2715
"calibration",2716,0,890085888,2716
"calibration",2717,0,1181387841,2717
"calibration",2718,0,1214675781,2718
"calibration",2719,0,1831370824,2719
"calibration",2720,0,1095163424,2720
"calibration",2721,0,1417728140,2721
"calibration",2722,0,505007999,2722
"calibration",2723,0,676186295,2723
"calibration",2724,0,719195229,2724
"calibration",2725,0,1500583146,2725
"calibration",2726,0,1489525930,2726
"calibration",2727,0,1567581098,2727
"calibration",2728,0,1137906842,2728
"calibration",2729,0,1027348431,2729
"calibration",2730,0,1775896003,2730
"calibration",2731,0,1976774130,2731
"calibration",2732,0,478235445,2732
"calibration",2733,0,721773313,2733
"calibration",2734,0,365603899,2734
"calibration",2735,0,1175251233,2735
"calibration",2736,0,877317418,2736
"calibration",2737,0,1188976072,2737
"calibration",2738,0,1248357057,2738
"calibration",2739,0,1570768145,2739
"calibration",2740,0,1517202421,2740
"calibration",2741,0,42869072,2741
"calibration",2742,0,1821876020,2742
"calibration",2743,0,383950826,2743
"calibration",2744,0,1784773423,2744
"calibration",2745,0,1800216885,2745
"calibration",2746,0,299725870,2746
"calibration",2747,0,144001164,2747
"calibration",2748,0,362876941,2748
"calibration",2749,0,115492286,2749
"calibration",2750,0,14379742,2750
"calibration",2751,0,1065163994,2751
"calibration",2752,0,1187321036,2752
"calibration",2753,0,2052036270,2753
"calibration",2754,0,2026454847,2754
"calibration",2755,0,268983852,2755
"calibration",2756,0,51626099,2756
"calibration",2757,0,1633874843,2757
"calibration",2758,0,920463137,2758
"calibration",2759,0,1153310982,2759
"calibration",2760,0,547595214,2760
"calibration",2761,0,1261509245,2761
"calibration",2762,0,621057016,2762
"calibration",2763,0,1303568565,2763
"calibration",2764,0,221438362,2764
"calibration",2765,0,2081391396,2765
"calibration",2766,0,656727064,2766
"calibration",2767,0,506102012,2767
"calibration",2768,0,1572360847,2768
"calibration",2769,0,1401641139,2769
"calibration",2770,0,1332043387,2770
"calibration",2771,0,924080741,2771
"calibration",2772,0,1737971680,2772
"calibration",2773,0,1979194503,2773
"calibration",2774,0,4211580,2774
"calibration",2775,0,2132978746,2775
"calibration",2776,0,1434423893,2776
"calibration",2777,0,328185373,2777
"calibration",2778,0,908125379,2778
"calibration",2779,0,1213929787,2779
"calibration",2780,0,256670568,2780
"calibration",2781,0,176446476,2781
"calibration",2782,0,1060922187,2782
"calibration",2783,0,62740374,2783
"calibration",2784,0,1500138512,2784
"calibration",2785,0,1531169754,2785
"calibration",2786,0,1800987566,2786
"calibration",2787,0,457169653,2787
"calibration",2788,0,693017302,2788
"calibration",2789,0,488329635,2789
"calibration",2790,0,298527912,2790
"calibration",2791,0,272355739,2791
"calibration",2792,0,1730489684,2792
"calibration",2793,0,1035981135,2793
"calibration",2794,0,1042188659,2794
"calibration",2795,0,1052021497,2795
"calibration",2796,0,1630659678,2796
"calibration",2797,0,220143292,2797
"calibration",2798,0,600154938,2798
"calibration",2799,0,1153652269,2799
"calibration",2800,0,1642950866,2800
"calibration",2801,0,1916506907,2801
"calibration",2802,0,1850199679,2802
"calibration",2803,0,1104202538,2803
"calibration",2804,0,13160781,2804
"calibration",2805,0,1703465649,2805
"calibration",2806,0,2080286976,2806
"calibration",2807,0,1097201398,2807
"calibration",2808,0,978316884,2808
"calibration",2809,0,1913722026,2809
"calibration",2810,0,2100485334,2810
"calibration",2811,0,710169608,2811
"calibration",2812,0,1450023576,2812
"calibration",2813,0,699313958,2813
"calibration",2814,0,1895297582,2814
"calibration",2815,0,2016458371,2815
"calibration",2816,0,1927381115,2816
"calibration",2817,0,337858610,2817
"calibration",2818,0,1193822053,2818
"calibration",2819,0,363559023,2819
"calibration",2820,0,450660745,2820
"calibration",2821,0,1232300746,2821
"calibration",2822,0,1416205733,2822
"calibration",2823,0,1086170358,2823
"calibration",2824,0,909000428,2824
"calibration",2825,0,1946185353,2825
"calibration",2826,0,819870440,2826
"calibration",2827,0,1150815582,2827
"calibration",2828,0,1592096608,2828
"calibration",2829,0,1113120064,2829
"calibration",2830,0,572225870,2830
"calibration",2831,0,52159473,2831
"calibration",2832,0,563454210,2832
"calibration",2833,0,287961427,2833
"calibration",2834,0,1144432156,2834
"calibration",2835,0,1362668619,2835
"calibration",2836,0,618760344,2836
"calibration",2837,0,1588376078,2837
"calibration",2838,0,1774929170,2838
"calibration",2839,0,444362070,2839
"calibration",2840,0,35819268,2840
"calibration",2841,0,1832604788,2841
"calibration",2842,0,1797836317,2842
"calibration",2843,0,698885900,2843
"calibration",2844,0,397845908,2844
"calibration",2845,0,531722147,2845
"calibration",2846,0,1998888259,2846
"calibration",2847,0,970444961,2847
"calibration",2848,0,1390850411,2848
"calibration",2849,0,204079681,2849
"calibration",2850,0,1660123852,2850
"calibration",2851,0,891584441,2851
"calibration",2852,0,204221140,2852
"calibration",2853,0,1234652423,2853
"calibration",2854,0,1478324524,2854
"calibration",2855,0,1439152146,2855
"calibration",2856,0,779588372,2856
"calibration",2857,0,643925086,2857
"calibration",2858,0,1300529802,2858
"calibration",2859,0,958315876,2859
"calibration",2860,0,729337760,2860
"calibration",2861,0,737853401,2861
"calibration",2862,0,1976790109,2862
"calibration",2863,0,1661388925,2863
"calibration",2864,0,46135748,2864
"calibration",2865,0,133641196,2865
"calibration",2866,0,621079957,2866
"calibration",2867,0,1604018207,2867
"calibration",2868,0,971443754,2868
"calibration",2869,0,863945822,2869
"calibration",2870,0,1802657938,2870
"calibration",2871,0,952001241,2871
"calibration",2872,0,977687659,2872
"calibration",2873,0,1882209259,2873
"calibration",2874,0,754601623,2874
"calibration",2875,0,1144654718,2875
"calibration",2876,0,1594424883,2876
"calibration",2877,0,780651753,2877
"calibration",2878,0,391086684,2878
"calibration",2879,0,637952123,2879
"calibration",2880,0,13823921,2880
"calibration",2881,0,1494577557,2881
"calibration",2882,0,1472984717,2882
"calibration",2883,0,1408498935,2883
"calibration",2884,0,1525985500,2884
"calibration",2885,0,1842268992,2885
"calibration",2886,0,1402524893,2886
"calibration",2887,0,1197056062,2887
"calibration",2888,0,1282202408,2888
"calibration",2889,0,905756233,2889
"calibration",2890,0,1196788748,2890
"calibration",2891,0,1978117154,2891
"calibration",2892,0,1739819308,2892
"calibration",2893,0,334971890,2893
"calibration",2894,0,954698222,2894
"calibration",2895,0,1412762605,2895
"calibration",2896,0,952233057,2896
"calibration",2897,0,521699751,2897
"calibration",2898,0,1738496171,2898
"calibration",2899,0,167959436,2899
"calibration",2900,0,1006824542,2900
"calibration",2901,0,252994129,2901
"calibration",2902,0,1407866872,2902
"calibration",2903,0,148939036,2903
"calibration",2904,0,1124266591,2904
"calibration",2905,0,938834268,2905
"calibration",2906,0,1362928057,2906
"calibration",2907,0,659062614,2907
"calibration",2908,0,1842979381,2908
"calibration",2909,0,23318271,2909
"calibration",2910,0,49151941,2910
"calibration",2911,0,2137248785,2911
"calibration",2912,0,1106458004,2912
"calibration",2913,0,1031144064,2913
"calibration",2914,0,400999441,2914
"calibration",2915,0,963407321,2915
"calibration",2916,0,1142065639,2916
"calibration",2917,0,906368911,2917
"calibration",2918,0,1132236222,2918
"calibration",2919,0,246456844,2919
"calibration",2920,0,46451992,2920
"calibration",2921,0,1875918549,2921
"calibration",2922,0,1280004535,2922
"calibration",2923,0,673102680,2923
"calibration",2924,0,127167719,2924
"calibration",2925,0,1114649727,2925
"calibration",2926,0,2006905708,2926
"calibration",2927,0,672503961,2927
"calibration",2928,0,751322348,2928
"calibration",2929,0,2134998649,2929
"calibration",2930,0,1577286811,2930
"calibration",2931,0,1781731274,2931
"calibration",2932,0,824159485,2932
"calibration",2933,0,793580175,2933
"calibration",2934,0,1016999138,2934
"calibration",2935,0,1377948933,2935
"calibration",2936,0,657609305,2936
"calibration",2937,0,552502827,2937
"calibration",2938,0,1517115517,2938
"calibration",2939,0,1364517286,2939
"calibration",2940,0,3803463,2940
"calibration",2941,0,880178998,2941
"calibration",2942,0,1342862564,2942
"calibration",2943,0,1787925122,2943
"calibration",2944,0,550111674,2944
"calibration",2945,0,16760509,2945
"calibration",2946,0,1863390848,2946
"calibration",2947,0,2051066750,2947
"calibration",2948,0,1386165797,2948
"calibration",2949,0,281098593,2949
"calibration",2950,0,2105101120,2950
"calibration",2951,0,916002195,2951
"calibration",2952,0,158124902,2952
"calibration",2953,0,61161574,2953
"calibration",2954,0,1709078592,2954
"calibration",2955,0,1086416539,2955
"calibration",2956,0,1473486343,2956
"calibration",2957,0,25642843,2957
"calibration",2958,0,1124472700,2958
"calibration",2959,0,415887215,2959
"calibration",2960,0,1382689455,2960
"calibration",2961,0,1279475234,2961
"calibration",2962,0,919859186,2962
"calibration",2963,0,1040084723,2963
"calibration",2964,0,742227070,2964
"calibration",2965,0,1844976891,2965
"calibration",2966,0,2101217957,2966
"calibration",2967,0,1063047399,2967
"calibration",2968,0,829165464,2968
"calibration",2969,0,564506341,2969
"calibration",2970,0,261057719,2970
"calibration",2971,0,41429640,2971
"calibration",2972,0,2078736225,2972
"calibration",2973,0,1561829980,2973
"calibration",2974,0,828409751,2974
"calibration",2975,0,1784028167,2975
"calibration",2976,0,1332833327,2976
"calibration",2977,0,894294093,2977
"calibration",2978,0,1897895087,2978
"calibration",2979,0,570835886,2979
"calibration",2980,0,716324029,2980
"calibration",2981,0,1769606442,2981
"calibration",2982,0,851428131,2982
"calibration",2983,0,2074086362,2983
"calibration",2984,0,662993471,2984
"calibration",2985,0,560885467,2985
"calibration",2986,0,1577466766,2986
"calibration",2987,0,2068016439,2987
"calibration",2988,0,1162499184,2988
"calibration",2989,0,1358455518,2989
"calibration",2990,0,1774505989,2990
"calibration",2991,0,1028489623,2991
"calibration",2992,0,1660654640,2992
"calibration",2993,0,1865271664,2993
"calibration",2994,0,304837571,2994
"calibration",2995,0,728429879,2995
"calibration",2996,0,1035365170,2996
"calibration",2997,0,1515958610,2997
"calibration",2998,0,1473769923,2998
"calibration",2999,0,1676093092,2999
"calibration",3000,0,1543284996,3000
"calibration",3001,0,2055756275,3001
"calibration",3002,0,614653621,3002
"calibration",3003,0,1492860759,3003
"calibration",3004,0,1330108545,3004
"calibration",3005,0,834155925,3005
"calibration",3006,0,602636850,3006
"calibration",3007,0,2138604523,3007
"calibration",3008,0,2086016745,3008
"calibration",3009,0,70925721,3009
"calibration",3010,0,1469811439,3010
"calibration",3011,0,589594064,3011
"calibration",3012,0,1804046633,3012
"calibration",3013,0,2142498560,3013
"calibration",3014,0,200395350,3014
"calibration",3015,0,1519345308,3015
"calibration",3016,0,882254890,3016
"calibration",3017,0,1433569527,3017
"calibration",3018,0,946473761,3018
"calibration",3019,0,296281981,3019
"calibration",3020,0,155201444,3020
"calibration",3021,0,915275429,3021
"calibration",3022,0,201541103,3022
"calibration",3023,0,176650801,3023
"calibration",3024,0,1314272970,3024
"calibration",3025,0,839741114,3025
"calibration",3026,0,1561507709,3026
"calibration",3027,0,1984664268,3027
"calibration",3028,0,912580011,3028
"calibration",3029,0,1664343753,3029
"calibration",3030,0,309513144,3030
"calibration",3031,0,931465027,3031
"calibration",3032,0,957466687,3032
"calibration",3033,0,55476804,3033
"calibration",3034,0,555270760,3034
"calibration",3035,0,1715777465,3035
"calibration",3036,0,1755063132,3036
"calibration",3037,0,155685645,3037
"calibration",3038,0,1832485284,3038
"calibration",3039,0,1260583466,3039
"calibration",3040,0,528383766,3040
"calibration",3041,0,1780349250,3041
"calibration",3042,0,1385892546,3042
"calibration",3043,0,75148436,3043
"calibration",3044,0,65351648,3044
"calibration",3045,0,1197189540,3045
"calibration",3046,0,350159862,3046
"calibration",3047,0,51983420,3047
"calibration",3048,0,1191443478,3048
"calibration",3049,0,775772264,3049
"calibration",3050,0,1049667805,3050
"calibration",3051,0,474673155,3051
"calibration",3052,0,801577851,3052
"calibration",3053,0,1291665433,3053
"calibration",3054,0,101963102,3054
"calibration",3055,0,2056791166,3055
"calibration",3056,0,754909292,3056
"calibration",3057,0,1822956491,3057
"calibration",3058,0,56764856,3058
"calibration",3059,0,758437111,3059
"calibration",3060,0,1225832534,3060
"calibration",3061,0,1786177966,3061
"calibration",3062,0,595514209,3062
"calibration",3063,0,590388822,3063
"calibration",3064,0,1227964105,3064
"calibration",3065,0,65226500,3065
"calibration",3066,0,1834721935,3066
"calibration",3067,0,1739968038,3067
"calibration",3068,0,1428866898,3068
"calibration",3069,0,1385116412,3069
"calibration",3070,0,46521443,3070
"calibration",3071,0,2078457861,3071
"calibration",3072,0,1447499453,3072
"calibration",3073,0,443731282,3073
"calibration",3074,0,423078154,3074
"calibration",3075,0,392872780,3075
"calibration",3076,0,110617244,3076
"calibration",3077,0,1283425351,3077
"calibration",3078,0,1077487318,3078
"calibration",3079,0,1881072343,3079
"calibration",3080,0,2001656838,3080
"calibration",3081,0,2128899214,3081
"calibration",3082,0,2059086204,3082
"calibration",3083,0,264795670,3083
"calibration",3084,0,2058680543,3084
"calibration",3085,0,405502013,3085
"calibration",3086,0,2048956317,3086
"calibration",3087,0,1710027404,3087
"calibration",3088,0,936595026,3088
"calibration",3089,0,556547907,3089
"calibration",3090,0,836632184,3090
"calibration",3091,0,1766360464,3091
"calibration",3092,0,1497652845,3092
"calibration",3093,0,457028946,3093
"calibration",3094,0,1577996996,3094
"calibration",3095,0,796908550,3095
"calibration",3096,0,415683614,3096
"calibration",3097,0,559699037,3097
"calibration",3098,0,2145996228,3098
"calibration",3099,0,198615616,3099
"calibration",3100,0,785783865,3100
"calibration",3101,0,982474120,3101
"calibration",3102,0,1561222401,3102
"calibration",3103,0,1713890104,3103
"calibration",3104,0,709738937,3104
"calibration",3105,0,1653283832,3105
"calibration",3106,0,913540104,3106
"calibration",3107,0,558403624,3107
"calibration",3108,0,1713675691,3108
"calibration",3109,0,1484516404,3109
"calibration",3110,0,42882842,3110
"calibration",3111,0,720336481,3111
"calibration",3112,0,1262484266,3112
"calibration",3113,0,1482026994,3113
"calibration",3114,0,915201762,3114
"calibration",3115,0,1920566954,3115
"calibration",3116,0,1684284844,3116
"calibration",3117,0,1334814336,3117
"calibration",3118,0,610285103,3118
"calibration",3119,0,1190944950,3119
"calibration",3120,0,1464320047,3120
"calibration",3121,0,1050133762,3121
"calibration",3122,0,1351523489,3122
"calibration",3123,0,1331293729,3123
"calibration",3124,0,1573954383,3124
"calibration",3125,0,331312718,3125
"calibration",3126,0,1760403976,3126
"calibration",3127,0,1364256089,3127
"calibration",3128,0,1870845039,3128
"calibration",3129,0,18025484,3129
"calibration",3130,0,1027802091,3130
"calibration",3131,0,1206092901,3131
"calibration",3132,0,1084827448,3132
"calibration",3133,0,2040459437,3133
"calibration",3134,0,235710360,3134
"calibration",3135,0,1185001130,3135
"calibration",3136,0,327497906,3136
"calibration",3137,0,1531042189,3137
"calibration",3138,0,1001110432,3138
"calibration",3139,0,1840867017,3139
"calibration",3140,0,1944672470,3140
"calibration",3141,0,1146703767,3141
"calibration",3142,0,1664352587,3142
"calibration",3143,0,385951345,3143
"calibration",3144,0,1013109842,3144
"calibration",3145,0,2022207359,3145
"calibration",3146,0,2135367390,3146
"calibration",3147,0,398757431,3147
"calibration",3148,0,599095654,3148
"calibration",3149,0,849534716,3149
"calibration",3150,0,1283551457,3150
"calibration",3151,0,1023952351,3151
"calibration",3152,0,368551663,3152
"calibration",3153,0,1801409433,3153
"calibration",3154,0,1403034458,3154
"calibration",3155,0,625735108,3155
"calibration",3156,0,1768107966,3156
"calibration",3157,0,1065301430,3157
"calibration",3158,0,1180387529,3158
"calibration",3159,0,769954903,3159
"calibration",3160,0,1298712469,3160
"calibration",3161,0,395788056,3161
"calibration",3162,0,1388187250,3162
"calibration",3163,0,2067549506,3163
"calibration",3164,0,1728981627,3164
"calibration",3165,0,1412252921,3165
"calibration",3166,0,657917169,3166
"calibration",3167,0,2089414359,3167
"calibration",3168,0,344821087,3168
"calibration",3169,0,624957719,3169
"calibration",3170,0,754056068,3170
"calibration",3171,0,2046962895,3171
"calibration",3172,0,937931572,3172
"calibration",3173,0,1614806200,3173
"calibration",3174,0,1975595014,3174
"calibration",3175,0,1583626359,3175
"calibration",3176,0,2017968392,3176
"calibration",3177,0,1251981813,3177
"calibration",3178,0,1686766274,3178
"calibration",3179,0,1730132648,3179
"calibration",3180,0,758442833,3180
"calibration",3181,0,976965654,3181
"calibration",3182,0,2054933175,3182
"calibration",3183,0,1267544479,3183
"calibration",3184,0,426008290,3184
"calibration",3185,0,952752093,3185
"calibration",3186,0,1260531826,3186
"calibration",3187,0,1713624100,3187
"calibration",3188,0,720953800,3188
"calibration",3189,0,622936264,3189
"calibration",3190,0,361235098,3190
"calibration",3191,0,1509334796,3191
"calibration",3192,0,1453411670,3192
"calibration",3193,0,666085183,3193
"calibration",3194,0,1212242835,3194
"calibration",3195,0,527000575,3195
"calibration",3196,0,282793825,3196
"calibration",3197,0,475110812,3197
"calibration",3198,0,1780678307,3198
"calibration",3199,0,203286338,3199
"calibration",3200,0,1384932876,3200
"calibration",3201,0,321768414,3201
"calibration",3202,0,945077124,3202
"calibration",3203,0,465819564,3203
"calibration",3204,0,859886831,3204
"calibration",3205,0,701986748,3205
"calibration",3206,0,771014103,3206
"calibration",3207,0,80566520,3207
"calibration",3208,0,449265907,3208
"calibration",3209,0,35046716,3209
"calibration",3210,0,1448035534,3210
"calibration",3211,0,627019944,3211
"calibration",3212,0,635383294,3212
"calibration",3213,0,1893830201,3213
"calibration",3214,0,1317368673,3214
"calibration",3215,0,1342591994,3215
"calibration",3216,0,585517158,3216
"calibration",3217,0,774400024,3217
"calibration",3218,0,1504268349,3218
"calibration",3219,0,293417091,3219
"calibration",3220,0,486569978,3220
"calibration",3221,0,1210362738,3221
"calibration",3222,0,1088805644,3222
"calibration",3223,0,1812484020,3223
"calibration",3224,0,1354114069,3224
"calibration",3225,0,2018643861,3225
"calibration",3226,0,488895856,3226
"calibration",3227,0,956903523,3227
"calibration",3228,0,326949649,3228
"calibration",3229,0,115421257,3229
"calibration",3230,0,1063637349,3230
"calibration",3231,0,2048213628,3231
"calibration",3232,0,1348646875,3232
"calibration",3233,0,2073420882,3233
"calibration",3234,0,2005179025,3234
"calibration",3235,0,358699025,3235
"calibration",3236,0,1934085176,3236
"calibration",3237,0,113197104,3237
"calibration",3238,0,1278035957,3238
"calibration",3239,0,1927639243,3239
"calibration",3240,0,1859715724,3240
"calibration",3241,0,1043285895,3241
"calibration",3242,0,1907289583,3242
"calibration",3243,0,323118560,3243
"calibration",3244,0,1096195182,3244
"calibration",3245,0,1372062770,3245
"calibration",3246,0,1716684666,3246
"calibration",3247,0,2095232022,3247
"calibration",3248,0,760609535,3248
"calibration",3249,0,44821680,3249
"calibration",3250,0,1593539257,3250
"calibration",3251,0,1911300785,3251
"calibration",3252,0,1184226446,3252
"calibration",3253,0,219188445,3253
"calibration",3254,0,1891861659,3254
"calibration",3255,0,1841530910,3255
"calibration",3256,0,266121366,3256
"calibration",3257,0,462297100,3257
"calibration",3258,0,1927316100,3258
"calibration",3259,0,2120260479,3259
"calibration",3260,0,860771026,3260
"calibration",3261,0,217392183,3261
"calibration",3262,0,335907941,3262
"calibration",3263,0,2069745693,3263
"calibration",3264,0,301199200,3264
"calibration",3265,0,934840167,3265
"calibration",3266,0,1105631526,3266
"calibration",3267,0,1859889909,3267
"calibration",3268,0,241415838,3268
"calibration",3269,0,534453277,3269
"calibration",3270,0,85886327,3270
"calibration",3271,0,351802016,3271
"calibration",3272,0,885469976,3272
"calibration",3273,0,805671604,3273
"calibration",3274,0,1301957761,3274
"calibration",3275,0,1443962014,3275
"calibration",3276,0,1391218530,3276
"calibration",3277,0,1464848687,3277
"calibration",3278,0,1832620357,3278
"calibration",3279,0,333413994,3279
"calibration",3280,0,1065638399,3280
"calibration",3281,0,1511763907,3281
"calibration",3282,0,750255956,3282
"calibration",3283,0,468897828,3283
"calibration",3284,0,433334685,3284
"calibration",3285,0,246504404,3285
"calibration",3286,0,255598452,3286
"calibration",3287,0,1230273123,3287
"calibration",3288,0,986219729,3288
"calibration",3289,0,1555636985,3289
"calibration",3290,0,1177255359,3290
"calibration",3291,0,1797835032,3291
"calibration",3292,0,2104749504,3292
"calibration",3293,0,1957895312,3293
"calibration",3294,0,7232954,3294
"calibration",3295,0,433923188,3295
"calibration",3296,0,578675701,3296
"calibration",3297,0,381089362,3297
"calibration",3298,0,169667329,3298
"calibration",3299,0,615502143,3299
"calibration",3300,0,1928776438,3300
"calibration",3301,0,780426820,3301
"calibration",3302,0,1702072164,3302
"calibration",3303,0,1241827591,3303
"calibration",3304,0,251058098,3304
"calibration",3305,0,1063677410,3305
"calibration",3306,0,1085028517,3306
"calibration",3307,0,1240619909,3307
"calibration",3308,0,1303967668,3308
"calibration",3309,0,459385503,3309
"calibration",3310,0,1993511110,3310
"calibration",3311,0,981493414,3311
"calibration",3312,0,1025438815,3312
"calibration",3313,0,671362971,3313
"calibration",3314,0,925872460,3314
"calibration",3315,0,1345488538,3315
"calibration",3316,0,782222447,3316
"calibration",3317,0,1983038838,3317
"calibration",3318,0,1467300818,3318
"calibration",3319,0,2124426166,3319
"calibration",3320,0,225514951,3320
"calibration",3321,0,1014346245,3321
"calibration",3322,0,1396244584,3322
"calibration",3323,0,1353753883,3323
"calibration",3324,0,1957092595,3324
"calibration",3325,0,260098426,3325
"calibration",3326,0,2126119048,3326
"calibration",3327,0,86305587,3327
"calibration",3328,0,837848431,3328
"calibration",3329,0,594386065,3329
"calibration",3330,0,17757473,3330
"calibration",3331,0,330438834,3331
"calibration",3332,0,1311469109,3332
"calibration",3333,0,529274622,3333
"calibration",3334,0,1191267468,3334
"calibration",3335,0,1788371518,3335
"calibration",3336,0,859315738,3336
"calibration",3337,0,1806083073,3337
"calibration",3338,0,110092941,3338
"calibration",3339,0,1183950160,3339
"calibration",3340,0,257774244,3340
"calibration",3341,0,179942277,3341
"calibration",3342,0,1113653484,3342
"calibration",3343,0,898368649,3343
"calibration",3344,0,1461335732,3344
"calibration",3345,0,228501422,3345
"calibration",3346,0,548163111,3346
"calibration",3347,0,1216528398,3347
"calibration",3348,0,1259961271,3348
"calibration",3349,0,286042067,3349
"calibration",3350,0,1162464373,3350
"calibration",3351,0,1458127528,3351
"calibration",3352,0,192145234,3352
"calibration",3353,0,602056169,3353
"calibration",3354,0,202734143,3354
"calibration",3355,0,1178077163,3355
"calibration",3356,0,2130428526,3356
"calibration",3357,0,338696970,3357
"calibration",3358,0,1836979026,3358
"calibration",3359,0,502005706,3359
"calibration",3360,0,1010647334,3360
"calibration",3361,0,643162917,3361
"calibration",3362,0,225618788,3362
"calibration",3363,0,1540659364,3363
"calibration",3364,0,1810300998,3364
"calibration",3365,0,1041808188,3365
"calibration",3366,0,283526475,3366
"calibration",3367,0,1006923433,3367
"calibration",3368,0,1940534714,3368
"calibration",3369,0,751444384,3369
"calibration",3370,0,1270385092,3370
"calibration",3371,0,248268434,3371
"calibration",3372,0,1583595516,3372
"calibration",3373,0,409855990,3373
"calibration",3374,0,1265392818,3374
"calibration",3375,0,1772529268,3375
"calibration",3376,0,770581550,3376
"calibration",3377,0,511141150,3377
"calibration",3378,0,518957542,3378
"calibration",3379,0,493306794,3379
"calibration",3380,0,867769139,3380
"calibration",3381,0,1427298003,3381
"calibration",3382,0,2056553233,3382
"calibration",3383,0,65940968,3383
"calibration",3384,0,444464386,3384
"calibration",3385,0,927680128,3385
"calibration",3386,0,1820819629,3386
"calibration",3387,0,1888914905,3387
"calibration",3388,0,1591237783,3388
"calibration",3389,0,698332362,3389
"calibration",3390,0,444522995,3390
"calibration",3391,0,1741117914,3391
"calibration",3392,0,163557061,3392
"calibration",3393,0,1847732588,3393
"calibration",3394,0,1221668830,3394
"calibration",3395,0,1229563173,3395
"calibration",3396,0,1546358547,3396
"calibration",3397,0,551754820,3397
"calibration",3398,0,1127054142,3398
"calibration",3399,0,837011162,3399
"calibration",3400,0,547255954,3400
"calibration",3401,0,3841990,3401
"calibration",3402,0,1131858072,3402
"calibration",3403,0,1243927391,3403
"calibration",3404,0,67510259,3404
"calibration",3405,0,1510326677,3405
"calibration",3406,0,1421676660,3406
"calibration",3407,0,73458251,3407
"calibration",3408,0,1838958603,3408
"calibration",3409,0,1136227358,3409
"calibration",3410,0,528856766,3410
"calibration",3411,0,818407463,3411
"calibration",3412,0,2093784899,3412
"calibration",3413,0,1328231336,3413
"calibration",3414,0,1259725799,3414
"calibration",3415,0,728564948,3415
"calibration",3416,0,1948174429,3416
"calibration",3417,0,1588087792,3417
"calibration",3418,0,443142615,3418
"calibration",3419,0,327007824,3419
"calibration",3420,0,1744735950,3420
"calibration",3421,0,190747039,3421
"calibration",3422,0,1155055312,3422
"calibration",3423,0,1984529073,3423
"calibration",3424,0,205993834,3424
"calibration",3425,0,1615349715,3425
"calibration",3426,0,146779889,3426
"calibration",3427,0,390787914,3427
"calibration",3428,0,333429567,3428
"calibration",3429,0,1570806464,3429
"calibration",3430,0,2014259877,3430
"calibration",3431,0,1876985074,3431
"calibration",3432,0,678337093,3432
"calibration",3433,0,326918134,3433
"calibration",3434,0,407738121,3434
"calibration",3435,0,272578046,3435
"calibration",3436,0,862281336,3436
"calibration",3437,0,343837733,3437
"calibration",3438,0,1761292540,3438
"calibration",3439,0,252896524,3439
"calibration",3440,0,1661648051,3440
"calibration",3441,0,1133949069,3441
"calibration",3442,0,139923353,3442
"calibration",3443,0,1181697366,3443
"calibration",3444,0,2006183211,3444
"calibration",3445,0,1854441145,3445
"calibration",3446,0,1154980972,3446
"calibration",3447,0,1866387379,3447
"calibration",3448,0,1580954008,3448
"calibration",3449,0,1606821766,3449
"calibration",3450,0,167919452,3450
"calibration",3451,0,2099299722,3451
"calibration",3452,0,650951123,3452
"calibration",3453,0,1378839438,3453
"calibration",3454,0,411916027,3454
"calibration",3455,0,1393188496,3455
"calibration",3456,0,304782863,3456
"calibration",3457,0,1192744890,3457
"calibration",3458,0,61287741,3458
"calibration",3459,0,1750019056,3459
"calibration",3460,0,2145277282,3460
"calibration",3461,0,1469437799,3461
"calibration",3462,0,2098749179,3462
"calibration",3463,0,741675204,3463
"calibration",3464,0,1975949886,3464
"calibration",3465,0,1414207159,3465
"calibration",3466,0,1789025959,3466
"calibration",3467,0,1426412409,3467
"calibration",3468,0,1151123405,3468
"calibration",3469,0,1517119876,3469
"calibration",3470,0,1506519693,3470
"calibration",3471,0,1469857895,3471
"calibration",3472,0,1788802838,3472
"calibration",3473,0,2077318706,3473
"calibration",3474,0,1285150372,3474
"calibration",3475,0,196454129,3475
"calibration",3476,0,1953114666,3476
"calibration",3477,0,109846149,3477
"calibration",3478,0,1599974515,3478
"calibration",3479,0,1523976432,3479
"calibration",3480,0,127305512,3480
"calibration",3481,0,124047274,3481
"calibration",3482,0,778035537,3482
"calibration",3483,0,565819617,3483
"calibration",3484,0,2134225548,3484
"calibration",3485,0,954335679,3485
"calibration",3486,0,72146609,3486
"calibration",3487,0,911103435,3487
"calibration",3488,0,1179143038,3488
"calibration",3489,0,339420578,3489
"calibration",3490,0,119774363,3490
"calibration",3491,0,346165611,3491
"calibration",3492,0,1035790557,3492
"calibration",3493,0,618568501,3493
"calibration",3494,0,732326093,3494
"calibration",3495,0,1050091833,3495
"calibration",3496,0,428750984,3496
"calibration",3497,0,2080295912,3497
"calibration",3498,0,1446085980,3498
"calibration",3499,0,565163748,3499
"calibration",3500,0,1383392925,3500
"calibration",3501,0,192711620,3501
"calibration",3502,0,311222708,3502
"calibration",3503,0,442104213,3503
"calibration",3504,0,836800562,3504
"calibration",3505,0,1272418392,3505
"calibration",3506,0,546527953,3506
"calibration",3507,0,349938905,3507
"calibration",3508,0,1616421171,3508
"calibration",3509,0,1988384458,3509
"calibration",3510,0,902513145,3510
"calibration",3511,0,900229588,3511
"calibration",3512,0,1569203828,3512
"calibration",3513,0,1238541355,3513
"calibration",3514,0,1979012390,3514
"calibration",3515,0,1611468927,3515
"calibration",3516,0,1203770944,3516
"calibration",3517,0,1573478982,3517
"calibration",3518,0,2051158984,3518
"calibration",3519,0,992273695,3519
"calibration",3520,0,555158183,3520
"calibration",3521,0,2076793022,3521
"calibration",3522,0,1303790456,3522
"calibration",3523,0,1992964827,3523
"calibration",3524,0,1032164848,3524
"calibration",3525,0,1458357557,3525
"calibration",3526,0,802936451,3526
"calibration",3527,0,1465697913,3527
"calibration",3528,0,763123279,3528
"calibration",3529,0,134946883,3529
"calibration",3530,0,1538857553,3530
"calibration",3531,0,1589836411,3531
"calibration",3532,0,635335988,3532
"calibration",3533,0,1953025716,3533
"calibration",3534,0,909290595,3534
"calibration",3535,0,369193765,3535
"calibration",3536,0,1215541180,3536
"calibration",3537,0,434634590,3537
"calibration",3538,0,2139041518,3538
"calibration",3539,0,1765394790,3539
"calibration",3540,0,1870455782,3540
"calibration",3541,0,826762380,3541
"calibration",3542,0,1197320627,3542
"calibration",3543,0,173042715,3543
"calibration",3544,0,1515292890,3544
"calibration",3545,0,247891745,3545
"calibration",3546,0,1784260944,3546
"calibration",3547,0,58905532,3547
"calibration",3548,0,323957630,3548
"calibration",3549,0,271231298,3549
"calibration",3550,0,1657220144,3550
"calibration",3551,0,1531472217,3551
"calibration",3552,0,2022984327,3552
"calibration",3553,0,2023257149,3553
"calibration",3554,0,1952012065,3554
"calibration",3555,0,822744781,3555
"calibration",3556,0,713474728,3556
"calibration",3557,0,1605074285,3557
"calibration",3558,0,551544923,3558
"calibration",3559,0,194872070,3559
"calibration",3560,0,1640953436,3560
"calibration",3561,0,1118076162,3561
"calibration",3562,0,1788487924,3562
"calibration",3563,0,74986212,3563
"calibration",3564,0,731586932,3564
"calibration",3565,0,1380820512,3565
"calibration",3566,0,1853438001,3566
"calibration",3567,0,1184578162,3567
"calibration",3568,0,1921104524,3568
"calibration",3569,0,1130354746,3569
"calibration",3570,0,366751938,3570
"calibration",3571,0,1951794117,3571
"calibration",3572,0,1120202024,3572
"calibration",3573,0,842446170,3573
"calibration",3574,0,832685253,3574
"calibration",3575,0,194912656,3575
"calibration",3576,0,1443438836,3576
"calibration",3577,0,1305175894,3577
"calibration",3578,0,576913617,3578
"calibration",3579,0,255475394,3579
"calibration",3580,0,473920422,3580
"calibration",3581,0,1293019698,3581
"calibration",3582,0,1163272948,3582
"calibration",3583,0,408223922,3583
"calibration",3584,0,603496018,3584
"calibration",3585,0,1958297530,3585
"calibration",3586,0,1649263587,3586
"calibration",3587,0,551117562,3587
"calibration",3588,0,2112968723,3588
"calibration",3589,0,1698094478,3589
"calibration",3590,0,793243495,3590
"calibration",3591,0,196284971,3591
"calibration",3592,0,900929898,3592
"calibration",3593,0,1364000950,3593
"calibration",3594,0,491298621,3594
"calibration",3595,0,734069550,3595
"calibration",3596,0,1484963670,3596
"calibration",3597,0,853101008,3597
"calibration",3598,0,2044209018,3598
"calibration",3599,0,1239954965,3599
"calibration",3600,0,1133164833,3600
"calibration",3601,0,123762563,3601
"calibration",3602,0,1230591509,3602
"calibration",3603,0,1546811059,3603
"calibration",3604,0,1862561008,3604
"calibration",3605,0,1528632508,3605
"calibration",3606,0,1368265967,3606
"calibration",3607,0,46790753,3607
"calibration",3608,0,606788216,3608
"calibration",3609,0,919505178,3609
"calibration",3610,0,1072627314,3610
"calibration",3611,0,654916814,3611
"calibration",3612,0,98718882,3612
"calibration",3613,0,1982562698,3613
"calibration",3614,0,1046154100,3614
"calibration",3615,0,946469887,3615
"calibration",3616,0,1820863230,3616
"calibration",3617,0,1700970860,3617
"calibration",3618,0,1237699457,3618
"calibration",3619,0,18563591,3619
"calibration",3620,0,2030848764,3620
"calibration",3621,0,918815674,3621
"calibration",3622,0,473522903,3622
"calibration",3623,0,1823351029,3623
"calibration",3624,0,1837754829,3624
"calibration",3625,0,430234937,3625
"calibration",3626,0,1944842945,3626
"calibration",3627,0,983967001,3627
"calibration",3628,0,1384507475,3628
"calibration",3629,0,1574860928,3629
"calibration",3630,0,735102591,3630
"calibration",3631,0,1702092964,3631
"calibration",3632,0,717261147,3632
"calibration",3633,0,506150662,3633
"calibration",3634,0,1751839857,3634
"calibration",3635,0,947978676,3635
"calibration",3636,0,1999302009,3636
"calibration",3637,0,1987377152,3637
"calibration",3638,0,173216156,3638
"calibration",3639,0,940613504,3639
"calibration",3640,0,2052009660,3640
"calibration",3641,0,1371455349,3641
"calibration",3642,0,337432017,3642
"calibration",3643,0,1725830239,3643
"calibration",3644,0,777567057,3644
"calibration",3645,0,1956171182,3645
"calibration",3646,0,1780740771,3646
"calibration",3647,0,1416647215,3647
"calibration",3648,0,1914265794,3648
"calibration",3649,0,1276116730,3649
"calibration",3650,0,424346871,3650
"calibration",3651,0,2088010118,3651
"calibration",3652,0,480553902,3652
"calibration",3653,0,1989045849,3653
"calibration",3654,0,43696390,3654
"calibration",3655,0,978591634,3655
"calibration",3656,0,1609518547,3656
"calibration",3657,0,1043861420,3657
"calibration",3658,0,674813666,3658
"calibration",3659,0,923475454,3659
"calibration",3660,0,284652972,3660
"calibration",3661,0,1272712786,3661
"calibration",3662,0,403106688,3662
"calibration",3663,0,1201771644,3663
"calibration",3664,0,1023400699,3664
"calibration",3665,0,1660971874,3665
"calibration",3666,0,1607610641,3666
"calibration",3667,0,1382049726,3667
"calibration",3668,0,1377018168,3668
"calibration",3669,0,328132399,3669
"calibration",3670,0,63166319,3670
"calibration",3671,0,512011668,3671
"calibration",3672,0,467086889,3672
"calibration",3673,0,858643071,3673
"calibration",3674,0,2065052657,3674
"calibration",3675,0,2078378380,3675
"calibration",3676,0,1100948012,3676
"calibration",3677,0,379264860,3677
"calibration",3678,0,415052054,3678
"calibration",3679,0,1620986961,3679
"calibration",3680,0,1579876235,3680
"calibration",3681,0,1252906435,3681
"calibration",3682,0,788761289,3682
"calibration",3683,0,414747829,3683
"calibration",3684,0,300156036,3684
"calibration",3685,0,338933913,3685
"calibration",3686,0,1796676804,3686
"calibration",3687,0,1420703611,3687
"calibration",3688,0,861093620,3688
"calibration",3689,0,980195746,3689
"calibration",3690,0,77231366,3690
"calibration",3691,0,1861866188,3691
"calibration",3692,0,2065436813,3692
"calibration",3693,0,1055026626,3693
"calibration",3694,0,1670760902,3694
"calibration",3695,0,1575472545,3695
"calibration",3696,0,647332856,3696
"calibration",3697,0,1770039269,3697
"calibration",3698,0,463624282,3698
"calibration",3699,0,1226635965,3699
"calibration",3700,0,1511389976,3700
"calibration",3701,0,1458506978,3701
"calibration",3702,0,1710708888,3702
"calibration",3703,0,1958540146,3703
"calibration",3704,0,1802059506,3704
"calibration",3705,0,330437341,3705
"calibration",3706,0,1099194140,3706
"calibration",3707,0,1834012298,3707
"calibration",3708,0,248978484,3708
"calibration",3709,0,892996047,3709
"calibration",3710,0,339921778,3710
"calibration",3711,0,992585315,3711
"calibration",3712,0,541146844,3712
"calibration",3713,0,1123597989,3713
"calibration",3714,0,414164130,3714
"calibration",3715,0,527956862,3715
"calibration",3716,0,1575921366,3716
"calibration",3717,0,1114576012,3717
"calibration",3718,0,108507062,3718
"calibration",3719,0,69488567,3719
"calibration",3720,0,1859903412,3720
"calibration",3721,0,1439066071,3721
"calibration",3722,0,949041032,3722
"calibration",3723,0,1921607944,3723
"calibration",3724,0,1560544728,3724
"calibration",3725,0,1241901104,3725
"calibration",3726,0,1379375873,3726
"calibration",3727,0,192284346,3727
"calibration",3728,0,482469525,3728
"calibration",3729,0,1408795677,3729
"calibration",3730,0,254514698,3730
"calibration",3731,0,178985156,3731
"calibration",3732,0,1427028819,3732
"calibration",3733,0,1991520875,3733
"calibration",3734,0,1928034355,3734
"calibration",3735,0,2066412649,3735
"calibration",3736,0,373299312,3736
"calibration",3737,0,1850269355,3737
"calibration",3738,0,2074795895,3738
"calibration",3739,0,1027254031,3739
"calibration",3740,0,1218005704,3740
"calibration",3741,0,1020752861,3741
"calibration",3742,0,1561898814,3742
"calibration",3743,0,186245344,3743
"calibration",3744,0,1106128756,3744
"calibration",3745,0,819431999,3745
"calibration",3746,0,243886812,3746
"calibration",3747,0,1029909461,3747
"calibration",3748,0,2076207493,3748
"calibration",3749,0,1916504505,3749
"calibration",3750,0,1623230564,3750
"calibration",3751,0,1150010026,3751
"calibration",3752,0,1304190126,3752
"calibration",3753,0,2008746811,3753
"calibration",3754,0,1372710586,3754
"calibration",3755,0,76284403,3755
"calibration",3756,0,200499108,3756
"calibration",3757,0,1341925869,3757
"calibration",3758,0,271858319,3758
"calibration",3759,0,423826352,3759
"calibration",3760,0,98576138,3760
"calibration",3761,0,917088764,3761
"calibration",3762,0,1529602999,3762
"calibration",3763,0,1049590676,3763
"calibration",3764,0,218174507,3764
"calibration",3765,0,1067792940,3765
"calibration",3766,0,950008145,3766
"calibration",3767,0,1467823269,3767
"calibration",3768,0,822016431,3768
"calibration",3769,0,1758705292,3769
"calibration",3770,0,596065170,3770
"calibration",3771,0,811220140,3771
"calibration",3772,0,943287580,3772
"calibration",3773,0,347065944,3773
"calibration",3774,0,1088119353,3774
"calibration",3775,0,847958892,3775
"calibration",3776,0,1996346139,3776
"calibration",3777,0,1842921357,3777
"calibration",3778,0,2124104665,3778
"calibration",3779,0,1192693993,3779
"calibration",3780,0,1700221484,3780
"calibration",3781,0,1791509418,3781
"calibration",3782,0,1867140251,3782
"calibration",3783,0,1791730191,3783
"calibration",3784,0,1070397057,3784
"calibration",3785,0,385159406,3785
"calibration",3786,0,1130113713,3786
"calibration",3787,0,1973358860,3787
"calibration",3788,0,768965314,3788
"calibration",3789,0,1192704859,3789
"calibration",3790,0,382241927,3790
"calibration",3791,0,558771235,3791
"calibration",3792,0,905094513,3792
"calibration",3793,0,2073017160,3793
"calibration",3794,0,1311778263,3794
"calibration",3795,0,996261206,3795
"calibration",3796,0,1437241200,3796
"calibration",3797,0,1474431745,3797
"calibration",3798,0,950379414,3798
"calibration",3799,0,533023656,3799
"calibration",3800,0,267210642,3800
"calibration",3801,0,946528122,3801
"calibration",3802,0,1040826096,3802
"calibration",3803,0,407100632,3803
"calibration",3804,0,34105010,3804
"calibration",3805,0,1015635823,3805
"calibration",3806,0,696126039,3806
"calibration",3807,0,200297758,3807
"calibration",3808,0,813257379,3808
"calibration",3809,0,1839220853,3809
"calibration",3810,0,293178248,3810
"calibration",3811,0,1363177650,3811
"calibration",3812,0,156762117,3812
"calibration",3813,0,1156337403,3813
"calibration",3814,0,965019199,3814
"calibration",3815,0,1181168074,3815
"calibration",3816,0,1305760976,3816
"calibration",3817,0,163831530,3817
"calibration",3818,0,1275010500,3818
"calibration",3819,0,1079632767,3819
"calibration",3820,0,1980533858,3820
"calibration",3821,0,90712771,3821
"calibration",3822,0,1201067548,3822
"calibration",3823,0,514288816,3823
"calibration",3824,0,1839478009,3824
"calibration",3825,0,1782746677,3825
"calibration",3826,0,1618992203,3826
"calibration",3827,0,1573026532,3827
"calibration",3828,0,1005370411,3828
"calibration",3829,0,1758207967,3829
"calibration",3830,0,1788854328,3830
"calibration",3831,0,1744271192,3831
"calibration",3832,0,1174796966,3832
"calibration",3833,0,132293576,3833
"calibration",3834,0,129046326,3834
"calibration",3835,0,1394466480,3835
"calibration",3836,0,1918866854,3836
"calibration",3837,0,1685150309,3837
"calibration",3838,0,159060440,3838
"calibration",3839,0,2014289459,3839
"calibration",3840,0,1481191838,3840
"calibration",3841,0,1521856898,3841
"calibration",3842,0,295327882,3842
"calibration",3843,0,1260891693,3843
"calibration",3844,0,1885572290,3844
"calibration",3845,0,1947509045,3845
"calibration",3846,0,872520256,3846
"calibration",3847,0,1413018843,3847
"calibration",3848,0,1392067485,3848
"calibration",3849,0,904901004,3849
"calibration",3850,0,714904206,3850
"calibration",3851,0,742550573,3851
"calibration",3852,0,601721255,3852
"calibration",3853,0,129303751,3853
"calibration",3854,0,1511762243,3854
"calibration",3855,0,602432345,3855
"calibration",3856,0,869450424,3856
"calibration",3857,0,732283700,3857
"calibration",3858,0,1383928265,3858
"calibration",3859,0,462619022,3859
"calibration",3860,0,1343916897,3860
"calibration",3861,0,1198653853,3861
"calibration",3862,0,777724198,3862
"calibration",3863,0,1935008165,3863
"calibration",3864,0,433230585,3864
"calibration",3865,0,478358936,3865
"calibration",3866,0,55283331,3866
"calibration",3867,0,1425021760,3867
"calibration",3868,0,2028879326,3868
"calibration",3869,0,1416002810,3869
"calibration",3870,0,1698876094,3870
"calibration",3871,0,1639620924,3871
"calibration",3872,0,72737805,3872
"calibration",3873,0,707169512,3873
"calibration",3874,0,1021207034,3874
"calibration",3875,0,1901591674,3875
"calibration",3876,0,1637091142,3876
"calibration",3877,0,27484820,3877
"calibration",3878,0,1751583121,3878
"calibration",3879,0,1869017418,3879
"calibration",3880,0,1670181735,3880
"calibration",3881,0,1178727684,3881
"calibration",3882,0,274566067,3882
"calibration",3883,0,1022741334,3883
"calibration",3884,0,1739282545,3884
"calibration",3885,0,105830210,3885
"calibration",3886,0,1812415173,3886
"calibration",3887,0,1979038631,3887
"calibration",3888,0,1454920973,3888
"calibration",3889,0,1552796222,3889
"calibration",3890,0,1197103954,3890
"calibration",3891,0,991546535,3891
"calibration",3892,0,1105928639,3892
"calibration",3893,0,820193383,3893
"calibration",3894,0,1197792007,3894
"calibration",3895,0,1259464400,3895
"calibration",3896,0,1785633369,3896
"calibration",3897,0,1012111995,3897
"calibration",3898,0,467668407,3898
"calibration",3899,0,1390467027,3899
"calibration",3900,0,908374537,3900
"calibration",3901,0,548892333,3901
"calibration",3902,0,10012763,3902
"calibration",3903,0,1160479664,3903
"calibration",3904,0,2017876656,3904
"calibration",3905,0,100520720,3905
"calibration",3906,0,241482491,3906
"calibration",3907,0,509775576,3907
"calibration",3908,0,2124542446,3908
"calibration",3909,0,939406708,3909
"calibration",3910,0,1620039068,3910
"calibration",3911,0,7929140,3911
"calibration",3912,0,1267556786,3912
"calibration",3913,0,119868832,3913
"calibration",3914,0,1485018963,3914
"calibration",3915,0,2021047585,3915
"calibration",3916,0,1185428089,3916
"calibration",3917,0,83525960,3917
"calibration",3918,0,1896024748,3918
"calibration",3919,0,463781327,3919
"calibration",3920,0,1467876676,3920
"calibration",3921,0,768255466,3921
"calibration",3922,0,1084278650,3922
"calibration",3923,0,1060186377,3923
"calibration",3924,0,1495123557,3924
"calibration",3925,0,934098025,3925
"calibration",3926,0,1861291642,3926
"calibration",3927,0,2106676261,3927
"calibration",3928,0,1779058184,3928
"calibration",3929,0,807312168,3929
"calibration",3930,0,531312164,3930
"calibration",3931,0,282999853,3931
"calibration",3932,0,391372531,3932
"calibration",3933,0,553346538,3933
"calibration",3934,0,694299221,3934
"calibration",3935,0,1338263153,3935
"calibration",3936,0,1914859598,3936
"calibration",3937,0,1119860382,3937
"calibration",3938,0,666642410,3938
"calibration",3939,0,1804463350,3939
"calibration",3940,0,941019512,3940
"calibration",3941,0,537929491,3941
"calibration",3942,0,1563082287,3942
"calibration",3943,0,776591091,3943
"calibration",3944,0,677389307,3944
"calibration",3945,0,901604008,3945
"calibration",3946,0,1928002124,3946
"calibration",3947,0,1075025220,3947
"calibration",3948,0,180023051,3948
"calibration",3949,0,538536473,3949
"calibration",3950,0,377832005,3950
"calibration",3951,0,1648942825,3951
"calibration",3952,0,479652880,3952
"calibration",3953,0,1844348654,3953
"calibration",3954,0,1808819135,3954
"calibration",3955,0,1964385545,3955
"calibration",3956,0,1236192264,3956
"calibration",3957,0,1048685111,3957
"calibration",3958,0,498230659,3958
"calibration",3959,0,125455673,3959
"calibration",3960,0,1289378177,3960
"calibration",3961,0,818762001,3961
"calibration",3962,0,1757721818,3962
"calibration",3963,0,244665378,3963
"calibration",3964,0,172922932,3964
"calibration",3965,0,1243767182,3965
"calibration",3966,0,459456244,3966
"calibration",3967,0,132590129,3967
"calibration",3968,0,2025820941,3968
"calibration",3969,0,1521191035,3969
"calibration",3970,0,1557953832,3970
"calibration",3971,0,2031656843,3971
"calibration",3972,0,100195843,3972
"calibration",3973,0,1700309278,3973
"calibration",3974,0,2024521696,3974
"calibration",3975,0,337468505,3975
"calibration",3976,0,1380326219,3976
"calibration",3977,0,1547482694,3977
"calibration",3978,0,171458924,3978
"calibration",3979,0,981954403,3979
"calibration",3980,0,971365081,3980
"calibration",3981,0,423050561,3981
"calibration",3982,0,1494779306,3982
"calibration",3983,0,1155478045,3983
"calibration",3984,0,1806463405,3984
"calibration",3985,0,524528959,3985
"calibration",3986,0,212266426,3986
"calibration",3987,0,166288412,3987
"calibration",3988,0,1381808291,3988
"calibration",3989,0,2065891444,3989
"calibration",3990,0,2100449097,3990
"calibration",3991,0,1790268497,3991
"calibration",3992,0,24058582,3992
"calibration",3993,0,767302553,3993
"calibration",3994,0,1947374543,3994
"calibration",3995,0,368714384,3995
"calibration",3996,0,1209892397,3996
"calibration",3997,0,1196032039,3997
"calibration",3998,0,31853310,3998
"calibration",3999,0,671564896,3999
"calibration",4000,0,543716447,4000
"calibration",4001,0,2120461330,4001
"calibration",4002,0,1213829020,4002
"calibration",4003,0,253227762,4003
"calibration",4004,0,329288775,4004
"calibration",4005,0,195199381,4005
"calibration",4006,0,661858316,4006
"calibration",4007,0,971446501,4007
"calibration",4008,0,111258590,4008
"calibration",4009,0,1206035306,4009
"calibration",4010,0,1853126415,4010
"calibration",4011,0,755889868,4011
"calibration",4012,0,1612987329,4012
"calibration",4013,0,544613653,4013
"calibration",4014,0,109261956,4014
"calibration",4015,0,730996771,4015
"calibration",4016,0,1746683067,4016
"calibration",4017,0,2031360787,4017
"calibration",4018,0,261987474,4018
"calibration",4019,0,1463501944,4019
"calibration",4020,0,1564178823,4020
"calibration",4021,0,2087892450,4021
"calibration",4022,0,152454858,4022
"calibration",4023,0,2080823901,4023
"calibration",4024,0,545841532,4024
"calibration",4025,0,1567235140,4025
"calibration",4026,0,2030715328,4026
"calibration",4027,0,1539367012,4027
"calibration",4028,0,1761862726,4028
"calibration",4029,0,332551418,4029
"calibration",4030,0,897378351,4030
"calibration",4031,0,1624962303,4031
"calibration",4032,0,1340643413,4032
"calibration",4033,0,1806891882,4033
"calibration",4034,0,1169903898,4034
"calibration",4035,0,1245220506,4035
"calibration",4036,0,1985498754,4036
"calibration",4037,0,415358171,4037
"calibration",4038,0,214362730,4038
"calibration",4039,0,132028727,4039
"calibration",4040,0,825194153,4040
"calibration",4041,0,127758679,4041
"calibration",4042,0,401029607,4042
"calibration",4043,0,135106009,4043
"calibration",4044,0,1584104384,4044
"calibration",4045,0,1919270902,4045
"calibration",4046,0,1933708074,4046
"calibration",4047,0,331615026,4047
"calibration",4048,0,179240079,4048
"calibration",4049,0,1190438575,4049
"calibration",4050,0,1222950228,4050
"calibration",4051,0,1740172125,4051
"calibration",4052,0,158186097,4052
"calibration",4053,0,1293724251,4053
"calibration",4054,0,1156362846,4054
"calibration",4055,0,1505102887,4055
"calibration",4056,0,1560926121,4056
"calibration",4057,0,1116061357,4057
"calibration",4058,0,1157354635,4058
"calibration",4059,0,526848447,4059
"calibration",4060,0,1412212453,4060
"calibration",4061,0,882915517,4061
"calibration",4062,0,1068288859,4062
"calibration",4063,0,1739557187,4063
"calibration",4064,0,1036679419,4064
"calibration",4065,0,1109456287,4065
"calibration",4066,0,1072538445,4066
"calibration",4067,0,2050641343,4067
"calibration",4068,0,1137720249,4068
"calibration",4069,0,1864603027,4069
"calibration",4070,0,517080823,4070
"calibration",4071,0,566338179,4071
"calibration",4072,0,1562839825,4072
"calibration",4073,0,33752699,4073
"calibration",4074,0,1739145530,4074
"calibration",4075,0,251002549,4075
"calibration",4076,0,1967863875,4076
"calibration",4077,0,1189380624,4077
"calibration",4078,0,2083122148,4078
"calibration",4079,0,703394140,4079
"calibration",4080,0,1021579269,4080
"calibration",4081,0,1902911229,4081
"calibration",4082,0,2057728613,4082
"calibration",4083,0,995685717,4083
"calibration",4084,0,1245864147,4084
"calibration",4085,0,344626532,4085
"calibration",4086,0,2131076454,4086
"calibration",4087,0,1511792202,4087
"calibration",4088,0,1404596951,4088
"calibration",4089,0,713491012,4089
"calibration",4090,0,641454957,4090
"calibration",4091,0,1029218270,4091
"calibration",4092,0,994229414,4092
"calibration",4093,0,1253893743,4093
"calibration",4094,0,1864452190,4094
"calibration",4095,0,269382846,4095
"calibration",4096,0,867279054,4096
"calibration",4097,0,469020834,4097
"calibration",4098,0,179139303,4098
"calibration",4099,0,1401407100,4099
"calibration",4100,0,1812164689,4100
"calibration",4101,0,300117649,4101
"calibration",4102,0,1854015646,4102
"calibration",4103,0,227139941,4103
"calibration",4104,0,796272032,4104
"calibration",4105,0,766540746,4105
"calibration",4106,0,1591466895,4106
"calibration",4107,0,1709119098,4107
"calibration",4108,0,129041904,4108
"calibration",4109,0,223110914,4109
"calibration",4110,0,700559089,4110
"calibration",4111,0,759061169,4111
"calibration",4112,0,2075763346,4112
"calibration",4113,0,767837799,4113
"calibration",4114,0,1518926954,4114
"calibration",4115,0,84736484,4115
"calibration",4116,0,1790601309,4116
"calibration",4117,0,630173415,4117
"calibration",4118,0,1033998234,4118
"calibration",4119,0,716496408,4119
"calibration",4120,0,1282216508,4120
"calibration",4121,0,1452231273,4121
"calibration",4122,0,958684903,4122
"calibration",4123,0,2124667023,4123
"calibration",4124,0,697965207,4124
"calibration",4125,0,1393846098,4125
"calibration",4126,0,554649760,4126
"calibration",4127,0,1968861931,4127
"calibration",4128,0,245485627,4128
"calibration",4129,0,1890193406,4129
"calibration",4130,0,1241377346,4130
"calibration",4131,0,600425867,4131
"calibration",4132,0,1050189819,4132
"calibration",4133,0,1640832755,4133
"calibration",4134,0,679306496,4134
"calibration",4135,0,1795486008,4135
"calibration",4136,0,166397928,4136
"calibration",4137,0,1453211088,4137
"calibration",4138,0,837520150,4138
"calibration",4139,0,66406981,4139
"calibration",4140,0,279517505,4140
"calibration",4141,0,179933449,4141
"calibration",4142,0,1110996714,4142
"calibration",4143,0,183124600,4143
"calibration",4144,0,763286505,4144
"calibration",4145,0,592400098,4145
"calibration",4146,0,1935766544,4146
"calibration",4147,0,1570759046,4147
"calibration",4148,0,1055761284,4148
"calibration",4149,0,1929059818,4149
"calibration",4150,0,21301044,4150
"calibration",4151,0,68310666,4151
"calibration",4152,0,1861513195,4152
"calibration",4153,0,2042051025,4153
"calibration",4154,0,240436568,4154
"calibration",4155,0,529969001,4155
"calibration",4156,0,146192748,4156
"calibration",4157,0,470898657,4157
"calibration",4158,0,688147711,4158
"calibration",4159,0,788855367,4159
"calibration",4160,0,1125815921,4160
"calibration",4161,0,600620197,4161
"calibration",4162,0,1341407259,4162
"calibration",4163,0,1598729413,4163
"calibration",4164,0,2012113109,4164
"calibration",4165,0,1950009997,4165
"calibration",4166,0,952321886,4166
"calibration",4167,0,1748573603,4167
"calibration",4168,0,1580123357,4168
"calibration",4169,0,2037668980,4169
"calibration",4170,0,1800242272,4170
"calibration",4171,0,1217314423,4171
"calibration",4172,0,1816269180,4172
"calibration",4173,0,225167679,4173
"calibration",4174,0,149421003,4174
"calibration",4175,0,1571344206,4175
"calibration",4176,0,390903348,4176
"calibration",4177,0,987762864,4177
"calibration",4178,0,1231946847,4178
"calibration",4179,0,364777970,4179
"calibration",4180,0,1467504530,4180
"calibration",4181,0,1826779873,4181
"calibration",4182,0,1376799985,4182
"calibration",4183,0,587232354,4183
"calibration",4184,0,2078912259,4184
"calibration",4185,0,1374921299,4185
"calibration",4186,0,1533329063,4186
"calibration",4187,0,121609722,4187
"calibration",4188,0,1803548044,4188
"calibration",4189,0,955379519,4189
"calibration",4190,0,390259138,4190
"calibration",4191,0,1642864832,4191
"calibration",4192,0,428044146,4192
"calibration",4193,0,2119095956,4193
"calibration",4194,0,2057830730,4194
"calibration",4195,0,1384442059,4195
"calibration",4196,0,1049682422,4196
"calibration",4197,0,917589804,4197
"calibration",4198,0,615192301,4198
"calibration",4199,0,605032122,4199
"calibration",4200,0,680209863,4200
"calibration",4201,0,1688367977,4201
"calibration",4202,0,245779975,4202
"calibration",4203,0,1124285437,4203
"calibration",4204,0,2098517693,4204
"calibration",4205,0,1636512311,4205
"calibration",4206,0,622606692,4206
"calibration",4207,0,1707257936,4207
"calibration",4208,0,1165169729,4208
"calibration",4209,0,1202851803,4209
"calibration",4210,0,1066969841,4210
"calibration",4211,0,365023373,4211
"calibration",4212,0,2105525986,4212
"calibration",4213,0,160820264,4213
"calibration",4214,0,451177459,4214
"calibration",4215,0,650647547,4215
"calibration",4216,0,647006601,4216
"calibration",4217,0,612980402,4217
"calibration",4218,0,1227408598,4218
"calibration",4219,0,1680102133,4219
"calibration",4220,0,1672623140,4220
"calibration",4221,0,532250903,4221
"calibration",4222,0,7774085,4222
"calibration",4223,0,1750914767,4223
"calibration",4224,0,1304250861,4224
"calibration",4225,0,648681283,4225
"calibration",4226,0,495917246,4226
"calibration",4227,0,1431474447,4227
"calibration",4228,0,760134487,4228
"calibration",4229,0,2086014899,4229
"calibration",4230,0,581191769,4230
"calibration",4231,0,355848797,4231
"calibration",4232,0,996118404,4232
"calibration",4233,0,1460347658,4233
"calibration",4234,0,1105602963,4234
"calibration",4235,0,758673640,4235
"calibration",4236,0,309845940,4236
"calibration",4237,0,385875481,4237
"calibration",4238,0,325767146,4238
"calibration",4239,0,1816493042,4239
"calibration",4240,0,2140908432,4240
"calibration",4241,0,1185818433,4241
"calibration",4242,0,651118412,4242
"calibration",4243,0,1795680646,4243
"calibration",4244,0,1021620609,4244
"calibration",4245,0,1785833209,4245
"calibration",4246,0,1108088675,4246
"calibration",4247,0,1985754792,4247
"calibration",4248,0,1815318953,4248
"calibration",4249,0,1017136992,4249
"calibration",4250,0,912954620,4250
"calibration",4251,0,1589317735,4251
"calibration",4252,0,719767299,4252
"calibration",4253,0,1761576372,4253
"calibration",4254,0,672247714,4254
"calibration",4255,0,1959130727,4255
"calibration",4256,0,1554828696,4256
"calibration",4257,0,519348933,4257
"calibration",4258,0,1420633881,4258
"calibration",4259,0,991458293,4259
"calibration",4260,0,761860643,4260
"calibration",4261,0,1212632130,4261
"calibration",4262,0,1506373954,4262
"calibration",4263,0,958046799,4263
"calibration",4264,0,218536610,4264
"calibration",4265,0,1901081848,4265
"calibration",4266,0,2134032121,4266
"calibration",4267,0,630825267,4267
"calibration",4268,0,194203900,4268
"calibration",4269,0,1823324596,4269
"calibration",4270,0,950807518,4270
"calibration",4271,0,1771291341,4271
"calibration",4272,0,82714778,4272
"calibration",4273,0,753981614,4273
"calibration",4274,0,292839617,4274
"calibration",4275,0,821757325,4275
"calibration",4276,0,244489637,4276
"calibration",4277,0,1406557214,4277
"calibration",4278,0,404429534,4278
"calibration",4279,0,1500108515,4279
"calibration",4280,0,740980459,4280
"calibration",4281,0,22681533,4281
"calibration",4282,0,2034420229,4282
"calibration",4283,0,1180195783,4283
"calibration",4284,0,1904402159,4284
"calibration",4285,0,1535630762,4285
"calibration",4286,0,728020439,4286
"calibration",4287,0,1985356680,4287
"calibration",4288,0,1605065289,4288
"calibration",4289,0,218782598,4289
"calibration",4290,0,2131927329,4290
"calibration",4291,0,799469546,4291
"calibration",4292,0,633609073,4292
"calibration",4293,0,1346069706,4293
"calibration",4294,0,517404628,4294
"calibration",4295,0,269613383,4295
"calibration",4296,0,157087877,4296
"calibration",4297,0,1415176873,4297
"calibration",4298,0,946631233,4298
"calibration",4299,0,858940754,4299
"calibration",4300,0,591553690,4300
"calibration",4301,0,1095132839,4301
"calibration",4302,0,1673277570,4302
"calibration",4303,0,579149789,4303
"calibration",4304,0,1572153877,4304
"calibration",4305,0,1155643351,4305
"calibration",4306,0,721662620,4306
"calibration",4307,0,582062791,4307
"calibration",4308,0,1754734748,4308
"calibration",4309,0,922845292,4309
"calibration",4310,0,1536297152,4310
"calibration",4311,0,1209262320,4311
"calibration",4312,0,1674820343,4312
"calibration",4313,0,1875007976,4313
"calibration",4314,0,121427456,4314
"calibration",4315,0,2058681633,4315
"calibration",4316,0,1783753904,4316
"calibration",4317,0,1191470151,4317
"calibration",4318,0,1889545311,4318
"calibration",4319,0,215214372,4319
"calibration",4320,0,969167987,4320
"calibration",4321,0,647410415,4321
"calibration",4322,0,1084765769,4322
"calibration",4323,0,1406240937,4323
"calibration",4324,0,1039429142,4324
"calibration",4325,0,534456887,4325
"calibration",4326,0,973787431,4326
"calibration",4327,0,536017152,4327
"calibration",4328,0,1464530251,4328
"calibration",4329,0,1710973124,4329
"calibration",4330,0,1031790793,4330
"calibration",4331,0,1320290383,4331
"calibration",4332,0,1221565254,4332
"calibration",4333,0,1238375853,4333
"calibration",4334,0,130180138,4334
"calibration",4335,0,1241325969,4335
"calibration",4336,0,305722078,4336
"calibration",4337,0,1700368825,4337
"calibration",4338,0,1691245091,4338
"calibration",4339,0,1037963757,4339
"calibration",4340,0,379556559,4340
"calibration",4341,0,1264833068,4341
"calibration",4342,0,2034225489,4342
"calibration",4343,0,2067809254,4343
"calibration",4344,0,140183081,4344
"calibration",4345,0,1280413388,4345
"calibration",4346,0,1844145326,4346
"calibration",4347,0,836180353,4347
"calibration",4348,0,1547579167,4348
"calibration",4349,0,485427875,4349
"calibration",4350,0,1802420144,4350
"calibration",4351,0,2037730479,4351
"calibration",4352,0,948665742,4352
"calibration",4353,0,2063594537,4353
"calibration",4354,0,1279862380,4354
"calibration",4355,0,437080144,4355
"calibration",4356,0,459459240,4356
"calibration",4357,0,1810857693,4357
"calibration",4358,0,746762842,4358
"calibration",4359,0,1466761319,4359
"calibration",4360,0,22703995,4360
"calibration",4361,0,505515883,4361
"calibration",4362,0,1348949166,4362
"calibration",4363,0,483280105,4363
"calibration",4364,0,1557823721,4364
"calibration",4365,0,1107942817,4365
"calibration",4366,0,357839951,4366
"calibration",4367,0,543216973,4367
"calibration",4368,0,1415342545,4368
"calibration",4369,0,488936886,4369
"calibration",4370,0,1114557108,4370
"calibration",4371,0,1344159429,4371
"calibration",4372,0,1396677613,4372
"calibration",4373,0,2059648305,4373
"calibration",4374,0,1331187189,4374
"calibration",4375,0,1434413593,4375
"calibration",4376,0,1855764031,4376
"calibration",4377,0,1805506835,4377
"calibration",4378,0,1891338124,4378
"calibration",4379,0,50529207,4379
"calibration",4380,0,2088666365,4380
"calibration",4381,0,63161768,4381
"calibration",4382,0,578920949,4382
"calibration",4383,0,870443768,4383
"calibration",4384,0,680459373,4384
"calibration",4385,0,307891275,4385
"calibration",4386,0,346458086,4386
"calibration",4387,0,2128908533,4387
"calibration",4388,0,871499865,4388
"calibration",4389,0,2015538392,4389
"calibration",4390,0,1375231419,4390
"calibration",4391,0,548737234,4391
"calibration",4392,0,1724808986,4392
"calibration",4393,0,1928005035,4393
"calibration",4394,0,1884998942,4394
"calibration",4395,0,1832504694,4395
"calibration",4396,0,1300206434,4396
"calibration",4397,0,640859281,4397
"calibration",4398,0,1853443416,4398
"calibration",4399,0,541929447,4399
"calibration",4400,0,55075901,4400
"calibration",4401,0,521322213,4401
"calibration",4402,0,979404723,4402
"calibration",4403,0,1573575107,4403
"calibration",4404,0,1769965812,4404
"calibration",4405,0,1775768758,4405
"calibration",4406,0,714840928,4406
"calibration",4407,0,712337057,4407
"calibration",4408,0,1465772889,4408
"calibration",4409,0,104389671,4409
"calibration",4410,0,1216497003,4410
"calibration",4411,0,1742860213,4411
"calibration",4412,0,81504537,4412
"calibration",4413,0,175040908,4413
"calibration",4414,0,566421247,4414
"calibration",4415,0,252053992,4415
"calibration",4416,0,1804301820,4416
"calibration",4417,0,88162092,4417
"calibration",4418,0,1596115638,4418
"calibration",4419,0,1940931150,4419
"calibration",4420,0,1959945779,4420
"calibration",4421,0,194260045,4421
"calibration",4422,0,1709340183,4422
"calibration",4423,0,1037685694,4423
"calibration",4424,0,1680336279,4424
"calibration",4425,0,992658391,4425
"calibration",4426,0,1210098276,4426
"calibration",4427,0,992069784,4427
"calibration",4428,0,180566680,4428
"calibration",4429,0,1817735666,4429
"calibration",4430,0,934236933,4430
"calibration",4431,0,1828877077,4431
"calibration",4432,0,931018828,4432
"calibration",4433,0,480506738,4433
"calibration",4434,0,875486832,4434
"calibration",4435,0,1577761112,4435
"calibration",4436,0,1943163948,4436
"calibration",4437,0,647597366,4437
"calibration",4438,0,1824152650,4438
"calibration",4439,0,1078231657,4439
"calibration",4440,0,1803260434,4440
"calibration",4441,0,57870191,4441
"calibration",4442,0,1478204150,4442
"calibration",4443,0,259620952,4443
"calibration",4444,0,1619465763,4444
"calibration",4445,0,850990105,4445
"calibration",4446,0,712754956,4446
"calibration",4447,0,1913289223,4447
"calibration",4448,0,1299122317,4448
"calibration",4449,0,1621444027,4449
"calibration",4450,0,1951369076,4450
"calibration",4451,0,1408633599,4451
"calibration",4452,0,1907483531,4452
"calibration",4453,0,608659806,4453
"calibration",4454,0,885466141,4454
"calibration",4455,0,1077806591,4455
"calibration",4456,0,798864819,4456
"calibration",4457,0,1738860238,4457
"calibration",4458,0,1094246866,4458
"calibration",4459,0,1132207590,4459
"calibration",4460,0,1256589072,4460
"calibration",4461,0,209490128,4461
"calibration",4462,0,280285673,4462
"calibration",4463,0,1822548785,4463
"calibration",4464,0,1635086524,4464
"calibration",4465,0,1707837925,4465
"calibration",4466,0,2080385474,4466
"calibration",4467,0,620284588,4467
"calibration",4468,0,305828699,4468
"calibration",4469,0,624871049,4469
"calibration",4470,0,164543837,4470
"calibration",4471,0,709369988,4471
"calibration",4472,0,732132423,4472
"calibration",4473,0,193461464,4473
"calibration",4474,0,1355347903,4474
"calibration",4475,0,1171798688,4475
"calibration",4476,0,1315018612,4476
"calibration",4477,0,1496776944,4477
"calibration",4478,0,1871313228,4478
"calibration",4479,0,1904925530,4479
"calibration",4480,0,1413066053,4480
"calibration",4481,0,50921783,4481
"calibration",4482,0,1879542686,4482
"calibration",4483,0,1391870959,4483
"calibration",4484,0,76369137,4484
"calibration",4485,0,772648864,4485
"calibration",4486,0,197415044,4486
"calibration",4487,0,224699909,4487
"calibration",4488,0,1522834355,4488
"calibration",4489,0,533080405,4489
"calibration",4490,0,1694628241,4490
"calibration",4491,0,255702350,4491
"calibration",4492,0,780166128,4492
"calibration",4493,0,207789942,4493
"calibration",4494,0,985364198,4494
"calibration",4495,0,1724503461,4495
"calibration",4496,0,39994960,4496
"calibration",4497,0,2011403068,4497
"calibration",4498,0,740905760,4498
"calibration",4499,0,982065875,4499
"calibration",4500,0,1502809052,4500
"calibration",4501,0,976434187,4501
"calibration",4502,0,1089238204,4502
"calibration",4503,0,239544832,4503
"calibration",4504,0,663933077,4504
"calibration",4505,0,2061065493,4505
"calibration",4506,0,126668467,4506
"calibration",4507,0,667694405,4507
"calibration",4508,0,1385473468,4508
"calibration",4509,0,1276376666,4509
"calibration",4510,0,976380355,4510
"calibration",4511,0,1849233282,4511
"calibration",4512,0,386951248,4512
"calibration",4513,0,1764393786,4513
"calibration",4514,0,769187483,4514
"calibration",4515,0,622623646,4515
"calibration",4516,0,145837119,4516
"calibration",4517,0,469091599,4517
"calibration",4518,0,1477434970,4518
"calibration",4519,0,737089004,4519
"calibration",4520,0,773560890,4520
"calibration",4521,0,475195251,4521
"calibration",4522,0,1396635317,4522
"calibration",4523,0,1947556817,4523
"calibration",4524,0,390711103,4524
"calibration",4525,0,551014979,4525
"calibration",4526,0,1527395996,4526
"calibration",4527,0,1598149340,4527
"calibration",4528,0,566624425,4528
"calibration",4529,0,1506480213,4529
"calibration",4530,0,1886028545,4530
"calibration",4531,0,1440308427,4531
"calibration",4532,0,1100305445,4532
"calibration",4533,0,1701767210,4533
"calibration",4534,0,1839389893,4534
"calibration",4535,0,109331851,4535
"calibration",4536,0,475070606,4536
"calibration",4537,0,2009176796,4537
"calibration",4538,0,1783427261,4538
"calibration",4539,0,47366706,4539
"calibration",4540,0,1633360585,4540
"calibration",4541,0,1137006321,4541
"calibration",4542,0,1663772453,4542
"calibration",4543,0,1507111029,4543
"calibration",4544,0,110677385,4544
"calibration",4545,0,1736717634,4545
"calibration",4546,0,1147074651,4546
"calibration",4547,0,482944281,4547
"calibration",4548,0,2054509630,4548
"calibration",4549,0,788967789,4549
"calibration",4550,0,1743499286,4550
"calibration",4551,0,122885160,4551
"calibration",4552,0,1325555709,4552
"calibration",4553,0,438731249,4553
"calibration",4554,0,179478744,4554
"calibration",4555,0,1787955480,4555
"calibration",4556,0,716479042,4556
"calibration",4557,0,2040809930,4557
"calibration",4558,0,646742741,4558
"calibration",4559,0,1122756036,4559
"calibration",4560,0,63141616,4560
"calibration",4561,0,842069777,4561
"calibration",4562,0,937115910,4562
"calibration",4563,0,1876551287,4563
"calibration",4564,0,1921305748,4564
"calibration",4565,0,648933967,4565
"calibration",4566,0,1598033302,4566
"calibration",4567,0,1470423250,4567
"calibration",4568,0,283871306,4568
"calibration",4569,0,1747259288,4569
"calibration",4570,0,840578281,4570
"calibration",4571,0,1118676319,4571
"calibration",4572,0,649541974,4572
"calibration",4573,0,700660771,4573
"calibration",4574,0,485800807,4574
"calibration",4575,0,400628804,4575
"calibration",4576,0,1625930312,4576
"calibration",4577,0,1742760192,4577
"calibration",4578,0,903582894,4578
"calibration",4579,0,141498635,4579
"calibration",4580,0,204471142,4580
"calibration",4581,0,1985343086,4581
"calibration",4582,0,997138014,4582
"calibration",4583,0,1028131426,4583
"calibration",4584,0,1126526902,4584
"calibration",4585,0,156702536,4585
"calibration",4586,0,627997373,4586
"calibration",4587,0,1045196256,4587
"calibration",4588,0,160092336,4588
"calibration",4589,0,953671771,4589
"calibration",4590,0,49392557,4590
"calibration",4591,0,320744660,4591
"calibration",4592,0,729395772,4592
"calibration",4593,0,357981737,4593
"calibration",4594,0,1103033318,4594
"calibration",4595,0,852903298,4595
"calibration",4596,0,256974889,4596
"calibration",4597,0,1739621143,4597
"calibration",4598,0,1641686235,4598
"calibration",4599,0,1136436434,4599
"calibration",4600,0,1584076250,4600
"calibration",4601,0,2023195367,4601
"calibration",4602,0,1475187089,4602
"calibration",4603,0,1202831120,4603
"calibration",4604,0,1493011022,4604
"calibration",4605,0,1269767191,4605
"calibration",4606,0,1333321308,4606
"calibration",4607,0,1151004718,4607
"calibration",4608,0,1337036226,4608
"calibration",4609,0,1568646664,4609
"calibration",4610,0,549596403,4610
"calibration",4611,0,784453586,4611
"calibration",4612,0,287701290,4612
"calibration",4613,0,797646922,4613
"calibration",4614,0,314953603,4614
"calibration",4615,0,563094503,4615
"calibration",4616,0,173556357,4616
"calibration",4617,0,1605494469,4617
"calibration",4618,0,555591659,4618
"calibration",4619,0,577156758,4619
"calibration",4620,0,1039229410,4620
"calibration",4621,0,1245897199,4621
"calibration",4622,0,1009609083,4622
"calibration",4623,0,493832228,4623
"calibration",4624,0,506475349,4624
"calibration",4625,0,1859668408,4625
"calibration",4626,0,148069085,4626
"calibration",4627,0,76392156,4627
"calibration",4628,0,441872573,4628
"calibration",4629,0,286192419,4629
"calibration",4630,0,1314815618,4630
"calibration",4631,0,1437121250,4631
"calibration",4632,0,916496771,4632
"calibration",4633,0,482718135,4633
"calibration",4634,0,45976131,4634
"calibration",4635,0,1499061424,4635
"calibration",4636,0,1503594019,4636
"calibration",4637,0,197926408,4637
"calibration",4638,0,524636760,4638
"calibration",4639,0,663411122,4639
"calibration",4640,0,571056573,4640
"calibration",4641,0,130406914,4641
"calibration",4642,0,1334208057,4642
"calibration",4643,0,516723113,4643
"calibration",4644,0,35274109,4644
"calibration",4645,0,1348423908,4645
"calibration",4646,0,741940158,4646
"calibration",4647,0,1112386803,4647
"calibration",4648,0,1597120002,4648
"calibration",4649,0,197294412,4649
"calibration",4650,0,532467348,4650
"calibration",4651,0,514295426,4651
"calibration",4652,0,1020110390,4652
"calibration",4653,0,1963977608,4653
"calibration",4654,0,663628326,4654
"calibration",4655,0,1550590544,4655
"calibration",4656,0,1799738733,4656
"calibration",4657,0,1484333168,4657
"calibration",4658,0,18197133,4658
"calibration",4659,0,1221961433,4659
"calibration",4660,0,1529446870,4660
"calibration",4661,0,1557604376,4661
"calibration",4662,0,1514608204,4662
"calibration",4663,0,833581721,4663
"calibration",4664,0,274432593,4664
"calibration",4665,0,564640540,4665
"calibration",4666,0,9057255,4666
"calibration",4667,0,21653769,4667
"calibration",4668,0,534682666,4668
"calibration",4669,0,408990089,4669
"calibration",4670,0,1124149700,4670
"calibration",4671,0,1799164601,4671
"calibration",4672,0,373049089,4672
"calibration",4673,0,1284569519,4673
"calibration",4674,0,1227673533,4674
"calibration",4675,0,1656081622,4675
"calibration",4676,0,335549416,4676
"calibration",4677,0,763253576,4677
"calibration",4678,0,2104256271,4678
"calibration",4679,0,1283747391,4679
"calibration",4680,0,1840465746,4680
"calibration",4681,0,1782167750,4681
"calibration",4682,0,1074974903,4682
"calibration",4683,0,1431188459,4683
"calibration",4684,0,2009049132,4684
"calibration",4685,0,856076474,4685
"calibration",4686,0,54998080,4686
"calibration",4687,0,274868185,4687
"calibration",4688,0,2069176411,4688
"calibration",4689,0,2146837527,4689
"calibration",4690,0,1299605213,4690
"calibration",4691,0,1552928837,4691
"calibration",4692,0,1911707382,4692
"calibration",4693,0,1991993926,4693
"calibration",4694,0,1794325010,4694
"calibration",4695,0,699328346,4695
"calibration",4696,0,205977876,4696
"calibration",4697,0,2050397539,4697
"calibration",4698,0,782773098,4698
"calibration",4699,0,392518864,4699
"calibration",4700,0,1826783436,4700
"calibration",4701,0,731910721,4701
"calibration",4702,0,86301155,4702
"calibration",4703,0,433486089,4703
"calibration",4704,0,2020120761,4704
"calibration",4705,0,1563511158,4705
"calibration",4706,0,1897053127,4706
"calibration",4707,0,2037041562,4707
"calibration",4708,0,1299476981,4708
"calibration",4709,0,726200729,4709
"calibration",4710,0,89601126,4710
"calibration",4711,0,232776532,4711
"calibration",4712,0,881820355,4712
"calibration",4713,0,2090573268,4713
"calibration",4714,0,1832705937,4714
"calibration",4715,0,1915339768,4715
"calibration",4716,0,430941120,4716
"calibration",4717,0,1520570988,4717
"calibration",4718,0,758181481,4718
"calibration",4719,0,65477447,4719
"calibration",4720,0,1114831431,4720
"calibration",4721,0,2134160863,4721
"calibration",4722,0,1014168061,4722
"calibration",4723,0,1912588812,4723
"calibration",4724,0,1303555545,4724
"calibration",4725,0,1333575898,4725
"calibration",4726,0,1256925724,4726
"calibration",4727,0,608080287,4727
"calibration",4728,0,1045418163,4728
"calibration",4729,0,133086285,4729
"calibration",4730,0,1806760148,4730
"calibration",4731,0,838697496,4731
"calibration",4732,0,2060982981,4732
"calibration",4733,0,1200858973,4733
"calibration",4734,0,1389597038,4734
"calibration",4735,0,1982103813,4735
"calibration",4736,0,538692643,4736
"calibration",4737,0,113528428,4737
"calibration",4738,0,1009864414,4738
"calibration",4739,0,38154860,4739
"calibration",4740,0,1126898839,4740
"calibration",4741,0,1577969232,4741
"calibration",4742,0,1564308239,4742
"calibration",4743,0,1865543947,4743
"calibration",4744,0,494762648,4744
"calibration",4745,0,1192071905,4745
"calibration",4746,0,279494624,4746
"calibration",4747,0,1015862786,4747
"calibration",4748,0,1823965251,4748
"calibration",4749,0,1646758094,4749
"calibration",4750,0,283512419,4750
"calibration",4751,0,107594743,4751
"calibration",4752,0,293787567,4752
"calibration",4753,0,1868820213,4753
"calibration",4754,0,968209080,4754
"calibration",4755,0,2034799493,4755
"calibration",4756,0,640459291,4756
"calibration",4757,0,278098963,4757
"calibration",4758,0,98953121,4758
"calibration",4759,0,1911993411,4759
"calibration",4760,0,1765722019,4760
"calibration",4761,0,107969193,4761
"calibration",4762,0,74365494,4762
"calibration",4763,0,696250043,4763
"calibration",4764,0,625845614,4764
"calibration",4765,0,1364410602,4765
"calibration",4766,0,1150883825,4766
"calibration",4767,0,738195565,4767
"calibration",4768,0,1379399096,4768
"calibration",4769,0,1657854248,4769
"calibration",4770,0,1268628826,4770
"calibration",4771,0,1470160829,4771
"calibration",4772,0,1889487902,4772
"calibration",4773,0,1392315793,4773
"calibration",4774,0,378748358,4774
"calibration",4775,0,1660836598,4775
"calibration",4776,0,485574264,4776
"calibration",4777,0,1669437445,4777
"calibration",4778,0,430711421,4778
"calibration",4779,0,2008856805,4779
"calibration",4780,0,13811808,4780
"calibration",4781,0,711781392,4781
"calibration",4782,0,1829485091,4782
"calibration",4783,0,386016603,4783
"calibration",4784,0,1353651375,4784
"calibration",4785,0,640566101,4785
"calibration",4786,0,972817019,4786
"calibration",4787,0,220241893,4787
"calibration",4788,0,901869511,4788
"calibration",4789,0,1375800636,4789
"calibration",4790,0,318404025,4790
"calibration",4791,0,635961839,4791
"calibration",4792,0,792797325,4792
"calibration",4793,0,202984574,4793
"calibration",4794,0,150134556,4794
"calibration",4795,0,1598332580,4795
"calibration",4796,0,895288999,4796
"calibration",4797,0,984472875,4797
"calibration",4798,0,373759140,4798
"calibration",4799,0,2068641525,4799
"calibration",4800,0,1613119109,4800
"calibration",4801,0,1838774954,4801
"calibration",4802,0,1715923917,4802
"calibration",4803,0,864784328,4803
"calibration",4804,0,1531274613,4804
"calibration",4805,0,1695961158,4805
"calibration",4806,0,219829552,4806
"calibration",4807,0,1117785373,4807
"calibration",4808,0,1267134328,4808
"calibration",4809,0,16330401,4809
"calibration",4810,0,1685703370,4810
"calibration",4811,0,366853319,4811
"calibration",4812,0,1346271952,4812
"calibration",4813,0,976269253,4813
"calibration",4814,0,566748914,4814
"calibration",4815,0,1244319176,4815
"calibration",4816,0,1477358419,4816
"calibration",4817,0,1103267765,4817
"calibration",4818,0,838648056,4818
"calibration",4819,0,1799843969,4819
"calibration",4820,0,1482665323,4820
"calibration",4821,0,1754436897,4821
"calibration",4822,0,1741026754,4822
"calibration",4823,0,1358710425,4823
"calibration",4824,0,1915484006,4824
"calibration",4825,0,178276965,4825
"calibration",4826,0,233728312,4826
"calibration",4827,0,1054638355,4827
"calibration",4828,0,116658485,4828
"calibration",4829,0,725698278,4829
"calibration",4830,0,1712171155,4830
"calibration",4831,0,1099669227,4831
"calibration",4832,0,391593171,4832
"calibration",4833,0,611696986,4833
"calibration",4834,0,443234778,4834
"calibration",4835,0,1541977788,4835
"calibration",4836,0,1515768144,4836
"calibration",4837,0,1143151235,4837
"calibration",4838,0,1736678678,4838
"calibration",4839,0,2087356493,4839
"calibration",4840,0,135313662,4840
"calibration",4841,0,509456497,4841
"calibration",4842,0,350494045,4842
"calibration",4843,0,235409189,4843
"calibration",4844,0,1045790948,4844
"calibration",4845,0,222467083,4845
"calibration",4846,0,1296451624,4846
"calibration",4847,0,1035865554,4847
"calibration",4848,0,331710850,4848
"calibration",4849,0,2110761081,4849
"calibration",4850,0,1998056042,4850
"calibration",4851,0,1882248454,4851
"calibration",4852,0,453746265,4852
"calibration",4853,0,1681581677,4853
"calibration",4854,0,1517911558,4854
"calibration",4855,0,2070001268,4855
"calibration",4856,0,929538652,4856
"calibration",4857,0,1767091090,4857
"calibration",4858,0,1594221806,4858
"calibration",4859,0,1327366855,4859
"calibration",4860,0,697173456,4860
"calibration",4861,0,108203526,4861
"calibration",4862,0,1733854538,4862
"calibration",4863,0,2021726509,4863
"calibration",4864,0,1440184407,4864
"calibration",4865,0,1228901058,4865
"calibration",4866,0,2019638889,4866
"calibration",4867,0,548601274,4867
"calibration",4868,0,432163546,4868
"calibration",4869,0,462302274,4869
"calibration",4870,0,1259602675,4870
"calibration",4871,0,2031372948,4871
"calibration",4872,0,1419991484,4872
"calibration",4873,0,256003679,4873
"calibration",4874,0,1884071563,4874
"calibration",4875,0,533187726,4875
"calibration",4876,0,254810223,4876
"calibration",4877,0,341401576,4877
"calibration",4878,0,464638292,4878
"calibration",4879,0,1237620770,4879
"calibration",4880,0,325823447,4880
"calibration",4881,0,562759926,4881
"calibration",4882,0,976794297,4882
"calibration",4883,0,277278461,4883
"calibration",4884,0,747723474,4884
"calibration",4885,0,1573163017,4885
"calibration",4886,0,1370893024,4886
"calibration",4887,0,992042407,4887
"calibration",4888,0,1731300106,4888
"calibration",4889,0,2134434554,4889
"calibration",4890,0,114913421,4890
"calibration",4891,0,917810250,4891
"calibration",4892,0,1918570618,4892
"calibration",4893,0,1893301187,4893
"calibration",4894,0,89243840,4894
"calibration",4895,0,1613504973,4895
"calibration",4896,0,1042144025,4896
"calibration",4897,0,2130068418,4897
"calibration",4898,0,1522678277,4898
"calibration",4899,0,16287046,4899
"calibration",4900,0,153043387,4900
"calibration",4901,0,485427890,4901
"calibration",4902,0,865077534,4902
"calibration",4903,0,1956353525,4903
"calibration",4904,0,1348965989,4904
"calibration",4905,0,1867659018,4905
"calibration",4906,0,1629304006,4906
"calibration",4907,0,1448619075,4907
"calibration",4908,0,594315650,4908
"calibration",4909,0,881029110,4909
"calibration",4910,0,2032675277,4910
"calibration",4911,0,1856032143,4911
"calibration",4912,0,336438807,4912
"calibration",4913,0,649357747,4913
"calibration",4914,0,1452500162,4914
"calibration",4915,0,892816237,4915
"calibration",4916,0,1014116877,4916
"calibration",4917,0,837524575,4917
"calibration",4918,0,813041527,4918
"calibration",4919,0,356055377,4919
"calibration",4920,0,2081072010,4920
"calibration",4921,0,503633748,4921
"calibration",4922,0,2042359855,4922
"calibration",4923,0,1445122361,4923
"calibration",4924,0,1591001651,4924
"calibration",4925,0,1062948092,4925
"calibration",4926,0,622292515,4926
"calibration",4927,0,1706705591,4927
"calibration",4928,0,1757690379,4928
"calibration",4929,0,911272082,4929
"calibration",4930,0,1334451085,4930
"calibration",4931,0,1084245330,4931
"calibration",4932,0,395991013,4932
"calibration",4933,0,1030540617,4933
"calibration",4934,0,1394188700,4934
"calibration",4935,0,502009722,4935
"calibration",4936,0,1507486083,4936
"calibration",4937,0,743277359,4937
"calibration",4938,0,980354471,4938
"calibration",4939,0,1155342841,4939
"calibration",4940,0,1300060168,4940
"calibration",4941,0,1943130399,4941
"calibration",4942,0,377718835,4942
"calibration",4943,0,1181080802,4943
"calibration",4944,0,12757198,4944
"calibration",4945,0,1667304307,4945
"calibration",4946,0,2107486353,4946
"calibration",4947,0,667881271,4947
"calibration",4948,0,781307474,4948
"calibration",4949,0,1115681101,4949
"calibration",4950,0,640729358,4950
"calibration",4951,0,1804979492,4951
"calibration",4952,0,1483289062,4952
"calibration",4953,0,427557012,4953
"calibration",4954,0,801230880,4954
"calibration",4955,0,1540220628,4955
"calibration",4956,0,1950438263,4956
"calibration",4957,0,356885950,4957
"calibration",4958,0,1349760321,4958
"calibration",4959,0,1204526328,4959
"calibration",4960,0,773503012,4960
"calibration",4961,0,1216221087,4961
"calibration",4962,0,1090000238,4962
"calibration",4963,0,996212678,4963
"calibration",4964,0,695212621,4964
"calibration",4965,0,1081250182,4965
"calibration",4966,0,907934100,4966
"calibration",4967,0,2140878022,4967
"calibration",4968,0,2064299939,4968
"calibration",4969,0,1319903999,4969
"calibration",4970,0,166516428,4970
"calibration",4971,0,1852978868,4971
"calibration",4972,0,1486051112,4972
"calibration",4973,0,1439750034,4973
"calibration",4974,0,1764787777,4974
"calibration",4975,0,1298405643,4975
"calibration",4976,0,767632077,4976
"calibration",4977,0,1074463568,4977
"calibration",4978,0,1509223658,4978
"calibration",4979,0,65865711,4979
"calibration",4980,0,107136959,4980
"calibration",4981,0,1704107933,4981
"calibration",4982,0,13792935,4982
"calibration",4983,0,1012691172,4983
"calibration",4984,0,938514600,4984
"calibration",4985,0,773696884,4985
"calibration",4986,0,1358866188,4986
"calibration",4987,0,1519497669,4987
"calibration",4988,0,1682546660,4988
"calibration",4989,0,1438798675,4989
"calibration",4990,0,1093879014,4990
"calibration",4991,0,1691184652,4991
"calibration",4992,0,969324851,4992
"calibration",4993,0,780545793,4993
"calibration",4994,0,1010292112,4994
"calibration",4995,0,232952084,4995
"calibration",4996,0,357284602,4996
"calibration",4997,0,644180157,4997
"calibration",4998,0,745955379,4998
"calibration",4999,0,263767121,4999
"calibration",5000,0,225502211,5000
"evaluation",1,0,1659148275,5001
"evaluation",2,0,899246269,5002
"evaluation",3,0,1103019309,5003
"evaluation",4,0,969933201,5004
"evaluation",5,0,1066467223,5005
"evaluation",6,0,1726006786,5006
"evaluation",7,0,2096105529,5007
"evaluation",8,0,456084453,5008
"evaluation",9,0,1777245862,5009
"evaluation",10,0,389285875,5010
"evaluation",11,0,1689628344,5011
"evaluation",12,0,1574971266,5012
"evaluation",13,0,338484833,5013
"evaluation",14,0,314935365,5014
"evaluation",15,0,1336810642,5015
"evaluation",16,0,616066035,5016
"evaluation",17,0,1559599028,5017
"evaluation",18,0,1100799506,5018
"evaluation",19,0,1615876232,5019
"evaluation",20,0,990169377,5020
"evaluation",21,0,1510286756,5021
"evaluation",22,0,1092996881,5022
"evaluation",23,0,1926624729,5023
"evaluation",24,0,1350058630,5024
"evaluation",25,0,1113538214,5025
"evaluation",26,0,116570438,5026
"evaluation",27,0,1331794399,5027
"evaluation",28,0,1408443101,5028
"evaluation",29,0,48083807,5029
"evaluation",30,0,1011159559,5030
"evaluation",31,0,1577881308,5031
"evaluation",32,0,1689584935,5032
"evaluation",33,0,1952851887,5033
"evaluation",34,0,296761541,5034
"evaluation",35,0,838000260,5035
"evaluation",36,0,1236077726,5036
"evaluation",37,0,496065147,5037
"evaluation",38,0,1485644631,5038
"evaluation",39,0,1234918355,5039
"evaluation",40,0,2003752328,5040
"evaluation",41,0,1963800059,5041
"evaluation",42,0,2085976074,5042
"evaluation",43,0,2067415138,5043
"evaluation",44,0,1938618901,5044
"evaluation",45,0,1307912171,5045
"evaluation",46,0,215808370,5046
"evaluation",47,0,1596094583,5047
"evaluation",48,0,1041129143,5048
"evaluation",49,0,1629575854,5049
"evaluation",50,0,1543249125,5050
"evaluation",51,0,1545085494,5051
"evaluation",52,0,1515348397,5052
"evaluation",53,0,1574281640,5053
"evaluation",54,0,495499570,5054
"evaluation",55,0,126297000,5055
"evaluation",56,0,1899604226,5056
"evaluation",57,0,145079351,5057
"evaluation",58,0,663116436,5058
"evaluation",59,0,135503287,5059
"evaluation",60,0,77599383,5060
"evaluation",61,0,1357262920,5061
"evaluation",62,0,651223611,5062
"evaluation",63,0,1766013988,5063
"evaluation",64,0,997637743,5064
"evaluation",65,0,357354841,5065
"evaluation",66,0,245552150,5066
"evaluation",67,0,506120444,5067
"evaluation",68,0,108722349,5068
"evaluation",69,0,434815970,5069
"evaluation",70,0,2026997347,5070
"evaluation",71,0,1984219953,5071
"evaluation",72,0,1857420733,5072
"evaluation",73,0,2011839115,5073
"evaluation",74,0,1519894387,5074
"evaluation",75,0,370293610,5075
"evaluation",76,0,953606057,5076
"evaluation",77,0,564629829,5077
"evaluation",78,0,140637040,5078
"evaluation",79,0,1306003847,5079
"evaluation",80,0,352382218,5080
"evaluation",81,0,296627897,5081
"evaluation",82,0,1421398742,5082
"evaluation",83,0,1965836031,5083
"evaluation",84,0,1632114669,5084
"evaluation",85,0,938541228,5085
"evaluation",86,0,1519036031,5086
"evaluation",87,0,1238477410,5087
"evaluation",88,0,1679831222,5088
"evaluation",89,0,1436996638,5089
"evaluation",90,0,1886010314,5090
"evaluation",91,0,570186816,5091
"evaluation",92,0,649392595,5092
"evaluation",93,0,1970567699,5093
"evaluation",94,0,1033827616,5094
"evaluation",95,0,704260297,5095
"evaluation",96,0,228712652,5096
"evaluation",97,0,1855033739,5097
"evaluation",98,0,1004061235,5098
"evaluation",99,0,1606361390,5099
"evaluation",100,0,2135669972,5100
"evaluation",101,0,711930904,5101
"evaluation",102,0,1434808375,5102
"evaluation",103,0,1863866483,5103
"evaluation",104,0,729987779,5104
"evaluation",105,0,1048596163,5105
"evaluation",106,0,1475989250,5106
"evaluation",107,0,993432225,5107
"evaluation",108,0,765588345,5108
"evaluation",109,0,1069053241,5109
"evaluation",110,0,238493226,5110
"evaluation",111,0,854127333,5111
"evaluation",112,0,428053528,5112
"evaluation",113,0,763222284,5113
"evaluation",114,0,490738317,5114
"evaluation",115,0,1011978893,5115
"evaluation",116,0,450640166,5116
"evaluation",117,0,985526903,5117
"evaluation",118,0,767452921,5118
"evaluation",119,0,186998032,5119
"evaluation",120,0,435499030,5120
"evaluation",121,0,408104932,5121
"evaluation",122,0,1952404659,5122
"evaluation",123,0,536583999,5123
"evaluation",124,0,813288615,5124
"evaluation",125,0,542810507,5125
"evaluation",126,0,184792595,5126
"evaluation",127,0,1388146866,5127
"evaluation",128,0,1088767856,5128
"evaluation",129,0,1356291894,5129
"evaluation",130,0,1266077335,5130
"evaluation",131,0,1894633028,5131
"evaluation",132,0,642633701,5132
"evaluation",133,0,1477811408,5133
"evaluation",134,0,1821634222,5134
"evaluation",135,0,426775303,5135
"evaluation",136,0,700666082,5136
"evaluation",137,0,28088394,5137
"evaluation",138,0,159066522,5138
"evaluation",139,0,1638514601,5139
"evaluation",140,0,1300242538,5140
"evaluation",141,0,1193163995,5141
"evaluation",142,0,1314142504,5142
"evaluation",143,0,1149170241,5143
"evaluation",144,0,2098968411,5144
"evaluation",145,0,1531765002,5145
"evaluation",146,0,32415915,5146
"evaluation",147,0,513829588,5147
"evaluation",148,0,581685094,5148
"evaluation",149,0,173111402,5149
"evaluation",150,0,1898865394,5150
"evaluation",151,0,661865461,5151
"evaluation",152,0,1693074082,5152
"evaluation",153,0,1265868783,5153
"evaluation",154,0,2110116244,5154
"evaluation",155,0,1428108980,5155
"evaluation",156,0,1929625167,5156
"evaluation",157,0,720413204,5157
"evaluation",158,0,1788786073,5158
"evaluation",159,0,1252205665,5159
"evaluation",160,0,1130827966,5160
"evaluation",161,0,687630181,5161
"evaluation",162,0,1992153495,5162
"evaluation",163,0,297594792,5163
"evaluation",164,0,1907725420,5164
"evaluation",165,0,1515452720,5165
"evaluation",166,0,1421639787,5166
"evaluation",167,0,754610324,5167
"evaluation",168,0,1813638198,5168
"evaluation",169,0,1234899252,5169
"evaluation",170,0,1557224766,5170
"evaluation",171,0,1028214406,5171
"evaluation",172,0,1188054077,5172
"evaluation",173,0,760072860,5173
"evaluation",174,0,2132555566,5174
"evaluation",175,0,997840834,5175
"evaluation",176,0,1460814703,5176
"evaluation",177,0,1514891875,5177
"evaluation",178,0,1700222555,5178
"evaluation",179,0,667120168,5179
"evaluation",180,0,290773474,5180
"evaluation",181,0,44584720,5181
"evaluation",182,0,1210112064,5182
"evaluation",183,0,864038716,5183
"evaluation",184,0,1421028985,5184
"evaluation",185,0,245364389,5185
"evaluation",186,0,1616879680,5186
"evaluation",187,0,784766202,5187
"evaluation",188,0,1552734798,5188
"evaluation",189,0,2066305935,5189
"evaluation",190,0,506393645,5190
"evaluation",191,0,142102970,5191
"evaluation",192,0,481665794,5192
"evaluation",193,0,1703071337,5193
"evaluation",194,0,648953029,5194
"evaluation",195,0,308945373,5195
"evaluation",196,0,1118456689,5196
"evaluation",197,0,2142042315,5197
"evaluation",198,0,798250873,5198
"evaluation",199,0,1324321412,5199
"evaluation",200,0,1266522969,5200
"evaluation",201,0,97749984,5201
"evaluation",202,0,1535529590,5202
"evaluation",203,0,840068421,5203
"evaluation",204,0,1391910540,5204
"evaluation",205,0,1715131868,5205
"evaluation",206,0,2101963028,5206
"evaluation",207,0,23615892,5207
"evaluation",208,0,628809215,5208
"evaluation",209,0,1569965758,5209
"evaluation",210,0,1146679576,5210
"evaluation",211,0,1315571778,5211
"evaluation",212,0,1250291202,5212
"evaluation",213,0,2026572260,5213
"evaluation",214,0,608900212,5214
"evaluation",215,0,1478949685,5215
"evaluation",216,0,1865874118,5216
"evaluation",217,0,241663691,5217
"evaluation",218,0,223289915,5218
"evaluation",219,0,1485674330,5219
"evaluation",220,0,839422324,5220
"evaluation",221,0,996162183,5221
"evaluation",222,0,955158701,5222
"evaluation",223,0,798956864,5223
"evaluation",224,0,374470156,5224
"evaluation",225,0,654783416,5225
"evaluation",226,0,315147695,5226
"evaluation",227,0,1551203894,5227
"evaluation",228,0,2026980320,5228
"evaluation",229,0,2066415784,5229
"evaluation",230,0,2097437567,5230
"evaluation",231,0,873390526,5231
"evaluation",232,0,1505026616,5232
"evaluation",233,0,1535957546,5233
"evaluation",234,0,436645745,5234
"evaluation",235,0,1740075490,5235
"evaluation",236,0,1324588640,5236
"evaluation",237,0,778888252,5237
"evaluation",238,0,173578696,5238
"evaluation",239,0,1117109334,5239
"evaluation",240,0,1341470879,5240
"evaluation",241,0,274551438,5241
"evaluation",242,0,1220215963,5242
"evaluation",243,0,33927769,5243
"evaluation",244,0,1647079917,5244
"evaluation",245,0,1258239904,5245
"evaluation",246,0,1081619725,5246
"evaluation",247,0,1438228752,5247
"evaluation",248,0,1168905776,5248
"evaluation",249,0,1355675804,5249
"evaluation",250,0,491202442,5250
"evaluation",251,0,1977120691,5251
"evaluation",252,0,1702867496,5252
"evaluation",253,0,1994021685,5253
"evaluation",254,0,767969227,5254
"evaluation",255,0,2104512149,5255
"evaluation",256,0,1022005202,5256
"evaluation",257,0,1552113992,5257
"evaluation",258,0,815256513,5258
"evaluation",259,0,1989634617,5259
"evaluation",260,0,1472893358,5260
"evaluation",261,0,191222073,5261
"evaluation",262,0,2090652953,5262
"evaluation",263,0,749949562,5263
"evaluation",264,0,831492714,5264
"evaluation",265,0,1057741043,5265
"evaluation",266,0,431870415,5266
"evaluation",267,0,1729052323,5267
"evaluation",268,0,1971479323,5268
"evaluation",269,0,1450617161,5269
"evaluation",270,0,1788593952,5270
"evaluation",271,0,171393102,5271
"evaluation",272,0,1422078451,5272
"evaluation",273,0,879635998,5273
"evaluation",274,0,277998071,5274
"evaluation",275,0,144535891,5275
"evaluation",276,0,1951487755,5276
"evaluation",277,0,815490343,5277
"evaluation",278,0,1056062042,5278
"evaluation",279,0,1899056662,5279
"evaluation",280,0,1409571809,5280
"evaluation",281,0,1194953186,5281
"evaluation",282,0,228196829,5282
"evaluation",283,0,1977273444,5283
"evaluation",284,0,1036934409,5284
"evaluation",285,0,477643597,5285
"evaluation",286,0,1569403124,5286
"evaluation",287,0,2041853502,5287
"evaluation",288,0,393677537,5288
"evaluation",289,0,1835337969,5289
"evaluation",290,0,1806494428,5290
"evaluation",291,0,779866365,5291
"evaluation",292,0,2020911342,5292
"evaluation",293,0,1600916509,5293
"evaluation",294,0,467114014,5294
"evaluation",295,0,328255349,5295
"evaluation",296,0,1175938964,5296
"evaluation",297,0,1367557098,5297
"evaluation",298,0,981609428,5298
"evaluation",299,0,1101846847,5299
"evaluation",300,0,715661598,5300
"evaluation",301,0,787157721,5301
"evaluation",302,0,1654022013,5302
"evaluation",303,0,924305800,5303
"evaluation",304,0,555448361,5304
"evaluation",305,0,1681897260,5305
"evaluation",306,0,1149900586,5306
"evaluation",307,0,1259109586,5307
"evaluation",308,0,2081291750,5308
"evaluation",309,0,453386506,5309
"evaluation",310,0,377900063,5310
"evaluation",311,0,982204173,5311
"evaluation",312,0,544082832,5312
"evaluation",313,0,1730012231,5313
"evaluation",314,0,511483298,5314
"evaluation",315,0,1829593620,5315
"evaluation",316,0,413666386,5316
"evaluation",317,0,722038684,5317
"evaluation",318,0,406605030,5318
"evaluation",319,0,629059853,5319
"evaluation",320,0,300034400,5320
"evaluation",321,0,193001977,5321
"evaluation",322,0,330224469,5322
"evaluation",323,0,1161922673,5323
"evaluation",324,0,1654225874,5324
"evaluation",325,0,1136721186,5325
"evaluation",326,0,253363990,5326
"evaluation",327,0,638279692,5327
"evaluation",328,0,267109909,5328
"evaluation",329,0,711923406,5329
"evaluation",330,0,379470660,5330
"evaluation",331,0,542546655,5331
"evaluation",332,0,357021423,5332
"evaluation",333,0,1564509991,5333
"evaluation",334,0,1301876460,5334
"evaluation",335,0,968318701,5335
"evaluation",336,0,1861201444,5336
"evaluation",337,0,1516761306,5337
"evaluation",338,0,28629111,5338
"evaluation",339,0,1972866942,5339
"evaluation",340,0,162795768,5340
"evaluation",341,0,1864081658,5341
"evaluation",342,0,1173288008,5342
"evaluation",343,0,1166272356,5343
"evaluation",344,0,1556095246,5344
"evaluation",345,0,1805939013,5345
"evaluation",346,0,1952851188,5346
"evaluation",347,0,135845911,5347
"evaluation",348,0,1778006530,5348
"evaluation",349,0,787131474,5349
"evaluation",350,0,1085316693,5350
"evaluation",351,0,900403646,5351
"evaluation",352,0,1407091066,5352
"evaluation",353,0,1784037370,5353
"evaluation",354,0,1101660249,5354
"evaluation",355,0,2065817586,5355
"evaluation",356,0,134487151,5356
"evaluation",357,0,200371700,5357
"evaluation",358,0,35223189,5358
"evaluation",359,0,940012818,5359
"evaluation",360,0,866573409,5360
"evaluation",361,0,1358349113,5361
"evaluation",362,0,529940270,5362
"evaluation",363,0,1208379473,5363
"evaluation",364,0,1196351788,5364
"evaluation",365,0,2040359341,5365
"evaluation",366,0,418176672,5366
"evaluation",367,0,1658132517,5367
"evaluation",368,0,182932976,5368
"evaluation",369,0,215678909,5369
"evaluation",370,0,754664329,5370
"evaluation",371,0,1782784497,5371
"evaluation",372,0,824877700,5372
"evaluation",373,0,182145990,5373
"evaluation",374,0,1810825551,5374
"evaluation",375,0,881514832,5375
"evaluation",376,0,1003319471,5376
"evaluation",377,0,833774979,5377
"evaluation",378,0,148571485,5378
"evaluation",379,0,708964981,5379
"evaluation",380,0,319461431,5380
"evaluation",381,0,1924394813,5381
"evaluation",382,0,1686615526,5382
"evaluation",383,0,1487611973,5383
"evaluation",384,0,1705447654,5384
"evaluation",385,0,135484930,5385
"evaluation",386,0,1893981038,5386
"evaluation",387,0,2036686007,5387
"evaluation",388,0,1813674066,5388
"evaluation",389,0,1639958842,5389
"evaluation",390,0,1669987165,5390
"evaluation",391,0,1096288616,5391
"evaluation",392,0,684563850,5392
"evaluation",393,0,726627002,5393
"evaluation",394,0,1601912004,5394
"evaluation",395,0,1128222798,5395
"evaluation",396,0,1158506570,5396
"evaluation",397,0,1363995555,5397
"evaluation",398,0,661062718,5398
"evaluation",399,0,1973301652,5399
"evaluation",400,0,1732651802,5400
"evaluation",401,0,1666063784,5401
"evaluation",402,0,866000143,5402
"evaluation",403,0,1005062462,5403
"evaluation",404,0,304835795,5404
"evaluation",405,0,1998943333,5405
"evaluation",406,0,803063645,5406
"evaluation",407,0,551406754,5407
"evaluation",408,0,795840363,5408
"evaluation",409,0,1601489497,5409
"evaluation",410,0,1538307050,5410
"evaluation",411,0,2064904109,5411
"evaluation",412,0,36220569,5412
"evaluation",413,0,451885438,5413
"evaluation",414,0,1929447714,5414
"evaluation",415,0,993786391,5415
"evaluation",416,0,1079951190,5416
"evaluation",417,0,220934660,5417
"evaluation",418,0,644014900,5418
"evaluation",419,0,1059937561,5419
"evaluation",420,0,975206634,5420
"evaluation",421,0,1240941171,5421
"evaluation",422,0,405709131,5422
"evaluation",423,0,1845534904,5423
"evaluation",424,0,1855020182,5424
"evaluation",425,0,1021669015,5425
"evaluation",426,0,327323430,5426
"evaluation",427,0,1891763867,5427
"evaluation",428,0,1826554630,5428
"evaluation",429,0,1481445256,5429
"evaluation",430,0,916359655,5430
"evaluation",431,0,1398196442,5431
"evaluation",432,0,1350557241,5432
"evaluation",433,0,150025424,5433
"evaluation",434,0,1451422011,5434
"evaluation",435,0,811348020,5435
"evaluation",436,0,1542033545,5436
"evaluation",437,0,1084757007,5437
"evaluation",438,0,553136763,5438
"evaluation",439,0,1712940042,5439
"evaluation",440,0,1087539587,5440
"evaluation",441,0,1212937725,5441
"evaluation",442,0,1143346321,5442
"evaluation",443,0,728889788,5443
"evaluation",444,0,331626884,5444
"evaluation",445,0,517505451,5445
"evaluation",446,0,1604328868,5446
"evaluation",447,0,1070233154,5447
"evaluation",448,0,1392288160,5448
"evaluation",449,0,609691127,5449
"evaluation",450,0,671467233,5450
"evaluation",451,0,1875665825,5451
"evaluation",452,0,163893908,5452
"evaluation",453,0,505679658,5453
"evaluation",454,0,1630001720,5454
"evaluation",455,0,7055120,5455
"evaluation",456,0,556294823,5456
"evaluation",457,0,154081454,5457
"evaluation",458,0,1690346502,5458
"evaluation",459,0,1156198578,5459
"evaluation",460,0,1911762444,5460
"evaluation",461,0,1549150844,5461
"evaluation",462,0,61341840,5462
"evaluation",463,0,976501446,5463
"evaluation",464,0,1581558387,5464
"evaluation",465,0,1196137388,5465
"evaluation",466,0,2141723251,5466
"evaluation",467,0,1666267680,5467
"evaluation",468,0,402769007,5468
"evaluation",469,0,2082379918,5469
"evaluation",470,0,1594860926,5470
"evaluation",471,0,726999689,5471
"evaluation",472,0,1505972747,5472
"evaluation",473,0,1638255334,5473
"evaluation",474,0,1760808469,5474
"evaluation",475,0,1244740703,5475
"evaluation",476,0,1689381776,5476
"evaluation",477,0,1059742393,5477
"evaluation",478,0,785668043,5478
"evaluation",479,0,1551442323,5479
"evaluation",480,0,1344760014,5480
"evaluation",481,0,884973389,5481
"evaluation",482,0,898629630,5482
"evaluation",483,0,1432379224,5483
"evaluation",484,0,41487391,5484
"evaluation",485,0,1085024144,5485
"evaluation",486,0,752167035,5486
"evaluation",487,0,181579054,5487
"evaluation",488,0,725811609,5488
"evaluation",489,0,1325773765,5489
"evaluation",490,0,60676858,5490
"evaluation",491,0,1720327058,5491
"evaluation",492,0,2083006858,5492
"evaluation",493,0,42699488,5493
"evaluation",494,0,1210914914,5494
"evaluation",495,0,213370039,5495
"evaluation",496,0,472717998,5496
"evaluation",497,0,1098691438,5497
"evaluation",498,0,1823643496,5498
"evaluation",499,0,1343187910,5499
"evaluation",500,0,889977842,5500
"evaluation",501,0,2062098107,5501
"evaluation",502,0,1141351549,5502
"evaluation",503,0,1059809731,5503
"evaluation",504,0,1931941907,5504
"evaluation",505,0,1064074275,5505
"evaluation",506,0,356321960,5506
"evaluation",507,0,682320023,5507
"evaluation",508,0,1901872349,5508
"evaluation",509,0,1967518945,5509
"evaluation",510,0,289973437,5510
"evaluation",511,0,1591000195,5511
"evaluation",512,0,1994010309,5512
"evaluation",513,0,1013012240,5513
"evaluation",514,0,1348343266,5514
"evaluation",515,0,963774630,5515
"evaluation",516,0,1906703300,5516
"evaluation",517,0,2133567401,5517
"evaluation",518,0,269517610,5518
"evaluation",519,0,1068273227,5519
"evaluation",520,0,526280323,5520
"evaluation",521,0,650898535,5521
"evaluation",522,0,1974924319,5522
"evaluation",523,0,461761799,5523
"evaluation",524,0,1480019697,5524
"evaluation",525,0,1086928552,5525
"evaluation",526,0,405699130,5526
"evaluation",527,0,1885151382,5527
"evaluation",528,0,1447611768,5528
"evaluation",529,0,21915541,5529
"evaluation",530,0,1975087951,5530
"evaluation",531,0,2086300684,5531
"evaluation",532,0,517037806,5532
"evaluation",533,0,1949521235,5533
"evaluation",534,0,656651077,5534
"evaluation",535,0,950061812,5535
"evaluation",536,0,551827726,5536
"evaluation",537,0,369958497,5537
"evaluation",538,0,1401659375,5538
"evaluation",539,0,1713213425,5539
"evaluation",540,0,972326831,5540
"evaluation",541,0,1755801634,5541
"evaluation",542,0,1706363128,5542
"evaluation",543,0,38269115,5543
"evaluation",544,0,1144211081,5544
"evaluation",545,0,1758110630,5545
"evaluation",546,0,137051643,5546
"evaluation",547,0,1065279915,5547
"evaluation",548,0,1718292971,5548
"evaluation",549,0,2084836207,5549
"evaluation",550,0,988790548,5550
"evaluation",551,0,1461809971,5551
"evaluation",552,0,1319528497,5552
"evaluation",553,0,1430514533,5553
"evaluation",554,0,232054746,5554
"evaluation",555,0,641119613,5555
"evaluation",556,0,779525937,5556
"evaluation",557,0,701131142,5557
"evaluation",558,0,315662639,5558
"evaluation",559,0,1435466435,5559
"evaluation",560,0,775015994,5560
"evaluation",561,0,1219454622,5561
"evaluation",562,0,1953295347,5562
"evaluation",563,0,1616176949,5563
"evaluation",564,0,529718185,5564
"evaluation",565,0,2132998061,5565
"evaluation",566,0,1637729360,5566
"evaluation",567,0,991651368,5567
"evaluation",568,0,747546325,5568
"evaluation",569,0,142712107,5569
"evaluation",570,0,282940838,5570
"evaluation",571,0,1718238771,5571
"evaluation",572,0,2078833551,5572
"evaluation",573,0,2038971725,5573
"evaluation",574,0,641520963,5574
"evaluation",575,0,621438413,5575
"evaluation",576,0,353991999,5576
"evaluation",577,0,2077665882,5577
"evaluation",578,0,1226036975,5578
"evaluation",579,0,1226363765,5579
"evaluation",580,0,373786832,5580
"evaluation",581,0,1777759938,5581
"evaluation",582,0,1689615702,5582
"evaluation",583,0,217936423,5583
"evaluation",584,0,841188365,5584
"evaluation",585,0,1805897712,5585
"evaluation",586,0,1715639307,5586
"evaluation",587,0,809139331,5587
"evaluation",588,0,2110254827,5588
"evaluation",589,0,1744533942,5589
"evaluation",590,0,1516169415,5590
"evaluation",591,0,208204640,5591
"evaluation",592,0,1134917283,5592
"evaluation",593,0,186978266,5593
"evaluation",594,0,507476437,5594
"evaluation",595,0,1824826438,5595
"evaluation",596,0,65372935,5596
"evaluation",597,0,419563468,5597
"evaluation",598,0,1723021633,5598
"evaluation",599,0,272357147,5599
"evaluation",600,0,2067398913,5600
"evaluation",601,0,1294933954,5601
"evaluation",602,0,929880056,5602
"evaluation",603,0,1588045249,5603
"evaluation",604,0,1073172247,5604
"evaluation",605,0,350536141,5605
"evaluation",606,0,1703668625,5606
"evaluation",607,0,1038559411,5607
"evaluation",608,0,417050867,5608
"evaluation",609,0,1561491728,5609
"evaluation",610,0,422031491,5610
"evaluation",611,0,1431874815,5611
"evaluation",612,0,822836830,5612
"evaluation",613,0,2007870115,5613
"evaluation",614,0,783866951,5614
"evaluation",615,0,1277888468,5615
"evaluation",616,0,606762449,5616
"evaluation",617,0,1737502557,5617
"evaluation",618,0,944659087,5618
"evaluation",619,0,2104301123,5619
"evaluation",620,0,454700831,5620
"evaluation",621,0,815350126,5621
"evaluation",622,0,769690426,5622
"evaluation",623,0,449886939,5623
"evaluation",624,0,969679739,5624
"evaluation",625,0,1271682221,5625
"evaluation",626,0,1312953200,5626
"evaluation",627,0,717733561,5627
"evaluation",628,0,584777530,5628
"evaluation",629,0,904363471,5629
"evaluation",630,0,1058609501,5630
"evaluation",631,0,873389181,5631
"evaluation",632,0,1394491326,5632
"evaluation",633,0,1384452787,5633
"evaluation",634,0,346498086,5634
"evaluation",635,0,404787618,5635
"evaluation",636,0,319719215,5636
"evaluation",637,0,2023283476,5637
"evaluation",638,0,1953139201,5638
"evaluation",639,0,2014199368,5639
"evaluation",640,0,635234936,5640
"evaluation",641,0,2058836163,5641
"evaluation",642,0,10137012,5642
"evaluation",643,0,1414507101,5643
"evaluation",644,0,801175328,5644
"evaluation",645,0,1771924560,5645
"evaluation",646,0,2105287956,5646
"evaluation",647,0,254084155,5647
"evaluation",648,0,1734837102,5648
"evaluation",649,0,1102360799,5649
"evaluation",650,0,1127914827,5650
"evaluation",651,0,423369517,5651
"evaluation",652,0,661779038,5652
"evaluation",653,0,1379119605,5653
"evaluation",654,0,1710033678,5654
"evaluation",655,0,548960735,5655
"evaluation",656,0,1160452003,5656
"evaluation",657,0,618064785,5657
"evaluation",658,0,744317231,5658
"evaluation",659,0,789364406,5659
"evaluation",660,0,1957356961,5660
"evaluation",661,0,1335540792,5661
"evaluation",662,0,1091629682,5662
"evaluation",663,0,818895668,5663
"evaluation",664,0,603910839,5664
"evaluation",665,0,484072025,5665
"evaluation",666,0,908372787,5666
"evaluation",667,0,1393218607,5667
"evaluation",668,0,1644068224,5668
"evaluation",669,0,1162510257,5669
"evaluation",670,0,1894672641,5670
"evaluation",671,0,195336838,5671
"evaluation",672,0,1246042357,5672
"evaluation",673,0,1903203551,5673
"evaluation",674,0,366076178,5674
"evaluation",675,0,220368192,5675
"evaluation",676,0,594701433,5676
"evaluation",677,0,1520663790,5677
"evaluation",678,0,335253258,5678
"evaluation",679,0,406216625,5679
"evaluation",680,0,230781865,5680
"evaluation",681,0,424351928,5681
"evaluation",682,0,1251356030,5682
"evaluation",683,0,62951091,5683
"evaluation",684,0,339095654,5684
"evaluation",685,0,104042384,5685
"evaluation",686,0,1651784639,5686
"evaluation",687,0,970881002,5687
"evaluation",688,0,156624098,5688
"evaluation",689,0,1170357650,5689
"evaluation",690,0,1665624449,5690
"evaluation",691,0,145537134,5691
"evaluation",692,0,1355585793,5692
"evaluation",693,0,1619065910,5693
"evaluation",694,0,302013597,5694
"evaluation",695,0,309213195,5695
"evaluation",696,0,1423362614,5696
"evaluation",697,0,1966544481,5697
"evaluation",698,0,179794304,5698
"evaluation",699,0,985213401,5699
"evaluation",700,0,643818494,5700
"evaluation",701,0,1382713273,5701
"evaluation",702,0,28265758,5702
"evaluation",703,0,873487584,5703
"evaluation",704,0,1558499370,5704
"evaluation",705,0,321531830,5705
"evaluation",706,0,1856763033,5706
"evaluation",707,0,1585814755,5707
"evaluation",708,0,891424136,5708
"evaluation",709,0,1536499339,5709
"evaluation",710,0,719219523,5710
"evaluation",711,0,1039952833,5711
"evaluation",712,0,1824386904,5712
"evaluation",713,0,1600677017,5713
"evaluation",714,0,89378186,5714
"evaluation",715,0,1318106471,5715
"evaluation",716,0,246566659,5716
"evaluation",717,0,2038178496,5717
"evaluation",718,0,1475526869,5718
"evaluation",719,0,241728660,5719
"evaluation",720,0,565594020,5720
"evaluation",721,0,1016936118,5721
"evaluation",722,0,1056263551,5722
"evaluation",723,0,2113452378,5723
"evaluation",724,0,963698184,5724
"evaluation",725,0,2056310476,5725
"evaluation",726,0,1926547724,5726
"evaluation",727,0,1064008526,5727
"evaluation",728,0,625146431,5728
"evaluation",729,0,947737521,5729
"evaluation",730,0,1325205241,5730
"evaluation",731,0,787475340,5731
"evaluation",732,0,1080779629,5732
"evaluation",733,0,1669256824,5733
"evaluation",734,0,1084758109,5734
"evaluation",735,0,125702681,5735
"evaluation",736,0,1485343230,5736
"evaluation",737,0,479660623,5737
"evaluation",738,0,1875011126,5738
"evaluation",739,0,41061140,5739
"evaluation",740,0,1766988295,5740
"evaluation",741,0,1073272346,5741
"evaluation",742,0,115684626,5742
"evaluation",743,0,1956764019,5743
"evaluation",744,0,104150304,5744
"evaluation",745,0,938097113,5745
"evaluation",746,0,2042850186,5746
"evaluation",747,0,1795925572,5747
"evaluation",748,0,797547413,5748
"evaluation",749,0,280714196,5749
"evaluation",750,0,1620345766,5750
"evaluation",751,0,1526686063,5751
"evaluation",752,0,412169162,5752
"evaluation",753,0,698985787,5753
"evaluation",754,0,1041882672,5754
"evaluation",755,0,60317052,5755
"evaluation",756,0,369694736,5756
"evaluation",757,0,2111014616,5757
"evaluation",758,0,1783703545,5758
"evaluation",759,0,984118046,5759
"evaluation",760,0,1498072730,5760
"evaluation",761,0,1141353352,5761
"evaluation",762,0,67428302,5762
"evaluation",763,0,873386030,5763
"evaluation",764,0,121795207,5764
"evaluation",765,0,1609813311,5765
"evaluation",766,0,295430013,5766
"evaluation",767,0,1130021428,5767
"evaluation",768,0,505431754,5768
"evaluation",769,0,1569058843,5769
"evaluation",770,0,1237210918,5770
"evaluation",771,0,419091784,5771
"evaluation",772,0,1074860218,5772
"evaluation",773,0,1838487360,5773
"evaluation",774,0,1409069733,5774
"evaluation",775,0,1931361117,5775
"evaluation",776,0,1918387343,5776
"evaluation",777,0,12856605,5777
"evaluation",778,0,273358523,5778
"evaluation",779,0,185715307,5779
"evaluation",780,0,1141965863,5780
"evaluation",781,0,303220735,5781
"evaluation",782,0,2032517987,5782
"evaluation",783,0,240556376,5783
"evaluation",784,0,454242174,5784
"evaluation",785,0,1150219664,5785
"evaluation",786,0,376282489,5786
"evaluation",787,0,1021973768,5787
"evaluation",788,0,2127431490,5788
"evaluation",789,0,164726055,5789
"evaluation",790,0,1528746218,5790
"evaluation",791,0,1277306931,5791
"evaluation",792,0,375183271,5792
"evaluation",793,0,1289990189,5793
"evaluation",794,0,605500460,5794
"evaluation",795,0,347137714,5795
"evaluation",796,0,1562375604,5796
"evaluation",797,0,367285338,5797
"evaluation",798,0,1937612935,5798
"evaluation",799,0,336655258,5799
"evaluation",800,0,2057904490,5800
"evaluation",801,0,891692808,5801
"evaluation",802,0,339108180,5802
"evaluation",803,0,1733508863,5803
"evaluation",804,0,577095521,5804
"evaluation",805,0,947167661,5805
"evaluation",806,0,1733614075,5806
"evaluation",807,0,1267966704,5807
"evaluation",808,0,1458131445,5808
"evaluation",809,0,229952780,5809
"evaluation",810,0,1245758246,5810
"evaluation",811,0,758538285,5811
"evaluation",812,0,124734928,5812
"evaluation",813,0,585914132,5813
"evaluation",814,0,670397911,5814
"evaluation",815,0,243556554,5815
"evaluation",816,0,2083990397,5816
"evaluation",817,0,1899156194,5817
"evaluation",818,0,1774985776,5818
"evaluation",819,0,701772683,5819
"evaluation",820,0,1093218430,5820
"evaluation",821,0,983924189,5821
"evaluation",822,0,39216612,5822
"evaluation",823,0,862158774,5823
"evaluation",824,0,1959808026,5824
"evaluation",825,0,1041082538,5825
"evaluation",826,0,1029404556,5826
"evaluation",827,0,1203925321,5827
"evaluation",828,0,534094495,5828
"evaluation",829,0,400071058,5829
"evaluation",830,0,584457146,5830
"evaluation",831,0,1918273477,5831
"evaluation",832,0,517452227,5832
"evaluation",833,0,1642707557,5833
"evaluation",834,0,157615947,5834
"evaluation",835,0,1532052176,5835
"evaluation",836,0,416066213,5836
"evaluation",837,0,443681311,5837
"evaluation",838,0,1188086417,5838
"evaluation",839,0,1912244769,5839
"evaluation",840,0,188099225,5840
"evaluation",841,0,1357150419,5841
"evaluation",842,0,1090137953,5842
"evaluation",843,0,561334169,5843
"evaluation",844,0,627345307,5844
"evaluation",845,0,232758189,5845
"evaluation",846,0,859982484,5846
"evaluation",847,0,291645572,5847
"evaluation",848,0,985550724,5848
"evaluation",849,0,347922045,5849
"evaluation",850,0,1807565585,5850
"evaluation",851,0,1232106617,5851
"evaluation",852,0,1739158337,5852
"evaluation",853,0,279763123,5853
"evaluation",854,0,818814274,5854
"evaluation",855,0,1291979371,5855
"evaluation",856,0,2100335156,5856
"evaluation",857,0,1470685397,5857
"evaluation",858,0,1569428692,5858
"evaluation",859,0,1787261380,5859
"evaluation",860,0,1932639606,5860
"evaluation",861,0,1593577372,5861
"evaluation",862,0,16045920,5862
"evaluation",863,0,1047713214,5863
"evaluation",864,0,1903017105,5864
"evaluation",865,0,1484126001,5865
"evaluation",866,0,1924325705,5866
"evaluation",867,0,105621515,5867
"evaluation",868,0,1902965454,5868
"evaluation",869,0,1337999768,5869
"evaluation",870,0,118395132,5870
"evaluation",871,0,934961561,5871
"evaluation",872,0,1784599111,5872
"evaluation",873,0,2029873426,5873
"evaluation",874,0,1621395298,5874
"evaluation",875,0,1063350744,5875
"evaluation",876,0,1277005485,5876
"evaluation",877,0,2021293738,5877
"evaluation",878,0,1820397589,5878
"evaluation",879,0,365503988,5879
"evaluation",880,0,1516518547,5880
"evaluation",881,0,1171492776,5881
"evaluation",882,0,1527991176,5882
"evaluation",883,0,367490471,5883
"evaluation",884,0,387520168,5884
"evaluation",885,0,1862614035,5885
"evaluation",886,0,1536846833,5886
"evaluation",887,0,1221375759,5887
"evaluation",888,0,569779949,5888
"evaluation",889,0,1899096031,5889
"evaluation",890,0,466348231,5890
"evaluation",891,0,1628064928,5891
"evaluation",892,0,1817295312,5892
"evaluation",893,0,53989761,5893
"evaluation",894,0,636265767,5894
"evaluation",895,0,1186987152,5895
"evaluation",896,0,833757530,5896
"evaluation",897,0,1811416048,5897
"evaluation",898,0,2010174350,5898
"evaluation",899,0,194787959,5899
"evaluation",900,0,1183643767,5900
"evaluation",901,0,2104650969,5901
"evaluation",902,0,1794495113,5902
"evaluation",903,0,168306032,5903
"evaluation",904,0,713127377,5904
"evaluation",905,0,1049565761,5905
"evaluation",906,0,347501582,5906
"evaluation",907,0,464736113,5907
"evaluation",908,0,1221587078,5908
"evaluation",909,0,955831449,5909
"evaluation",910,0,976070960,5910
"evaluation",911,0,1353776852,5911
"evaluation",912,0,763283841,5912
"evaluation",913,0,1435097387,5913
"evaluation",914,0,628219416,5914
"evaluation",915,0,849105629,5915
"evaluation",916,0,1443424337,5916
"evaluation",917,0,606440489,5917
"evaluation",918,0,608097213,5918
"evaluation",919,0,1580449527,5919
"evaluation",920,0,1503453386,5920
"evaluation",921,0,1653789265,5921
"evaluation",922,0,2048606225,5922
"evaluation",923,0,1325133939,5923
"evaluation",924,0,864267231,5924
"evaluation",925,0,1483078468,5925
"evaluation",926,0,471930852,5926
"evaluation",927,0,639817679,5927
"evaluation",928,0,347238855,5928
"evaluation",929,0,334466140,5929
"evaluation",930,0,768579757,5930
"evaluation",931,0,2033378326,5931
"evaluation",932,0,1957523868,5932
"evaluation",933,0,1408345363,5933
"evaluation",934,0,213581834,5934
"evaluation",935,0,1275448517,5935
"evaluation",936,0,1895271071,5936
"evaluation",937,0,167547708,5937
"evaluation",938,0,1947986944,5938
"evaluation",939,0,1849070734,5939
"evaluation",940,0,13242567,5940
"evaluation",941,0,840707238,5941
"evaluation",942,0,531074338,5942
"evaluation",943,0,199149878,5943
"evaluation",944,0,592207037,5944
"evaluation",945,0,1125903311,5945
"evaluation",946,0,540251049,5946
"evaluation",947,0,770719208,5947
"evaluation",948,0,2123857530,5948
"evaluation",949,0,1369613353,5949
"evaluation",950,0,1461385232,5950
"evaluation",951,0,1264174706,5951
"evaluation",952,0,1872825923,5952
"evaluation",953,0,1081200142,5953
"evaluation",954,0,1855257741,5954
"evaluation",955,0,1509042078,5955
"evaluation",956,0,677020664,5956
"evaluation",957,0,1236706968,5957
"evaluation",958,0,36075222,5958
"evaluation",959,0,45257246,5959
"evaluation",960,0,168506373,5960
"evaluation",961,0,1851074972,5961
"evaluation",962,0,2077501430,5962
"evaluation",963,0,531328530,5963
"evaluation",964,0,1313023878,5964
"evaluation",965,0,664032584,5965
"evaluation",966,0,1529484822,5966
"evaluation",967,0,135999224,5967
"evaluation",968,0,182911468,5968
"evaluation",969,0,934314475,5969
"evaluation",970,0,1948617630,5970
"evaluation",971,0,450536737,5971
"evaluation",972,0,675508832,5972
"evaluation",973,0,1993994780,5973
"evaluation",974,0,76083693,5974
"evaluation",975,0,92058017,5975
"evaluation",976,0,729570092,5976
"evaluation",977,0,181295548,5977
"evaluation",978,0,13983552,5978
"evaluation",979,0,537827389,5979
"evaluation",980,0,289067513,5980
"evaluation",981,0,205030403,5981
"evaluation",982,0,800299595,5982
"evaluation",983,0,187447750,5983
"evaluation",984,0,328165794,5984
"evaluation",985,0,1280714640,5985
"evaluation",986,0,1529744992,5986
"evaluation",987,0,1431348552,5987
"evaluation",988,0,477028150,5988
"evaluation",989,0,1314872749,5989
"evaluation",990,0,852742664,5990
"evaluation",991,0,2125678964,5991
"evaluation",992,0,496943320,5992
"evaluation",993,0,99143704,5993
"evaluation",994,0,887288010,5994
"evaluation",995,0,943563422,5995
"evaluation",996,0,22272007,5996
"evaluation",997,0,1933283559,5997
"evaluation",998,0,667998238,5998
"evaluation",999,0,1116568689,5999
"evaluation",1000,0,825392086,6000
"evaluation",1,0.1,341552695,6001
"evaluation",2,0.1,1513531030,6002
"evaluation",3,0.1,1353917063,6003
"evaluation",4,0.1,813127885,6004
"evaluation",5,0.1,1197024827,6005
"evaluation",6,0.1,1319007624,6006
"evaluation",7,0.1,103115478,6007
"evaluation",8,0.1,1916321978,6008
"evaluation",9,0.1,1602178294,6009
"evaluation",10,0.1,555248635,6010
"evaluation",11,0.1,297371789,6011
"evaluation",12,0.1,850438394,6012
"evaluation",13,0.1,8157041,6013
"evaluation",14,0.1,78844969,6014
"evaluation",15,0.1,923157935,6015
"evaluation",16,0.1,2020558720,6016
"evaluation",17,0.1,233994542,6017
"evaluation",18,0.1,1585559085,6018
"evaluation",19,0.1,768575409,6019
"evaluation",20,0.1,191392464,6020
"evaluation",21,0.1,1185313827,6021
"evaluation",22,0.1,476047233,6022
"evaluation",23,0.1,1119793412,6023
"evaluation",24,0.1,1739674520,6024
"evaluation",25,0.1,848116253,6025
"evaluation",26,0.1,1617878179,6026
"evaluation",27,0.1,1369191864,6027
"evaluation",28,0.1,1463275968,6028
"evaluation",29,0.1,1492986409,6029
"evaluation",30,0.1,1950585923,6030
"evaluation",31,0.1,907064879,6031
"evaluation",32,0.1,943499606,6032
"evaluation",33,0.1,405632381,6033
"evaluation",34,0.1,1212772725,6034
"evaluation",35,0.1,281498052,6035
"evaluation",36,0.1,1769013116,6036
"evaluation",37,0.1,380279070,6037
"evaluation",38,0.1,1265620181,6038
"evaluation",39,0.1,790477724,6039
"evaluation",40,0.1,234625175,6040
"evaluation",41,0.1,1145701993,6041
"evaluation",42,0.1,1992873191,6042
"evaluation",43,0.1,1702597916,6043
"evaluation",44,0.1,1695850492,6044
"evaluation",45,0.1,1326187735,6045
"evaluation",46,0.1,1629060043,6046
"evaluation",47,0.1,1847804691,6047
"evaluation",48,0.1,1390609853,6048
"evaluation",49,0.1,1981665284,6049
"evaluation",50,0.1,687985669,6050
"evaluation",51,0.1,1185005457,6051
"evaluation",52,0.1,1609000824,6052
"evaluation",53,0.1,219087557,6053
"evaluation",54,0.1,1589226423,6054
"evaluation",55,0.1,1816049279,6055
"evaluation",56,0.1,2130806949,6056
"evaluation",57,0.1,1046937944,6057
"evaluation",58,0.1,1291039643,6058
"evaluation",59,0.1,1310687585,6059
"evaluation",60,0.1,1811418350,6060
"evaluation",61,0.1,587255933,6061
"evaluation",62,0.1,1983050586,6062
"evaluation",63,0.1,2068108829,6063
"evaluation",64,0.1,1010695105,6064
"evaluation",65,0.1,1785608870,6065
"evaluation",66,0.1,321156553,6066
"evaluation",67,0.1,219251963,6067
"evaluation",68,0.1,953917673,6068
"evaluation",69,0.1,1791565729,6069
"evaluation",70,0.1,1851052492,6070
"evaluation",71,0.1,1688530107,6071
"evaluation",72,0.1,326945171,6072
"evaluation",73,0.1,1140117336,6073
"evaluation",74,0.1,1937172691,6074
"evaluation",75,0.1,1703417274,6075
"evaluation",76,0.1,1024334685,6076
"evaluation",77,0.1,1216656570,6077
"evaluation",78,0.1,1471097269,6078
"evaluation",79,0.1,466496138,6079
"evaluation",80,0.1,1429028699,6080
"evaluation",81,0.1,398355443,6081
"evaluation",82,0.1,2145938131,6082
"evaluation",83,0.1,1400736756,6083
"evaluation",84,0.1,703738857,6084
"evaluation",85,0.1,597335265,6085
"evaluation",86,0.1,128448903,6086
"evaluation",87,0.1,2032159022,6087
"evaluation",88,0.1,1322754820,6088
"evaluation",89,0.1,1981877793,6089
"evaluation",90,0.1,1252470484,6090
"evaluation",91,0.1,1484156121,6091
"evaluation",92,0.1,164476219,6092
"evaluation",93,0.1,1489468328,6093
"evaluation",94,0.1,212248197,6094
"evaluation",95,0.1,1407455617,6095
"evaluation",96,0.1,491981677,6096
"evaluation",97,0.1,387037961,6097
"evaluation",98,0.1,1602945577,6098
"evaluation",99,0.1,553214078,6099
"evaluation",100,0.1,553365791,6100
"evaluation",101,0.1,1983557138,6101
"evaluation",102,0.1,603573458,6102
"evaluation",103,0.1,1089083083,6103
"evaluation",104,0.1,1727261228,6104
"evaluation",105,0.1,2034214181,6105
"evaluation",106,0.1,537118720,6106
"evaluation",107,0.1,549276339,6107
"evaluation",108,0.1,1210395380,6108
"evaluation",109,0.1,1296436383,6109
"evaluation",110,0.1,1581244445,6110
"evaluation",111,0.1,1085074969,6111
"evaluation",112,0.1,656228135,6112
"evaluation",113,0.1,251355941,6113
"evaluation",114,0.1,439617482,6114
"evaluation",115,0.1,1260187365,6115
"evaluation",116,0.1,455360139,6116
"evaluation",117,0.1,451542989,6117
"evaluation",118,0.1,111370286,6118
"evaluation",119,0.1,1000004880,6119
"evaluation",120,0.1,407430621,6120
"evaluation",121,0.1,1495501727,6121
"evaluation",122,0.1,1032542552,6122
"evaluation",123,0.1,2075967389,6123
"evaluation",124,0.1,1265192146,6124
"evaluation",125,0.1,1777166109,6125
"evaluation",126,0.1,675637680,6126
"evaluation",127,0.1,1876964038,6127
"evaluation",128,0.1,245873801,6128
"evaluation",129,0.1,1129261040,6129
"evaluation",130,0.1,1291109816,6130
"evaluation",131,0.1,1606036906,6131
"evaluation",132,0.1,762368681,6132
"evaluation",133,0.1,1013104759,6133
"evaluation",134,0.1,1460302385,6134
"evaluation",135,0.1,1276854185,6135
"evaluation",136,0.1,574252308,6136
"evaluation",137,0.1,1343237098,6137
"evaluation",138,0.1,1276199528,6138
"evaluation",139,0.1,1912026860,6139
"evaluation",140,0.1,1450591464,6140
"evaluation",141,0.1,161551433,6141
"evaluation",142,0.1,454427808,6142
"evaluation",143,0.1,2077999892,6143
"evaluation",144,0.1,580576646,6144
"evaluation",145,0.1,1266350744,6145
"evaluation",146,0.1,1024581284,6146
"evaluation",147,0.1,891890143,6147
"evaluation",148,0.1,170516907,6148
"evaluation",149,0.1,674864724,6149
"evaluation",150,0.1,299043474,6150
"evaluation",151,0.1,1073888219,6151
"evaluation",152,0.1,1541850352,6152
"evaluation",153,0.1,583689523,6153
"evaluation",154,0.1,466504871,6154
"evaluation",155,0.1,922197213,6155
"evaluation",156,0.1,1871370776,6156
"evaluation",157,0.1,1910904808,6157
"evaluation",158,0.1,140575606,6158
"evaluation",159,0.1,183417051,6159
"evaluation",160,0.1,1275379078,6160
"evaluation",161,0.1,1086683741,6161
"evaluation",162,0.1,390129207,6162
"evaluation",163,0.1,1511470950,6163
"evaluation",164,0.1,1677220607,6164
"evaluation",165,0.1,265825619,6165
"evaluation",166,0.1,845267928,6166
"evaluation",167,0.1,2023706758,6167
"evaluation",168,0.1,1193872507,6168
"evaluation",169,0.1,443181822,6169
"evaluation",170,0.1,1643972911,6170
"evaluation",171,0.1,123111902,6171
"evaluation",172,0.1,1730427751,6172
"evaluation",173,0.1,16823512,6173
"evaluation",174,0.1,2142978923,6174
"evaluation",175,0.1,1073195631,6175
"evaluation",176,0.1,1896804918,6176
"evaluation",177,0.1,939805360,6177
"evaluation",178,0.1,1745519822,6178
"evaluation",179,0.1,1316293480,6179
"evaluation",180,0.1,275455164,6180
"evaluation",181,0.1,1236479901,6181
"evaluation",182,0.1,196276333,6182
"evaluation",183,0.1,1865201764,6183
"evaluation",184,0.1,589707315,6184
"evaluation",185,0.1,653306879,6185
"evaluation",186,0.1,966104291,6186
"evaluation",187,0.1,495691074,6187
"evaluation",188,0.1,1369273023,6188
"evaluation",189,0.1,978244145,6189
"evaluation",190,0.1,1763145431,6190
"evaluation",191,0.1,46396444,6191
"evaluation",192,0.1,1471247617,6192
"evaluation",193,0.1,133498354,6193
"evaluation",194,0.1,1446288898,6194
"evaluation",195,0.1,698308531,6195
"evaluation",196,0.1,2108945172,6196
"evaluation",197,0.1,1993516080,6197
"evaluation",198,0.1,1607100706,6198
"evaluation",199,0.1,1947400755,6199
"evaluation",200,0.1,1855729896,6200
"evaluation",201,0.1,298585787,6201
"evaluation",202,0.1,1554382417,6202
"evaluation",203,0.1,902092379,6203
"evaluation",204,0.1,1906498886,6204
"evaluation",205,0.1,1932240469,6205
"evaluation",206,0.1,230128834,6206
"evaluation",207,0.1,1896762826,6207
"evaluation",208,0.1,523116814,6208
"evaluation",209,0.1,1402524445,6209
"evaluation",210,0.1,720709165,6210
"evaluation",211,0.1,2055603371,6211
"evaluation",212,0.1,967772815,6212
"evaluation",213,0.1,1761816418,6213
"evaluation",214,0.1,1292821907,6214
"evaluation",215,0.1,2019586199,6215
"evaluation",216,0.1,269221419,6216
"evaluation",217,0.1,1072241354,6217
"evaluation",218,0.1,1990188336,6218
"evaluation",219,0.1,1019080493,6219
"evaluation",220,0.1,450158214,6220
"evaluation",221,0.1,739236751,6221
"evaluation",222,0.1,1474640429,6222
"evaluation",223,0.1,1965484621,6223
"evaluation",224,0.1,1710300446,6224
"evaluation",225,0.1,2104749943,6225
"evaluation",226,0.1,424716249,6226
"evaluation",227,0.1,1316556879,6227
"evaluation",228,0.1,1094072628,6228
"evaluation",229,0.1,186842482,6229
"evaluation",230,0.1,257412419,6230
"evaluation",231,0.1,224814950,6231
"evaluation",232,0.1,1753684670,6232
"evaluation",233,0.1,883379405,6233
"evaluation",234,0.1,2000790780,6234
"evaluation",235,0.1,2147107084,6235
"evaluation",236,0.1,722373290,6236
"evaluation",237,0.1,983064030,6237
"evaluation",238,0.1,1858306871,6238
"evaluation",239,0.1,1447770241,6239
"evaluation",240,0.1,496145930,6240
"evaluation",241,0.1,604614644,6241
"evaluation",242,0.1,745344219,6242
"evaluation",243,0.1,1869455284,6243
"evaluation",244,0.1,724192776,6244
"evaluation",245,0.1,1763049579,6245
"evaluation",246,0.1,1918511741,6246
"evaluation",247,0.1,1443463813,6247
"evaluation",248,0.1,335696590,6248
"evaluation",249,0.1,93073611,6249
"evaluation",250,0.1,908698237,6250
"evaluation",251,0.1,1999296954,6251
"evaluation",252,0.1,684425035,6252
"evaluation",253,0.1,1153152922,6253
"evaluation",254,0.1,860305113,6254
"evaluation",255,0.1,3461261,6255
"evaluation",256,0.1,1551860186,6256
"evaluation",257,0.1,564766129,6257
"evaluation",258,0.1,2061581298,6258
"evaluation",259,0.1,1600063735,6259
"evaluation",260,0.1,2106866923,6260
"evaluation",261,0.1,1003511366,6261
"evaluation",262,0.1,1275801916,6262
"evaluation",263,0.1,635255687,6263
"evaluation",264,0.1,682328522,6264
"evaluation",265,0.1,2080581779,6265
"evaluation",266,0.1,523908273,6266
"evaluation",267,0.1,91921482,6267
"evaluation",268,0.1,722446826,6268
"evaluation",269,0.1,1257110021,6269
"evaluation",270,0.1,1487528474,6270
"evaluation",271,0.1,664878739,6271
"evaluation",272,0.1,1349785852,6272
"evaluation",273,0.1,1764010093,6273
"evaluation",274,0.1,1829396759,6274
"evaluation",275,0.1,1880740589,6275
"evaluation",276,0.1,1340160364,6276
"evaluation",277,0.1,818530245,6277
"evaluation",278,0.1,457538575,6278
"evaluation",279,0.1,694162842,6279
"evaluation",280,0.1,510742580,6280
"evaluation",281,0.1,145574757,6281
"evaluation",282,0.1,121135820,6282
"evaluation",283,0.1,2105301850,6283
"evaluation",284,0.1,1689412708,6284
"evaluation",285,0.1,1746407532,6285
"evaluation",286,0.1,397772003,6286
"evaluation",287,0.1,2142232086,6287
"evaluation",288,0.1,1230617474,6288
"evaluation",289,0.1,1720200448,6289
"evaluation",290,0.1,1017237281,6290
"evaluation",291,0.1,1523461943,6291
"evaluation",292,0.1,1356697041,6292
"evaluation",293,0.1,2130723892,6293
"evaluation",294,0.1,2138387648,6294
"evaluation",295,0.1,439426009,6295
"evaluation",296,0.1,342279356,6296
"evaluation",297,0.1,500384540,6297
"evaluation",298,0.1,1908547132,6298
"evaluation",299,0.1,65173736,6299
"evaluation",300,0.1,1895336392,6300
"evaluation",301,0.1,1693697869,6301
"evaluation",302,0.1,1291807856,6302
"evaluation",303,0.1,686212244,6303
"evaluation",304,0.1,880155336,6304
"evaluation",305,0.1,98991556,6305
"evaluation",306,0.1,286307615,6306
"evaluation",307,0.1,496328951,6307
"evaluation",308,0.1,474502754,6308
"evaluation",309,0.1,1418430530,6309
"evaluation",310,0.1,1722464490,6310
"evaluation",311,0.1,1328686674,6311
"evaluation",312,0.1,975674072,6312
"evaluation",313,0.1,435145210,6313
"evaluation",314,0.1,1469766655,6314
"evaluation",315,0.1,841413896,6315
"evaluation",316,0.1,1930504372,6316
"evaluation",317,0.1,1719175350,6317
"evaluation",318,0.1,1699296800,6318
"evaluation",319,0.1,948835008,6319
"evaluation",320,0.1,1913386523,6320
"evaluation",321,0.1,1666492805,6321
"evaluation",322,0.1,1383717861,6322
"evaluation",323,0.1,341402475,6323
"evaluation",324,0.1,1497444172,6324
"evaluation",325,0.1,1643932050,6325
"evaluation",326,0.1,1566421980,6326
"evaluation",327,0.1,621879139,6327
"evaluation",328,0.1,1580113066,6328
"evaluation",329,0.1,339859624,6329
"evaluation",330,0.1,386404496,6330
"evaluation",331,0.1,338518554,6331
"evaluation",332,0.1,1626253470,6332
"evaluation",333,0.1,651245481,6333
"evaluation",334,0.1,583977964,6334
"evaluation",335,0.1,621054500,6335
"evaluation",336,0.1,1987562245,6336
"evaluation",337,0.1,803026397,6337
"evaluation",338,0.1,1039820500,6338
"evaluation",339,0.1,289221825,6339
"evaluation",340,0.1,292985570,6340
"evaluation",341,0.1,802199435,6341
"evaluation",342,0.1,687037426,6342
"evaluation",343,0.1,63279956,6343
"evaluation",344,0.1,425179185,6344
"evaluation",345,0.1,823583470,6345
"evaluation",346,0.1,274240938,6346
"evaluation",347,0.1,1513377388,6347
"evaluation",348,0.1,562991873,6348
"evaluation",349,0.1,439997035,6349
"evaluation",350,0.1,722059204,6350
"evaluation",351,0.1,1284673189,6351
"evaluation",352,0.1,1803415114,6352
"evaluation",353,0.1,686423053,6353
"evaluation",354,0.1,86896926,6354
"evaluation",355,0.1,512734533,6355
"evaluation",356,0.1,138477579,6356
"evaluation",357,0.1,596078643,6357
"evaluation",358,0.1,1158266089,6358
"evaluation",359,0.1,1588760443,6359
"evaluation",360,0.1,657878407,6360
"evaluation",361,0.1,535543507,6361
"evaluation",362,0.1,1141683166,6362
"evaluation",363,0.1,33613245,6363
"evaluation",364,0.1,1084717539,6364
"evaluation",365,0.1,1107529943,6365
"evaluation",366,0.1,752187610,6366
"evaluation",367,0.1,926051369,6367
"evaluation",368,0.1,1732964238,6368
"evaluation",369,0.1,1326426297,6369
"evaluation",370,0.1,1425218655,6370
"evaluation",371,0.1,507423198,6371
"evaluation",372,0.1,2040189742,6372
"evaluation",373,0.1,267033761,6373
"evaluation",374,0.1,486190374,6374
"evaluation",375,0.1,1571511403,6375
"evaluation",376,0.1,2039126379,6376
"evaluation",377,0.1,410062239,6377
"evaluation",378,0.1,152905220,6378
"evaluation",379,0.1,417369631,6379
"evaluation",380,0.1,688038195,6380
"evaluation",381,0.1,1542541989,6381
"evaluation",382,0.1,1486508895,6382
"evaluation",383,0.1,231047760,6383
"evaluation",384,0.1,1391283182,6384
"evaluation",385,0.1,377303317,6385
"evaluation",386,0.1,1705346950,6386
"evaluation",387,0.1,1252406214,6387
"evaluation",388,0.1,342867423,6388
"evaluation",389,0.1,908609124,6389
"evaluation",390,0.1,828927295,6390
"evaluation",391,0.1,209970374,6391
"evaluation",392,0.1,47175694,6392
"evaluation",393,0.1,1413710460,6393
"evaluation",394,0.1,1999140889,6394
"evaluation",395,0.1,1652832921,6395
"evaluation",396,0.1,1237297178,6396
"evaluation",397,0.1,1850259892,6397
"evaluation",398,0.1,695739994,6398
"evaluation",399,0.1,1841938191,6399
"evaluation",400,0.1,885980243,6400
"evaluation",401,0.1,27800265,6401
"evaluation",402,0.1,1726436890,6402
"evaluation",403,0.1,661169471,6403
"evaluation",404,0.1,1628871339,6404
"evaluation",405,0.1,1395417895,6405
"evaluation",406,0.1,1379947671,6406
"evaluation",407,0.1,687134727,6407
"evaluation",408,0.1,1866419910,6408
"evaluation",409,0.1,1357380127,6409
"evaluation",410,0.1,211382303,6410
"evaluation",411,0.1,600884336,6411
"evaluation",412,0.1,1233567616,6412
"evaluation",413,0.1,126195964,6413
"evaluation",414,0.1,1529822282,6414
"evaluation",415,0.1,1608656964,6415
"evaluation",416,0.1,1835839632,6416
"evaluation",417,0.1,2122676169,6417
"evaluation",418,0.1,917243139,6418
"evaluation",419,0.1,1163804109,6419
"evaluation",420,0.1,1862640915,6420
"evaluation",421,0.1,572719334,6421
"evaluation",422,0.1,1162199107,6422
"evaluation",423,0.1,303446742,6423
"evaluation",424,0.1,2011199285,6424
"evaluation",425,0.1,1271671071,6425
"evaluation",426,0.1,1238895138,6426
"evaluation",427,0.1,973926387,6427
"evaluation",428,0.1,1706206389,6428
"evaluation",429,0.1,621451999,6429
"evaluation",430,0.1,1719788483,6430
"evaluation",431,0.1,1876754021,6431
"evaluation",432,0.1,515247397,6432
"evaluation",433,0.1,406656181,6433
"evaluation",434,0.1,341446659,6434
"evaluation",435,0.1,1355902230,6435
"evaluation",436,0.1,1488687295,6436
"evaluation",437,0.1,1009509117,6437
"evaluation",438,0.1,189413137,6438
"evaluation",439,0.1,1695154698,6439
"evaluation",440,0.1,350930321,6440
"evaluation",441,0.1,851792496,6441
"evaluation",442,0.1,156569244,6442
"evaluation",443,0.1,1065283103,6443
"evaluation",444,0.1,1486048316,6444
"evaluation",445,0.1,1167867707,6445
"evaluation",446,0.1,1434256554,6446
"evaluation",447,0.1,884489868,6447
"evaluation",448,0.1,331778685,6448
"evaluation",449,0.1,1670590302,6449
"evaluation",450,0.1,148379105,6450
"evaluation",451,0.1,1937195454,6451
"evaluation",452,0.1,256942732,6452
"evaluation",453,0.1,1086120029,6453
"evaluation",454,0.1,1489840497,6454
"evaluation",455,0.1,1419190256,6455
"evaluation",456,0.1,1426200651,6456
"evaluation",457,0.1,124433043,6457
"evaluation",458,0.1,1915929987,6458
"evaluation",459,0.1,1590398316,6459
"evaluation",460,0.1,600418789,6460
"evaluation",461,0.1,1009875019,6461
"evaluation",462,0.1,250215633,6462
"evaluation",463,0.1,1579590917,6463
"evaluation",464,0.1,44232982,6464
"evaluation",465,0.1,813154925,6465
"evaluation",466,0.1,757809976,6466
"evaluation",467,0.1,770679623,6467
"evaluation",468,0.1,1936408446,6468
"evaluation",469,0.1,306733285,6469
"evaluation",470,0.1,1575418660,6470
"evaluation",471,0.1,1422776391,6471
"evaluation",472,0.1,1151423373,6472
"evaluation",473,0.1,207142176,6473
"evaluation",474,0.1,1815563685,6474
"evaluation",475,0.1,1273872785,6475
"evaluation",476,0.1,1232132721,6476
"evaluation",477,0.1,1222914079,6477
"evaluation",478,0.1,475216093,6478
"evaluation",479,0.1,1556018332,6479
"evaluation",480,0.1,928129571,6480
"evaluation",481,0.1,77692834,6481
"evaluation",482,0.1,116082851,6482
"evaluation",483,0.1,1327916332,6483
"evaluation",484,0.1,1297588728,6484
"evaluation",485,0.1,631148674,6485
"evaluation",486,0.1,476493540,6486
"evaluation",487,0.1,524991507,6487
"evaluation",488,0.1,1327066398,6488
"evaluation",489,0.1,1076871884,6489
"evaluation",490,0.1,529250487,6490
"evaluation",491,0.1,1963330693,6491
"evaluation",492,0.1,123298340,6492
"evaluation",493,0.1,1714354442,6493
"evaluation",494,0.1,1557735607,6494
"evaluation",495,0.1,1031424546,6495
"evaluation",496,0.1,1515223133,6496
"evaluation",497,0.1,1008506889,6497
"evaluation",498,0.1,55822830,6498
"evaluation",499,0.1,1639734198,6499
"evaluation",500,0.1,999924522,6500
"evaluation",501,0.1,1971615092,6501
"evaluation",502,0.1,1090293005,6502
"evaluation",503,0.1,2087592227,6503
"evaluation",504,0.1,1174711603,6504
"evaluation",505,0.1,1955770183,6505
"evaluation",506,0.1,1165908767,6506
"evaluation",507,0.1,1713670006,6507
"evaluation",508,0.1,348443279,6508
"evaluation",509,0.1,1160907312,6509
"evaluation",510,0.1,1320410401,6510
"evaluation",511,0.1,1597121620,6511
"evaluation",512,0.1,1167462651,6512
"evaluation",513,0.1,229123030,6513
"evaluation",514,0.1,579555221,6514
"evaluation",515,0.1,555396127,6515
"evaluation",516,0.1,346033792,6516
"evaluation",517,0.1,313227673,6517
"evaluation",518,0.1,894984138,6518
"evaluation",519,0.1,669046787,6519
"evaluation",520,0.1,573550572,6520
"evaluation",521,0.1,1936863540,6521
"evaluation",522,0.1,1654920288,6522
"evaluation",523,0.1,238362101,6523
"evaluation",524,0.1,1833912857,6524
"evaluation",525,0.1,2112716567,6525
"evaluation",526,0.1,1189485141,6526
"evaluation",527,0.1,2100940931,6527
"evaluation",528,0.1,1455882176,6528
"evaluation",529,0.1,1935704056,6529
"evaluation",530,0.1,370442558,6530
"evaluation",531,0.1,9923646,6531
"evaluation",532,0.1,620526626,6532
"evaluation",533,0.1,2029023068,6533
"evaluation",534,0.1,397050852,6534
"evaluation",535,0.1,375779188,6535
"evaluation",536,0.1,808204778,6536
"evaluation",537,0.1,688223318,6537
"evaluation",538,0.1,385743010,6538
"evaluation",539,0.1,176321333,6539
"evaluation",540,0.1,691792600,6540
"evaluation",541,0.1,40655195,6541
"evaluation",542,0.1,99161626,6542
"evaluation",543,0.1,2003883922,6543
"evaluation",544,0.1,931586605,6544
"evaluation",545,0.1,222609392,6545
"evaluation",546,0.1,1544072627,6546
"evaluation",547,0.1,1962154387,6547
"evaluation",548,0.1,1446650433,6548
"evaluation",549,0.1,920118419,6549
"evaluation",550,0.1,1840308432,6550
"evaluation",551,0.1,1907921133,6551
"evaluation",552,0.1,5614782,6552
"evaluation",553,0.1,1991932327,6553
"evaluation",554,0.1,2050251002,6554
"evaluation",555,0.1,97272495,6555
"evaluation",556,0.1,333556273,6556
"evaluation",557,0.1,2067423495,6557
"evaluation",558,0.1,1386603099,6558
"evaluation",559,0.1,1606890764,6559
"evaluation",560,0.1,748743541,6560
"evaluation",561,0.1,618330770,6561
"evaluation",562,0.1,420222717,6562
"evaluation",563,0.1,869958806,6563
"evaluation",564,0.1,1569670893,6564
"evaluation",565,0.1,1136779142,6565
"evaluation",566,0.1,1043134235,6566
"evaluation",567,0.1,448490606,6567
"evaluation",568,0.1,44883692,6568
"evaluation",569,0.1,609645958,6569
"evaluation",570,0.1,844321323,6570
"evaluation",571,0.1,1535776732,6571
"evaluation",572,0.1,1897812475,6572
"evaluation",573,0.1,1059814989,6573
"evaluation",574,0.1,703747806,6574
"evaluation",575,0.1,597329452,6575
"evaluation",576,0.1,342450340,6576
"evaluation",577,0.1,2007084693,6577
"evaluation",578,0.1,1859645014,6578
"evaluation",579,0.1,1596109043,6579
"evaluation",580,0.1,523044681,6580
"evaluation",581,0.1,985298862,6581
"evaluation",582,0.1,1668997443,6582
"evaluation",583,0.1,218486236,6583
"evaluation",584,0.1,2010270835,6584
"evaluation",585,0.1,1810268784,6585
"evaluation",586,0.1,1780139445,6586
"evaluation",587,0.1,1932763553,6587
"evaluation",588,0.1,1403910687,6588
"evaluation",589,0.1,2027566654,6589
"evaluation",590,0.1,1780449954,6590
"evaluation",591,0.1,1821815610,6591
"evaluation",592,0.1,1121398187,6592
"evaluation",593,0.1,2022398367,6593
"evaluation",594,0.1,1491868082,6594
"evaluation",595,0.1,785362875,6595
"evaluation",596,0.1,1917374029,6596
"evaluation",597,0.1,1797336934,6597
"evaluation",598,0.1,678537512,6598
"evaluation",599,0.1,703503539,6599
"evaluation",600,0.1,1028568787,6600
"evaluation",601,0.1,1889879158,6601
"evaluation",602,0.1,1736879022,6602
"evaluation",603,0.1,1262871733,6603
"evaluation",604,0.1,1597380982,6604
"evaluation",605,0.1,1348341798,6605
"evaluation",606,0.1,572338612,6606
"evaluation",607,0.1,1849697264,6607
"evaluation",608,0.1,892036692,6608
"evaluation",609,0.1,1008238569,6609
"evaluation",610,0.1,1717003419,6610
"evaluation",611,0.1,1223905437,6611
"evaluation",612,0.1,2137215828,6612
"evaluation",613,0.1,1004955620,6613
"evaluation",614,0.1,826610850,6614
"evaluation",615,0.1,52616177,6615
"evaluation",616,0.1,726923675,6616
"evaluation",617,0.1,552705059,6617
"evaluation",618,0.1,332378841,6618
"evaluation",619,0.1,1183787238,6619
"evaluation",620,0.1,1218701327,6620
"evaluation",621,0.1,1323662176,6621
"evaluation",622,0.1,2138782915,6622
"evaluation",623,0.1,1695811570,6623
"evaluation",624,0.1,998744013,6624
"evaluation",625,0.1,572807731,6625
"evaluation",626,0.1,1131573764,6626
"evaluation",627,0.1,1547971476,6627
"evaluation",628,0.1,1655696491,6628
"evaluation",629,0.1,1401431620,6629
"evaluation",630,0.1,265704204,6630
"evaluation",631,0.1,849666967,6631
"evaluation",632,0.1,317214201,6632
"evaluation",633,0.1,566102780,6633
"evaluation",634,0.1,448375919,6634
"evaluation",635,0.1,1589735971,6635
"evaluation",636,0.1,36394719,6636
"evaluation",637,0.1,1579065034,6637
"evaluation",638,0.1,998460,6638
"evaluation",639,0.1,2140999194,6639
"evaluation",640,0.1,1813093968,6640
"evaluation",641,0.1,933155948,6641
"evaluation",642,0.1,504411711,6642
"evaluation",643,0.1,892741081,6643
"evaluation",644,0.1,1470068540,6644
"evaluation",645,0.1,457056441,6645
"evaluation",646,0.1,1232021792,6646
"evaluation",647,0.1,358829992,6647
"evaluation",648,0.1,461390129,6648
"evaluation",649,0.1,1966353460,6649
"evaluation",650,0.1,836103534,6650
"evaluation",651,0.1,178041336,6651
"evaluation",652,0.1,1282056639,6652
"evaluation",653,0.1,902860707,6653
"evaluation",654,0.1,1708006084,6654
"evaluation",655,0.1,388570903,6655
"evaluation",656,0.1,898157668,6656
"evaluation",657,0.1,1872238825,6657
"evaluation",658,0.1,1726802057,6658
"evaluation",659,0.1,1524773031,6659
"evaluation",660,0.1,1848725318,6660
"evaluation",661,0.1,1455089976,6661
"evaluation",662,0.1,1224665354,6662
"evaluation",663,0.1,489718904,6663
"evaluation",664,0.1,975694508,6664
"evaluation",665,0.1,376259473,6665
"evaluation",666,0.1,1817093583,6666
"evaluation",667,0.1,1667013510,6667
"evaluation",668,0.1,567070452,6668
"evaluation",669,0.1,1250670167,6669
"evaluation",670,0.1,962602732,6670
"evaluation",671,0.1,537007690,6671
"evaluation",672,0.1,811753702,6672
"evaluation",673,0.1,1973711305,6673
"evaluation",674,0.1,1400803167,6674
"evaluation",675,0.1,1300193104,6675
"evaluation",676,0.1,1937316338,6676
"evaluation",677,0.1,361715916,6677
"evaluation",678,0.1,937728506,6678
"evaluation",679,0.1,668097724,6679
"evaluation",680,0.1,167725290,6680
"evaluation",681,0.1,580656641,6681
"evaluation",682,0.1,1265038360,6682
"evaluation",683,0.1,189448218,6683
"evaluation",684,0.1,1831448231,6684
"evaluation",685,0.1,1353552639,6685
"evaluation",686,0.1,1509217502,6686
"evaluation",687,0.1,1068475747,6687
"evaluation",688,0.1,813632310,6688
"evaluation",689,0.1,593279375,6689
"evaluation",690,0.1,1398220033,6690
"evaluation",691,0.1,1017711670,6691
"evaluation",692,0.1,636306821,6692
"evaluation",693,0.1,854272174,6693
"evaluation",694,0.1,1419889953,6694
"evaluation",695,0.1,656915993,6695
"evaluation",696,0.1,1564251850,6696
"evaluation",697,0.1,1773493784,6697
"evaluation",698,0.1,1962245803,6698
"evaluation",699,0.1,1059086886,6699
"evaluation",700,0.1,1904731705,6700
"evaluation",701,0.1,809779458,6701
"evaluation",702,0.1,1641029962,6702
"evaluation",703,0.1,1166880321,6703
"evaluation",704,0.1,1198949448,6704
"evaluation",705,0.1,1786895909,6705
"evaluation",706,0.1,1008268407,6706
"evaluation",707,0.1,16894694,6707
"evaluation",708,0.1,705271915,6708
"evaluation",709,0.1,904292405,6709
"evaluation",710,0.1,1335764559,6710
"evaluation",711,0.1,1644406967,6711
"evaluation",712,0.1,735081672,6712
"evaluation",713,0.1,1077104760,6713
"evaluation",714,0.1,924479827,6714
"evaluation",715,0.1,529752822,6715
"evaluation",716,0.1,228396047,6716
"evaluation",717,0.1,1892847896,6717
"evaluation",718,0.1,678465416,6718
"evaluation",719,0.1,1581783935,6719
"evaluation",720,0.1,719235871,6720
"evaluation",721,0.1,1209514304,6721
"evaluation",722,0.1,554771272,6722
"evaluation",723,0.1,1622513371,6723
"evaluation",724,0.1,123701533,6724
"evaluation",725,0.1,40385729,6725
"evaluation",726,0.1,1119576579,6726
"evaluation",727,0.1,563231460,6727
"evaluation",728,0.1,1820613019,6728
"evaluation",729,0.1,96983940,6729
"evaluation",730,0.1,2054415045,6730
"evaluation",731,0.1,1564082020,6731
"evaluation",732,0.1,1377410603,6732
"evaluation",733,0.1,1924278079,6733
"evaluation",734,0.1,528348172,6734
"evaluation",735,0.1,971366687,6735
"evaluation",736,0.1,705423677,6736
"evaluation",737,0.1,1089108643,6737
"evaluation",738,0.1,55110335,6738
"evaluation",739,0.1,199406946,6739
"evaluation",740,0.1,145347149,6740
"evaluation",741,0.1,585984527,6741
"evaluation",742,0.1,544173109,6742
"evaluation",743,0.1,1717809887,6743
"evaluation",744,0.1,1020749542,6744
"evaluation",745,0.1,115674024,6745
"evaluation",746,0.1,1092371850,6746
"evaluation",747,0.1,844061958,6747
"evaluation",748,0.1,2069485443,6748
"evaluation",749,0.1,468255568,6749
"evaluation",750,0.1,1525410085,6750
"evaluation",751,0.1,265169475,6751
"evaluation",752,0.1,416126131,6752
"evaluation",753,0.1,287542463,6753
"evaluation",754,0.1,435774008,6754
"evaluation",755,0.1,541011903,6755
"evaluation",756,0.1,1844147233,6756
"evaluation",757,0.1,2103589180,6757
"evaluation",758,0.1,372842189,6758
"evaluation",759,0.1,581442745,6759
"evaluation",760,0.1,1180903969,6760
"evaluation",761,0.1,111739498,6761
"evaluation",762,0.1,1299154875,6762
"evaluation",763,0.1,878790202,6763
"evaluation",764,0.1,1694332280,6764
"evaluation",765,0.1,1410992420,6765
"evaluation",766,0.1,1475122746,6766
"evaluation",767,0.1,1429956476,6767
"evaluation",768,0.1,147889058,6768
"evaluation",769,0.1,1608731427,6769
"evaluation",770,0.1,1889662790,6770
"evaluation",771,0.1,1626007383,6771
"evaluation",772,0.1,1582923364,6772
"evaluation",773,0.1,1069579257,6773
"evaluation",774,0.1,1354401272,6774
"evaluation",775,0.1,1672667787,6775
"evaluation",776,0.1,513763737,6776
"evaluation",777,0.1,683396056,6777
"evaluation",778,0.1,1695277199,6778
"evaluation",779,0.1,1685000492,6779
"evaluation",780,0.1,1078568279,6780
"evaluation",781,0.1,762907422,6781
"evaluation",782,0.1,1567777022,6782
"evaluation",783,0.1,1234343825,6783
"evaluation",784,0.1,504847397,6784
"evaluation",785,0.1,396451261,6785
"evaluation",786,0.1,303123344,6786
"evaluation",787,0.1,1986280220,6787
"evaluation",788,0.1,145286654,6788
"evaluation",789,0.1,667125858,6789
"evaluation",790,0.1,1570191522,6790
"evaluation",791,0.1,1884650170,6791
"evaluation",792,0.1,1414283970,6792
"evaluation",793,0.1,294163441,6793
"evaluation",794,0.1,581818006,6794
"evaluation",795,0.1,594946168,6795
"evaluation",796,0.1,913456711,6796
"evaluation",797,0.1,1623355784,6797
"evaluation",798,0.1,708064454,6798
"evaluation",799,0.1,852238042,6799
"evaluation",800,0.1,1017027244,6800
"evaluation",801,0.1,37493764,6801
"evaluation",802,0.1,2045453033,6802
"evaluation",803,0.1,228333071,6803
"evaluation",804,0.1,1530297035,6804
"evaluation",805,0.1,1717725583,6805
"evaluation",806,0.1,1211356130,6806
"evaluation",807,0.1,221265104,6807
"evaluation",808,0.1,1030568106,6808
"evaluation",809,0.1,1894769133,6809
"evaluation",810,0.1,801466931,6810
"evaluation",811,0.1,638767314,6811
"evaluation",812,0.1,1435378308,6812
"evaluation",813,0.1,360450065,6813
"evaluation",814,0.1,1745605727,6814
"evaluation",815,0.1,1389109063,6815
"evaluation",816,0.1,1333563954,6816
"evaluation",817,0.1,927934940,6817
"evaluation",818,0.1,1922479890,6818
"evaluation",819,0.1,1414398671,6819
"evaluation",820,0.1,2041739033,6820
"evaluation",821,0.1,12235221,6821
"evaluation",822,0.1,1876453739,6822
"evaluation",823,0.1,572407604,6823
"evaluation",824,0.1,1755767541,6824
"evaluation",825,0.1,966775880,6825
"evaluation",826,0.1,722754203,6826
"evaluation",827,0.1,599941978,6827
"evaluation",828,0.1,1377474177,6828
"evaluation",829,0.1,591510067,6829
"evaluation",830,0.1,973017951,6830
"evaluation",831,0.1,1065144436,6831
"evaluation",832,0.1,1758370938,6832
"evaluation",833,0.1,1728723808,6833
"evaluation",834,0.1,113670965,6834
"evaluation",835,0.1,464184114,6835
"evaluation",836,0.1,276011199,6836
"evaluation",837,0.1,2013665716,6837
"evaluation",838,0.1,1778866231,6838
"evaluation",839,0.1,797198874,6839
"evaluation",840,0.1,1086858799,6840
"evaluation",841,0.1,757289485,6841
"evaluation",842,0.1,151081202,6842
"evaluation",843,0.1,1907292435,6843
"evaluation",844,0.1,128671467,6844
"evaluation",845,0.1,254932463,6845
"evaluation",846,0.1,928609232,6846
"evaluation",847,0.1,1625662934,6847
"evaluation",848,0.1,1255483067,6848
"evaluation",849,0.1,1324353748,6849
"evaluation",850,0.1,417887702,6850
"evaluation",851,0.1,1850434444,6851
"evaluation",852,0.1,171940422,6852
"evaluation",853,0.1,884456992,6853
"evaluation",854,0.1,1375641578,6854
"evaluation",855,0.1,2016380032,6855
"evaluation",856,0.1,2114390259,6856
"evaluation",857,0.1,2053213322,6857
"evaluation",858,0.1,932441198,6858
"evaluation",859,0.1,2008698985,6859
"evaluation",860,0.1,1089273495,6860
"evaluation",861,0.1,393772811,6861
"evaluation",862,0.1,1808152343,6862
"evaluation",863,0.1,1289486742,6863
"evaluation",864,0.1,258511724,6864
"evaluation",865,0.1,2072522175,6865
"evaluation",866,0.1,108398345,6866
"evaluation",867,0.1,1192625108,6867
"evaluation",868,0.1,6338145,6868
"evaluation",869,0.1,2051773089,6869
"evaluation",870,0.1,1812953608,6870
"evaluation",871,0.1,590672503,6871
"evaluation",872,0.1,249522652,6872
"evaluation",873,0.1,1882043026,6873
"evaluation",874,0.1,587113244,6874
"evaluation",875,0.1,1908754060,6875
"evaluation",876,0.1,1307318136,6876
"evaluation",877,0.1,820638344,6877
"evaluation",878,0.1,53334940,6878
"evaluation",879,0.1,1994360670,6879
"evaluation",880,0.1,1864134321,6880
"evaluation",881,0.1,1687233254,6881
"evaluation",882,0.1,895808778,6882
"evaluation",883,0.1,673392111,6883
"evaluation",884,0.1,1371015495,6884
"evaluation",885,0.1,1202501876,6885
"evaluation",886,0.1,117512770,6886
"evaluation",887,0.1,1396064499,6887
"evaluation",888,0.1,1447927894,6888
"evaluation",889,0.1,194419895,6889
"evaluation",890,0.1,1878287828,6890
"evaluation",891,0.1,1058375023,6891
"evaluation",892,0.1,883685039,6892
"evaluation",893,0.1,1350349592,6893
"evaluation",894,0.1,10642637,6894
"evaluation",895,0.1,1386540345,6895
"evaluation",896,0.1,287814121,6896
"evaluation",897,0.1,941263649,6897
"evaluation",898,0.1,739061962,6898
"evaluation",899,0.1,417067353,6899
"evaluation",900,0.1,81010852,6900
"evaluation",901,0.1,1826974211,6901
"evaluation",902,0.1,888893319,6902
"evaluation",903,0.1,1315290522,6903
"evaluation",904,0.1,1462670385,6904
"evaluation",905,0.1,34009070,6905
"evaluation",906,0.1,1060919922,6906
"evaluation",907,0.1,168420303,6907
"evaluation",908,0.1,465399085,6908
"evaluation",909,0.1,1443969061,6909
"evaluation",910,0.1,1969522421,6910
"evaluation",911,0.1,402324789,6911
"evaluation",912,0.1,379428665,6912
"evaluation",913,0.1,2004472312,6913
"evaluation",914,0.1,1577982250,6914
"evaluation",915,0.1,1042599032,6915
"evaluation",916,0.1,1154130076,6916
"evaluation",917,0.1,84756116,6917
"evaluation",918,0.1,895093147,6918
"evaluation",919,0.1,1372131557,6919
"evaluation",920,0.1,2003448094,6920
"evaluation",921,0.1,1615979985,6921
"evaluation",922,0.1,475302121,6922
"evaluation",923,0.1,728121266,6923
"evaluation",924,0.1,1801796246,6924
"evaluation",925,0.1,1522922281,6925
"evaluation",926,0.1,887361532,6926
"evaluation",927,0.1,1233417687,6927
"evaluation",928,0.1,1043707069,6928
"evaluation",929,0.1,35382516,6929
"evaluation",930,0.1,1523833399,6930
"evaluation",931,0.1,1023705223,6931
"evaluation",932,0.1,1554983053,6932
"evaluation",933,0.1,276620302,6933
"evaluation",934,0.1,1758601023,6934
"evaluation",935,0.1,1320406787,6935
"evaluation",936,0.1,457137304,6936
"evaluation",937,0.1,71558030,6937
"evaluation",938,0.1,1987141907,6938
"evaluation",939,0.1,797868597,6939
"evaluation",940,0.1,1677853663,6940
"evaluation",941,0.1,1160114468,6941
"evaluation",942,0.1,272001131,6942
"evaluation",943,0.1,1493622526,6943
"evaluation",944,0.1,1141599963,6944
"evaluation",945,0.1,910690162,6945
"evaluation",946,0.1,1533460002,6946
"evaluation",947,0.1,1359130752,6947
"evaluation",948,0.1,664793036,6948
"evaluation",949,0.1,1860426181,6949
"evaluation",950,0.1,206906324,6950
"evaluation",951,0.1,884510948,6951
"evaluation",952,0.1,1693061983,6952
"evaluation",953,0.1,690066024,6953
"evaluation",954,0.1,2049582887,6954
"evaluation",955,0.1,1184930443,6955
"evaluation",956,0.1,1467922706,6956
"evaluation",957,0.1,776667265,6957
"evaluation",958,0.1,2141843838,6958
"evaluation",959,0.1,786170003,6959
"evaluation",960,0.1,1127199880,6960
"evaluation",961,0.1,651889835,6961
"evaluation",962,0.1,538141256,6962
"evaluation",963,0.1,2020130769,6963
"evaluation",964,0.1,271790031,6964
"evaluation",965,0.1,724185602,6965
"evaluation",966,0.1,1895587799,6966
"evaluation",967,0.1,260948667,6967
"evaluation",968,0.1,13810520,6968
"evaluation",969,0.1,575194223,6969
"evaluation",970,0.1,1206826298,6970
"evaluation",971,0.1,1208919149,6971
"evaluation",972,0.1,1866354177,6972
"evaluation",973,0.1,822356838,6973
"evaluation",974,0.1,616660495,6974
"evaluation",975,0.1,2137612695,6975
"evaluation",976,0.1,2050566074,6976
"evaluation",977,0.1,2135561889,6977
"evaluation",978,0.1,609955102,6978
"evaluation",979,0.1,278798431,6979
"evaluation",980,0.1,1009346516,6980
"evaluation",981,0.1,416423450,6981
"evaluation",982,0.1,393358965,6982
"evaluation",983,0.1,623297024,6983
"evaluation",984,0.1,899542473,6984
"evaluation",985,0.1,1477034928,6985
"evaluation",986,0.1,496271310,6986
"evaluation",987,0.1,1678497540,6987
"evaluation",988,0.1,1958795346,6988
"evaluation",989,0.1,2003285552,6989
"evaluation",990,0.1,724328309,6990
"evaluation",991,0.1,1408168559,6991
"evaluation",992,0.1,1457473625,6992
"evaluation",993,0.1,2001595375,6993
"evaluation",994,0.1,1029822402,6994
"evaluation",995,0.1,421921818,6995
"evaluation",996,0.1,1252160796,6996
"evaluation",997,0.1,1143492015,6997
"evaluation",998,0.1,465220535,6998
"evaluation",999,0.1,730830229,6999
"evaluation",1000,0.1,907400936,7000
"evaluation",1,0.2,1781297141,7001
"evaluation",2,0.2,2002429254,7002
"evaluation",3,0.2,1055114714,7003
"evaluation",4,0.2,936313737,7004
"evaluation",5,0.2,36684203,7005
"evaluation",6,0.2,1099240591,7006
"evaluation",7,0.2,1567949727,7007
"evaluation",8,0.2,2061241960,7008
"evaluation",9,0.2,930531034,7009
"evaluation",10,0.2,211340347,7010
"evaluation",11,0.2,65331375,7011
"evaluation",12,0.2,91803939,7012
"evaluation",13,0.2,240881761,7013
"evaluation",14,0.2,598248080,7014
"evaluation",15,0.2,677680435,7015
"evaluation",16,0.2,917052366,7016
"evaluation",17,0.2,1136348951,7017
"evaluation",18,0.2,194685127,7018
"evaluation",19,0.2,1568327508,7019
"evaluation",20,0.2,1749226534,7020
"evaluation",21,0.2,1214359743,7021
"evaluation",22,0.2,541888959,7022
"evaluation",23,0.2,889657398,7023
"evaluation",24,0.2,359548156,7024
"evaluation",25,0.2,1097865434,7025
"evaluation",26,0.2,1229531526,7026
"evaluation",27,0.2,582433186,7027
"evaluation",28,0.2,1369211750,7028
"evaluation",29,0.2,899478539,7029
"evaluation",30,0.2,561950066,7030
"evaluation",31,0.2,1795185326,7031
"evaluation",32,0.2,29997077,7032
"evaluation",33,0.2,1092987457,7033
"evaluation",34,0.2,1620855693,7034
"evaluation",35,0.2,1423167420,7035
"evaluation",36,0.2,779533170,7036
"evaluation",37,0.2,1960459405,7037
"evaluation",38,0.2,1220887211,7038
"evaluation",39,0.2,385873655,7039
"evaluation",40,0.2,281258377,7040
"evaluation",41,0.2,1921919810,7041
"evaluation",42,0.2,1576047592,7042
"evaluation",43,0.2,85138322,7043
"evaluation",44,0.2,1286178439,7044
"evaluation",45,0.2,1622173524,7045
"evaluation",46,0.2,737540304,7046
"evaluation",47,0.2,455211070,7047
"evaluation",48,0.2,1231939145,7048
"evaluation",49,0.2,591970522,7049
"evaluation",50,0.2,1569887348,7050
"evaluation",51,0.2,1595322363,7051
"evaluation",52,0.2,1304683623,7052
"evaluation",53,0.2,711869332,7053
"evaluation",54,0.2,1487232119,7054
"evaluation",55,0.2,1602299623,7055
"evaluation",56,0.2,11180011,7056
"evaluation",57,0.2,742318675,7057
"evaluation",58,0.2,775673874,7058
"evaluation",59,0.2,855037444,7059
"evaluation",60,0.2,1165517498,7060
"evaluation",61,0.2,1277048115,7061
"evaluation",62,0.2,1474813383,7062
"evaluation",63,0.2,464073928,7063
"evaluation",64,0.2,2146908349,7064
"evaluation",65,0.2,1402709926,7065
"evaluation",66,0.2,629725573,7066
"evaluation",67,0.2,1800578405,7067
"evaluation",68,0.2,1289911374,7068
"evaluation",69,0.2,685962463,7069
"evaluation",70,0.2,1870664475,7070
"evaluation",71,0.2,446052941,7071
"evaluation",72,0.2,2032651402,7072
"evaluation",73,0.2,2082646528,7073
"evaluation",74,0.2,788757029,7074
"evaluation",75,0.2,1890491199,7075
"evaluation",76,0.2,228470288,7076
"evaluation",77,0.2,788890538,7077
"evaluation",78,0.2,453065112,7078
"evaluation",79,0.2,839046938,7079
"evaluation",80,0.2,442937719,7080
"evaluation",81,0.2,31600139,7081
"evaluation",82,0.2,1934660278,7082
"evaluation",83,0.2,2001190000,7083
"evaluation",84,0.2,925522612,7084
"evaluation",85,0.2,155457191,7085
"evaluation",86,0.2,668468980,7086
"evaluation",87,0.2,1709586922,7087
"evaluation",88,0.2,2079539991,7088
"evaluation",89,0.2,1872187858,7089
"evaluation",90,0.2,1115227311,7090
"evaluation",91,0.2,130820323,7091
"evaluation",92,0.2,614227463,7092
"evaluation",93,0.2,1338278304,7093
"evaluation",94,0.2,916379348,7094
"evaluation",95,0.2,2147417626,7095
"evaluation",96,0.2,1030372935,7096
"evaluation",97,0.2,1386998896,7097
"evaluation",98,0.2,574212907,7098
"evaluation",99,0.2,2144505085,7099
"evaluation",100,0.2,646729902,7100
"evaluation",101,0.2,1107161012,7101
"evaluation",102,0.2,1828689174,7102
"evaluation",103,0.2,1709780025,7103
"evaluation",104,0.2,1838295469,7104
"evaluation",105,0.2,1551525436,7105
"evaluation",106,0.2,593448114,7106
"evaluation",107,0.2,581533486,7107
"evaluation",108,0.2,165007877,7108
"evaluation",109,0.2,1609960962,7109
"evaluation",110,0.2,1287890014,7110
"evaluation",111,0.2,1412537850,7111
"evaluation",112,0.2,1570450048,7112
"evaluation",113,0.2,1753094092,7113
"evaluation",114,0.2,1028858749,7114
"evaluation",115,0.2,82502116,7115
"evaluation",116,0.2,594695327,7116
"evaluation",117,0.2,361351738,7117
"evaluation",118,0.2,662345749,7118
"evaluation",119,0.2,1965173487,7119
"evaluation",120,0.2,401567568,7120
"evaluation",121,0.2,2063255712,7121
"evaluation",122,0.2,305454772,7122
"evaluation",123,0.2,1700500409,7123
"evaluation",124,0.2,823472655,7124
"evaluation",125,0.2,552733265,7125
"evaluation",126,0.2,214674010,7126
"evaluation",127,0.2,986648724,7127
"evaluation",128,0.2,1584438289,7128
"evaluation",129,0.2,561083033,7129
"evaluation",130,0.2,735453419,7130
"evaluation",131,0.2,1160021568,7131
"evaluation",132,0.2,1763600277,7132
"evaluation",133,0.2,1297873213,7133
"evaluation",134,0.2,1156624500,7134
"evaluation",135,0.2,429009419,7135
"evaluation",136,0.2,1396228774,7136
"evaluation",137,0.2,597259253,7137
"evaluation",138,0.2,577664218,7138
"evaluation",139,0.2,2137466790,7139
"evaluation",140,0.2,1244141887,7140
"evaluation",141,0.2,355203004,7141
"evaluation",142,0.2,184059557,7142
"evaluation",143,0.2,193836588,7143
"evaluation",144,0.2,2065831757,7144
"evaluation",145,0.2,587210135,7145
"evaluation",146,0.2,1846997225,7146
"evaluation",147,0.2,732533152,7147
"evaluation",148,0.2,1615705481,7148
"evaluation",149,0.2,113663115,7149
"evaluation",150,0.2,1345110572,7150
"evaluation",151,0.2,318666959,7151
"evaluation",152,0.2,1504757458,7152
"evaluation",153,0.2,760984652,7153
"evaluation",154,0.2,538163766,7154
"evaluation",155,0.2,239844433,7155
"evaluation",156,0.2,147980297,7156
"evaluation",157,0.2,1499295255,7157
"evaluation",158,0.2,863887776,7158
"evaluation",159,0.2,25977455,7159
"evaluation",160,0.2,165232162,7160
"evaluation",161,0.2,1056335039,7161
"evaluation",162,0.2,1374605608,7162
"evaluation",163,0.2,1789028559,7163
"evaluation",164,0.2,579424611,7164
"evaluation",165,0.2,1065469748,7165
"evaluation",166,0.2,1162441632,7166
"evaluation",167,0.2,358473266,7167
"evaluation",168,0.2,1350708906,7168
"evaluation",169,0.2,88016519,7169
"evaluation",170,0.2,1110138866,7170
"evaluation",171,0.2,1538323223,7171
"evaluation",172,0.2,1225492388,7172
"evaluation",173,0.2,678584873,7173
"evaluation",174,0.2,1805824915,7174
"evaluation",175,0.2,909582433,7175
"evaluation",176,0.2,1663781785,7176
"evaluation",177,0.2,2122489837,7177
"evaluation",178,0.2,68506978,7178
"evaluation",179,0.2,246615742,7179
"evaluation",180,0.2,2107549009,7180
"evaluation",181,0.2,1517055431,7181
"evaluation",182,0.2,983512490,7182
"evaluation",183,0.2,564176699,7183
"evaluation",184,0.2,1857340252,7184
"evaluation",185,0.2,1010929745,7185
"evaluation",186,0.2,1057112639,7186
"evaluation",187,0.2,1917068166,7187
"evaluation",188,0.2,260843877,7188
"evaluation",189,0.2,1074635282,7189
"evaluation",190,0.2,1327826045,7190
"evaluation",191,0.2,22220826,7191
"evaluation",192,0.2,1992566641,7192
"evaluation",193,0.2,1295887635,7193
"evaluation",194,0.2,813631122,7194
"evaluation",195,0.2,811899904,7195
"evaluation",196,0.2,51947253,7196
"evaluation",197,0.2,724387640,7197
"evaluation",198,0.2,1359541740,7198
"evaluation",199,0.2,1929706048,7199
"evaluation",200,0.2,1068482917,7200
"evaluation",201,0.2,522642565,7201
"evaluation",202,0.2,704705291,7202
"evaluation",203,0.2,691503796,7203
"evaluation",204,0.2,2117690272,7204
"evaluation",205,0.2,613034186,7205
"evaluation",206,0.2,573926121,7206
"evaluation",207,0.2,1405243081,7207
"evaluation",208,0.2,1086065428,7208
"evaluation",209,0.2,1595108309,7209
"evaluation",210,0.2,1270883524,7210
"evaluation",211,0.2,68824625,7211
"evaluation",212,0.2,1690527879,7212
"evaluation",213,0.2,381200451,7213
"evaluation",214,0.2,206342498,7214
"evaluation",215,0.2,1640726342,7215
"evaluation",216,0.2,1094609938,7216
"evaluation",217,0.2,1381861463,7217
"evaluation",218,0.2,1203571394,7218
"evaluation",219,0.2,1470594815,7219
"evaluation",220,0.2,923855806,7220
"evaluation",221,0.2,910178110,7221
"evaluation",222,0.2,2038405828,7222
"evaluation",223,0.2,7034384,7223
"evaluation",224,0.2,699201680,7224
"evaluation",225,0.2,101982009,7225
"evaluation",226,0.2,110851560,7226
"evaluation",227,0.2,316547617,7227
"evaluation",228,0.2,719566085,7228
"evaluation",229,0.2,1530407173,7229
"evaluation",230,0.2,132757488,7230
"evaluation",231,0.2,753401569,7231
"evaluation",232,0.2,366616823,7232
"evaluation",233,0.2,1564849536,7233
"evaluation",234,0.2,1915708434,7234
"evaluation",235,0.2,411806689,7235
"evaluation",236,0.2,642587321,7236
"evaluation",237,0.2,1607012583,7237
"evaluation",238,0.2,1249511807,7238
"evaluation",239,0.2,2027768973,7239
"evaluation",240,0.2,1256587306,7240
"evaluation",241,0.2,1359263649,7241
"evaluation",242,0.2,212804328,7242
"evaluation",243,0.2,640504263,7243
"evaluation",244,0.2,1277264605,7244
"evaluation",245,0.2,2081335677,7245
"evaluation",246,0.2,1334574058,7246
"evaluation",247,0.2,917469627,7247
"evaluation",248,0.2,1677942826,7248
"evaluation",249,0.2,712956160,7249
"evaluation",250,0.2,635657738,7250
"evaluation",251,0.2,1090200300,7251
"evaluation",252,0.2,865273427,7252
"evaluation",253,0.2,440825813,7253
"evaluation",254,0.2,1883676244,7254
"evaluation",255,0.2,1753618559,7255
"evaluation",256,0.2,226218473,7256
"evaluation",257,0.2,1134446759,7257
"evaluation",258,0.2,1954181477,7258
"evaluation",259,0.2,412809940,7259
"evaluation",260,0.2,291754080,7260
"evaluation",261,0.2,376836967,7261
"evaluation",262,0.2,1474594798,7262
"evaluation",263,0.2,307752063,7263
"evaluation",264,0.2,211539001,7264
"evaluation",265,0.2,379461033,7265
"evaluation",266,0.2,1584973189,7266
"evaluation",267,0.2,811969182,7267
"evaluation",268,0.2,681161891,7268
"evaluation",269,0.2,184546039,7269
"evaluation",270,0.2,1406959227,7270
"evaluation",271,0.2,1345871450,7271
"evaluation",272,0.2,232577525,7272
"evaluation",273,0.2,1459461213,7273
"evaluation",274,0.2,1207251996,7274
"evaluation",275,0.2,670684828,7275
"evaluation",276,0.2,434623861,7276
"evaluation",277,0.2,612155925,7277
"evaluation",278,0.2,864807570,7278
"evaluation",279,0.2,2851234,7279
"evaluation",280,0.2,1990438855,7280
"evaluation",281,0.2,1179367523,7281
"evaluation",282,0.2,529089938,7282
"evaluation",283,0.2,241180900,7283
"evaluation",284,0.2,546273200,7284
"evaluation",285,0.2,156739223,7285
"evaluation",286,0.2,1585763813,7286
"evaluation",287,0.2,996066509,7287
"evaluation",288,0.2,257790995,7288
"evaluation",289,0.2,668149633,7289
"evaluation",290,0.2,386754738,7290
"evaluation",291,0.2,715949418,7291
"evaluation",292,0.2,1977023585,7292
"evaluation",293,0.2,396344756,7293
"evaluation",294,0.2,1007221886,7294
"evaluation",295,0.2,541290596,7295
"evaluation",296,0.2,439706347,7296
"evaluation",297,0.2,946128570,7297
"evaluation",298,0.2,575548936,7298
"evaluation",299,0.2,1805066391,7299
"evaluation",300,0.2,861364087,7300
"evaluation",301,0.2,1712273310,7301
"evaluation",302,0.2,1446224873,7302
"evaluation",303,0.2,279921202,7303
"evaluation",304,0.2,256921735,7304
"evaluation",305,0.2,637122143,7305
"evaluation",306,0.2,1734586496,7306
"evaluation",307,0.2,2136460470,7307
"evaluation",308,0.2,2061030038,7308
"evaluation",309,0.2,1989746444,7309
"evaluation",310,0.2,966802615,7310
"evaluation",311,0.2,1497635193,7311
"evaluation",312,0.2,2019264614,7312
"evaluation",313,0.2,359782521,7313
"evaluation",314,0.2,2064083759,7314
"evaluation",315,0.2,920297292,7315
"evaluation",316,0.2,2078684687,7316
"evaluation",317,0.2,2099628983,7317
"evaluation",318,0.2,1916683340,7318
"evaluation",319,0.2,425759264,7319
"evaluation",320,0.2,259576733,7320
"evaluation",321,0.2,708647025,7321
"evaluation",322,0.2,1015603615,7322
"evaluation",323,0.2,1665424919,7323
"evaluation",324,0.2,619746007,7324
"evaluation",325,0.2,1232434316,7325
"evaluation",326,0.2,1099483746,7326
"evaluation",327,0.2,1561809096,7327
"evaluation",328,0.2,1707321399,7328
"evaluation",329,0.2,377114800,7329
"evaluation",330,0.2,255385587,7330
"evaluation",331,0.2,98075156,7331
"evaluation",332,0.2,1385798514,7332
"evaluation",333,0.2,459504675,7333
"evaluation",334,0.2,1097893702,7334
"evaluation",335,0.2,759976383,7335
"evaluation",336,0.2,222062881,7336
"evaluation",337,0.2,530219245,7337
"evaluation",338,0.2,1148571500,7338
"evaluation",339,0.2,683333946,7339
"evaluation",340,0.2,1410973140,7340
"evaluation",341,0.2,1903620977,7341
"evaluation",342,0.2,426952266,7342
"evaluation",343,0.2,657246093,7343
"evaluation",344,0.2,1080872199,7344
"evaluation",345,0.2,1896227006,7345
"evaluation",346,0.2,275981490,7346
"evaluation",347,0.2,348282151,7347
"evaluation",348,0.2,1487978878,7348
"evaluation",349,0.2,256503462,7349
"evaluation",350,0.2,1927757396,7350
"evaluation",351,0.2,1342355402,7351
"evaluation",352,0.2,2114419254,7352
"evaluation",353,0.2,1741020134,7353
"evaluation",354,0.2,924062573,7354
"evaluation",355,0.2,23634251,7355
"evaluation",356,0.2,1372068853,7356
"evaluation",357,0.2,1822287915,7357
"evaluation",358,0.2,622015725,7358
"evaluation",359,0.2,736871597,7359
"evaluation",360,0.2,36176152,7360
"evaluation",361,0.2,1983725743,7361
"evaluation",362,0.2,1542714241,7362
"evaluation",363,0.2,744785259,7363
"evaluation",364,0.2,1511712496,7364
"evaluation",365,0.2,129567157,7365
"evaluation",366,0.2,2025839663,7366
"evaluation",367,0.2,1528299569,7367
"evaluation",368,0.2,1564417935,7368
"evaluation",369,0.2,166983710,7369
"evaluation",370,0.2,1012709397,7370
"evaluation",371,0.2,1765035128,7371
"evaluation",372,0.2,1816060040,7372
"evaluation",373,0.2,1257911607,7373
"evaluation",374,0.2,607486031,7374
"evaluation",375,0.2,1432569776,7375
"evaluation",376,0.2,622956198,7376
"evaluation",377,0.2,917365536,7377
"evaluation",378,0.2,1488086980,7378
"evaluation",379,0.2,542797402,7379
"evaluation",380,0.2,861814667,7380
"evaluation",381,0.2,1410971738,7381
"evaluation",382,0.2,596595564,7382
"evaluation",383,0.2,2015162391,7383
"evaluation",384,0.2,1655144842,7384
"evaluation",385,0.2,193723630,7385
"evaluation",386,0.2,2012779854,7386
"evaluation",387,0.2,345191183,7387
"evaluation",388,0.2,1737026448,7388
"evaluation",389,0.2,2067640058,7389
"evaluation",390,0.2,1438114382,7390
"evaluation",391,0.2,2069566371,7391
"evaluation",392,0.2,1049288515,7392
"evaluation",393,0.2,1632809347,7393
"evaluation",394,0.2,355045810,7394
"evaluation",395,0.2,879195119,7395
"evaluation",396,0.2,1904587648,7396
"evaluation",397,0.2,966693517,7397
"evaluation",398,0.2,370461406,7398
"evaluation",399,0.2,589288890,7399
"evaluation",400,0.2,572061192,7400
"evaluation",401,0.2,365012141,7401
"evaluation",402,0.2,596284554,7402
"evaluation",403,0.2,2097001110,7403
"evaluation",404,0.2,853971647,7404
"evaluation",405,0.2,139430152,7405
"evaluation",406,0.2,1521566896,7406
"evaluation",407,0.2,1380612962,7407
"evaluation",408,0.2,892499602,7408
"evaluation",409,0.2,976582806,7409
"evaluation",410,0.2,1112779197,7410
"evaluation",411,0.2,328126327,7411
"evaluation",412,0.2,775729521,7412
"evaluation",413,0.2,1043024280,7413
"evaluation",414,0.2,553258923,7414
"evaluation",415,0.2,1982975590,7415
"evaluation",416,0.2,1800517585,7416
"evaluation",417,0.2,1570175144,7417
"evaluation",418,0.2,448271726,7418
"evaluation",419,0.2,349486076,7419
"evaluation",420,0.2,220664893,7420
"evaluation",421,0.2,414947769,7421
"evaluation",422,0.2,1388214973,7422
"evaluation",423,0.2,1769096722,7423
"evaluation",424,0.2,707518128,7424
"evaluation",425,0.2,1398065148,7425
"evaluation",426,0.2,871244547,7426
"evaluation",427,0.2,529375546,7427
"evaluation",428,0.2,56795085,7428
"evaluation",429,0.2,724375889,7429
"evaluation",430,0.2,1757080734,7430
"evaluation",431,0.2,472239197,7431
"evaluation",432,0.2,1267104830,7432
"evaluation",433,0.2,562645533,7433
"evaluation",434,0.2,1429996122,7434
"evaluation",435,0.2,2061654627,7435
"evaluation",436,0.2,2146948801,7436
"evaluation",437,0.2,2018931884,7437
"evaluation",438,0.2,1034675333,7438
"evaluation",439,0.2,1892076387,7439
"evaluation",440,0.2,1206370791,7440
"evaluation",441,0.2,814449388,7441
"evaluation",442,0.2,595883133,7442
"evaluation",443,0.2,1555717229,7443
"evaluation",444,0.2,1556570291,7444
"evaluation",445,0.2,1185346152,7445
"evaluation",446,0.2,1585991868,7446
"evaluation",447,0.2,413123257,7447
"evaluation",448,0.2,1529779480,7448
"evaluation",449,0.2,1637409457,7449
"evaluation",450,0.2,242031714,7450
"evaluation",451,0.2,1430043723,7451
"evaluation",452,0.2,42909975,7452
"evaluation",453,0.2,414598626,7453
"evaluation",454,0.2,279449924,7454
"evaluation",455,0.2,1546769256,7455
"evaluation",456,0.2,418182530,7456
"evaluation",457,0.2,1703212830,7457
"evaluation",458,0.2,1693835365,7458
"evaluation",459,0.2,755358631,7459
"evaluation",460,0.2,1771484415,7460
"evaluation",461,0.2,60548953,7461
"evaluation",462,0.2,596019784,7462
"evaluation",463,0.2,1606222518,7463
"evaluation",464,0.2,86739607,7464
"evaluation",465,0.2,1118155138,7465
"evaluation",466,0.2,64688326,7466
"evaluation",467,0.2,1914279917,7467
"evaluation",468,0.2,44040307,7468
"evaluation",469,0.2,589705586,7469
"evaluation",470,0.2,324852198,7470
"evaluation",471,0.2,1993842525,7471
"evaluation",472,0.2,1664875967,7472
"evaluation",473,0.2,952623908,7473
"evaluation",474,0.2,1229675554,7474
"evaluation",475,0.2,438169637,7475
"evaluation",476,0.2,1417669638,7476
"evaluation",477,0.2,137838506,7477
"evaluation",478,0.2,1127128408,7478
"evaluation",479,0.2,562477931,7479
"evaluation",480,0.2,820952357,7480
"evaluation",481,0.2,1552459295,7481
"evaluation",482,0.2,2007185390,7482
"evaluation",483,0.2,230343936,7483
"evaluation",484,0.2,1144848429,7484
"evaluation",485,0.2,1587069174,7485
"evaluation",486,0.2,1874715978,7486
"evaluation",487,0.2,575125570,7487
"evaluation",488,0.2,1878865495,7488
"evaluation",489,0.2,203332563,7489
"evaluation",490,0.2,161714947,7490
"evaluation",491,0.2,200790408,7491
"evaluation",492,0.2,822664495,7492
"evaluation",493,0.2,1171944861,7493
"evaluation",494,0.2,149653312,7494
"evaluation",495,0.2,914440822,7495
"evaluation",496,0.2,1218999722,7496
"evaluation",497,0.2,1191374182,7497
"evaluation",498,0.2,895948979,7498
"evaluation",499,0.2,1149587004,7499
"evaluation",500,0.2,2105154596,7500
"evaluation",501,0.2,896801616,7501
"evaluation",502,0.2,330039010,7502
"evaluation",503,0.2,1736821813,7503
"evaluation",504,0.2,1976357648,7504
"evaluation",505,0.2,1978723852,7505
"evaluation",506,0.2,776825926,7506
"evaluation",507,0.2,1587056326,7507
"evaluation",508,0.2,1583156345,7508
"evaluation",509,0.2,1695589754,7509
"evaluation",510,0.2,1199000279,7510
"evaluation",511,0.2,1171025574,7511
"evaluation",512,0.2,1191208146,7512
"evaluation",513,0.2,1074412460,7513
"evaluation",514,0.2,1937632564,7514
"evaluation",515,0.2,1338976109,7515
"evaluation",516,0.2,848881527,7516
"evaluation",517,0.2,1986277069,7517
"evaluation",518,0.2,1167303380,7518
"evaluation",519,0.2,1184186953,7519
"evaluation",520,0.2,1097123146,7520
"evaluation",521,0.2,287745110,7521
"evaluation",522,0.2,469464703,7522
"evaluation",523,0.2,1473044631,7523
"evaluation",524,0.2,2086305180,7524
"evaluation",525,0.2,1573566339,7525
"evaluation",526,0.2,1124246093,7526
"evaluation",527,0.2,296824376,7527
"evaluation",528,0.2,672720002,7528
"evaluation",529,0.2,398799105,7529
"evaluation",530,0.2,835352668,7530
"evaluation",531,0.2,918822416,7531
"evaluation",532,0.2,1173901700,7532
"evaluation",533,0.2,682393384,7533
"evaluation",534,0.2,619275609,7534
"evaluation",535,0.2,433086996,7535
"evaluation",536,0.2,1164332198,7536
"evaluation",537,0.2,1440414842,7537
"evaluation",538,0.2,1611420462,7538
"evaluation",539,0.2,1276342448,7539
"evaluation",540,0.2,136771903,7540
"evaluation",541,0.2,1690529163,7541
"evaluation",542,0.2,1821037277,7542
"evaluation",543,0.2,595707000,7543
"evaluation",544,0.2,473060512,7544
"evaluation",545,0.2,295493994,7545
"evaluation",546,0.2,2011889246,7546
"evaluation",547,0.2,1352415424,7547
"evaluation",548,0.2,745942341,7548
"evaluation",549,0.2,1868378362,7549
"evaluation",550,0.2,572685985,7550
"evaluation",551,0.2,1988116383,7551
"evaluation",552,0.2,804932712,7552
"evaluation",553,0.2,1067157401,7553
"evaluation",554,0.2,700577573,7554
"evaluation",555,0.2,2010000368,7555
"evaluation",556,0.2,1979514056,7556
"evaluation",557,0.2,732533955,7557
"evaluation",558,0.2,341126054,7558
"evaluation",559,0.2,64874710,7559
"evaluation",560,0.2,975995586,7560
"evaluation",561,0.2,631637658,7561
"evaluation",562,0.2,931895376,7562
"evaluation",563,0.2,668820051,7563
"evaluation",564,0.2,1798325852,7564
"evaluation",565,0.2,1497566833,7565
"evaluation",566,0.2,616735942,7566
"evaluation",567,0.2,1906122241,7567
"evaluation",568,0.2,270782318,7568
"evaluation",569,0.2,448596042,7569
"evaluation",570,0.2,240789432,7570
"evaluation",571,0.2,702887307,7571
"evaluation",572,0.2,251796654,7572
"evaluation",573,0.2,262520791,7573
"evaluation",574,0.2,1009438448,7574
"evaluation",575,0.2,1142907057,7575
"evaluation",576,0.2,36220989,7576
"evaluation",577,0.2,1329917379,7577
"evaluation",578,0.2,576915431,7578
"evaluation",579,0.2,770122592,7579
"evaluation",580,0.2,294969526,7580
"evaluation",581,0.2,517463472,7581
"evaluation",582,0.2,2016204895,7582
"evaluation",583,0.2,1337958545,7583
"evaluation",584,0.2,915663597,7584
"evaluation",585,0.2,811938137,7585
"evaluation",586,0.2,1569738902,7586
"evaluation",587,0.2,1532883818,7587
"evaluation",588,0.2,541733907,7588
"evaluation",589,0.2,655730752,7589
"evaluation",590,0.2,136898282,7590
"evaluation",591,0.2,2058691997,7591
"evaluation",592,0.2,1917522821,7592
"evaluation",593,0.2,617201405,7593
"evaluation",594,0.2,162589501,7594
"evaluation",595,0.2,1408812435,7595
"evaluation",596,0.2,1616294041,7596
"evaluation",597,0.2,413429225,7597
"evaluation",598,0.2,374515122,7598
"evaluation",599,0.2,647474985,7599
"evaluation",600,0.2,1600937036,7600
"evaluation",601,0.2,2086160745,7601
"evaluation",602,0.2,1477946376,7602
"evaluation",603,0.2,402744360,7603
"evaluation",604,0.2,1291062703,7604
"evaluation",605,0.2,179957322,7605
"evaluation",606,0.2,602223846,7606
"evaluation",607,0.2,1073927913,7607
"evaluation",608,0.2,362353700,7608
"evaluation",609,0.2,823119077,7609
"evaluation",610,0.2,1192382524,7610
"evaluation",611,0.2,774634484,7611
"evaluation",612,0.2,1551281749,7612
"evaluation",613,0.2,2119414089,7613
"evaluation",614,0.2,1387489178,7614
"evaluation",615,0.2,44849572,7615
"evaluation",616,0.2,178997144,7616
"evaluation",617,0.2,1490468860,7617
"evaluation",618,0.2,222226647,7618
"evaluation",619,0.2,2057568609,7619
"evaluation",620,0.2,1267508323,7620
"evaluation",621,0.2,1149291737,7621
"evaluation",622,0.2,971456213,7622
"evaluation",623,0.2,314193618,7623
"evaluation",624,0.2,1448391414,7624
"evaluation",625,0.2,958229317,7625
"evaluation",626,0.2,1547529416,7626
"evaluation",627,0.2,1823560291,7627
"evaluation",628,0.2,783905995,7628
"evaluation",629,0.2,1610649342,7629
"evaluation",630,0.2,298265480,7630
"evaluation",631,0.2,1398743349,7631
"evaluation",632,0.2,2081666263,7632
"evaluation",633,0.2,1494831339,7633
"evaluation",634,0.2,1238801663,7634
"evaluation",635,0.2,1425686715,7635
"evaluation",636,0.2,454069627,7636
"evaluation",637,0.2,767097746,7637
"evaluation",638,0.2,1398596034,7638
"evaluation",639,0.2,476119067,7639
"evaluation",640,0.2,840291726,7640
"evaluation",641,0.2,1633663345,7641
"evaluation",642,0.2,898647742,7642
"evaluation",643,0.2,676074235,7643
"evaluation",644,0.2,277673059,7644
"evaluation",645,0.2,1698456423,7645
"evaluation",646,0.2,1255730070,7646
"evaluation",647,0.2,797929951,7647
"evaluation",648,0.2,405850084,7648
"evaluation",649,0.2,1473583169,7649
"evaluation",650,0.2,170634355,7650
"evaluation",651,0.2,830258533,7651
"evaluation",652,0.2,148168769,7652
"evaluation",653,0.2,821708754,7653
"evaluation",654,0.2,691070495,7654
"evaluation",655,0.2,1869853603,7655
"evaluation",656,0.2,1428123861,7656
"evaluation",657,0.2,1389850672,7657
"evaluation",658,0.2,1747028440,7658
"evaluation",659,0.2,955256492,7659
"evaluation",660,0.2,312082528,7660
"evaluation",661,0.2,51718826,7661
"evaluation",662,0.2,80802926,7662
"evaluation",663,0.2,1963327430,7663
"evaluation",664,0.2,1271808192,7664
"evaluation",665,0.2,413766566,7665
"evaluation",666,0.2,959524231,7666
"evaluation",667,0.2,1118764476,7667
"evaluation",668,0.2,1358438870,7668
"evaluation",669,0.2,430940321,7669
"evaluation",670,0.2,348144161,7670
"evaluation",671,0.2,72537198,7671
"evaluation",672,0.2,256691863,7672
"evaluation",673,0.2,2124660651,7673
"evaluation",674,0.2,1022918203,7674
"evaluation",675,0.2,715294965,7675
"evaluation",676,0.2,1765400172,7676
"evaluation",677,0.2,2040789038,7677
"evaluation",678,0.2,1649955914,7678
"evaluation",679,0.2,1485832439,7679
"evaluation",680,0.2,1317664282,7680
"evaluation",681,0.2,765952617,7681
"evaluation",682,0.2,909621459,7682
"evaluation",683,0.2,1677170358,7683
"evaluation",684,0.2,483639344,7684
"evaluation",685,0.2,2121136007,7685
"evaluation",686,0.2,1556911465,7686
"evaluation",687,0.2,245535974,7687
"evaluation",688,0.2,1281564747,7688
"evaluation",689,0.2,911688209,7689
"evaluation",690,0.2,574179674,7690
"evaluation",691,0.2,13049517,7691
"evaluation",692,0.2,860971063,7692
"evaluation",693,0.2,1712061012,7693
"evaluation",694,0.2,624572527,7694
"evaluation",695,0.2,1288046366,7695
"evaluation",696,0.2,415358655,7696
"evaluation",697,0.2,616759039,7697
"evaluation",698,0.2,1532778437,7698
"evaluation",699,0.2,422047687,7699
"evaluation",700,0.2,1823871812,7700
"evaluation",701,0.2,210744880,7701
"evaluation",702,0.2,1824565661,7702
"evaluation",703,0.2,614260374,7703
"evaluation",704,0.2,1955338190,7704
"evaluation",705,0.2,697113266,7705
"evaluation",706,0.2,1221526538,7706
"evaluation",707,0.2,626871980,7707
"evaluation",708,0.2,1202744427,7708
"evaluation",709,0.2,935100556,7709
"evaluation",710,0.2,1651630955,7710
"evaluation",711,0.2,1929672045,7711
"evaluation",712,0.2,28672850,7712
"evaluation",713,0.2,1682595676,7713
"evaluation",714,0.2,169001253,7714
"evaluation",715,0.2,761749038,7715
"evaluation",716,0.2,494110473,7716
"evaluation",717,0.2,1030958801,7717
"evaluation",718,0.2,1571574770,7718
"evaluation",719,0.2,1829689855,7719
"evaluation",720,0.2,1861095555,7720
"evaluation",721,0.2,1408087100,7721
"evaluation",722,0.2,31056663,7722
"evaluation",723,0.2,1815768791,7723
"evaluation",724,0.2,968365390,7724
"evaluation",725,0.2,467930740,7725
"evaluation",726,0.2,85903286,7726
"evaluation",727,0.2,28341004,7727
"evaluation",728,0.2,1077682188,7728
"evaluation",729,0.2,1236017746,7729
"evaluation",730,0.2,1538070226,7730
"evaluation",731,0.2,1166582029,7731
"evaluation",732,0.2,2051755177,7732
"evaluation",733,0.2,1263152189,7733
"evaluation",734,0.2,1783745261,7734
"evaluation",735,0.2,2060551196,7735
"evaluation",736,0.2,1526219452,7736
"evaluation",737,0.2,942952949,7737
"evaluation",738,0.2,1024840456,7738
"evaluation",739,0.2,482555254,7739
"evaluation",740,0.2,1811375903,7740
"evaluation",741,0.2,1417753641,7741
"evaluation",742,0.2,573439626,7742
"evaluation",743,0.2,442588785,7743
"evaluation",744,0.2,1249996484,7744
"evaluation",745,0.2,1981760894,7745
"evaluation",746,0.2,929070488,7746
"evaluation",747,0.2,220565532,7747
"evaluation",748,0.2,2057532150,7748
"evaluation",749,0.2,2101133985,7749
"evaluation",750,0.2,203957208,7750
"evaluation",751,0.2,636391814,7751
"evaluation",752,0.2,23667128,7752
"evaluation",753,0.2,1741712865,7753
"evaluation",754,0.2,2012938562,7754
"evaluation",755,0.2,1626809873,7755
"evaluation",756,0.2,1471080745,7756
"evaluation",757,0.2,1240603694,7757
"evaluation",758,0.2,775327847,7758
"evaluation",759,0.2,613528939,7759
"evaluation",760,0.2,1460203093,7760
"evaluation",761,0.2,651700890,7761
"evaluation",762,0.2,1390257090,7762
"evaluation",763,0.2,2033985582,7763
"evaluation",764,0.2,1721741790,7764
"evaluation",765,0.2,1329248509,7765
"evaluation",766,0.2,708271211,7766
"evaluation",767,0.2,1166469821,7767
"evaluation",768,0.2,499165770,7768
"evaluation",769,0.2,1876474172,7769
"evaluation",770,0.2,39261120,7770
"evaluation",771,0.2,620259762,7771
"evaluation",772,0.2,387008038,7772
"evaluation",773,0.2,1517339567,7773
"evaluation",774,0.2,136772360,7774
"evaluation",775,0.2,33832016,7775
"evaluation",776,0.2,212586852,7776
"evaluation",777,0.2,1292444971,7777
"evaluation",778,0.2,1855617829,7778
"evaluation",779,0.2,1610015988,7779
"evaluation",780,0.2,340013352,7780
"evaluation",781,0.2,1145247447,7781
"evaluation",782,0.2,169251725,7782
"evaluation",783,0.2,424630967,7783
"evaluation",784,0.2,130876978,7784
"evaluation",785,0.2,896845931,7785
"evaluation",786,0.2,618914592,7786
"evaluation",787,0.2,2120182097,7787
"evaluation",788,0.2,649888800,7788
"evaluation",789,0.2,288037214,7789
"evaluation",790,0.2,1412539771,7790
"evaluation",791,0.2,115574503,7791
"evaluation",792,0.2,571985365,7792
"evaluation",793,0.2,733643972,7793
"evaluation",794,0.2,75201435,7794
"evaluation",795,0.2,596541007,7795
"evaluation",796,0.2,1216512172,7796
"evaluation",797,0.2,1987678047,7797
"evaluation",798,0.2,539644242,7798
"evaluation",799,0.2,1775776541,7799
"evaluation",800,0.2,1003952503,7800
"evaluation",801,0.2,1810596540,7801
"evaluation",802,0.2,250493454,7802
"evaluation",803,0.2,1294206252,7803
"evaluation",804,0.2,1910280935,7804
"evaluation",805,0.2,1744368479,7805
"evaluation",806,0.2,1954881433,7806
"evaluation",807,0.2,1688450366,7807
"evaluation",808,0.2,740944004,7808
"evaluation",809,0.2,502939360,7809
"evaluation",810,0.2,256480481,7810
"evaluation",811,0.2,1444548934,7811
"evaluation",812,0.2,268170216,7812
"evaluation",813,0.2,1437076781,7813
"evaluation",814,0.2,1756962257,7814
"evaluation",815,0.2,1897504663,7815
"evaluation",816,0.2,1090383300,7816
"evaluation",817,0.2,2068863513,7817
"evaluation",818,0.2,1768888547,7818
"evaluation",819,0.2,638232874,7819
"evaluation",820,0.2,239975100,7820
"evaluation",821,0.2,122404322,7821
"evaluation",822,0.2,1731192451,7822
"evaluation",823,0.2,1449185199,7823
"evaluation",824,0.2,922339507,7824
"evaluation",825,0.2,1008723150,7825
"evaluation",826,0.2,442398685,7826
"evaluation",827,0.2,251565512,7827
"evaluation",828,0.2,472478891,7828
"evaluation",829,0.2,1051106399,7829
"evaluation",830,0.2,224878762,7830
"evaluation",831,0.2,1605458693,7831
"evaluation",832,0.2,1428343161,7832
"evaluation",833,0.2,1382784841,7833
"evaluation",834,0.2,1323136793,7834
"evaluation",835,0.2,2111422902,7835
"evaluation",836,0.2,1447491555,7836
"evaluation",837,0.2,1476714624,7837
"evaluation",838,0.2,1544565687,7838
"evaluation",839,0.2,1851092841,7839
"evaluation",840,0.2,492435926,7840
"evaluation",841,0.2,345995158,7841
"evaluation",842,0.2,213187960,7842
"evaluation",843,0.2,204744623,7843
"evaluation",844,0.2,1845707991,7844
"evaluation",845,0.2,316370225,7845
"evaluation",846,0.2,1005144038,7846
"evaluation",847,0.2,1434990454,7847
"evaluation",848,0.2,519548508,7848
"evaluation",849,0.2,1575261010,7849
"evaluation",850,0.2,1196818003,7850
"evaluation",851,0.2,1619520026,7851
"evaluation",852,0.2,1511591827,7852
"evaluation",853,0.2,1750351673,7853
"evaluation",854,0.2,1305332622,7854
"evaluation",855,0.2,631697163,7855
"evaluation",856,0.2,1472605192,7856
"evaluation",857,0.2,1739821893,7857
"evaluation",858,0.2,2135155145,7858
"evaluation",859,0.2,273996423,7859
"evaluation",860,0.2,1114445219,7860
"evaluation",861,0.2,1534219532,7861
"evaluation",862,0.2,272996578,7862
"evaluation",863,0.2,852081627,7863
"evaluation",864,0.2,1840831502,7864
"evaluation",865,0.2,1510265910,7865
"evaluation",866,0.2,1267955505,7866
"evaluation",867,0.2,457765417,7867
"evaluation",868,0.2,412556744,7868
"evaluation",869,0.2,404759585,7869
"evaluation",870,0.2,1881392015,7870
"evaluation",871,0.2,83228806,7871
"evaluation",872,0.2,2134715253,7872
"evaluation",873,0.2,1927170623,7873
"evaluation",874,0.2,836382984,7874
"evaluation",875,0.2,998841367,7875
"evaluation",876,0.2,772621673,7876
"evaluation",877,0.2,285481205,7877
"evaluation",878,0.2,1025413063,7878
"evaluation",879,0.2,1756468609,7879
"evaluation",880,0.2,2048972253,7880
"evaluation",881,0.2,684302854,7881
"evaluation",882,0.2,1611072795,7882
"evaluation",883,0.2,405184630,7883
"evaluation",884,0.2,896895159,7884
"evaluation",885,0.2,1768759812,7885
"evaluation",886,0.2,591470588,7886
"evaluation",887,0.2,419534782,7887
"evaluation",888,0.2,123103239,7888
"evaluation",889,0.2,1889410769,7889
"evaluation",890,0.2,1542158145,7890
"evaluation",891,0.2,1274794314,7891
"evaluation",892,0.2,1554651008,7892
"evaluation",893,0.2,1168744084,7893
"evaluation",894,0.2,423183376,7894
"evaluation",895,0.2,1941332537,7895
"evaluation",896,0.2,524814023,7896
"evaluation",897,0.2,2138596153,7897
"evaluation",898,0.2,473388389,7898
"evaluation",899,0.2,1103003914,7899
"evaluation",900,0.2,2102916441,7900
"evaluation",901,0.2,295559673,7901
"evaluation",902,0.2,37509036,7902
"evaluation",903,0.2,884495532,7903
"evaluation",904,0.2,1092060394,7904
"evaluation",905,0.2,1083749896,7905
"evaluation",906,0.2,1312365397,7906
"evaluation",907,0.2,602543276,7907
"evaluation",908,0.2,394098075,7908
"evaluation",909,0.2,2051740289,7909
"evaluation",910,0.2,1247634579,7910
"evaluation",911,0.2,1709223519,7911
"evaluation",912,0.2,135577652,7912
"evaluation",913,0.2,1237670179,7913
"evaluation",914,0.2,997723744,7914
"evaluation",915,0.2,1855033598,7915
"evaluation",916,0.2,1590537435,7916
"evaluation",917,0.2,846191400,7917
"evaluation",918,0.2,27212063,7918
"evaluation",919,0.2,221055551,7919
"evaluation",920,0.2,1689573061,7920
"evaluation",921,0.2,19854625,7921
"evaluation",922,0.2,543452861,7922
"evaluation",923,0.2,1135547081,7923
"evaluation",924,0.2,2116850208,7924
"evaluation",925,0.2,617500721,7925
"evaluation",926,0.2,535703964,7926
"evaluation",927,0.2,569016682,7927
"evaluation",928,0.2,1316548785,7928
"evaluation",929,0.2,140352609,7929
"evaluation",930,0.2,441831658,7930
"evaluation",931,0.2,1281514783,7931
"evaluation",932,0.2,429267357,7932
"evaluation",933,0.2,804369110,7933
"evaluation",934,0.2,514769176,7934
"evaluation",935,0.2,285369044,7935
"evaluation",936,0.2,1588282670,7936
"evaluation",937,0.2,957929763,7937
"evaluation",938,0.2,2018498313,7938
"evaluation",939,0.2,806262594,7939
"evaluation",940,0.2,1349630622,7940
"evaluation",941,0.2,1415502173,7941
"evaluation",942,0.2,33380347,7942
"evaluation",943,0.2,509562589,7943
"evaluation",944,0.2,641419804,7944
"evaluation",945,0.2,1318738297,7945
"evaluation",946,0.2,31630638,7946
"evaluation",947,0.2,1268019457,7947
"evaluation",948,0.2,1488476047,7948
"evaluation",949,0.2,1985299068,7949
"evaluation",950,0.2,454239874,7950
"evaluation",951,0.2,1188958084,7951
"evaluation",952,0.2,1693877571,7952
"evaluation",953,0.2,1104795192,7953
"evaluation",954,0.2,188913847,7954
"evaluation",955,0.2,1429547798,7955
"evaluation",956,0.2,1381138690,7956
"evaluation",957,0.2,745481592,7957
"evaluation",958,0.2,1862538443,7958
"evaluation",959,0.2,1130198252,7959
"evaluation",960,0.2,2012438200,7960
"evaluation",961,0.2,1523934517,7961
"evaluation",962,0.2,1104636036,7962
"evaluation",963,0.2,1794172333,7963
"evaluation",964,0.2,1479013456,7964
"evaluation",965,0.2,1183077392,7965
"evaluation",966,0.2,1909347701,7966
"evaluation",967,0.2,1583092795,7967
"evaluation",968,0.2,1496215985,7968
"evaluation",969,0.2,1031565998,7969
"evaluation",970,0.2,597585363,7970
"evaluation",971,0.2,351746160,7971
"evaluation",972,0.2,212391525,7972
"evaluation",973,0.2,176366487,7973
"evaluation",974,0.2,763837271,7974
"evaluation",975,0.2,15057870,7975
"evaluation",976,0.2,1865416116,7976
"evaluation",977,0.2,982685990,7977
"evaluation",978,0.2,367867740,7978
"evaluation",979,0.2,279756914,7979
"evaluation",980,0.2,1572297472,7980
"evaluation",981,0.2,2073274893,7981
"evaluation",982,0.2,1507672600,7982
"evaluation",983,0.2,581903166,7983
"evaluation",984,0.2,421761203,7984
"evaluation",985,0.2,1464295116,7985
"evaluation",986,0.2,8565197,7986
"evaluation",987,0.2,1171022289,7987
"evaluation",988,0.2,187551287,7988
"evaluation",989,0.2,2091960194,7989
"evaluation",990,0.2,1792462379,7990
"evaluation",991,0.2,1005449248,7991
"evaluation",992,0.2,1257538711,7992
"evaluation",993,0.2,1618802780,7993
"evaluation",994,0.2,1721427995,7994
"evaluation",995,0.2,2084200781,7995
"evaluation",996,0.2,1752913716,7996
"evaluation",997,0.2,851699814,7997
"evaluation",998,0.2,1920615141,7998
"evaluation",999,0.2,1468767935,7999
"evaluation",1000,0.2,1997769001,8000
"evaluation",1,0.3,45121343,8001
"evaluation",2,0.3,1146552738,8002
"evaluation",3,0.3,612902011,8003
"evaluation",4,0.3,423687576,8004
"evaluation",5,0.3,246282034,8005
"evaluation",6,0.3,540734988,8006
"evaluation",7,0.3,1510243129,8007
"evaluation",8,0.3,802648816,8008
"evaluation",9,0.3,1225291588,8009
"evaluation",10,0.3,876431489,8010
"evaluation",11,0.3,506018233,8011
"evaluation",12,0.3,833112009,8012
"evaluation",13,0.3,1681981088,8013
"evaluation",14,0.3,1129413105,8014
"evaluation",15,0.3,1800579242,8015
"evaluation",16,0.3,1500079482,8016
"evaluation",17,0.3,914127713,8017
"evaluation",18,0.3,24527738,8018
"evaluation",19,0.3,708674453,8019
"evaluation",20,0.3,1860448976,8020
"evaluation",21,0.3,1176348788,8021
"evaluation",22,0.3,1304773562,8022
"evaluation",23,0.3,539437198,8023
"evaluation",24,0.3,907476453,8024
"evaluation",25,0.3,235731843,8025
"evaluation",26,0.3,784621802,8026
"evaluation",27,0.3,2112750945,8027
"evaluation",28,0.3,512130375,8028
"evaluation",29,0.3,66436775,8029
"evaluation",30,0.3,411933229,8030
"evaluation",31,0.3,150704001,8031
"evaluation",32,0.3,1607495352,8032
"evaluation",33,0.3,1990315111,8033
"evaluation",34,0.3,1392735093,8034
"evaluation",35,0.3,1570384946,8035
"evaluation",36,0.3,2086951381,8036
"evaluation",37,0.3,1093031585,8037
"evaluation",38,0.3,849501816,8038
"evaluation",39,0.3,2131201384,8039
"evaluation",40,0.3,1335541470,8040
"evaluation",41,0.3,355017637,8041
"evaluation",42,0.3,628505771,8042
"evaluation",43,0.3,1664573466,8043
"evaluation",44,0.3,1441026413,8044
"evaluation",45,0.3,2018438462,8045
"evaluation",46,0.3,594600537,8046
"evaluation",47,0.3,2119605686,8047
"evaluation",48,0.3,2011190355,8048
"evaluation",49,0.3,1079718490,8049
"evaluation",50,0.3,1108315963,8050
"evaluation",51,0.3,34948680,8051
"evaluation",52,0.3,37327952,8052
"evaluation",53,0.3,1662275755,8053
"evaluation",54,0.3,629914240,8054
"evaluation",55,0.3,1839304074,8055
"evaluation",56,0.3,710399273,8056
"evaluation",57,0.3,1623079575,8057
"evaluation",58,0.3,1787283200,8058
"evaluation",59,0.3,563965202,8059
"evaluation",60,0.3,1068037712,8060
"evaluation",61,0.3,713314433,8061
"evaluation",62,0.3,69134851,8062
"evaluation",63,0.3,929704856,8063
"evaluation",64,0.3,1253746647,8064
"evaluation",65,0.3,1327872063,8065
"evaluation",66,0.3,1139424906,8066
"evaluation",67,0.3,141776155,8067
"evaluation",68,0.3,1142698759,8068
"evaluation",69,0.3,519701313,8069
"evaluation",70,0.3,2031619582,8070
"evaluation",71,0.3,1539548251,8071
"evaluation",72,0.3,902170798,8072
"evaluation",73,0.3,926330327,8073
"evaluation",74,0.3,1455674576,8074
"evaluation",75,0.3,820646241,8075
"evaluation",76,0.3,1568938893,8076
"evaluation",77,0.3,1824975220,8077
"evaluation",78,0.3,1061123983,8078
"evaluation",79,0.3,1621574624,8079
"evaluation",80,0.3,1360443254,8080
"evaluation",81,0.3,936114642,8081
"evaluation",82,0.3,1246498318,8082
"evaluation",83,0.3,2106447784,8083
"evaluation",84,0.3,294779753,8084
"evaluation",85,0.3,741369136,8085
"evaluation",86,0.3,638934503,8086
"evaluation",87,0.3,427668137,8087
"evaluation",88,0.3,1928289390,8088
"evaluation",89,0.3,238548761,8089
"evaluation",90,0.3,1614717801,8090
"evaluation",91,0.3,1327410733,8091
"evaluation",92,0.3,313197285,8092
"evaluation",93,0.3,1900106036,8093
"evaluation",94,0.3,1044116227,8094
"evaluation",95,0.3,106461278,8095
"evaluation",96,0.3,48956565,8096
"evaluation",97,0.3,1022854627,8097
"evaluation",98,0.3,1725149175,8098
"evaluation",99,0.3,163213153,8099
"evaluation",100,0.3,824137652,8100
"evaluation",101,0.3,159600245,8101
"evaluation",102,0.3,691785441,8102
"evaluation",103,0.3,1988735255,8103
"evaluation",104,0.3,2124138951,8104
"evaluation",105,0.3,1559175979,8105
"evaluation",106,0.3,185784345,8106
"evaluation",107,0.3,1257096437,8107
"evaluation",108,0.3,360286493,8108
"evaluation",109,0.3,1571252282,8109
"evaluation",110,0.3,456822105,8110
"evaluation",111,0.3,2134539848,8111
"evaluation",112,0.3,1358455235,8112
"evaluation",113,0.3,84545543,8113
"evaluation",114,0.3,188959950,8114
"evaluation",115,0.3,841283346,8115
"evaluation",116,0.3,738328486,8116
"evaluation",117,0.3,1001232226,8117
"evaluation",118,0.3,1989211597,8118
"evaluation",119,0.3,1384053461,8119
"evaluation",120,0.3,188037769,8120
"evaluation",121,0.3,569484643,8121
"evaluation",122,0.3,78848401,8122
"evaluation",123,0.3,234316842,8123
"evaluation",124,0.3,538468860,8124
"evaluation",125,0.3,1272570099,8125
"evaluation",126,0.3,1971410221,8126
"evaluation",127,0.3,1077097080,8127
"evaluation",128,0.3,1132674194,8128
"evaluation",129,0.3,758952979,8129
"evaluation",130,0.3,1531285342,8130
"evaluation",131,0.3,1992246766,8131
"evaluation",132,0.3,410693885,8132
"evaluation",133,0.3,1536416404,8133
"evaluation",134,0.3,807613280,8134
"evaluation",135,0.3,1575225069,8135
"evaluation",136,0.3,105940768,8136
"evaluation",137,0.3,322376195,8137
"evaluation",138,0.3,2056588237,8138
"evaluation",139,0.3,74460179,8139
"evaluation",140,0.3,691955689,8140
"evaluation",141,0.3,1732548383,8141
"evaluation",142,0.3,1999228839,8142
"evaluation",143,0.3,1454592075,8143
"evaluation",144,0.3,1762950993,8144
"evaluation",145,0.3,1643832446,8145
"evaluation",146,0.3,2122430508,8146
"evaluation",147,0.3,1838645792,8147
"evaluation",148,0.3,469379309,8148
"evaluation",149,0.3,1876615797,8149
"evaluation",150,0.3,1297519838,8150
"evaluation",151,0.3,781340842,8151
"evaluation",152,0.3,1022383945,8152
"evaluation",153,0.3,1853384673,8153
"evaluation",154,0.3,46126243,8154
"evaluation",155,0.3,105439999,8155
"evaluation",156,0.3,1785525838,8156
"evaluation",157,0.3,1753733359,8157
"evaluation",158,0.3,324612158,8158
"evaluation",159,0.3,1944737379,8159
"evaluation",160,0.3,354598808,8160
"evaluation",161,0.3,1842697169,8161
"evaluation",162,0.3,1996797185,8162
"evaluation",163,0.3,356103517,8163
"evaluation",164,0.3,1962465194,8164
"evaluation",165,0.3,530120939,8165
"evaluation",166,0.3,1573196742,8166
"evaluation",167,0.3,272618309,8167
"evaluation",168,0.3,176523007,8168
"evaluation",169,0.3,1282543478,8169
"evaluation",170,0.3,404092701,8170
"evaluation",171,0.3,1913405819,8171
"evaluation",172,0.3,1637781160,8172
"evaluation",173,0.3,222867990,8173
"evaluation",174,0.3,233312141,8174
"evaluation",175,0.3,1425378265,8175
"evaluation",176,0.3,486101204,8176
"evaluation",177,0.3,282573895,8177
"evaluation",178,0.3,1611102454,8178
"evaluation",179,0.3,543333222,8179
"evaluation",180,0.3,346288570,8180
"evaluation",181,0.3,1833872036,8181
"evaluation",182,0.3,1710808873,8182
"evaluation",183,0.3,117662697,8183
"evaluation",184,0.3,1826033786,8184
"evaluation",185,0.3,38679274,8185
"evaluation",186,0.3,945665242,8186
"evaluation",187,0.3,1037264166,8187
"evaluation",188,0.3,1369521359,8188
"evaluation",189,0.3,202523977,8189
"evaluation",190,0.3,1646215529,8190
"evaluation",191,0.3,1744545845,8191
"evaluation",192,0.3,1971747071,8192
"evaluation",193,0.3,2058997690,8193
"evaluation",194,0.3,305472299,8194
"evaluation",195,0.3,1011645194,8195
"evaluation",196,0.3,1401578581,8196
"evaluation",197,0.3,1906862295,8197
"evaluation",198,0.3,851196216,8198
"evaluation",199,0.3,1668863253,8199
"evaluation",200,0.3,290712095,8200
"evaluation",201,0.3,23192103,8201
"evaluation",202,0.3,869619293,8202
"evaluation",203,0.3,397887166,8203
"evaluation",204,0.3,1363852143,8204
"evaluation",205,0.3,1930856770,8205
"evaluation",206,0.3,1708091109,8206
"evaluation",207,0.3,763555433,8207
"evaluation",208,0.3,569512679,8208
"evaluation",209,0.3,1870182195,8209
"evaluation",210,0.3,467644783,8210
"evaluation",211,0.3,135722277,8211
"evaluation",212,0.3,200087577,8212
"evaluation",213,0.3,1150166967,8213
"evaluation",214,0.3,1375108700,8214
"evaluation",215,0.3,1480322482,8215
"evaluation",216,0.3,472705581,8216
"evaluation",217,0.3,1387252377,8217
"evaluation",218,0.3,755008447,8218
"evaluation",219,0.3,1556395205,8219
"evaluation",220,0.3,324948440,8220
"evaluation",221,0.3,688260831,8221
"evaluation",222,0.3,1231613606,8222
"evaluation",223,0.3,830530810,8223
"evaluation",224,0.3,849215332,8224
"evaluation",225,0.3,1300983926,8225
"evaluation",226,0.3,471285131,8226
"evaluation",227,0.3,943997429,8227
"evaluation",228,0.3,1218695,8228
"evaluation",229,0.3,1718564604,8229
"evaluation",230,0.3,355373589,8230
"evaluation",231,0.3,224609568,8231
"evaluation",232,0.3,572739145,8232
"evaluation",233,0.3,2139676241,8233
"evaluation",234,0.3,731832704,8234
"evaluation",235,0.3,1312593993,8235
"evaluation",236,0.3,802493694,8236
"evaluation",237,0.3,13947906,8237
"evaluation",238,0.3,1904160374,8238
"evaluation",239,0.3,1913163451,8239
"evaluation",240,0.3,438236178,8240
"evaluation",241,0.3,1381413084,8241
"evaluation",242,0.3,1596641407,8242
"evaluation",243,0.3,952293225,8243
"evaluation",244,0.3,617823086,8244
"evaluation",245,0.3,25178534,8245
"evaluation",246,0.3,1921273598,8246
"evaluation",247,0.3,341559850,8247
"evaluation",248,0.3,1480083385,8248
"evaluation",249,0.3,2000337777,8249
"evaluation",250,0.3,385436769,8250
"evaluation",251,0.3,1801222803,8251
"evaluation",252,0.3,608911839,8252
"evaluation",253,0.3,391728463,8253
"evaluation",254,0.3,1461631469,8254
"evaluation",255,0.3,1699544819,8255
"evaluation",256,0.3,1814271680,8256
"evaluation",257,0.3,743296006,8257
"evaluation",258,0.3,534199044,8258
"evaluation",259,0.3,779232461,8259
"evaluation",260,0.3,297210029,8260
"evaluation",261,0.3,287550972,8261
"evaluation",262,0.3,130231132,8262
"evaluation",263,0.3,1082408249,8263
"evaluation",264,0.3,1126014603,8264
"evaluation",265,0.3,147230513,8265
"evaluation",266,0.3,2086345321,8266
"evaluation",267,0.3,843628699,8267
"evaluation",268,0.3,1075626389,8268
"evaluation",269,0.3,1710797037,8269
"evaluation",270,0.3,86179001,8270
"evaluation",271,0.3,729337268,8271
"evaluation",272,0.3,779082007,8272
"evaluation",273,0.3,1454727910,8273
"evaluation",274,0.3,2062126595,8274
"evaluation",275,0.3,1965334428,8275
"evaluation",276,0.3,635457627,8276
"evaluation",277,0.3,2076468275,8277
"evaluation",278,0.3,358614297,8278
"evaluation",279,0.3,1094652561,8279
"evaluation",280,0.3,481081390,8280
"evaluation",281,0.3,1299037307,8281
"evaluation",282,0.3,2111001558,8282
"evaluation",283,0.3,418653857,8283
"evaluation",284,0.3,2017935957,8284
"evaluation",285,0.3,1262909326,8285
"evaluation",286,0.3,972995440,8286
"evaluation",287,0.3,8351452,8287
"evaluation",288,0.3,295382751,8288
"evaluation",289,0.3,1025176033,8289
"evaluation",290,0.3,587963301,8290
"evaluation",291,0.3,1530622700,8291
"evaluation",292,0.3,1203404895,8292
"evaluation",293,0.3,146062508,8293
"evaluation",294,0.3,807526624,8294
"evaluation",295,0.3,1976701772,8295
"evaluation",296,0.3,1947263254,8296
"evaluation",297,0.3,135160058,8297
"evaluation",298,0.3,192662637,8298
"evaluation",299,0.3,311458318,8299
"evaluation",300,0.3,1588661733,8300
"evaluation",301,0.3,1188938593,8301
"evaluation",302,0.3,259180463,8302
"evaluation",303,0.3,1802385819,8303
"evaluation",304,0.3,1761289034,8304
"evaluation",305,0.3,1448880773,8305
"evaluation",306,0.3,1845954458,8306
"evaluation",307,0.3,274003975,8307
"evaluation",308,0.3,538926342,8308
"evaluation",309,0.3,952589795,8309
"evaluation",310,0.3,2026300938,8310
"evaluation",311,0.3,1433498185,8311
"evaluation",312,0.3,1036384984,8312
"evaluation",313,0.3,352870993,8313
"evaluation",314,0.3,604107946,8314
"evaluation",315,0.3,141137122,8315
"evaluation",316,0.3,1998296711,8316
"evaluation",317,0.3,1417754011,8317
"evaluation",318,0.3,942887324,8318
"evaluation",319,0.3,1759076556,8319
"evaluation",320,0.3,615752071,8320
"evaluation",321,0.3,665264169,8321
"evaluation",322,0.3,1308693877,8322
"evaluation",323,0.3,1317062484,8323
"evaluation",324,0.3,1466855331,8324
"evaluation",325,0.3,224340718,8325
"evaluation",326,0.3,854622296,8326
"evaluation",327,0.3,1324705278,8327
"evaluation",328,0.3,814031755,8328
"evaluation",329,0.3,1769470859,8329
"evaluation",330,0.3,245572537,8330
"evaluation",331,0.3,1050543563,8331
"evaluation",332,0.3,591682485,8332
"evaluation",333,0.3,204252310,8333
"evaluation",334,0.3,2807788,8334
"evaluation",335,0.3,1972644476,8335
"evaluation",336,0.3,34055367,8336
"evaluation",337,0.3,1755001410,8337
"evaluation",338,0.3,191014911,8338
"evaluation",339,0.3,2066687430,8339
"evaluation",340,0.3,2099434943,8340
"evaluation",341,0.3,1375527774,8341
"evaluation",342,0.3,884633548,8342
"evaluation",343,0.3,130098748,8343
"evaluation",344,0.3,1550092841,8344
"evaluation",345,0.3,1767950447,8345
"evaluation",346,0.3,1484572157,8346
"evaluation",347,0.3,1527259252,8347
"evaluation",348,0.3,1465611591,8348
"evaluation",349,0.3,1096265608,8349
"evaluation",350,0.3,1206464544,8350
"evaluation",351,0.3,1801669809,8351
"evaluation",352,0.3,458811485,8352
"evaluation",353,0.3,1801033133,8353
"evaluation",354,0.3,857359938,8354
"evaluation",355,0.3,1865304530,8355
"evaluation",356,0.3,323547691,8356
"evaluation",357,0.3,61182957,8357
"evaluation",358,0.3,885367173,8358
"evaluation",359,0.3,1765062821,8359
"evaluation",360,0.3,696851067,8360
"evaluation",361,0.3,1131586334,8361
"evaluation",362,0.3,415387216,8362
"evaluation",363,0.3,210819514,8363
"evaluation",364,0.3,1987144553,8364
"evaluation",365,0.3,1711166689,8365
"evaluation",366,0.3,1715439312,8366
"evaluation",367,0.3,211068219,8367
"evaluation",368,0.3,1452415849,8368
"evaluation",369,0.3,1261095922,8369
"evaluation",370,0.3,235384966,8370
"evaluation",371,0.3,1229640378,8371
"evaluation",372,0.3,1509768038,8372
"evaluation",373,0.3,1980789872,8373
"evaluation",374,0.3,313667641,8374
"evaluation",375,0.3,1940821188,8375
"evaluation",376,0.3,246051366,8376
"evaluation",377,0.3,967550517,8377
"evaluation",378,0.3,806918821,8378
"evaluation",379,0.3,750368308,8379
"evaluation",380,0.3,1614918827,8380
"evaluation",381,0.3,623621701,8381
"evaluation",382,0.3,1165362064,8382
"evaluation",383,0.3,1636995800,8383
"evaluation",384,0.3,883003059,8384
"evaluation",385,0.3,1404376430,8385
"evaluation",386,0.3,303671367,8386
"evaluation",387,0.3,1481529764,8387
"evaluation",388,0.3,1251252351,8388
"evaluation",389,0.3,1007308721,8389
"evaluation",390,0.3,919936117,8390
"evaluation",391,0.3,24570500,8391
"evaluation",392,0.3,698974188,8392
"evaluation",393,0.3,547034415,8393
"evaluation",394,0.3,317639599,8394
"evaluation",395,0.3,1032786714,8395
"evaluation",396,0.3,154762616,8396
"evaluation",397,0.3,2003583915,8397
"evaluation",398,0.3,1566381999,8398
"evaluation",399,0.3,1414916261,8399
"evaluation",400,0.3,1461066336,8400
"evaluation",401,0.3,1320223789,8401
"evaluation",402,0.3,1059941035,8402
"evaluation",403,0.3,16844820,8403
"evaluation",404,0.3,1171947470,8404
"evaluation",405,0.3,1670233652,8405
"evaluation",406,0.3,1800894034,8406
"evaluation",407,0.3,1883835653,8407
"evaluation",408,0.3,209203992,8408
"evaluation",409,0.3,951232544,8409
"evaluation",410,0.3,702804442,8410
"evaluation",411,0.3,584223364,8411
"evaluation",412,0.3,746059629,8412
"evaluation",413,0.3,1091433317,8413
"evaluation",414,0.3,150704291,8414
"evaluation",415,0.3,52114300,8415
"evaluation",416,0.3,1436126974,8416
"evaluation",417,0.3,1427376941,8417
"evaluation",418,0.3,1563778339,8418
"evaluation",419,0.3,346472843,8419
"evaluation",420,0.3,696992141,8420
"evaluation",421,0.3,154653605,8421
"evaluation",422,0.3,1407214474,8422
"evaluation",423,0.3,1367307,8423
"evaluation",424,0.3,1051185737,8424
"evaluation",425,0.3,1165335241,8425
"evaluation",426,0.3,1138153461,8426
"evaluation",427,0.3,1773591582,8427
"evaluation",428,0.3,1592548366,8428
"evaluation",429,0.3,1680790011,8429
"evaluation",430,0.3,1492183488,8430
"evaluation",431,0.3,451914486,8431
"evaluation",432,0.3,1556507548,8432
"evaluation",433,0.3,1216198780,8433
"evaluation",434,0.3,2030482878,8434
"evaluation",435,0.3,280572607,8435
"evaluation",436,0.3,1435393292,8436
"evaluation",437,0.3,2062180464,8437
"evaluation",438,0.3,1459269993,8438
"evaluation",439,0.3,460293404,8439
"evaluation",440,0.3,1916488520,8440
"evaluation",441,0.3,4236232,8441
"evaluation",442,0.3,1154803605,8442
"evaluation",443,0.3,878296573,8443
"evaluation",444,0.3,470865932,8444
"evaluation",445,0.3,1513409849,8445
"evaluation",446,0.3,1842274300,8446
"evaluation",447,0.3,93236495,8447
"evaluation",448,0.3,1929497299,8448
"evaluation",449,0.3,357856297,8449
"evaluation",450,0.3,2100755854,8450
"evaluation",451,0.3,1562953249,8451
"evaluation",452,0.3,564143453,8452
"evaluation",453,0.3,895626621,8453
"evaluation",454,0.3,996744300,8454
"evaluation",455,0.3,280343512,8455
"evaluation",456,0.3,1033518092,8456
"evaluation",457,0.3,1382033258,8457
"evaluation",458,0.3,386715926,8458
"evaluation",459,0.3,1813485231,8459
"evaluation",460,0.3,411427737,8460
"evaluation",461,0.3,1882026888,8461
"evaluation",462,0.3,434420762,8462
"evaluation",463,0.3,1439373684,8463
"evaluation",464,0.3,1395864732,8464
"evaluation",465,0.3,2121147292,8465
"evaluation",466,0.3,1103461226,8466
"evaluation",467,0.3,856758279,8467
"evaluation",468,0.3,1002709679,8468
"evaluation",469,0.3,1885847647,8469
"evaluation",470,0.3,1390305758,8470
"evaluation",471,0.3,368902005,8471
"evaluation",472,0.3,1417709542,8472
"evaluation",473,0.3,1131250421,8473
"evaluation",474,0.3,1250992024,8474
"evaluation",475,0.3,290083578,8475
"evaluation",476,0.3,646362294,8476
"evaluation",477,0.3,1079584152,8477
"evaluation",478,0.3,1960065840,8478
"evaluation",479,0.3,887351512,8479
"evaluation",480,0.3,2035409886,8480
"evaluation",481,0.3,989813117,8481
"evaluation",482,0.3,2110909177,8482
"evaluation",483,0.3,1180671787,8483
"evaluation",484,0.3,1989411892,8484
"evaluation",485,0.3,1018226423,8485
"evaluation",486,0.3,961139966,8486
"evaluation",487,0.3,1853733087,8487
"evaluation",488,0.3,2105261278,8488
"evaluation",489,0.3,1477884140,8489
"evaluation",490,0.3,299985795,8490
"evaluation",491,0.3,1952370666,8491
"evaluation",492,0.3,855266067,8492
"evaluation",493,0.3,900795051,8493
"evaluation",494,0.3,1230955107,8494
"evaluation",495,0.3,1682258811,8495
"evaluation",496,0.3,921053431,8496
"evaluation",497,0.3,387532026,8497
"evaluation",498,0.3,1541773813,8498
"evaluation",499,0.3,737517665,8499
"evaluation",500,0.3,1971289176,8500
"evaluation",501,0.3,86876442,8501
"evaluation",502,0.3,1587759860,8502
"evaluation",503,0.3,1267345549,8503
"evaluation",504,0.3,505099174,8504
"evaluation",505,0.3,305261929,8505
"evaluation",506,0.3,1442065408,8506
"evaluation",507,0.3,775837660,8507
"evaluation",508,0.3,115346224,8508
"evaluation",509,0.3,239719574,8509
"evaluation",510,0.3,1968112933,8510
"evaluation",511,0.3,761791777,8511
"evaluation",512,0.3,606388805,8512
"evaluation",513,0.3,47082164,8513
"evaluation",514,0.3,1641435369,8514
"evaluation",515,0.3,2004053653,8515
"evaluation",516,0.3,88196717,8516
"evaluation",517,0.3,1786277825,8517
"evaluation",518,0.3,1043032492,8518
"evaluation",519,0.3,1899282405,8519
"evaluation",520,0.3,1338553480,8520
"evaluation",521,0.3,1601276388,8521
"evaluation",522,0.3,886176691,8522
"evaluation",523,0.3,1719866638,8523
"evaluation",524,0.3,1397956614,8524
"evaluation",525,0.3,246554571,8525
"evaluation",526,0.3,740072812,8526
"evaluation",527,0.3,1995175158,8527
"evaluation",528,0.3,1216351280,8528
"evaluation",529,0.3,1025380553,8529
"evaluation",530,0.3,248793649,8530
"evaluation",531,0.3,86008476,8531
"evaluation",532,0.3,1162603150,8532
"evaluation",533,0.3,282843539,8533
"evaluation",534,0.3,1965041232,8534
"evaluation",535,0.3,653923442,8535
"evaluation",536,0.3,1660305592,8536
"evaluation",537,0.3,2029458380,8537
"evaluation",538,0.3,853579241,8538
"evaluation",539,0.3,1243978159,8539
"evaluation",540,0.3,9638812,8540
"evaluation",541,0.3,935510291,8541
"evaluation",542,0.3,318431229,8542
"evaluation",543,0.3,200825949,8543
"evaluation",544,0.3,1120286053,8544
"evaluation",545,0.3,434279943,8545
"evaluation",546,0.3,1948335318,8546
"evaluation",547,0.3,885716336,8547
"evaluation",548,0.3,755930986,8548
"evaluation",549,0.3,1410523559,8549
"evaluation",550,0.3,978325158,8550
"evaluation",551,0.3,792118702,8551
"evaluation",552,0.3,1447586184,8552
"evaluation",553,0.3,2095135631,8553
"evaluation",554,0.3,771222274,8554
"evaluation",555,0.3,1999567199,8555
"evaluation",556,0.3,1278020828,8556
"evaluation",557,0.3,1844047722,8557
"evaluation",558,0.3,266331515,8558
"evaluation",559,0.3,165181057,8559
"evaluation",560,0.3,920668118,8560
"evaluation",561,0.3,1535510146,8561
"evaluation",562,0.3,1800760881,8562
"evaluation",563,0.3,433298979,8563
"evaluation",564,0.3,1563948872,8564
"evaluation",565,0.3,1745035932,8565
"evaluation",566,0.3,924207080,8566
"evaluation",567,0.3,927728989,8567
"evaluation",568,0.3,778942800,8568
"evaluation",569,0.3,1991830739,8569
"evaluation",570,0.3,88147212,8570
"evaluation",571,0.3,1277575120,8571
"evaluation",572,0.3,480096375,8572
"evaluation",573,0.3,1952913821,8573
"evaluation",574,0.3,155925252,8574
"evaluation",575,0.3,1198521882,8575
"evaluation",576,0.3,168471878,8576
"evaluation",577,0.3,1603609694,8577
"evaluation",578,0.3,1989388365,8578
"evaluation",579,0.3,985496376,8579
"evaluation",580,0.3,1491139911,8580
"evaluation",581,0.3,2063352199,8581
"evaluation",582,0.3,1907522116,8582
"evaluation",583,0.3,280006559,8583
"evaluation",584,0.3,69993819,8584
"evaluation",585,0.3,1028692016,8585
"evaluation",586,0.3,919659969,8586
"evaluation",587,0.3,15923440,8587
"evaluation",588,0.3,2024266127,8588
"evaluation",589,0.3,152270204,8589
"evaluation",590,0.3,444039406,8590
"evaluation",591,0.3,147516274,8591
"evaluation",592,0.3,689789316,8592
"evaluation",593,0.3,346684642,8593
"evaluation",594,0.3,677260375,8594
"evaluation",595,0.3,164341273,8595
"evaluation",596,0.3,1561245835,8596
"evaluation",597,0.3,1771253409,8597
"evaluation",598,0.3,1512527740,8598
"evaluation",599,0.3,1808662490,8599
"evaluation",600,0.3,650270779,8600
"evaluation",601,0.3,1646026486,8601
"evaluation",602,0.3,1389203888,8602
"evaluation",603,0.3,1547698406,8603
"evaluation",604,0.3,511015412,8604
"evaluation",605,0.3,1633003196,8605
"evaluation",606,0.3,1433747849,8606
"evaluation",607,0.3,1925632557,8607
"evaluation",608,0.3,726771013,8608
"evaluation",609,0.3,911476835,8609
"evaluation",610,0.3,2010667642,8610
"evaluation",611,0.3,2144838946,8611
"evaluation",612,0.3,1397178923,8612
"evaluation",613,0.3,818530634,8613
"evaluation",614,0.3,1251269393,8614
"evaluation",615,0.3,901776166,8615
"evaluation",616,0.3,1227893392,8616
"evaluation",617,0.3,979101598,8617
"evaluation",618,0.3,1534808617,8618
"evaluation",619,0.3,851798380,8619
"evaluation",620,0.3,2021324345,8620
"evaluation",621,0.3,1062196670,8621
"evaluation",622,0.3,1805769929,8622
"evaluation",623,0.3,662431797,8623
"evaluation",624,0.3,1115878495,8624
"evaluation",625,0.3,439978558,8625
"evaluation",626,0.3,1917590999,8626
"evaluation",627,0.3,1517277908,8627
"evaluation",628,0.3,1325182561,8628
"evaluation",629,0.3,2015193593,8629
"evaluation",630,0.3,509602244,8630
"evaluation",631,0.3,1627919140,8631
"evaluation",632,0.3,367042093,8632
"evaluation",633,0.3,694525708,8633
"evaluation",634,0.3,592204495,8634
"evaluation",635,0.3,1452514152,8635
"evaluation",636,0.3,649698502,8636
"evaluation",637,0.3,1394479532,8637
"evaluation",638,0.3,1658994167,8638
"evaluation",639,0.3,1339981356,8639
"evaluation",640,0.3,1702356499,8640
"evaluation",641,0.3,1090928773,8641
"evaluation",642,0.3,2136414384,8642
"evaluation",643,0.3,909110081,8643
"evaluation",644,0.3,1133511461,8644
"evaluation",645,0.3,1084479754,8645
"evaluation",646,0.3,2045554751,8646
"evaluation",647,0.3,410900718,8647
"evaluation",648,0.3,1286789474,8648
"evaluation",649,0.3,659933898,8649
"evaluation",650,0.3,1730720466,8650
"evaluation",651,0.3,54411584,8651
"evaluation",652,0.3,251743094,8652
"evaluation",653,0.3,1170065870,8653
"evaluation",654,0.3,330056523,8654
"evaluation",655,0.3,214082858,8655
"evaluation",656,0.3,1633600947,8656
"evaluation",657,0.3,390862919,8657
"evaluation",658,0.3,1267153739,8658
"evaluation",659,0.3,1220391649,8659
"evaluation",660,0.3,875435683,8660
"evaluation",661,0.3,725450025,8661
"evaluation",662,0.3,991120880,8662
"evaluation",663,0.3,1513766519,8663
"evaluation",664,0.3,1402166380,8664
"evaluation",665,0.3,1572250397,8665
"evaluation",666,0.3,283834318,8666
"evaluation",667,0.3,2008788395,8667
"evaluation",668,0.3,1038700238,8668
"evaluation",669,0.3,1634502716,8669
"evaluation",670,0.3,1145558638,8670
"evaluation",671,0.3,1742417540,8671
"evaluation",672,0.3,1701525700,8672
"evaluation",673,0.3,489280809,8673
"evaluation",674,0.3,80301610,8674
"evaluation",675,0.3,1287640069,8675
"evaluation",676,0.3,1177026735,8676
"evaluation",677,0.3,1837993689,8677
"evaluation",678,0.3,96760936,8678
"evaluation",679,0.3,1714546697,8679
"evaluation",680,0.3,2135024117,8680
"evaluation",681,0.3,829130325,8681
"evaluation",682,0.3,1769360342,8682
"evaluation",683,0.3,612264375,8683
"evaluation",684,0.3,1334248047,8684
"evaluation",685,0.3,1060113457,8685
"evaluation",686,0.3,1210126655,8686
"evaluation",687,0.3,487503493,8687
"evaluation",688,0.3,1797031516,8688
"evaluation",689,0.3,1212695611,8689
"evaluation",690,0.3,292330492,8690
"evaluation",691,0.3,487571625,8691
"evaluation",692,0.3,474257837,8692
"evaluation",693,0.3,1888665520,8693
"evaluation",694,0.3,571855240,8694
"evaluation",695,0.3,527961595,8695
"evaluation",696,0.3,630939186,8696
"evaluation",697,0.3,2077195430,8697
"evaluation",698,0.3,1453964255,8698
"evaluation",699,0.3,963884944,8699
"evaluation",700,0.3,1683969218,8700
"evaluation",701,0.3,919937205,8701
"evaluation",702,0.3,861590590,8702
"evaluation",703,0.3,1217431463,8703
"evaluation",704,0.3,598665100,8704
"evaluation",705,0.3,1098815972,8705
"evaluation",706,0.3,845120617,8706
"evaluation",707,0.3,1496898995,8707
"evaluation",708,0.3,1267016891,8708
"evaluation",709,0.3,94340075,8709
"evaluation",710,0.3,698368039,8710
"evaluation",711,0.3,127992406,8711
"evaluation",712,0.3,93067321,8712
"evaluation",713,0.3,590115683,8713
"evaluation",714,0.3,203421740,8714
"evaluation",715,0.3,215778282,8715
"evaluation",716,0.3,1441982754,8716
"evaluation",717,0.3,1899975048,8717
"evaluation",718,0.3,1504519777,8718
"evaluation",719,0.3,235614031,8719
"evaluation",720,0.3,234190643,8720
"evaluation",721,0.3,488858648,8721
"evaluation",722,0.3,181562954,8722
"evaluation",723,0.3,998894067,8723
"evaluation",724,0.3,1383732606,8724
"evaluation",725,0.3,1374573862,8725
"evaluation",726,0.3,948372600,8726
"evaluation",727,0.3,1470807391,8727
"evaluation",728,0.3,98678246,8728
"evaluation",729,0.3,2072794219,8729
"evaluation",730,0.3,1370792757,8730
"evaluation",731,0.3,1234316883,8731
"evaluation",732,0.3,793044110,8732
"evaluation",733,0.3,551257828,8733
"evaluation",734,0.3,1506135518,8734
"evaluation",735,0.3,340284135,8735
"evaluation",736,0.3,584336373,8736
"evaluation",737,0.3,541459809,8737
"evaluation",738,0.3,1592852988,8738
"evaluation",739,0.3,1554096217,8739
"evaluation",740,0.3,1552865841,8740
"evaluation",741,0.3,1748323235,8741
"evaluation",742,0.3,2145716718,8742
"evaluation",743,0.3,1513987209,8743
"evaluation",744,0.3,1077081505,8744
"evaluation",745,0.3,1227446220,8745
"evaluation",746,0.3,1157138717,8746
"evaluation",747,0.3,1428288375,8747
"evaluation",748,0.3,1448037147,8748
"evaluation",749,0.3,1834302325,8749
"evaluation",750,0.3,267497887,8750
"evaluation",751,0.3,928286395,8751
"evaluation",752,0.3,1887079355,8752
"evaluation",753,0.3,1624024758,8753
"evaluation",754,0.3,1544173773,8754
"evaluation",755,0.3,889094074,8755
"evaluation",756,0.3,335867379,8756
"evaluation",757,0.3,801865581,8757
"evaluation",758,0.3,700366534,8758
"evaluation",759,0.3,627704537,8759
"evaluation",760,0.3,1738404455,8760
"evaluation",761,0.3,1760288569,8761
"evaluation",762,0.3,954552710,8762
"evaluation",763,0.3,1428172793,8763
"evaluation",764,0.3,1901833302,8764
"evaluation",765,0.3,1932927821,8765
"evaluation",766,0.3,515913770,8766
"evaluation",767,0.3,1832192696,8767
"evaluation",768,0.3,1957980129,8768
"evaluation",769,0.3,648909780,8769
"evaluation",770,0.3,1768263449,8770
"evaluation",771,0.3,52707351,8771
"evaluation",772,0.3,1528241957,8772
"evaluation",773,0.3,853927531,8773
"evaluation",774,0.3,1355927551,8774
"evaluation",775,0.3,547849256,8775
"evaluation",776,0.3,10726728,8776
"evaluation",777,0.3,2042442206,8777
"evaluation",778,0.3,1504839639,8778
"evaluation",779,0.3,1960222817,8779
"evaluation",780,0.3,1558148913,8780
"evaluation",781,0.3,999616408,8781
"evaluation",782,0.3,172560118,8782
"evaluation",783,0.3,1302955703,8783
"evaluation",784,0.3,1517947344,8784
"evaluation",785,0.3,1330513057,8785
"evaluation",786,0.3,543507379,8786
"evaluation",787,0.3,2124881867,8787
"evaluation",788,0.3,1545831848,8788
"evaluation",789,0.3,933489655,8789
"evaluation",790,0.3,2059223735,8790
"evaluation",791,0.3,858330180,8791
"evaluation",792,0.3,1398318656,8792
"evaluation",793,0.3,1755796991,8793
"evaluation",794,0.3,1692303149,8794
"evaluation",795,0.3,1022641688,8795
"evaluation",796,0.3,1412592286,8796
"evaluation",797,0.3,769537253,8797
"evaluation",798,0.3,1383301299,8798
"evaluation",799,0.3,321573399,8799
"evaluation",800,0.3,1647167814,8800
"evaluation",801,0.3,1564261395,8801
"evaluation",802,0.3,364872940,8802
"evaluation",803,0.3,603927437,8803
"evaluation",804,0.3,2039061725,8804
"evaluation",805,0.3,1386769670,8805
"evaluation",806,0.3,25867838,8806
"evaluation",807,0.3,2055127700,8807
"evaluation",808,0.3,1517915524,8808
"evaluation",809,0.3,816506756,8809
"evaluation",810,0.3,858230499,8810
"evaluation",811,0.3,2084010292,8811
"evaluation",812,0.3,539736903,8812
"evaluation",813,0.3,1211243003,8813
"evaluation",814,0.3,679320700,8814
"evaluation",815,0.3,94574934,8815
"evaluation",816,0.3,214007600,8816
"evaluation",817,0.3,848094942,8817
"evaluation",818,0.3,794756626,8818
"evaluation",819,0.3,293697445,8819
"evaluation",820,0.3,1799679090,8820
"evaluation",821,0.3,141086771,8821
"evaluation",822,0.3,646294344,8822
"evaluation",823,0.3,842686240,8823
"evaluation",824,0.3,1194283559,8824
"evaluation",825,0.3,1099935151,8825
"evaluation",826,0.3,39789702,8826
"evaluation",827,0.3,568698267,8827
"evaluation",828,0.3,1505162982,8828
"evaluation",829,0.3,102044081,8829
"evaluation",830,0.3,1748979594,8830
"evaluation",831,0.3,1088167861,8831
"evaluation",832,0.3,1757051063,8832
"evaluation",833,0.3,342948682,8833
"evaluation",834,0.3,1624186445,8834
"evaluation",835,0.3,2067471608,8835
"evaluation",836,0.3,1696308703,8836
"evaluation",837,0.3,677525233,8837
"evaluation",838,0.3,2111168386,8838
"evaluation",839,0.3,1048492805,8839
"evaluation",840,0.3,1122363651,8840
"evaluation",841,0.3,286424118,8841
"evaluation",842,0.3,189888903,8842
"evaluation",843,0.3,566276276,8843
"evaluation",844,0.3,1895399803,8844
"evaluation",845,0.3,2021563439,8845
"evaluation",846,0.3,77126908,8846
"evaluation",847,0.3,1430179883,8847
"evaluation",848,0.3,1912100426,8848
"evaluation",849,0.3,591071896,8849
"evaluation",850,0.3,2058687908,8850
"evaluation",851,0.3,1619109300,8851
"evaluation",852,0.3,1641702363,8852
"evaluation",853,0.3,1863605404,8853
"evaluation",854,0.3,88035993,8854
"evaluation",855,0.3,155588152,8855
"evaluation",856,0.3,305751852,8856
"evaluation",857,0.3,859643542,8857
"evaluation",858,0.3,1468634219,8858
"evaluation",859,0.3,284873337,8859
"evaluation",860,0.3,1407129010,8860
"evaluation",861,0.3,1413001095,8861
"evaluation",862,0.3,843448606,8862
"evaluation",863,0.3,1751240573,8863
"evaluation",864,0.3,1762498207,8864
"evaluation",865,0.3,1608130660,8865
"evaluation",866,0.3,1804569744,8866
"evaluation",867,0.3,1851011469,8867
"evaluation",868,0.3,458607375,8868
"evaluation",869,0.3,1673125762,8869
"evaluation",870,0.3,933277777,8870
"evaluation",871,0.3,463713165,8871
"evaluation",872,0.3,1778828647,8872
"evaluation",873,0.3,1398213225,8873
"evaluation",874,0.3,438666759,8874
"evaluation",875,0.3,1562786445,8875
"evaluation",876,0.3,1783288914,8876
"evaluation",877,0.3,1938798911,8877
"evaluation",878,0.3,1621203637,8878
"evaluation",879,0.3,1341332690,8879
"evaluation",880,0.3,2033515395,8880
"evaluation",881,0.3,981132575,8881
"evaluation",882,0.3,654866168,8882
"evaluation",883,0.3,199426071,8883
"evaluation",884,0.3,1576761468,8884
"evaluation",885,0.3,77498464,8885
"evaluation",886,0.3,1931606026,8886
"evaluation",887,0.3,203400930,8887
"evaluation",888,0.3,1219848674,8888
"evaluation",889,0.3,104035452,8889
"evaluation",890,0.3,422193267,8890
"evaluation",891,0.3,605568068,8891
"evaluation",892,0.3,1421349901,8892
"evaluation",893,0.3,1562036805,8893
"evaluation",894,0.3,1675739486,8894
"evaluation",895,0.3,2136638679,8895
"evaluation",896,0.3,1767710604,8896
"evaluation",897,0.3,1051695638,8897
"evaluation",898,0.3,156793282,8898
"evaluation",899,0.3,1936791003,8899
"evaluation",900,0.3,551775750,8900
"evaluation",901,0.3,1346421978,8901
"evaluation",902,0.3,1994822992,8902
"evaluation",903,0.3,1464042912,8903
"evaluation",904,0.3,1131894652,8904
"evaluation",905,0.3,1077608026,8905
"evaluation",906,0.3,1758031103,8906
"evaluation",907,0.3,723072117,8907
"evaluation",908,0.3,1223859802,8908
"evaluation",909,0.3,998892991,8909
"evaluation",910,0.3,161887698,8910
"evaluation",911,0.3,1783574435,8911
"evaluation",912,0.3,1612436090,8912
"evaluation",913,0.3,452329325,8913
"evaluation",914,0.3,1175980870,8914
"evaluation",915,0.3,642098874,8915
"evaluation",916,0.3,1731691279,8916
"evaluation",917,0.3,528703773,8917
"evaluation",918,0.3,1555480187,8918
"evaluation",919,0.3,56724796,8919
"evaluation",920,0.3,1531893131,8920
"evaluation",921,0.3,1691925171,8921
"evaluation",922,0.3,1129023449,8922
"evaluation",923,0.3,899146118,8923
"evaluation",924,0.3,1914636808,8924
"evaluation",925,0.3,281130466,8925
"evaluation",926,0.3,1573107758,8926
"evaluation",927,0.3,543860212,8927
"evaluation",928,0.3,1696016854,8928
"evaluation",929,0.3,1299502047,8929
"evaluation",930,0.3,381958855,8930
"evaluation",931,0.3,1702536459,8931
"evaluation",932,0.3,746345361,8932
"evaluation",933,0.3,562416071,8933
"evaluation",934,0.3,415185703,8934
"evaluation",935,0.3,1418696456,8935
"evaluation",936,0.3,952707333,8936
"evaluation",937,0.3,175574704,8937
"evaluation",938,0.3,1520277115,8938
"evaluation",939,0.3,1152638620,8939
"evaluation",940,0.3,240326980,8940
"evaluation",941,0.3,1121737997,8941
"evaluation",942,0.3,1908285521,8942
"evaluation",943,0.3,1247339950,8943
"evaluation",944,0.3,105180748,8944
"evaluation",945,0.3,888457187,8945
"evaluation",946,0.3,47964311,8946
"evaluation",947,0.3,2117847089,8947
"evaluation",948,0.3,1450197324,8948
"evaluation",949,0.3,888717089,8949
"evaluation",950,0.3,1057332239,8950
"evaluation",951,0.3,1738843437,8951
"evaluation",952,0.3,501720220,8952
"evaluation",953,0.3,1721079076,8953
"evaluation",954,0.3,2004091465,8954
"evaluation",955,0.3,2081024959,8955
"evaluation",956,0.3,35097034,8956
"evaluation",957,0.3,112902017,8957
"evaluation",958,0.3,1294463551,8958
"evaluation",959,0.3,1006887515,8959
"evaluation",960,0.3,856639971,8960
"evaluation",961,0.3,443028181,8961
"evaluation",962,0.3,874313832,8962
"evaluation",963,0.3,1422715366,8963
"evaluation",964,0.3,1199752316,8964
"evaluation",965,0.3,1866519752,8965
"evaluation",966,0.3,2042770147,8966
"evaluation",967,0.3,1163235715,8967
"evaluation",968,0.3,1816206337,8968
"evaluation",969,0.3,784521675,8969
"evaluation",970,0.3,669596914,8970
"evaluation",971,0.3,706879117,8971
"evaluation",972,0.3,725855882,8972
"evaluation",973,0.3,260403858,8973
"evaluation",974,0.3,472367446,8974
"evaluation",975,0.3,1813295924,8975
"evaluation",976,0.3,1533368657,8976
"evaluation",977,0.3,329157616,8977
"evaluation",978,0.3,346583968,8978
"evaluation",979,0.3,1685237791,8979
"evaluation",980,0.3,820287326,8980
"evaluation",981,0.3,949020460,8981
"evaluation",982,0.3,221609221,8982
"evaluation",983,0.3,343663783,8983
"evaluation",984,0.3,31428847,8984
"evaluation",985,0.3,1304072529,8985
"evaluation",986,0.3,822129849,8986
"evaluation",987,0.3,1056897327,8987
"evaluation",988,0.3,1735156168,8988
"evaluation",989,0.3,1629908980,8989
"evaluation",990,0.3,261481393,8990
"evaluation",991,0.3,189189809,8991
"evaluation",992,0.3,1816937552,8992
"evaluation",993,0.3,764318822,8993
"evaluation",994,0.3,263487628,8994
"evaluation",995,0.3,2015651984,8995
"evaluation",996,0.3,832359962,8996
"evaluation",997,0.3,1419490168,8997
"evaluation",998,0.3,337319700,8998
"evaluation",999,0.3,1524389610,8999
"evaluation",1000,0.3,1521427732,9000
"evaluation",1,0.4,826563381,9001
"evaluation",2,0.4,1336855980,9002
"evaluation",3,0.4,1322134873,9003
"evaluation",4,0.4,599473056,9004
"evaluation",5,0.4,1807177425,9005
"evaluation",6,0.4,383893861,9006
"evaluation",7,0.4,393618464,9007
"evaluation",8,0.4,1841261852,9008
"evaluation",9,0.4,1334195391,9009
"evaluation",10,0.4,764191100,9010
"evaluation",11,0.4,1304242946,9011
"evaluation",12,0.4,1595807720,9012
"evaluation",13,0.4,1094261001,9013
"evaluation",14,0.4,1331767050,9014
"evaluation",15,0.4,1497216317,9015
"evaluation",16,0.4,180512323,9016
"evaluation",17,0.4,346526431,9017
"evaluation",18,0.4,624335840,9018
"evaluation",19,0.4,151392645,9019
"evaluation",20,0.4,1211393502,9020
"evaluation",21,0.4,1460732374,9021
"evaluation",22,0.4,1442993383,9022
"evaluation",23,0.4,1027784954,9023
"evaluation",24,0.4,1426280241,9024
"evaluation",25,0.4,1443259119,9025
"evaluation",26,0.4,177311999,9026
"evaluation",27,0.4,1601275492,9027
"evaluation",28,0.4,372418452,9028
"evaluation",29,0.4,1602192600,9029
"evaluation",30,0.4,431994095,9030
"evaluation",31,0.4,2078432238,9031
"evaluation",32,0.4,1729431924,9032
"evaluation",33,0.4,73013375,9033
"evaluation",34,0.4,1804405355,9034
"evaluation",35,0.4,2010425650,9035
"evaluation",36,0.4,198679055,9036
"evaluation",37,0.4,448545080,9037
"evaluation",38,0.4,1994616450,9038
"evaluation",39,0.4,955328910,9039
"evaluation",40,0.4,681211993,9040
"evaluation",41,0.4,1605639035,9041
"evaluation",42,0.4,794436080,9042
"evaluation",43,0.4,234052556,9043
"evaluation",44,0.4,1258194067,9044
"evaluation",45,0.4,836968449,9045
"evaluation",46,0.4,925289503,9046
"evaluation",47,0.4,1295230063,9047
"evaluation",48,0.4,2126951701,9048
"evaluation",49,0.4,1984029554,9049
"evaluation",50,0.4,1492596231,9050
"evaluation",51,0.4,675154487,9051
"evaluation",52,0.4,74715611,9052
"evaluation",53,0.4,164195370,9053
"evaluation",54,0.4,1783709794,9054
"evaluation",55,0.4,367904244,9055
"evaluation",56,0.4,428289681,9056
"evaluation",57,0.4,1249994966,9057
"evaluation",58,0.4,330594958,9058
"evaluation",59,0.4,141602482,9059
"evaluation",60,0.4,1898381410,9060
"evaluation",61,0.4,1863912083,9061
"evaluation",62,0.4,74314218,9062
"evaluation",63,0.4,1220070936,9063
"evaluation",64,0.4,1635396086,9064
"evaluation",65,0.4,583860458,9065
"evaluation",66,0.4,250065221,9066
"evaluation",67,0.4,1156398158,9067
"evaluation",68,0.4,1090091156,9068
"evaluation",69,0.4,1186016583,9069
"evaluation",70,0.4,311141511,9070
"evaluation",71,0.4,1427029285,9071
"evaluation",72,0.4,1632133545,9072
"evaluation",73,0.4,1534571313,9073
"evaluation",74,0.4,99694024,9074
"evaluation",75,0.4,1260378121,9075
"evaluation",76,0.4,1310072890,9076
"evaluation",77,0.4,305300037,9077
"evaluation",78,0.4,1462620128,9078
"evaluation",79,0.4,593638985,9079
"evaluation",80,0.4,228135925,9080
"evaluation",81,0.4,1947909417,9081
"evaluation",82,0.4,289512578,9082
"evaluation",83,0.4,1852103944,9083
"evaluation",84,0.4,384541625,9084
"evaluation",85,0.4,242608642,9085
"evaluation",86,0.4,1685700048,9086
"evaluation",87,0.4,740915381,9087
"evaluation",88,0.4,1878859914,9088
"evaluation",89,0.4,621457050,9089
"evaluation",90,0.4,1644664168,9090
"evaluation",91,0.4,22001538,9091
"evaluation",92,0.4,899244104,9092
"evaluation",93,0.4,555043576,9093
"evaluation",94,0.4,1447697635,9094
"evaluation",95,0.4,1442902937,9095
"evaluation",96,0.4,64949960,9096
"evaluation",97,0.4,1699404939,9097
"evaluation",98,0.4,1354472924,9098
"evaluation",99,0.4,1198195447,9099
"evaluation",100,0.4,708959325,9100
"evaluation",101,0.4,579345794,9101
"evaluation",102,0.4,1992934595,9102
"evaluation",103,0.4,122364483,9103
"evaluation",104,0.4,1502129563,9104
"evaluation",105,0.4,1186097452,9105
"evaluation",106,0.4,2125739043,9106
"evaluation",107,0.4,474722812,9107
"evaluation",108,0.4,486563980,9108
"evaluation",109,0.4,1183916823,9109
"evaluation",110,0.4,63584172,9110
"evaluation",111,0.4,1148939914,9111
"evaluation",112,0.4,1215263737,9112
"evaluation",113,0.4,1383049155,9113
"evaluation",114,0.4,385181034,9114
"evaluation",115,0.4,826141475,9115
"evaluation",116,0.4,1563961799,9116
"evaluation",117,0.4,1847638479,9117
"evaluation",118,0.4,147946326,9118
"evaluation",119,0.4,2126014389,9119
"evaluation",120,0.4,1832438988,9120
"evaluation",121,0.4,1703651342,9121
"evaluation",122,0.4,1256932424,9122
"evaluation",123,0.4,121496006,9123
"evaluation",124,0.4,419787290,9124
"evaluation",125,0.4,2140312160,9125
"evaluation",126,0.4,1770232724,9126
"evaluation",127,0.4,2100796241,9127
"evaluation",128,0.4,2107431961,9128
"evaluation",129,0.4,57139484,9129
"evaluation",130,0.4,1577490920,9130
"evaluation",131,0.4,370724655,9131
"evaluation",132,0.4,1215005677,9132
"evaluation",133,0.4,1170314989,9133
"evaluation",134,0.4,1367171865,9134
"evaluation",135,0.4,874486456,9135
"evaluation",136,0.4,293479172,9136
"evaluation",137,0.4,390492444,9137
"evaluation",138,0.4,1128629103,9138
"evaluation",139,0.4,303511475,9139
"evaluation",140,0.4,1966435775,9140
"evaluation",141,0.4,1621521697,9141
"evaluation",142,0.4,160420227,9142
"evaluation",143,0.4,464035858,9143
"evaluation",144,0.4,20820209,9144
"evaluation",145,0.4,1385407486,9145
"evaluation",146,0.4,1704964677,9146
"evaluation",147,0.4,316071338,9147
"evaluation",148,0.4,1922533071,9148
"evaluation",149,0.4,871650716,9149
"evaluation",150,0.4,1457786964,9150
"evaluation",151,0.4,206129316,9151
"evaluation",152,0.4,1310922607,9152
"evaluation",153,0.4,1833201980,9153
"evaluation",154,0.4,1974452972,9154
"evaluation",155,0.4,808483623,9155
"evaluation",156,0.4,1828392992,9156
"evaluation",157,0.4,1897647388,9157
"evaluation",158,0.4,192680943,9158
"evaluation",159,0.4,1170208347,9159
"evaluation",160,0.4,770056173,9160
"evaluation",161,0.4,880454956,9161
"evaluation",162,0.4,2071597192,9162
"evaluation",163,0.4,812957883,9163
"evaluation",164,0.4,1868803405,9164
"evaluation",165,0.4,1517424492,9165
"evaluation",166,0.4,909575466,9166
"evaluation",167,0.4,283653515,9167
"evaluation",168,0.4,2105916909,9168
"evaluation",169,0.4,494402492,9169
"evaluation",170,0.4,104472492,9170
"evaluation",171,0.4,538260602,9171
"evaluation",172,0.4,734172191,9172
"evaluation",173,0.4,1982760497,9173
"evaluation",174,0.4,567487897,9174
"evaluation",175,0.4,563711330,9175
"evaluation",176,0.4,1341797968,9176
"evaluation",177,0.4,1016871354,9177
"evaluation",178,0.4,2066214938,9178
"evaluation",179,0.4,1121049314,9179
"evaluation",180,0.4,450603882,9180
"evaluation",181,0.4,141216941,9181
"evaluation",182,0.4,1404685776,9182
"evaluation",183,0.4,1807131902,9183
"evaluation",184,0.4,1130160072,9184
"evaluation",185,0.4,1619769314,9185
"evaluation",186,0.4,1630556762,9186
"evaluation",187,0.4,638269908,9187
"evaluation",188,0.4,816064541,9188
"evaluation",189,0.4,1954572302,9189
"evaluation",190,0.4,749106385,9190
"evaluation",191,0.4,838562890,9191
"evaluation",192,0.4,144480815,9192
"evaluation",193,0.4,706908806,9193
"evaluation",194,0.4,1953601871,9194
"evaluation",195,0.4,1587922635,9195
"evaluation",196,0.4,2126156979,9196
"evaluation",197,0.4,537550821,9197
"evaluation",198,0.4,1307128802,9198
"evaluation",199,0.4,946171699,9199
"evaluation",200,0.4,1273946923,9200
"evaluation",201,0.4,724891043,9201
"evaluation",202,0.4,1011699746,9202
"evaluation",203,0.4,453141947,9203
"evaluation",204,0.4,1419879698,9204
"evaluation",205,0.4,1647836627,9205
"evaluation",206,0.4,1755999144,9206
"evaluation",207,0.4,2075305783,9207
"evaluation",208,0.4,1431911166,9208
"evaluation",209,0.4,1700387602,9209
"evaluation",210,0.4,690392938,9210
"evaluation",211,0.4,67490638,9211
"evaluation",212,0.4,1834956164,9212
"evaluation",213,0.4,993143749,9213
"evaluation",214,0.4,887640705,9214
"evaluation",215,0.4,1580131184,9215
"evaluation",216,0.4,1191691807,9216
"evaluation",217,0.4,620135209,9217
"evaluation",218,0.4,651286488,9218
"evaluation",219,0.4,313756225,9219
"evaluation",220,0.4,1553534182,9220
"evaluation",221,0.4,446127800,9221
"evaluation",222,0.4,781236914,9222
"evaluation",223,0.4,114111298,9223
"evaluation",224,0.4,1006345227,9224
"evaluation",225,0.4,501678368,9225
"evaluation",226,0.4,296286645,9226
"evaluation",227,0.4,1924351563,9227
"evaluation",228,0.4,1644151386,9228
"evaluation",229,0.4,724550783,9229
"evaluation",230,0.4,1625585601,9230
"evaluation",231,0.4,1133387839,9231
"evaluation",232,0.4,1804178101,9232
"evaluation",233,0.4,610183930,9233
"evaluation",234,0.4,883540710,9234
"evaluation",235,0.4,762442063,9235
"evaluation",236,0.4,1923118425,9236
"evaluation",237,0.4,899485813,9237
"evaluation",238,0.4,1472005459,9238
"evaluation",239,0.4,1517779906,9239
"evaluation",240,0.4,1730592567,9240
"evaluation",241,0.4,165719252,9241
"evaluation",242,0.4,1596171686,9242
"evaluation",243,0.4,312823048,9243
"evaluation",244,0.4,1585882737,9244
"evaluation",245,0.4,158526208,9245
"evaluation",246,0.4,281369834,9246
"evaluation",247,0.4,203183853,9247
"evaluation",248,0.4,1195366143,9248
"evaluation",249,0.4,153395163,9249
"evaluation",250,0.4,328519084,9250
"evaluation",251,0.4,268559124,9251
"evaluation",252,0.4,1412972572,9252
"evaluation",253,0.4,78221391,9253
"evaluation",254,0.4,1375037061,9254
"evaluation",255,0.4,432180944,9255
"evaluation",256,0.4,1047179796,9256
"evaluation",257,0.4,1858860548,9257
"evaluation",258,0.4,2013179655,9258
"evaluation",259,0.4,218068842,9259
"evaluation",260,0.4,990772439,9260
"evaluation",261,0.4,860076012,9261
"evaluation",262,0.4,1077450427,9262
"evaluation",263,0.4,1581713970,9263
"evaluation",264,0.4,462915453,9264
"evaluation",265,0.4,1747810946,9265
"evaluation",266,0.4,507738866,9266
"evaluation",267,0.4,120007927,9267
"evaluation",268,0.4,334363351,9268
"evaluation",269,0.4,1449107375,9269
"evaluation",270,0.4,1891979013,9270
"evaluation",271,0.4,365281787,9271
"evaluation",272,0.4,1493429553,9272
"evaluation",273,0.4,1417174882,9273
"evaluation",274,0.4,359530852,9274
"evaluation",275,0.4,934548759,9275
"evaluation",276,0.4,75987525,9276
"evaluation",277,0.4,209636222,9277
"evaluation",278,0.4,1418394063,9278
"evaluation",279,0.4,1983987833,9279
"evaluation",280,0.4,571577815,9280
"evaluation",281,0.4,2062646575,9281
"evaluation",282,0.4,1430997048,9282
"evaluation",283,0.4,475353543,9283
"evaluation",284,0.4,160749427,9284
"evaluation",285,0.4,1416051557,9285
"evaluation",286,0.4,1443251126,9286
"evaluation",287,0.4,1946158697,9287
"evaluation",288,0.4,539880385,9288
"evaluation",289,0.4,1935986714,9289
"evaluation",290,0.4,958985919,9290
"evaluation",291,0.4,65231671,9291
"evaluation",292,0.4,2002063071,9292
"evaluation",293,0.4,1019994883,9293
"evaluation",294,0.4,533311939,9294
"evaluation",295,0.4,1436858359,9295
"evaluation",296,0.4,755859985,9296
"evaluation",297,0.4,154485163,9297
"evaluation",298,0.4,408361384,9298
"evaluation",299,0.4,1963489461,9299
"evaluation",300,0.4,1500060422,9300
"evaluation",301,0.4,1121835982,9301
"evaluation",302,0.4,1398009627,9302
"evaluation",303,0.4,489052768,9303
"evaluation",304,0.4,450365503,9304
"evaluation",305,0.4,1294149785,9305
"evaluation",306,0.4,151151767,9306
"evaluation",307,0.4,1807226552,9307
"evaluation",308,0.4,693651816,9308
"evaluation",309,0.4,1249041382,9309
"evaluation",310,0.4,1735652588,9310
"evaluation",311,0.4,833880126,9311
"evaluation",312,0.4,1584635373,9312
"evaluation",313,0.4,2069971313,9313
"evaluation",314,0.4,1053679816,9314
"evaluation",315,0.4,1255174947,9315
"evaluation",316,0.4,483297605,9316
"evaluation",317,0.4,405559377,9317
"evaluation",318,0.4,101355878,9318
"evaluation",319,0.4,315167206,9319
"evaluation",320,0.4,1084879199,9320
"evaluation",321,0.4,1621284587,9321
"evaluation",322,0.4,762131266,9322
"evaluation",323,0.4,1394714143,9323
"evaluation",324,0.4,1499661545,9324
"evaluation",325,0.4,1804731632,9325
"evaluation",326,0.4,530378911,9326
"evaluation",327,0.4,2066904562,9327
"evaluation",328,0.4,890084173,9328
"evaluation",329,0.4,757716778,9329
"evaluation",330,0.4,2011448944,9330
"evaluation",331,0.4,168362396,9331
"evaluation",332,0.4,1508112814,9332
"evaluation",333,0.4,1662722248,9333
"evaluation",334,0.4,1123635928,9334
"evaluation",335,0.4,2058164543,9335
"evaluation",336,0.4,473374785,9336
"evaluation",337,0.4,916632756,9337
"evaluation",338,0.4,747341494,9338
"evaluation",339,0.4,830103156,9339
"evaluation",340,0.4,1856555675,9340
"evaluation",341,0.4,1630933042,9341
"evaluation",342,0.4,1482917099,9342
"evaluation",343,0.4,985347041,9343
"evaluation",344,0.4,1440229536,9344
"evaluation",345,0.4,48840240,9345
"evaluation",346,0.4,2102333551,9346
"evaluation",347,0.4,1521671017,9347
"evaluation",348,0.4,247085482,9348
"evaluation",349,0.4,1012204102,9349
"evaluation",350,0.4,2042860438,9350
"evaluation",351,0.4,770360976,9351
"evaluation",352,0.4,114668443,9352
"evaluation",353,0.4,740496401,9353
"evaluation",354,0.4,227987872,9354
"evaluation",355,0.4,1201101442,9355
"evaluation",356,0.4,1019615301,9356
"evaluation",357,0.4,736151598,9357
"evaluation",358,0.4,1852749049,9358
"evaluation",359,0.4,238778681,9359
"evaluation",360,0.4,1529285271,9360
"evaluation",361,0.4,1582299181,9361
"evaluation",362,0.4,525200837,9362
"evaluation",363,0.4,195092528,9363
"evaluation",364,0.4,1267703239,9364
"evaluation",365,0.4,907956233,9365
"evaluation",366,0.4,1423352286,9366
"evaluation",367,0.4,1987314459,9367
"evaluation",368,0.4,357115492,9368
"evaluation",369,0.4,1676847929,9369
"evaluation",370,0.4,1587633779,9370
"evaluation",371,0.4,1233637327,9371
"evaluation",372,0.4,1106100059,9372
"evaluation",373,0.4,542694051,9373
"evaluation",374,0.4,331766187,9374
"evaluation",375,0.4,2107576458,9375
"evaluation",376,0.4,807528658,9376
"evaluation",377,0.4,2069719646,9377
"evaluation",378,0.4,204984782,9378
"evaluation",379,0.4,467801329,9379
"evaluation",380,0.4,2099077677,9380
"evaluation",381,0.4,650100589,9381
"evaluation",382,0.4,492581688,9382
"evaluation",383,0.4,685925677,9383
"evaluation",384,0.4,419272853,9384
"evaluation",385,0.4,2049684941,9385
"evaluation",386,0.4,992850533,9386
"evaluation",387,0.4,1426149049,9387
"evaluation",388,0.4,1399207174,9388
"evaluation",389,0.4,667827240,9389
"evaluation",390,0.4,1422578648,9390
"evaluation",391,0.4,989625087,9391
"evaluation",392,0.4,1177715474,9392
"evaluation",393,0.4,77829543,9393
"evaluation",394,0.4,1323167382,9394
"evaluation",395,0.4,249823388,9395
"evaluation",396,0.4,1366689116,9396
"evaluation",397,0.4,874195940,9397
"evaluation",398,0.4,1043424602,9398
"evaluation",399,0.4,766070233,9399
"evaluation",400,0.4,1846190001,9400
"evaluation",401,0.4,2015611160,9401
"evaluation",402,0.4,1256056814,9402
"evaluation",403,0.4,1328968892,9403
"evaluation",404,0.4,1731666072,9404
"evaluation",405,0.4,685784136,9405
"evaluation",406,0.4,1544215971,9406
"evaluation",407,0.4,579607118,9407
"evaluation",408,0.4,1795579534,9408
"evaluation",409,0.4,2052613202,9409
"evaluation",410,0.4,1246470737,9410
"evaluation",411,0.4,1635086426,9411
"evaluation",412,0.4,1273762866,9412
"evaluation",413,0.4,937544650,9413
"evaluation",414,0.4,341579990,9414
"evaluation",415,0.4,1521545368,9415
"evaluation",416,0.4,1695932100,9416
"evaluation",417,0.4,2011168963,9417
"evaluation",418,0.4,289523793,9418
"evaluation",419,0.4,374197201,9419
"evaluation",420,0.4,731511298,9420
"evaluation",421,0.4,1929259429,9421
"evaluation",422,0.4,1598776650,9422
"evaluation",423,0.4,1837881209,9423
"evaluation",424,0.4,1909199727,9424
"evaluation",425,0.4,106330204,9425
"evaluation",426,0.4,887829045,9426
"evaluation",427,0.4,1126557007,9427
"evaluation",428,0.4,135358067,9428
"evaluation",429,0.4,1123298735,9429
"evaluation",430,0.4,581900590,9430
"evaluation",431,0.4,1145117544,9431
"evaluation",432,0.4,718842787,9432
"evaluation",433,0.4,484409396,9433
"evaluation",434,0.4,241939856,9434
"evaluation",435,0.4,917482372,9435
"evaluation",436,0.4,1624408749,9436
"evaluation",437,0.4,1515518180,9437
"evaluation",438,0.4,1305757377,9438
"evaluation",439,0.4,680973984,9439
"evaluation",440,0.4,1766670227,9440
"evaluation",441,0.4,1550662816,9441
"evaluation",442,0.4,611949481,9442
"evaluation",443,0.4,332543631,9443
"evaluation",444,0.4,2070269659,9444
"evaluation",445,0.4,894333705,9445
"evaluation",446,0.4,2069132864,9446
"evaluation",447,0.4,521932483,9447
"evaluation",448,0.4,824368905,9448
"evaluation",449,0.4,723472505,9449
"evaluation",450,0.4,2021817294,9450
"evaluation",451,0.4,199154002,9451
"evaluation",452,0.4,1504460298,9452
"evaluation",453,0.4,2114013312,9453
"evaluation",454,0.4,2095860352,9454
"evaluation",455,0.4,1128919204,9455
"evaluation",456,0.4,740470957,9456
"evaluation",457,0.4,836518119,9457
"evaluation",458,0.4,595139879,9458
"evaluation",459,0.4,511604660,9459
"evaluation",460,0.4,350823582,9460
"evaluation",461,0.4,106128270,9461
"evaluation",462,0.4,1755864588,9462
"evaluation",463,0.4,916967322,9463
"evaluation",464,0.4,1747209141,9464
"evaluation",465,0.4,1662362818,9465
"evaluation",466,0.4,1330595685,9466
"evaluation",467,0.4,1334172537,9467
"evaluation",468,0.4,1405748972,9468
"evaluation",469,0.4,683910660,9469
"evaluation",470,0.4,523947982,9470
"evaluation",471,0.4,450720476,9471
"evaluation",472,0.4,1968425333,9472
"evaluation",473,0.4,757513262,9473
"evaluation",474,0.4,1326189291,9474
"evaluation",475,0.4,2142797562,9475
"evaluation",476,0.4,1523901154,9476
"evaluation",477,0.4,1780938204,9477
"evaluation",478,0.4,215946968,9478
"evaluation",479,0.4,659815296,9479
"evaluation",480,0.4,1764643909,9480
"evaluation",481,0.4,1983789619,9481
"evaluation",482,0.4,787413484,9482
"evaluation",483,0.4,1987498643,9483
"evaluation",484,0.4,628719798,9484
"evaluation",485,0.4,604383945,9485
"evaluation",486,0.4,1856264041,9486
"evaluation",487,0.4,1170583694,9487
"evaluation",488,0.4,384807738,9488
"evaluation",489,0.4,798768802,9489
"evaluation",490,0.4,618673626,9490
"evaluation",491,0.4,820779368,9491
"evaluation",492,0.4,48994308,9492
"evaluation",493,0.4,1961012427,9493
"evaluation",494,0.4,1122646402,9494
"evaluation",495,0.4,1256750358,9495
"evaluation",496,0.4,985843581,9496
"evaluation",497,0.4,874836125,9497
"evaluation",498,0.4,1093219979,9498
"evaluation",499,0.4,1653014765,9499
"evaluation",500,0.4,1543083152,9500
"evaluation",501,0.4,1127979549,9501
"evaluation",502,0.4,888353151,9502
"evaluation",503,0.4,532856538,9503
"evaluation",504,0.4,1514204933,9504
"evaluation",505,0.4,734833054,9505
"evaluation",506,0.4,388683033,9506
"evaluation",507,0.4,950979255,9507
"evaluation",508,0.4,1206789631,9508
"evaluation",509,0.4,1952339802,9509
"evaluation",510,0.4,1263918540,9510
"evaluation",511,0.4,1064879083,9511
"evaluation",512,0.4,1661086579,9512
"evaluation",513,0.4,1243335354,9513
"evaluation",514,0.4,108225856,9514
"evaluation",515,0.4,1944437850,9515
"evaluation",516,0.4,1547521833,9516
"evaluation",517,0.4,294173218,9517
"evaluation",518,0.4,1905316329,9518
"evaluation",519,0.4,329892419,9519
"evaluation",520,0.4,61618017,9520
"evaluation",521,0.4,1662111554,9521
"evaluation",522,0.4,1436092490,9522
"evaluation",523,0.4,646525991,9523
"evaluation",524,0.4,1564363956,9524
"evaluation",525,0.4,1510370916,9525
"evaluation",526,0.4,1525993768,9526
"evaluation",527,0.4,574124568,9527
"evaluation",528,0.4,783190742,9528
"evaluation",529,0.4,879263563,9529
"evaluation",530,0.4,898583405,9530
"evaluation",531,0.4,1274602729,9531
"evaluation",532,0.4,1097436006,9532
"evaluation",533,0.4,2116833052,9533
"evaluation",534,0.4,882144036,9534
"evaluation",535,0.4,782521983,9535
"evaluation",536,0.4,1287152813,9536
"evaluation",537,0.4,1398707243,9537
"evaluation",538,0.4,15568640,9538
"evaluation",539,0.4,1248766888,9539
"evaluation",540,0.4,1326096214,9540
"evaluation",541,0.4,1590392408,9541
"evaluation",542,0.4,1555260267,9542
"evaluation",543,0.4,1985670160,9543
"evaluation",544,0.4,1996901483,9544
"evaluation",545,0.4,889884969,9545
"evaluation",546,0.4,706956931,9546
"evaluation",547,0.4,1985162890,9547
"evaluation",548,0.4,834979766,9548
"evaluation",549,0.4,1414607322,9549
"evaluation",550,0.4,1955614676,9550
"evaluation",551,0.4,1923572185,9551
"evaluation",552,0.4,1547203490,9552
"evaluation",553,0.4,1432743039,9553
"evaluation",554,0.4,1801489562,9554
"evaluation",555,0.4,98080601,9555
"evaluation",556,0.4,2035563640,9556
"evaluation",557,0.4,357163635,9557
"evaluation",558,0.4,447415921,9558
"evaluation",559,0.4,279869973,9559
"evaluation",560,0.4,31420064,9560
"evaluation",561,0.4,878224308,9561
"evaluation",562,0.4,1649596331,9562
"evaluation",563,0.4,1152235961,9563
"evaluation",564,0.4,1109546680,9564
"evaluation",565,0.4,1428773974,9565
"evaluation",566,0.4,618251966,9566
"evaluation",567,0.4,297475758,9567
"evaluation",568,0.4,175691250,9568
"evaluation",569,0.4,1155509604,9569
"evaluation",570,0.4,123297145,9570
"evaluation",571,0.4,838021379,9571
"evaluation",572,0.4,1315089875,9572
"evaluation",573,0.4,288087031,9573
"evaluation",574,0.4,1011758762,9574
"evaluation",575,0.4,238189105,9575
"evaluation",576,0.4,1319230490,9576
"evaluation",577,0.4,1217602007,9577
"evaluation",578,0.4,1580872441,9578
"evaluation",579,0.4,313725782,9579
"evaluation",580,0.4,1870824705,9580
"evaluation",581,0.4,1060572306,9581
"evaluation",582,0.4,693301932,9582
"evaluation",583,0.4,473182024,9583
"evaluation",584,0.4,286295735,9584
"evaluation",585,0.4,26165867,9585
"evaluation",586,0.4,340508694,9586
"evaluation",587,0.4,1799521422,9587
"evaluation",588,0.4,1470146563,9588
"evaluation",589,0.4,1312433740,9589
"evaluation",590,0.4,1874987770,9590
"evaluation",591,0.4,359357665,9591
"evaluation",592,0.4,138252673,9592
"evaluation",593,0.4,1724789670,9593
"evaluation",594,0.4,1316363905,9594
"evaluation",595,0.4,540373818,9595
"evaluation",596,0.4,1666490935,9596
"evaluation",597,0.4,1745835042,9597
"evaluation",598,0.4,642680202,9598
"evaluation",599,0.4,1631644416,9599
"evaluation",600,0.4,1937498651,9600
"evaluation",601,0.4,19524497,9601
"evaluation",602,0.4,681679266,9602
"evaluation",603,0.4,1592187697,9603
"evaluation",604,0.4,404905637,9604
"evaluation",605,0.4,590068749,9605
"evaluation",606,0.4,92093823,9606
"evaluation",607,0.4,423019425,9607
"evaluation",608,0.4,64320918,9608
"evaluation",609,0.4,1176076688,9609
"evaluation",610,0.4,669133965,9610
"evaluation",611,0.4,932983924,9611
"evaluation",612,0.4,31850248,9612
"evaluation",613,0.4,1184692181,9613
"evaluation",614,0.4,1640577374,9614
"evaluation",615,0.4,1873073449,9615
"evaluation",616,0.4,542392232,9616
"evaluation",617,0.4,974363470,9617
"evaluation",618,0.4,726183590,9618
"evaluation",619,0.4,820555431,9619
"evaluation",620,0.4,847422427,9620
"evaluation",621,0.4,1234654477,9621
"evaluation",622,0.4,599270938,9622
"evaluation",623,0.4,626865678,9623
"evaluation",624,0.4,1244775264,9624
"evaluation",625,0.4,2113227376,9625
"evaluation",626,0.4,736447913,9626
"evaluation",627,0.4,42687265,9627
"evaluation",628,0.4,1037097781,9628
"evaluation",629,0.4,1737163113,9629
"evaluation",630,0.4,408306797,9630
"evaluation",631,0.4,146229090,9631
"evaluation",632,0.4,2015566194,9632
"evaluation",633,0.4,909091020,9633
"evaluation",634,0.4,478082086,9634
"evaluation",635,0.4,1165849425,9635
"evaluation",636,0.4,1255633015,9636
"evaluation",637,0.4,253908929,9637
"evaluation",638,0.4,1260761345,9638
"evaluation",639,0.4,688771695,9639
"evaluation",640,0.4,520055781,9640
"evaluation",641,0.4,1384818081,9641
"evaluation",642,0.4,2090597424,9642
"evaluation",643,0.4,151176615,9643
"evaluation",644,0.4,1260294895,9644
"evaluation",645,0.4,860358738,9645
"evaluation",646,0.4,1560530013,9646
"evaluation",647,0.4,1701475416,9647
"evaluation",648,0.4,1681456381,9648
"evaluation",649,0.4,1808390295,9649
"evaluation",650,0.4,1691549483,9650
"evaluation",651,0.4,336318250,9651
"evaluation",652,0.4,955168893,9652
"evaluation",653,0.4,437810822,9653
"evaluation",654,0.4,436313567,9654
"evaluation",655,0.4,784633381,9655
"evaluation",656,0.4,1518829913,9656
"evaluation",657,0.4,214630613,9657
"evaluation",658,0.4,161781731,9658
"evaluation",659,0.4,1625555327,9659
"evaluation",660,0.4,661452966,9660
"evaluation",661,0.4,750241402,9661
"evaluation",662,0.4,1184439799,9662
"evaluation",663,0.4,1576204354,9663
"evaluation",664,0.4,275078569,9664
"evaluation",665,0.4,413980608,9665
"evaluation",666,0.4,1788065503,9666
"evaluation",667,0.4,383143153,9667
"evaluation",668,0.4,1551533425,9668
"evaluation",669,0.4,367601793,9669
"evaluation",670,0.4,338946985,9670
"evaluation",671,0.4,1528060044,9671
"evaluation",672,0.4,1850323739,9672
"evaluation",673,0.4,1904849379,9673
"evaluation",674,0.4,707030218,9674
"evaluation",675,0.4,2027234675,9675
"evaluation",676,0.4,1562008885,9676
"evaluation",677,0.4,637552648,9677
"evaluation",678,0.4,1245481622,9678
"evaluation",679,0.4,1755896916,9679
"evaluation",680,0.4,1044975394,9680
"evaluation",681,0.4,402784756,9681
"evaluation",682,0.4,230667283,9682
"evaluation",683,0.4,1548878565,9683
"evaluation",684,0.4,1659072147,9684
"evaluation",685,0.4,1823219320,9685
"evaluation",686,0.4,655224105,9686
"evaluation",687,0.4,2102373440,9687
"evaluation",688,0.4,1617319344,9688
"evaluation",689,0.4,755048974,9689
"evaluation",690,0.4,1377909570,9690
"evaluation",691,0.4,466591248,9691
"evaluation",692,0.4,2127046979,9692
"evaluation",693,0.4,1421716707,9693
"evaluation",694,0.4,2002127620,9694
"evaluation",695,0.4,1450644984,9695
"evaluation",696,0.4,1280279103,9696
"evaluation",697,0.4,1166078283,9697
"evaluation",698,0.4,180002671,9698
"evaluation",699,0.4,199499535,9699
"evaluation",700,0.4,100591257,9700
"evaluation",701,0.4,1307368878,9701
"evaluation",702,0.4,698936839,9702
"evaluation",703,0.4,2101217588,9703
"evaluation",704,0.4,1555102558,9704
"evaluation",705,0.4,860611991,9705
"evaluation",706,0.4,23861913,9706
"evaluation",707,0.4,1034714479,9707
"evaluation",708,0.4,705484244,9708
"evaluation",709,0.4,421154144,9709
"evaluation",710,0.4,536485850,9710
"evaluation",711,0.4,446354626,9711
"evaluation",712,0.4,108870194,9712
"evaluation",713,0.4,1921333629,9713
"evaluation",714,0.4,686869000,9714
"evaluation",715,0.4,1784874352,9715
"evaluation",716,0.4,139108657,9716
"evaluation",717,0.4,1917208574,9717
"evaluation",718,0.4,1898619688,9718
"evaluation",719,0.4,1522398751,9719
"evaluation",720,0.4,1926515019,9720
"evaluation",721,0.4,517027104,9721
"evaluation",722,0.4,793049184,9722
"evaluation",723,0.4,962044829,9723
"evaluation",724,0.4,930556429,9724
"evaluation",725,0.4,2072384323,9725
"evaluation",726,0.4,653185338,9726
"evaluation",727,0.4,1199650749,9727
"evaluation",728,0.4,1198537380,9728
"evaluation",729,0.4,400628664,9729
"evaluation",730,0.4,96222447,9730
"evaluation",731,0.4,1193007602,9731
"evaluation",732,0.4,941864885,9732
"evaluation",733,0.4,592075483,9733
"evaluation",734,0.4,1321610544,9734
"evaluation",735,0.4,1008180224,9735
"evaluation",736,0.4,502102140,9736
"evaluation",737,0.4,520065250,9737
"evaluation",738,0.4,634933466,9738
"evaluation",739,0.4,1638691377,9739
"evaluation",740,0.4,1394265703,9740
"evaluation",741,0.4,1994304794,9741
"evaluation",742,0.4,254784324,9742
"evaluation",743,0.4,1234156135,9743
"evaluation",744,0.4,1973395713,9744
"evaluation",745,0.4,1017798560,9745
"evaluation",746,0.4,203343712,9746
"evaluation",747,0.4,718653476,9747
"evaluation",748,0.4,286107850,9748
"evaluation",749,0.4,323037955,9749
"evaluation",750,0.4,133350403,9750
"evaluation",751,0.4,1293950559,9751
"evaluation",752,0.4,41057821,9752
"evaluation",753,0.4,97402892,9753
"evaluation",754,0.4,584813095,9754
"evaluation",755,0.4,1975163156,9755
"evaluation",756,0.4,1665470993,9756
"evaluation",757,0.4,841830109,9757
"evaluation",758,0.4,2085519882,9758
"evaluation",759,0.4,250729187,9759
"evaluation",760,0.4,269532839,9760
"evaluation",761,0.4,596886629,9761
"evaluation",762,0.4,701344378,9762
"evaluation",763,0.4,2010634919,9763
"evaluation",764,0.4,1838369258,9764
"evaluation",765,0.4,777174419,9765
"evaluation",766,0.4,1533208861,9766
"evaluation",767,0.4,2017631561,9767
"evaluation",768,0.4,666014722,9768
"evaluation",769,0.4,1432327423,9769
"evaluation",770,0.4,463937025,9770
"evaluation",771,0.4,540902814,9771
"evaluation",772,0.4,605237016,9772
"evaluation",773,0.4,1180538979,9773
"evaluation",774,0.4,1196973699,9774
"evaluation",775,0.4,1224454552,9775
"evaluation",776,0.4,109633210,9776
"evaluation",777,0.4,1732488091,9777
"evaluation",778,0.4,366500085,9778
"evaluation",779,0.4,1461452626,9779
"evaluation",780,0.4,1363125774,9780
"evaluation",781,0.4,1912138357,9781
"evaluation",782,0.4,1389759866,9782
"evaluation",783,0.4,595280071,9783
"evaluation",784,0.4,1778726273,9784
"evaluation",785,0.4,2104929890,9785
"evaluation",786,0.4,1029763585,9786
"evaluation",787,0.4,456450801,9787
"evaluation",788,0.4,1242170775,9788
"evaluation",789,0.4,786245004,9789
"evaluation",790,0.4,1374467506,9790
"evaluation",791,0.4,430413850,9791
"evaluation",792,0.4,251045407,9792
"evaluation",793,0.4,1252031920,9793
"evaluation",794,0.4,1699149570,9794
"evaluation",795,0.4,1088025879,9795
"evaluation",796,0.4,350769875,9796
"evaluation",797,0.4,1717668493,9797
"evaluation",798,0.4,570767143,9798
"evaluation",799,0.4,683797544,9799
"evaluation",800,0.4,167844296,9800
"evaluation",801,0.4,2115523447,9801
"evaluation",802,0.4,1872194647,9802
"evaluation",803,0.4,1773121135,9803
"evaluation",804,0.4,1531992556,9804
"evaluation",805,0.4,1921378237,9805
"evaluation",806,0.4,627502717,9806
"evaluation",807,0.4,371044284,9807
"evaluation",808,0.4,1797840842,9808
"evaluation",809,0.4,1774505079,9809
"evaluation",810,0.4,1188878149,9810
"evaluation",811,0.4,927830603,9811
"evaluation",812,0.4,856865698,9812
"evaluation",813,0.4,1937324576,9813
"evaluation",814,0.4,1384560998,9814
"evaluation",815,0.4,1249522910,9815
"evaluation",816,0.4,170206800,9816
"evaluation",817,0.4,1799192930,9817
"evaluation",818,0.4,2115267273,9818
"evaluation",819,0.4,1987605574,9819
"evaluation",820,0.4,401885974,9820
"evaluation",821,0.4,634090311,9821
"evaluation",822,0.4,1386566288,9822
"evaluation",823,0.4,249722115,9823
"evaluation",824,0.4,479495486,9824
"evaluation",825,0.4,76647902,9825
"evaluation",826,0.4,2082449042,9826
"evaluation",827,0.4,256804296,9827
"evaluation",828,0.4,649399337,9828
"evaluation",829,0.4,985479826,9829
"evaluation",830,0.4,1243495375,9830
"evaluation",831,0.4,1248797224,9831
"evaluation",832,0.4,553131502,9832
"evaluation",833,0.4,1145718801,9833
"evaluation",834,0.4,1794712673,9834
"evaluation",835,0.4,1257353080,9835
"evaluation",836,0.4,703799826,9836
"evaluation",837,0.4,1077381571,9837
"evaluation",838,0.4,2081263454,9838
"evaluation",839,0.4,1793062737,9839
"evaluation",840,0.4,511246150,9840
"evaluation",841,0.4,119061406,9841
"evaluation",842,0.4,1217201582,9842
"evaluation",843,0.4,34727672,9843
"evaluation",844,0.4,177615193,9844
"evaluation",845,0.4,852115448,9845
"evaluation",846,0.4,2007272671,9846
"evaluation",847,0.4,1687496639,9847
"evaluation",848,0.4,261668224,9848
"evaluation",849,0.4,1298547203,9849
"evaluation",850,0.4,900178383,9850
"evaluation",851,0.4,684105705,9851
"evaluation",852,0.4,538658614,9852
"evaluation",853,0.4,1490608651,9853
"evaluation",854,0.4,1886216993,9854
"evaluation",855,0.4,178763248,9855
"evaluation",856,0.4,1407123740,9856
"evaluation",857,0.4,351937035,9857
"evaluation",858,0.4,209890864,9858
"evaluation",859,0.4,839435610,9859
"evaluation",860,0.4,1884372091,9860
"evaluation",861,0.4,509454942,9861
"evaluation",862,0.4,941743155,9862
"evaluation",863,0.4,243277754,9863
"evaluation",864,0.4,605316191,9864
"evaluation",865,0.4,540777675,9865
"evaluation",866,0.4,1006707399,9866
"evaluation",867,0.4,2098876248,9867
"evaluation",868,0.4,1035717474,9868
"evaluation",869,0.4,1264174291,9869
"evaluation",870,0.4,136550937,9870
"evaluation",871,0.4,1464598230,9871
"evaluation",872,0.4,1072883207,9872
"evaluation",873,0.4,699099668,9873
"evaluation",874,0.4,875531741,9874
"evaluation",875,0.4,235911838,9875
"evaluation",876,0.4,721829653,9876
"evaluation",877,0.4,1718842927,9877
"evaluation",878,0.4,1867709985,9878
"evaluation",879,0.4,1788008712,9879
"evaluation",880,0.4,715556901,9880
"evaluation",881,0.4,1578155497,9881
"evaluation",882,0.4,493215648,9882
"evaluation",883,0.4,1832465224,9883
"evaluation",884,0.4,327352872,9884
"evaluation",885,0.4,1833197838,9885
"evaluation",886,0.4,1532455972,9886
"evaluation",887,0.4,27618530,9887
"evaluation",888,0.4,705215572,9888
"evaluation",889,0.4,1773087948,9889
"evaluation",890,0.4,467012053,9890
"evaluation",891,0.4,1906638854,9891
"evaluation",892,0.4,1609107493,9892
"evaluation",893,0.4,1281881439,9893
"evaluation",894,0.4,1158955591,9894
"evaluation",895,0.4,525998032,9895
"evaluation",896,0.4,428878446,9896
"evaluation",897,0.4,1444272135,9897
"evaluation",898,0.4,202110615,9898
"evaluation",899,0.4,60596527,9899
"evaluation",900,0.4,1099170505,9900
"evaluation",901,0.4,2010306908,9901
"evaluation",902,0.4,1789193832,9902
"evaluation",903,0.4,409219139,9903
"evaluation",904,0.4,516086450,9904
"evaluation",905,0.4,473323011,9905
"evaluation",906,0.4,1119098699,9906
"evaluation",907,0.4,1802006938,9907
"evaluation",908,0.4,865255496,9908
"evaluation",909,0.4,807961234,9909
"evaluation",910,0.4,269776482,9910
"evaluation",911,0.4,226758707,9911
"evaluation",912,0.4,255412821,9912
"evaluation",913,0.4,2141910320,9913
"evaluation",914,0.4,1458815399,9914
"evaluation",915,0.4,486899579,9915
"evaluation",916,0.4,321126866,9916
"evaluation",917,0.4,1191423541,9917
"evaluation",918,0.4,1837601989,9918
"evaluation",919,0.4,1018616426,9919
"evaluation",920,0.4,624421894,9920
"evaluation",921,0.4,243595491,9921
"evaluation",922,0.4,773690733,9922
"evaluation",923,0.4,765766950,9923
"evaluation",924,0.4,1152009380,9924
"evaluation",925,0.4,1863632044,9925
"evaluation",926,0.4,1469790891,9926
"evaluation",927,0.4,1823441821,9927
"evaluation",928,0.4,760031900,9928
"evaluation",929,0.4,1890770950,9929
"evaluation",930,0.4,1153155428,9930
"evaluation",931,0.4,474815409,9931
"evaluation",932,0.4,1995239206,9932
"evaluation",933,0.4,1387834799,9933
"evaluation",934,0.4,1418522096,9934
"evaluation",935,0.4,732154150,9935
"evaluation",936,0.4,540144329,9936
"evaluation",937,0.4,402710058,9937
"evaluation",938,0.4,1993168564,9938
"evaluation",939,0.4,2081401274,9939
"evaluation",940,0.4,771539299,9940
"evaluation",941,0.4,1202254327,9941
"evaluation",942,0.4,451591711,9942
"evaluation",943,0.4,1427460268,9943
"evaluation",944,0.4,1825005589,9944
"evaluation",945,0.4,682471676,9945
"evaluation",946,0.4,1509817238,9946
"evaluation",947,0.4,1425536637,9947
"evaluation",948,0.4,593215676,9948
"evaluation",949,0.4,1455241420,9949
"evaluation",950,0.4,403268456,9950
"evaluation",951,0.4,621712863,9951
"evaluation",952,0.4,921617006,9952
"evaluation",953,0.4,917998730,9953
"evaluation",954,0.4,1501352538,9954
"evaluation",955,0.4,761838939,9955
"evaluation",956,0.4,2108247464,9956
"evaluation",957,0.4,1687392077,9957
"evaluation",958,0.4,537460313,9958
"evaluation",959,0.4,1105042801,9959
"evaluation",960,0.4,1894843967,9960
"evaluation",961,0.4,1834062140,9961
"evaluation",962,0.4,1760328374,9962
"evaluation",963,0.4,687544195,9963
"evaluation",964,0.4,514745262,9964
"evaluation",965,0.4,1814968309,9965
"evaluation",966,0.4,1434405522,9966
"evaluation",967,0.4,10122245,9967
"evaluation",968,0.4,1475390979,9968
"evaluation",969,0.4,2145153863,9969
"evaluation",970,0.4,1638969535,9970
"evaluation",971,0.4,1589721575,9971
"evaluation",972,0.4,136023601,9972
"evaluation",973,0.4,1134064146,9973
"evaluation",974,0.4,838013567,9974
"evaluation",975,0.4,173528739,9975
"evaluation",976,0.4,85290410,9976
"evaluation",977,0.4,1027956221,9977
"evaluation",978,0.4,909220564,9978
"evaluation",979,0.4,929875531,9979
"evaluation",980,0.4,1472175957,9980
"evaluation",981,0.4,1232714045,9981
"evaluation",982,0.4,368543072,9982
"evaluation",983,0.4,285386952,9983
"evaluation",984,0.4,923168418,9984
"evaluation",985,0.4,835948952,9985
"evaluation",986,0.4,1154279161,9986
"evaluation",987,0.4,1810806228,9987
"evaluation",988,0.4,1406027203,9988
"evaluation",989,0.4,528484838,9989
"evaluation",990,0.4,1568577050,9990
"evaluation",991,0.4,558718455,9991
"evaluation",992,0.4,546846982,9992
"evaluation",993,0.4,1721253311,9993
"evaluation",994,0.4,1800361330,9994
"evaluation",995,0.4,1662754472,9995
"evaluation",996,0.4,1988136931,9996
"evaluation",997,0.4,269574300,9997
"evaluation",998,0.4,1914763503,9998
"evaluation",999,0.4,1122296561,9999
"evaluation",1000,0.4,139484593,10000
