"Study","SampleSize","Scenario","Replication","Method","Success"
"Comparator",300,"Gaussian",1,"OLS",TRUE
"Comparator",300,"Gaussian",1,"Semiparametric",TRUE
"Comparator",300,"Gaussian",1,"Imai quasi-Bayes",TRUE
"Comparator",300,"Gaussian",1,"Imai bootstrap",TRUE
"Comparator",300,"Gaussian",1,"medflex NEM",TRUE
"Comparator",300,"Skew-normal",1,"OLS",TRUE
"Comparator",300,"Skew-normal",1,"Semiparametric",TRUE
"Comparator",300,"Skew-normal",1,"Imai quasi-Bayes",TRUE
"Comparator",300,"Skew-normal",1,"Imai bootstrap",TRUE
"Comparator",300,"Skew-normal",1,"medflex NEM",TRUE
"Comparator",300,"Asymmetric mixture",1,"OLS",TRUE
"Comparator",300,"Asymmetric mixture",1,"Semiparametric",TRUE
"Comparator",300,"Asymmetric mixture",1,"Imai quasi-Bayes",TRUE
"Comparator",300,"Asymmetric mixture",1,"Imai bootstrap",TRUE
"Comparator",300,"Asymmetric mixture",1,"medflex NEM",TRUE
"Comparator",300,"Symmetric bimodal",1,"OLS",TRUE
"Comparator",300,"Symmetric bimodal",1,"Semiparametric",TRUE
"Comparator",300,"Symmetric bimodal",1,"Imai quasi-Bayes",TRUE
"Comparator",300,"Symmetric bimodal",1,"Imai bootstrap",TRUE
"Comparator",300,"Symmetric bimodal",1,"medflex NEM",TRUE
"Comparator",300,"Gaussian",2,"OLS",TRUE
"Comparator",300,"Gaussian",2,"Semiparametric",TRUE
"Comparator",300,"Gaussian",2,"Imai quasi-Bayes",TRUE
"Comparator",300,"Gaussian",2,"Imai bootstrap",TRUE
"Comparator",300,"Gaussian",2,"medflex NEM",TRUE
"Comparator",300,"Skew-normal",2,"OLS",TRUE
"Comparator",300,"Skew-normal",2,"Semiparametric",TRUE
"Comparator",300,"Skew-normal",2,"Imai quasi-Bayes",TRUE
"Comparator",300,"Skew-normal",2,"Imai bootstrap",TRUE
"Comparator",300,"Skew-normal",2,"medflex NEM",TRUE
"Comparator",300,"Asymmetric mixture",2,"OLS",TRUE
"Comparator",300,"Asymmetric mixture",2,"Semiparametric",TRUE
"Comparator",300,"Asymmetric mixture",2,"Imai quasi-Bayes",TRUE
"Comparator",300,"Asymmetric mixture",2,"Imai bootstrap",TRUE
"Comparator",300,"Asymmetric mixture",2,"medflex NEM",TRUE
"Comparator",300,"Symmetric bimodal",2,"OLS",TRUE
"Comparator",300,"Symmetric bimodal",2,"Semiparametric",TRUE
"Comparator",300,"Symmetric bimodal",2,"Imai quasi-Bayes",TRUE
"Comparator",300,"Symmetric bimodal",2,"Imai bootstrap",TRUE
"Comparator",300,"Symmetric bimodal",2,"medflex NEM",TRUE
"Comparator",300,"Gaussian",3,"OLS",TRUE
"Comparator",300,"Gaussian",3,"Semiparametric",TRUE
"Comparator",300,"Gaussian",3,"Imai quasi-Bayes",TRUE
"Comparator",300,"Gaussian",3,"Imai bootstrap",TRUE
"Comparator",300,"Gaussian",3,"medflex NEM",TRUE
"Comparator",300,"Skew-normal",3,"OLS",TRUE
"Comparator",300,"Skew-normal",3,"Semiparametric",TRUE
"Comparator",300,"Skew-normal",3,"Imai quasi-Bayes",TRUE
"Comparator",300,"Skew-normal",3,"Imai bootstrap",TRUE
"Comparator",300,"Skew-normal",3,"medflex NEM",TRUE
"Comparator",300,"Asymmetric mixture",3,"OLS",TRUE
"Comparator",300,"Asymmetric mixture",3,"Semiparametric",TRUE
"Comparator",300,"Asymmetric mixture",3,"Imai quasi-Bayes",TRUE
"Comparator",300,"Asymmetric mixture",3,"Imai bootstrap",TRUE
"Comparator",300,"Asymmetric mixture",3,"medflex NEM",TRUE
"Comparator",300,"Symmetric bimodal",3,"OLS",TRUE
"Comparator",300,"Symmetric bimodal",3,"Semiparametric",TRUE
"Comparator",300,"Symmetric bimodal",3,"Imai quasi-Bayes",TRUE
"Comparator",300,"Symmetric bimodal",3,"Imai bootstrap",TRUE
"Comparator",300,"Symmetric bimodal",3,"medflex NEM",TRUE
"Comparator",300,"Gaussian",4,"OLS",TRUE
"Comparator",300,"Gaussian",4,"Semiparametric",TRUE
"Comparator",300,"Gaussian",4,"Imai quasi-Bayes",TRUE
"Comparator",300,"Gaussian",4,"Imai bootstrap",TRUE
"Comparator",300,"Gaussian",4,"medflex NEM",TRUE
"Comparator",300,"Skew-normal",4,"OLS",TRUE
"Comparator",300,"Skew-normal",4,"Semiparametric",TRUE
"Comparator",300,"Skew-normal",4,"Imai quasi-Bayes",TRUE
"Comparator",300,"Skew-normal",4,"Imai bootstrap",TRUE
"Comparator",300,"Skew-normal",4,"medflex NEM",TRUE
"Comparator",300,"Asymmetric mixture",4,"OLS",TRUE
"Comparator",300,"Asymmetric mixture",4,"Semiparametric",TRUE
"Comparator",300,"Asymmetric mixture",4,"Imai quasi-Bayes",TRUE
"Comparator",300,"Asymmetric mixture",4,"Imai bootstrap",TRUE
"Comparator",300,"Asymmetric mixture",4,"medflex NEM",TRUE
"Comparator",300,"Symmetric bimodal",4,"OLS",TRUE
"Comparator",300,"Symmetric bimodal",4,"Semiparametric",TRUE
"Comparator",300,"Symmetric bimodal",4,"Imai quasi-Bayes",TRUE
"Comparator",300,"Symmetric bimodal",4,"Imai bootstrap",TRUE
"Comparator",300,"Symmetric bimodal",4,"medflex NEM",TRUE
"Comparator",300,"Gaussian",5,"OLS",TRUE
"Comparator",300,"Gaussian",5,"Semiparametric",TRUE
"Comparator",300,"Gaussian",5,"Imai quasi-Bayes",TRUE
"Comparator",300,"Gaussian",5,"Imai bootstrap",TRUE
"Comparator",300,"Gaussian",5,"medflex NEM",TRUE
"Comparator",300,"Skew-normal",5,"OLS",TRUE
"Comparator",300,"Skew-normal",5,"Semiparametric",TRUE
"Comparator",300,"Skew-normal",5,"Imai quasi-Bayes",TRUE
"Comparator",300,"Skew-normal",5,"Imai bootstrap",TRUE
"Comparator",300,"Skew-normal",5,"medflex NEM",TRUE
"Comparator",300,"Asymmetric mixture",5,"OLS",TRUE
"Comparator",300,"Asymmetric mixture",5,"Semiparametric",TRUE
"Comparator",300,"Asymmetric mixture",5,"Imai quasi-Bayes",TRUE
"Comparator",300,"Asymmetric mixture",5,"Imai bootstrap",TRUE
"Comparator",300,"Asymmetric mixture",5,"medflex NEM",TRUE
"Comparator",300,"Symmetric bimodal",5,"OLS",TRUE
"Comparator",300,"Symmetric bimodal",5,"Semiparametric",TRUE
"Comparator",300,"Symmetric bimodal",5,"Imai quasi-Bayes",TRUE
"Comparator",300,"Symmetric bimodal",5,"Imai bootstrap",TRUE
"Comparator",300,"Symmetric bimodal",5,"medflex NEM",TRUE
"Comparator",300,"Gaussian",6,"OLS",TRUE
"Comparator",300,"Gaussian",6,"Semiparametric",TRUE
"Comparator",300,"Gaussian",6,"Imai quasi-Bayes",TRUE
"Comparator",300,"Gaussian",6,"Imai bootstrap",TRUE
"Comparator",300,"Gaussian",6,"medflex NEM",TRUE
"Comparator",300,"Skew-normal",6,"OLS",TRUE
"Comparator",300,"Skew-normal",6,"Semiparametric",TRUE
"Comparator",300,"Skew-normal",6,"Imai quasi-Bayes",TRUE
"Comparator",300,"Skew-normal",6,"Imai bootstrap",TRUE
"Comparator",300,"Skew-normal",6,"medflex NEM",TRUE
"Comparator",300,"Asymmetric mixture",6,"OLS",TRUE
"Comparator",300,"Asymmetric mixture",6,"Semiparametric",TRUE
"Comparator",300,"Asymmetric mixture",6,"Imai quasi-Bayes",TRUE
"Comparator",300,"Asymmetric mixture",6,"Imai bootstrap",TRUE
"Comparator",300,"Asymmetric mixture",6,"medflex NEM",TRUE
"Comparator",300,"Symmetric bimodal",6,"OLS",TRUE
"Comparator",300,"Symmetric bimodal",6,"Semiparametric",FALSE
"Comparator",300,"Symmetric bimodal",6,"Imai quasi-Bayes",TRUE
"Comparator",300,"Symmetric bimodal",6,"Imai bootstrap",TRUE
"Comparator",300,"Symmetric bimodal",6,"medflex NEM",TRUE
"Comparator",300,"Gaussian",7,"OLS",TRUE
"Comparator",300,"Gaussian",7,"Semiparametric",TRUE
"Comparator",300,"Gaussian",7,"Imai quasi-Bayes",TRUE
"Comparator",300,"Gaussian",7,"Imai bootstrap",TRUE
"Comparator",300,"Gaussian",7,"medflex NEM",TRUE
"Comparator",300,"Skew-normal",7,"OLS",TRUE
"Comparator",300,"Skew-normal",7,"Semiparametric",TRUE
"Comparator",300,"Skew-normal",7,"Imai quasi-Bayes",TRUE
"Comparator",300,"Skew-normal",7,"Imai bootstrap",TRUE
"Comparator",300,"Skew-normal",7,"medflex NEM",TRUE
"Comparator",300,"Asymmetric mixture",7,"OLS",TRUE
"Comparator",300,"Asymmetric mixture",7,"Semiparametric",TRUE
"Comparator",300,"Asymmetric mixture",7,"Imai quasi-Bayes",TRUE
"Comparator",300,"Asymmetric mixture",7,"Imai bootstrap",TRUE
"Comparator",300,"Asymmetric mixture",7,"medflex NEM",TRUE
"Comparator",300,"Symmetric bimodal",7,"OLS",TRUE
"Comparator",300,"Symmetric bimodal",7,"Semiparametric",TRUE
"Comparator",300,"Symmetric bimodal",7,"Imai quasi-Bayes",TRUE
"Comparator",300,"Symmetric bimodal",7,"Imai bootstrap",TRUE
"Comparator",300,"Symmetric bimodal",7,"medflex NEM",TRUE
"Comparator",300,"Gaussian",8,"OLS",TRUE
"Comparator",300,"Gaussian",8,"Semiparametric",TRUE
"Comparator",300,"Gaussian",8,"Imai quasi-Bayes",TRUE
"Comparator",300,"Gaussian",8,"Imai bootstrap",TRUE
"Comparator",300,"Gaussian",8,"medflex NEM",TRUE
"Comparator",300,"Skew-normal",8,"OLS",TRUE
"Comparator",300,"Skew-normal",8,"Semiparametric",TRUE
"Comparator",300,"Skew-normal",8,"Imai quasi-Bayes",TRUE
"Comparator",300,"Skew-normal",8,"Imai bootstrap",TRUE
"Comparator",300,"Skew-normal",8,"medflex NEM",TRUE
"Comparator",300,"Asymmetric mixture",8,"OLS",TRUE
"Comparator",300,"Asymmetric mixture",8,"Semiparametric",TRUE
"Comparator",300,"Asymmetric mixture",8,"Imai quasi-Bayes",TRUE
"Comparator",300,"Asymmetric mixture",8,"Imai bootstrap",TRUE
"Comparator",300,"Asymmetric mixture",8,"medflex NEM",TRUE
"Comparator",300,"Symmetric bimodal",8,"OLS",TRUE
"Comparator",300,"Symmetric bimodal",8,"Semiparametric",TRUE
"Comparator",300,"Symmetric bimodal",8,"Imai quasi-Bayes",TRUE
"Comparator",300,"Symmetric bimodal",8,"Imai bootstrap",TRUE
"Comparator",300,"Symmetric bimodal",8,"medflex NEM",TRUE
"Comparator",300,"Gaussian",9,"OLS",TRUE
"Comparator",300,"Gaussian",9,"Semiparametric",TRUE
"Comparator",300,"Gaussian",9,"Imai quasi-Bayes",TRUE
"Comparator",300,"Gaussian",9,"Imai bootstrap",TRUE
"Comparator",300,"Gaussian",9,"medflex NEM",TRUE
"Comparator",300,"Skew-normal",9,"OLS",TRUE
"Comparator",300,"Skew-normal",9,"Semiparametric",TRUE
"Comparator",300,"Skew-normal",9,"Imai quasi-Bayes",TRUE
"Comparator",300,"Skew-normal",9,"Imai bootstrap",TRUE
"Comparator",300,"Skew-normal",9,"medflex NEM",TRUE
"Comparator",300,"Asymmetric mixture",9,"OLS",TRUE
"Comparator",300,"Asymmetric mixture",9,"Semiparametric",TRUE
"Comparator",300,"Asymmetric mixture",9,"Imai quasi-Bayes",TRUE
"Comparator",300,"Asymmetric mixture",9,"Imai bootstrap",TRUE
"Comparator",300,"Asymmetric mixture",9,"medflex NEM",TRUE
"Comparator",300,"Symmetric bimodal",9,"OLS",TRUE
"Comparator",300,"Symmetric bimodal",9,"Semiparametric",TRUE
"Comparator",300,"Symmetric bimodal",9,"Imai quasi-Bayes",TRUE
"Comparator",300,"Symmetric bimodal",9,"Imai bootstrap",TRUE
"Comparator",300,"Symmetric bimodal",9,"medflex NEM",TRUE
"Comparator",300,"Gaussian",10,"OLS",TRUE
"Comparator",300,"Gaussian",10,"Semiparametric",TRUE
"Comparator",300,"Gaussian",10,"Imai quasi-Bayes",TRUE
"Comparator",300,"Gaussian",10,"Imai bootstrap",TRUE
"Comparator",300,"Gaussian",10,"medflex NEM",TRUE
"Comparator",300,"Skew-normal",10,"OLS",TRUE
"Comparator",300,"Skew-normal",10,"Semiparametric",TRUE
"Comparator",300,"Skew-normal",10,"Imai quasi-Bayes",TRUE
"Comparator",300,"Skew-normal",10,"Imai bootstrap",TRUE
"Comparator",300,"Skew-normal",10,"medflex NEM",TRUE
"Comparator",300,"Asymmetric mixture",10,"OLS",TRUE
"Comparator",300,"Asymmetric mixture",10,"Semiparametric",TRUE
"Comparator",300,"Asymmetric mixture",10,"Imai quasi-Bayes",TRUE
"Comparator",300,"Asymmetric mixture",10,"Imai bootstrap",TRUE
"Comparator",300,"Asymmetric mixture",10,"medflex NEM",TRUE
"Comparator",300,"Symmetric bimodal",10,"OLS",TRUE
"Comparator",300,"Symmetric bimodal",10,"Semiparametric",TRUE
"Comparator",300,"Symmetric bimodal",10,"Imai quasi-Bayes",TRUE
"Comparator",300,"Symmetric bimodal",10,"Imai bootstrap",TRUE
"Comparator",300,"Symmetric bimodal",10,"medflex NEM",TRUE
"Comparator",300,"Gaussian",11,"OLS",TRUE
"Comparator",300,"Gaussian",11,"Semiparametric",TRUE
"Comparator",300,"Gaussian",11,"Imai quasi-Bayes",TRUE
"Comparator",300,"Gaussian",11,"Imai bootstrap",TRUE
"Comparator",300,"Gaussian",11,"medflex NEM",TRUE
"Comparator",300,"Skew-normal",11,"OLS",TRUE
"Comparator",300,"Skew-normal",11,"Semiparametric",TRUE
"Comparator",300,"Skew-normal",11,"Imai quasi-Bayes",TRUE
"Comparator",300,"Skew-normal",11,"Imai bootstrap",TRUE
"Comparator",300,"Skew-normal",11,"medflex NEM",TRUE
"Comparator",300,"Asymmetric mixture",11,"OLS",TRUE
"Comparator",300,"Asymmetric mixture",11,"Semiparametric",TRUE
"Comparator",300,"Asymmetric mixture",11,"Imai quasi-Bayes",TRUE
"Comparator",300,"Asymmetric mixture",11,"Imai bootstrap",TRUE
"Comparator",300,"Asymmetric mixture",11,"medflex NEM",TRUE
"Comparator",300,"Symmetric bimodal",11,"OLS",TRUE
"Comparator",300,"Symmetric bimodal",11,"Semiparametric",TRUE
"Comparator",300,"Symmetric bimodal",11,"Imai quasi-Bayes",TRUE
"Comparator",300,"Symmetric bimodal",11,"Imai bootstrap",TRUE
"Comparator",300,"Symmetric bimodal",11,"medflex NEM",TRUE
"Comparator",300,"Gaussian",12,"OLS",TRUE
"Comparator",300,"Gaussian",12,"Semiparametric",TRUE
"Comparator",300,"Gaussian",12,"Imai quasi-Bayes",TRUE
"Comparator",300,"Gaussian",12,"Imai bootstrap",TRUE
"Comparator",300,"Gaussian",12,"medflex NEM",TRUE
"Comparator",300,"Skew-normal",12,"OLS",TRUE
"Comparator",300,"Skew-normal",12,"Semiparametric",TRUE
"Comparator",300,"Skew-normal",12,"Imai quasi-Bayes",TRUE
"Comparator",300,"Skew-normal",12,"Imai bootstrap",TRUE
"Comparator",300,"Skew-normal",12,"medflex NEM",TRUE
"Comparator",300,"Asymmetric mixture",12,"OLS",TRUE
"Comparator",300,"Asymmetric mixture",12,"Semiparametric",TRUE
"Comparator",300,"Asymmetric mixture",12,"Imai quasi-Bayes",TRUE
"Comparator",300,"Asymmetric mixture",12,"Imai bootstrap",TRUE
"Comparator",300,"Asymmetric mixture",12,"medflex NEM",TRUE
"Comparator",300,"Symmetric bimodal",12,"OLS",TRUE
"Comparator",300,"Symmetric bimodal",12,"Semiparametric",TRUE
"Comparator",300,"Symmetric bimodal",12,"Imai quasi-Bayes",TRUE
"Comparator",300,"Symmetric bimodal",12,"Imai bootstrap",TRUE
"Comparator",300,"Symmetric bimodal",12,"medflex NEM",TRUE
"Comparator",300,"Gaussian",13,"OLS",TRUE
"Comparator",300,"Gaussian",13,"Semiparametric",TRUE
"Comparator",300,"Gaussian",13,"Imai quasi-Bayes",TRUE
"Comparator",300,"Gaussian",13,"Imai bootstrap",TRUE
"Comparator",300,"Gaussian",13,"medflex NEM",TRUE
"Comparator",300,"Skew-normal",13,"OLS",TRUE
"Comparator",300,"Skew-normal",13,"Semiparametric",TRUE
"Comparator",300,"Skew-normal",13,"Imai quasi-Bayes",TRUE
"Comparator",300,"Skew-normal",13,"Imai bootstrap",TRUE
"Comparator",300,"Skew-normal",13,"medflex NEM",TRUE
"Comparator",300,"Asymmetric mixture",13,"OLS",TRUE
"Comparator",300,"Asymmetric mixture",13,"Semiparametric",TRUE
"Comparator",300,"Asymmetric mixture",13,"Imai quasi-Bayes",TRUE
"Comparator",300,"Asymmetric mixture",13,"Imai bootstrap",TRUE
"Comparator",300,"Asymmetric mixture",13,"medflex NEM",TRUE
"Comparator",300,"Symmetric bimodal",13,"OLS",TRUE
"Comparator",300,"Symmetric bimodal",13,"Semiparametric",TRUE
"Comparator",300,"Symmetric bimodal",13,"Imai quasi-Bayes",TRUE
"Comparator",300,"Symmetric bimodal",13,"Imai bootstrap",TRUE
"Comparator",300,"Symmetric bimodal",13,"medflex NEM",TRUE
"Comparator",300,"Gaussian",14,"OLS",TRUE
"Comparator",300,"Gaussian",14,"Semiparametric",TRUE
"Comparator",300,"Gaussian",14,"Imai quasi-Bayes",TRUE
"Comparator",300,"Gaussian",14,"Imai bootstrap",TRUE
"Comparator",300,"Gaussian",14,"medflex NEM",TRUE
"Comparator",300,"Skew-normal",14,"OLS",TRUE
"Comparator",300,"Skew-normal",14,"Semiparametric",TRUE
"Comparator",300,"Skew-normal",14,"Imai quasi-Bayes",TRUE
"Comparator",300,"Skew-normal",14,"Imai bootstrap",TRUE
"Comparator",300,"Skew-normal",14,"medflex NEM",TRUE
"Comparator",300,"Asymmetric mixture",14,"OLS",TRUE
"Comparator",300,"Asymmetric mixture",14,"Semiparametric",TRUE
"Comparator",300,"Asymmetric mixture",14,"Imai quasi-Bayes",TRUE
"Comparator",300,"Asymmetric mixture",14,"Imai bootstrap",TRUE
"Comparator",300,"Asymmetric mixture",14,"medflex NEM",TRUE
"Comparator",300,"Symmetric bimodal",14,"OLS",TRUE
"Comparator",300,"Symmetric bimodal",14,"Semiparametric",TRUE
"Comparator",300,"Symmetric bimodal",14,"Imai quasi-Bayes",TRUE
"Comparator",300,"Symmetric bimodal",14,"Imai bootstrap",TRUE
"Comparator",300,"Symmetric bimodal",14,"medflex NEM",TRUE
"Comparator",300,"Gaussian",15,"OLS",TRUE
"Comparator",300,"Gaussian",15,"Semiparametric",TRUE
"Comparator",300,"Gaussian",15,"Imai quasi-Bayes",TRUE
"Comparator",300,"Gaussian",15,"Imai bootstrap",TRUE
"Comparator",300,"Gaussian",15,"medflex NEM",TRUE
"Comparator",300,"Skew-normal",15,"OLS",TRUE
"Comparator",300,"Skew-normal",15,"Semiparametric",TRUE
"Comparator",300,"Skew-normal",15,"Imai quasi-Bayes",TRUE
"Comparator",300,"Skew-normal",15,"Imai bootstrap",TRUE
"Comparator",300,"Skew-normal",15,"medflex NEM",TRUE
"Comparator",300,"Asymmetric mixture",15,"OLS",TRUE
"Comparator",300,"Asymmetric mixture",15,"Semiparametric",TRUE
"Comparator",300,"Asymmetric mixture",15,"Imai quasi-Bayes",TRUE
"Comparator",300,"Asymmetric mixture",15,"Imai bootstrap",TRUE
"Comparator",300,"Asymmetric mixture",15,"medflex NEM",TRUE
"Comparator",300,"Symmetric bimodal",15,"OLS",TRUE
"Comparator",300,"Symmetric bimodal",15,"Semiparametric",TRUE
"Comparator",300,"Symmetric bimodal",15,"Imai quasi-Bayes",TRUE
"Comparator",300,"Symmetric bimodal",15,"Imai bootstrap",TRUE
"Comparator",300,"Symmetric bimodal",15,"medflex NEM",TRUE
"Comparator",300,"Gaussian",16,"OLS",TRUE
"Comparator",300,"Gaussian",16,"Semiparametric",TRUE
"Comparator",300,"Gaussian",16,"Imai quasi-Bayes",TRUE
"Comparator",300,"Gaussian",16,"Imai bootstrap",TRUE
"Comparator",300,"Gaussian",16,"medflex NEM",TRUE
"Comparator",300,"Skew-normal",16,"OLS",TRUE
"Comparator",300,"Skew-normal",16,"Semiparametric",TRUE
"Comparator",300,"Skew-normal",16,"Imai quasi-Bayes",TRUE
"Comparator",300,"Skew-normal",16,"Imai bootstrap",TRUE
"Comparator",300,"Skew-normal",16,"medflex NEM",TRUE
"Comparator",300,"Asymmetric mixture",16,"OLS",TRUE
"Comparator",300,"Asymmetric mixture",16,"Semiparametric",TRUE
"Comparator",300,"Asymmetric mixture",16,"Imai quasi-Bayes",TRUE
"Comparator",300,"Asymmetric mixture",16,"Imai bootstrap",TRUE
"Comparator",300,"Asymmetric mixture",16,"medflex NEM",TRUE
"Comparator",300,"Symmetric bimodal",16,"OLS",TRUE
"Comparator",300,"Symmetric bimodal",16,"Semiparametric",TRUE
"Comparator",300,"Symmetric bimodal",16,"Imai quasi-Bayes",TRUE
"Comparator",300,"Symmetric bimodal",16,"Imai bootstrap",TRUE
"Comparator",300,"Symmetric bimodal",16,"medflex NEM",TRUE
"Comparator",300,"Gaussian",17,"OLS",TRUE
"Comparator",300,"Gaussian",17,"Semiparametric",TRUE
"Comparator",300,"Gaussian",17,"Imai quasi-Bayes",TRUE
"Comparator",300,"Gaussian",17,"Imai bootstrap",TRUE
"Comparator",300,"Gaussian",17,"medflex NEM",TRUE
"Comparator",300,"Skew-normal",17,"OLS",TRUE
"Comparator",300,"Skew-normal",17,"Semiparametric",TRUE
"Comparator",300,"Skew-normal",17,"Imai quasi-Bayes",TRUE
"Comparator",300,"Skew-normal",17,"Imai bootstrap",TRUE
"Comparator",300,"Skew-normal",17,"medflex NEM",TRUE
"Comparator",300,"Asymmetric mixture",17,"OLS",TRUE
"Comparator",300,"Asymmetric mixture",17,"Semiparametric",TRUE
"Comparator",300,"Asymmetric mixture",17,"Imai quasi-Bayes",TRUE
"Comparator",300,"Asymmetric mixture",17,"Imai bootstrap",TRUE
"Comparator",300,"Asymmetric mixture",17,"medflex NEM",TRUE
"Comparator",300,"Symmetric bimodal",17,"OLS",TRUE
"Comparator",300,"Symmetric bimodal",17,"Semiparametric",TRUE
"Comparator",300,"Symmetric bimodal",17,"Imai quasi-Bayes",TRUE
"Comparator",300,"Symmetric bimodal",17,"Imai bootstrap",TRUE
"Comparator",300,"Symmetric bimodal",17,"medflex NEM",TRUE
"Comparator",300,"Gaussian",18,"OLS",TRUE
"Comparator",300,"Gaussian",18,"Semiparametric",TRUE
"Comparator",300,"Gaussian",18,"Imai quasi-Bayes",TRUE
"Comparator",300,"Gaussian",18,"Imai bootstrap",TRUE
"Comparator",300,"Gaussian",18,"medflex NEM",TRUE
"Comparator",300,"Skew-normal",18,"OLS",TRUE
"Comparator",300,"Skew-normal",18,"Semiparametric",TRUE
"Comparator",300,"Skew-normal",18,"Imai quasi-Bayes",TRUE
"Comparator",300,"Skew-normal",18,"Imai bootstrap",TRUE
"Comparator",300,"Skew-normal",18,"medflex NEM",TRUE
"Comparator",300,"Asymmetric mixture",18,"OLS",TRUE
"Comparator",300,"Asymmetric mixture",18,"Semiparametric",TRUE
"Comparator",300,"Asymmetric mixture",18,"Imai quasi-Bayes",TRUE
"Comparator",300,"Asymmetric mixture",18,"Imai bootstrap",TRUE
"Comparator",300,"Asymmetric mixture",18,"medflex NEM",TRUE
"Comparator",300,"Symmetric bimodal",18,"OLS",TRUE
"Comparator",300,"Symmetric bimodal",18,"Semiparametric",TRUE
"Comparator",300,"Symmetric bimodal",18,"Imai quasi-Bayes",TRUE
"Comparator",300,"Symmetric bimodal",18,"Imai bootstrap",TRUE
"Comparator",300,"Symmetric bimodal",18,"medflex NEM",TRUE
"Comparator",300,"Gaussian",19,"OLS",TRUE
"Comparator",300,"Gaussian",19,"Semiparametric",TRUE
"Comparator",300,"Gaussian",19,"Imai quasi-Bayes",TRUE
"Comparator",300,"Gaussian",19,"Imai bootstrap",TRUE
"Comparator",300,"Gaussian",19,"medflex NEM",TRUE
"Comparator",300,"Skew-normal",19,"OLS",TRUE
"Comparator",300,"Skew-normal",19,"Semiparametric",TRUE
"Comparator",300,"Skew-normal",19,"Imai quasi-Bayes",TRUE
"Comparator",300,"Skew-normal",19,"Imai bootstrap",TRUE
"Comparator",300,"Skew-normal",19,"medflex NEM",TRUE
"Comparator",300,"Asymmetric mixture",19,"OLS",TRUE
"Comparator",300,"Asymmetric mixture",19,"Semiparametric",TRUE
"Comparator",300,"Asymmetric mixture",19,"Imai quasi-Bayes",TRUE
"Comparator",300,"Asymmetric mixture",19,"Imai bootstrap",TRUE
"Comparator",300,"Asymmetric mixture",19,"medflex NEM",TRUE
"Comparator",300,"Symmetric bimodal",19,"OLS",TRUE
"Comparator",300,"Symmetric bimodal",19,"Semiparametric",TRUE
"Comparator",300,"Symmetric bimodal",19,"Imai quasi-Bayes",TRUE
"Comparator",300,"Symmetric bimodal",19,"Imai bootstrap",TRUE
"Comparator",300,"Symmetric bimodal",19,"medflex NEM",TRUE
"Comparator",300,"Gaussian",20,"OLS",TRUE
"Comparator",300,"Gaussian",20,"Semiparametric",TRUE
"Comparator",300,"Gaussian",20,"Imai quasi-Bayes",TRUE
"Comparator",300,"Gaussian",20,"Imai bootstrap",TRUE
"Comparator",300,"Gaussian",20,"medflex NEM",TRUE
"Comparator",300,"Skew-normal",20,"OLS",TRUE
"Comparator",300,"Skew-normal",20,"Semiparametric",TRUE
"Comparator",300,"Skew-normal",20,"Imai quasi-Bayes",TRUE
"Comparator",300,"Skew-normal",20,"Imai bootstrap",TRUE
"Comparator",300,"Skew-normal",20,"medflex NEM",TRUE
"Comparator",300,"Asymmetric mixture",20,"OLS",TRUE
"Comparator",300,"Asymmetric mixture",20,"Semiparametric",TRUE
"Comparator",300,"Asymmetric mixture",20,"Imai quasi-Bayes",TRUE
"Comparator",300,"Asymmetric mixture",20,"Imai bootstrap",TRUE
"Comparator",300,"Asymmetric mixture",20,"medflex NEM",TRUE
"Comparator",300,"Symmetric bimodal",20,"OLS",TRUE
"Comparator",300,"Symmetric bimodal",20,"Semiparametric",TRUE
"Comparator",300,"Symmetric bimodal",20,"Imai quasi-Bayes",TRUE
"Comparator",300,"Symmetric bimodal",20,"Imai bootstrap",TRUE
"Comparator",300,"Symmetric bimodal",20,"medflex NEM",TRUE
"Comparator",300,"Gaussian",21,"OLS",TRUE
"Comparator",300,"Gaussian",21,"Semiparametric",TRUE
"Comparator",300,"Gaussian",21,"Imai quasi-Bayes",TRUE
"Comparator",300,"Gaussian",21,"Imai bootstrap",TRUE
"Comparator",300,"Gaussian",21,"medflex NEM",TRUE
"Comparator",300,"Skew-normal",21,"OLS",TRUE
"Comparator",300,"Skew-normal",21,"Semiparametric",TRUE
"Comparator",300,"Skew-normal",21,"Imai quasi-Bayes",TRUE
"Comparator",300,"Skew-normal",21,"Imai bootstrap",TRUE
"Comparator",300,"Skew-normal",21,"medflex NEM",TRUE
"Comparator",300,"Asymmetric mixture",21,"OLS",TRUE
"Comparator",300,"Asymmetric mixture",21,"Semiparametric",FALSE
"Comparator",300,"Asymmetric mixture",21,"Imai quasi-Bayes",TRUE
"Comparator",300,"Asymmetric mixture",21,"Imai bootstrap",TRUE
"Comparator",300,"Asymmetric mixture",21,"medflex NEM",TRUE
"Comparator",300,"Symmetric bimodal",21,"OLS",TRUE
"Comparator",300,"Symmetric bimodal",21,"Semiparametric",TRUE
"Comparator",300,"Symmetric bimodal",21,"Imai quasi-Bayes",TRUE
"Comparator",300,"Symmetric bimodal",21,"Imai bootstrap",TRUE
"Comparator",300,"Symmetric bimodal",21,"medflex NEM",TRUE
"Comparator",300,"Gaussian",22,"OLS",TRUE
"Comparator",300,"Gaussian",22,"Semiparametric",TRUE
"Comparator",300,"Gaussian",22,"Imai quasi-Bayes",TRUE
"Comparator",300,"Gaussian",22,"Imai bootstrap",TRUE
"Comparator",300,"Gaussian",22,"medflex NEM",TRUE
"Comparator",300,"Skew-normal",22,"OLS",TRUE
"Comparator",300,"Skew-normal",22,"Semiparametric",TRUE
"Comparator",300,"Skew-normal",22,"Imai quasi-Bayes",TRUE
"Comparator",300,"Skew-normal",22,"Imai bootstrap",TRUE
"Comparator",300,"Skew-normal",22,"medflex NEM",TRUE
"Comparator",300,"Asymmetric mixture",22,"OLS",TRUE
"Comparator",300,"Asymmetric mixture",22,"Semiparametric",TRUE
"Comparator",300,"Asymmetric mixture",22,"Imai quasi-Bayes",TRUE
"Comparator",300,"Asymmetric mixture",22,"Imai bootstrap",TRUE
"Comparator",300,"Asymmetric mixture",22,"medflex NEM",TRUE
"Comparator",300,"Symmetric bimodal",22,"OLS",TRUE
"Comparator",300,"Symmetric bimodal",22,"Semiparametric",TRUE
"Comparator",300,"Symmetric bimodal",22,"Imai quasi-Bayes",TRUE
"Comparator",300,"Symmetric bimodal",22,"Imai bootstrap",TRUE
"Comparator",300,"Symmetric bimodal",22,"medflex NEM",TRUE
"Comparator",300,"Gaussian",23,"OLS",TRUE
"Comparator",300,"Gaussian",23,"Semiparametric",TRUE
"Comparator",300,"Gaussian",23,"Imai quasi-Bayes",TRUE
"Comparator",300,"Gaussian",23,"Imai bootstrap",TRUE
"Comparator",300,"Gaussian",23,"medflex NEM",TRUE
"Comparator",300,"Skew-normal",23,"OLS",TRUE
"Comparator",300,"Skew-normal",23,"Semiparametric",TRUE
"Comparator",300,"Skew-normal",23,"Imai quasi-Bayes",TRUE
"Comparator",300,"Skew-normal",23,"Imai bootstrap",TRUE
"Comparator",300,"Skew-normal",23,"medflex NEM",TRUE
"Comparator",300,"Asymmetric mixture",23,"OLS",TRUE
"Comparator",300,"Asymmetric mixture",23,"Semiparametric",TRUE
"Comparator",300,"Asymmetric mixture",23,"Imai quasi-Bayes",TRUE
"Comparator",300,"Asymmetric mixture",23,"Imai bootstrap",TRUE
"Comparator",300,"Asymmetric mixture",23,"medflex NEM",TRUE
"Comparator",300,"Symmetric bimodal",23,"OLS",TRUE
"Comparator",300,"Symmetric bimodal",23,"Semiparametric",FALSE
"Comparator",300,"Symmetric bimodal",23,"Imai quasi-Bayes",TRUE
"Comparator",300,"Symmetric bimodal",23,"Imai bootstrap",TRUE
"Comparator",300,"Symmetric bimodal",23,"medflex NEM",TRUE
"Comparator",300,"Gaussian",24,"OLS",TRUE
"Comparator",300,"Gaussian",24,"Semiparametric",TRUE
"Comparator",300,"Gaussian",24,"Imai quasi-Bayes",TRUE
"Comparator",300,"Gaussian",24,"Imai bootstrap",TRUE
"Comparator",300,"Gaussian",24,"medflex NEM",TRUE
"Comparator",300,"Skew-normal",24,"OLS",TRUE
"Comparator",300,"Skew-normal",24,"Semiparametric",TRUE
"Comparator",300,"Skew-normal",24,"Imai quasi-Bayes",TRUE
"Comparator",300,"Skew-normal",24,"Imai bootstrap",TRUE
"Comparator",300,"Skew-normal",24,"medflex NEM",TRUE
"Comparator",300,"Asymmetric mixture",24,"OLS",TRUE
"Comparator",300,"Asymmetric mixture",24,"Semiparametric",TRUE
"Comparator",300,"Asymmetric mixture",24,"Imai quasi-Bayes",TRUE
"Comparator",300,"Asymmetric mixture",24,"Imai bootstrap",TRUE
"Comparator",300,"Asymmetric mixture",24,"medflex NEM",TRUE
"Comparator",300,"Symmetric bimodal",24,"OLS",TRUE
"Comparator",300,"Symmetric bimodal",24,"Semiparametric",TRUE
"Comparator",300,"Symmetric bimodal",24,"Imai quasi-Bayes",TRUE
"Comparator",300,"Symmetric bimodal",24,"Imai bootstrap",TRUE
"Comparator",300,"Symmetric bimodal",24,"medflex NEM",TRUE
"Comparator",300,"Gaussian",25,"OLS",TRUE
"Comparator",300,"Gaussian",25,"Semiparametric",TRUE
"Comparator",300,"Gaussian",25,"Imai quasi-Bayes",TRUE
"Comparator",300,"Gaussian",25,"Imai bootstrap",TRUE
"Comparator",300,"Gaussian",25,"medflex NEM",TRUE
"Comparator",300,"Skew-normal",25,"OLS",TRUE
"Comparator",300,"Skew-normal",25,"Semiparametric",TRUE
"Comparator",300,"Skew-normal",25,"Imai quasi-Bayes",TRUE
"Comparator",300,"Skew-normal",25,"Imai bootstrap",TRUE
"Comparator",300,"Skew-normal",25,"medflex NEM",TRUE
"Comparator",300,"Asymmetric mixture",25,"OLS",TRUE
"Comparator",300,"Asymmetric mixture",25,"Semiparametric",TRUE
"Comparator",300,"Asymmetric mixture",25,"Imai quasi-Bayes",TRUE
"Comparator",300,"Asymmetric mixture",25,"Imai bootstrap",TRUE
"Comparator",300,"Asymmetric mixture",25,"medflex NEM",TRUE
"Comparator",300,"Symmetric bimodal",25,"OLS",TRUE
"Comparator",300,"Symmetric bimodal",25,"Semiparametric",TRUE
"Comparator",300,"Symmetric bimodal",25,"Imai quasi-Bayes",TRUE
"Comparator",300,"Symmetric bimodal",25,"Imai bootstrap",TRUE
"Comparator",300,"Symmetric bimodal",25,"medflex NEM",TRUE
"Comparator",300,"Gaussian",26,"OLS",TRUE
"Comparator",300,"Gaussian",26,"Semiparametric",TRUE
"Comparator",300,"Gaussian",26,"Imai quasi-Bayes",TRUE
"Comparator",300,"Gaussian",26,"Imai bootstrap",TRUE
"Comparator",300,"Gaussian",26,"medflex NEM",TRUE
"Comparator",300,"Skew-normal",26,"OLS",TRUE
"Comparator",300,"Skew-normal",26,"Semiparametric",TRUE
"Comparator",300,"Skew-normal",26,"Imai quasi-Bayes",TRUE
"Comparator",300,"Skew-normal",26,"Imai bootstrap",TRUE
"Comparator",300,"Skew-normal",26,"medflex NEM",TRUE
"Comparator",300,"Asymmetric mixture",26,"OLS",TRUE
"Comparator",300,"Asymmetric mixture",26,"Semiparametric",TRUE
"Comparator",300,"Asymmetric mixture",26,"Imai quasi-Bayes",TRUE
"Comparator",300,"Asymmetric mixture",26,"Imai bootstrap",TRUE
"Comparator",300,"Asymmetric mixture",26,"medflex NEM",TRUE
"Comparator",300,"Symmetric bimodal",26,"OLS",TRUE
"Comparator",300,"Symmetric bimodal",26,"Semiparametric",TRUE
"Comparator",300,"Symmetric bimodal",26,"Imai quasi-Bayes",TRUE
"Comparator",300,"Symmetric bimodal",26,"Imai bootstrap",TRUE
"Comparator",300,"Symmetric bimodal",26,"medflex NEM",TRUE
"Comparator",300,"Gaussian",27,"OLS",TRUE
"Comparator",300,"Gaussian",27,"Semiparametric",TRUE
"Comparator",300,"Gaussian",27,"Imai quasi-Bayes",TRUE
"Comparator",300,"Gaussian",27,"Imai bootstrap",TRUE
"Comparator",300,"Gaussian",27,"medflex NEM",TRUE
"Comparator",300,"Skew-normal",27,"OLS",TRUE
"Comparator",300,"Skew-normal",27,"Semiparametric",TRUE
"Comparator",300,"Skew-normal",27,"Imai quasi-Bayes",TRUE
"Comparator",300,"Skew-normal",27,"Imai bootstrap",TRUE
"Comparator",300,"Skew-normal",27,"medflex NEM",TRUE
"Comparator",300,"Asymmetric mixture",27,"OLS",TRUE
"Comparator",300,"Asymmetric mixture",27,"Semiparametric",TRUE
"Comparator",300,"Asymmetric mixture",27,"Imai quasi-Bayes",TRUE
"Comparator",300,"Asymmetric mixture",27,"Imai bootstrap",TRUE
"Comparator",300,"Asymmetric mixture",27,"medflex NEM",TRUE
"Comparator",300,"Symmetric bimodal",27,"OLS",TRUE
"Comparator",300,"Symmetric bimodal",27,"Semiparametric",TRUE
"Comparator",300,"Symmetric bimodal",27,"Imai quasi-Bayes",TRUE
"Comparator",300,"Symmetric bimodal",27,"Imai bootstrap",TRUE
"Comparator",300,"Symmetric bimodal",27,"medflex NEM",TRUE
"Comparator",300,"Gaussian",28,"OLS",TRUE
"Comparator",300,"Gaussian",28,"Semiparametric",TRUE
"Comparator",300,"Gaussian",28,"Imai quasi-Bayes",TRUE
"Comparator",300,"Gaussian",28,"Imai bootstrap",TRUE
"Comparator",300,"Gaussian",28,"medflex NEM",TRUE
"Comparator",300,"Skew-normal",28,"OLS",TRUE
"Comparator",300,"Skew-normal",28,"Semiparametric",TRUE
"Comparator",300,"Skew-normal",28,"Imai quasi-Bayes",TRUE
"Comparator",300,"Skew-normal",28,"Imai bootstrap",TRUE
"Comparator",300,"Skew-normal",28,"medflex NEM",TRUE
"Comparator",300,"Asymmetric mixture",28,"OLS",TRUE
"Comparator",300,"Asymmetric mixture",28,"Semiparametric",FALSE
"Comparator",300,"Asymmetric mixture",28,"Imai quasi-Bayes",TRUE
"Comparator",300,"Asymmetric mixture",28,"Imai bootstrap",TRUE
"Comparator",300,"Asymmetric mixture",28,"medflex NEM",TRUE
"Comparator",300,"Symmetric bimodal",28,"OLS",TRUE
"Comparator",300,"Symmetric bimodal",28,"Semiparametric",TRUE
"Comparator",300,"Symmetric bimodal",28,"Imai quasi-Bayes",TRUE
"Comparator",300,"Symmetric bimodal",28,"Imai bootstrap",TRUE
"Comparator",300,"Symmetric bimodal",28,"medflex NEM",TRUE
"Comparator",300,"Gaussian",29,"OLS",TRUE
"Comparator",300,"Gaussian",29,"Semiparametric",TRUE
"Comparator",300,"Gaussian",29,"Imai quasi-Bayes",TRUE
"Comparator",300,"Gaussian",29,"Imai bootstrap",TRUE
"Comparator",300,"Gaussian",29,"medflex NEM",TRUE
"Comparator",300,"Skew-normal",29,"OLS",TRUE
"Comparator",300,"Skew-normal",29,"Semiparametric",TRUE
"Comparator",300,"Skew-normal",29,"Imai quasi-Bayes",TRUE
"Comparator",300,"Skew-normal",29,"Imai bootstrap",TRUE
"Comparator",300,"Skew-normal",29,"medflex NEM",TRUE
"Comparator",300,"Asymmetric mixture",29,"OLS",TRUE
"Comparator",300,"Asymmetric mixture",29,"Semiparametric",TRUE
"Comparator",300,"Asymmetric mixture",29,"Imai quasi-Bayes",TRUE
"Comparator",300,"Asymmetric mixture",29,"Imai bootstrap",TRUE
"Comparator",300,"Asymmetric mixture",29,"medflex NEM",TRUE
"Comparator",300,"Symmetric bimodal",29,"OLS",TRUE
"Comparator",300,"Symmetric bimodal",29,"Semiparametric",TRUE
"Comparator",300,"Symmetric bimodal",29,"Imai quasi-Bayes",TRUE
"Comparator",300,"Symmetric bimodal",29,"Imai bootstrap",TRUE
"Comparator",300,"Symmetric bimodal",29,"medflex NEM",TRUE
"Comparator",300,"Gaussian",30,"OLS",TRUE
"Comparator",300,"Gaussian",30,"Semiparametric",TRUE
"Comparator",300,"Gaussian",30,"Imai quasi-Bayes",TRUE
"Comparator",300,"Gaussian",30,"Imai bootstrap",TRUE
"Comparator",300,"Gaussian",30,"medflex NEM",TRUE
"Comparator",300,"Skew-normal",30,"OLS",TRUE
"Comparator",300,"Skew-normal",30,"Semiparametric",TRUE
"Comparator",300,"Skew-normal",30,"Imai quasi-Bayes",TRUE
"Comparator",300,"Skew-normal",30,"Imai bootstrap",TRUE
"Comparator",300,"Skew-normal",30,"medflex NEM",TRUE
"Comparator",300,"Asymmetric mixture",30,"OLS",TRUE
"Comparator",300,"Asymmetric mixture",30,"Semiparametric",FALSE
"Comparator",300,"Asymmetric mixture",30,"Imai quasi-Bayes",TRUE
"Comparator",300,"Asymmetric mixture",30,"Imai bootstrap",TRUE
"Comparator",300,"Asymmetric mixture",30,"medflex NEM",TRUE
"Comparator",300,"Symmetric bimodal",30,"OLS",TRUE
"Comparator",300,"Symmetric bimodal",30,"Semiparametric",TRUE
"Comparator",300,"Symmetric bimodal",30,"Imai quasi-Bayes",TRUE
"Comparator",300,"Symmetric bimodal",30,"Imai bootstrap",TRUE
"Comparator",300,"Symmetric bimodal",30,"medflex NEM",TRUE
"Comparator",300,"Gaussian",31,"OLS",TRUE
"Comparator",300,"Gaussian",31,"Semiparametric",TRUE
"Comparator",300,"Gaussian",31,"Imai quasi-Bayes",TRUE
"Comparator",300,"Gaussian",31,"Imai bootstrap",TRUE
"Comparator",300,"Gaussian",31,"medflex NEM",TRUE
"Comparator",300,"Skew-normal",31,"OLS",TRUE
"Comparator",300,"Skew-normal",31,"Semiparametric",TRUE
"Comparator",300,"Skew-normal",31,"Imai quasi-Bayes",TRUE
"Comparator",300,"Skew-normal",31,"Imai bootstrap",TRUE
"Comparator",300,"Skew-normal",31,"medflex NEM",TRUE
"Comparator",300,"Asymmetric mixture",31,"OLS",TRUE
"Comparator",300,"Asymmetric mixture",31,"Semiparametric",TRUE
"Comparator",300,"Asymmetric mixture",31,"Imai quasi-Bayes",TRUE
"Comparator",300,"Asymmetric mixture",31,"Imai bootstrap",TRUE
"Comparator",300,"Asymmetric mixture",31,"medflex NEM",TRUE
"Comparator",300,"Symmetric bimodal",31,"OLS",TRUE
"Comparator",300,"Symmetric bimodal",31,"Semiparametric",TRUE
"Comparator",300,"Symmetric bimodal",31,"Imai quasi-Bayes",TRUE
"Comparator",300,"Symmetric bimodal",31,"Imai bootstrap",TRUE
"Comparator",300,"Symmetric bimodal",31,"medflex NEM",TRUE
"Comparator",300,"Gaussian",32,"OLS",TRUE
"Comparator",300,"Gaussian",32,"Semiparametric",TRUE
"Comparator",300,"Gaussian",32,"Imai quasi-Bayes",TRUE
"Comparator",300,"Gaussian",32,"Imai bootstrap",TRUE
"Comparator",300,"Gaussian",32,"medflex NEM",TRUE
"Comparator",300,"Skew-normal",32,"OLS",TRUE
"Comparator",300,"Skew-normal",32,"Semiparametric",TRUE
"Comparator",300,"Skew-normal",32,"Imai quasi-Bayes",TRUE
"Comparator",300,"Skew-normal",32,"Imai bootstrap",TRUE
"Comparator",300,"Skew-normal",32,"medflex NEM",TRUE
"Comparator",300,"Asymmetric mixture",32,"OLS",TRUE
"Comparator",300,"Asymmetric mixture",32,"Semiparametric",TRUE
"Comparator",300,"Asymmetric mixture",32,"Imai quasi-Bayes",TRUE
"Comparator",300,"Asymmetric mixture",32,"Imai bootstrap",TRUE
"Comparator",300,"Asymmetric mixture",32,"medflex NEM",TRUE
"Comparator",300,"Symmetric bimodal",32,"OLS",TRUE
"Comparator",300,"Symmetric bimodal",32,"Semiparametric",TRUE
"Comparator",300,"Symmetric bimodal",32,"Imai quasi-Bayes",TRUE
"Comparator",300,"Symmetric bimodal",32,"Imai bootstrap",TRUE
"Comparator",300,"Symmetric bimodal",32,"medflex NEM",TRUE
"Comparator",300,"Gaussian",33,"OLS",TRUE
"Comparator",300,"Gaussian",33,"Semiparametric",TRUE
"Comparator",300,"Gaussian",33,"Imai quasi-Bayes",TRUE
"Comparator",300,"Gaussian",33,"Imai bootstrap",TRUE
"Comparator",300,"Gaussian",33,"medflex NEM",TRUE
"Comparator",300,"Skew-normal",33,"OLS",TRUE
"Comparator",300,"Skew-normal",33,"Semiparametric",TRUE
"Comparator",300,"Skew-normal",33,"Imai quasi-Bayes",TRUE
"Comparator",300,"Skew-normal",33,"Imai bootstrap",TRUE
"Comparator",300,"Skew-normal",33,"medflex NEM",TRUE
"Comparator",300,"Asymmetric mixture",33,"OLS",TRUE
"Comparator",300,"Asymmetric mixture",33,"Semiparametric",TRUE
"Comparator",300,"Asymmetric mixture",33,"Imai quasi-Bayes",TRUE
"Comparator",300,"Asymmetric mixture",33,"Imai bootstrap",TRUE
"Comparator",300,"Asymmetric mixture",33,"medflex NEM",TRUE
"Comparator",300,"Symmetric bimodal",33,"OLS",TRUE
"Comparator",300,"Symmetric bimodal",33,"Semiparametric",TRUE
"Comparator",300,"Symmetric bimodal",33,"Imai quasi-Bayes",TRUE
"Comparator",300,"Symmetric bimodal",33,"Imai bootstrap",TRUE
"Comparator",300,"Symmetric bimodal",33,"medflex NEM",TRUE
"Comparator",300,"Gaussian",34,"OLS",TRUE
"Comparator",300,"Gaussian",34,"Semiparametric",TRUE
"Comparator",300,"Gaussian",34,"Imai quasi-Bayes",TRUE
"Comparator",300,"Gaussian",34,"Imai bootstrap",TRUE
"Comparator",300,"Gaussian",34,"medflex NEM",TRUE
"Comparator",300,"Skew-normal",34,"OLS",TRUE
"Comparator",300,"Skew-normal",34,"Semiparametric",TRUE
"Comparator",300,"Skew-normal",34,"Imai quasi-Bayes",TRUE
"Comparator",300,"Skew-normal",34,"Imai bootstrap",TRUE
"Comparator",300,"Skew-normal",34,"medflex NEM",TRUE
"Comparator",300,"Asymmetric mixture",34,"OLS",TRUE
"Comparator",300,"Asymmetric mixture",34,"Semiparametric",TRUE
"Comparator",300,"Asymmetric mixture",34,"Imai quasi-Bayes",TRUE
"Comparator",300,"Asymmetric mixture",34,"Imai bootstrap",TRUE
"Comparator",300,"Asymmetric mixture",34,"medflex NEM",TRUE
"Comparator",300,"Symmetric bimodal",34,"OLS",TRUE
"Comparator",300,"Symmetric bimodal",34,"Semiparametric",TRUE
"Comparator",300,"Symmetric bimodal",34,"Imai quasi-Bayes",TRUE
"Comparator",300,"Symmetric bimodal",34,"Imai bootstrap",TRUE
"Comparator",300,"Symmetric bimodal",34,"medflex NEM",TRUE
"Comparator",300,"Gaussian",35,"OLS",TRUE
"Comparator",300,"Gaussian",35,"Semiparametric",TRUE
"Comparator",300,"Gaussian",35,"Imai quasi-Bayes",TRUE
"Comparator",300,"Gaussian",35,"Imai bootstrap",TRUE
"Comparator",300,"Gaussian",35,"medflex NEM",TRUE
"Comparator",300,"Skew-normal",35,"OLS",TRUE
"Comparator",300,"Skew-normal",35,"Semiparametric",TRUE
"Comparator",300,"Skew-normal",35,"Imai quasi-Bayes",TRUE
"Comparator",300,"Skew-normal",35,"Imai bootstrap",TRUE
"Comparator",300,"Skew-normal",35,"medflex NEM",TRUE
"Comparator",300,"Asymmetric mixture",35,"OLS",TRUE
"Comparator",300,"Asymmetric mixture",35,"Semiparametric",TRUE
"Comparator",300,"Asymmetric mixture",35,"Imai quasi-Bayes",TRUE
"Comparator",300,"Asymmetric mixture",35,"Imai bootstrap",TRUE
"Comparator",300,"Asymmetric mixture",35,"medflex NEM",TRUE
"Comparator",300,"Symmetric bimodal",35,"OLS",TRUE
"Comparator",300,"Symmetric bimodal",35,"Semiparametric",TRUE
"Comparator",300,"Symmetric bimodal",35,"Imai quasi-Bayes",TRUE
"Comparator",300,"Symmetric bimodal",35,"Imai bootstrap",TRUE
"Comparator",300,"Symmetric bimodal",35,"medflex NEM",TRUE
"Comparator",300,"Gaussian",36,"OLS",TRUE
"Comparator",300,"Gaussian",36,"Semiparametric",TRUE
"Comparator",300,"Gaussian",36,"Imai quasi-Bayes",TRUE
"Comparator",300,"Gaussian",36,"Imai bootstrap",TRUE
"Comparator",300,"Gaussian",36,"medflex NEM",TRUE
"Comparator",300,"Skew-normal",36,"OLS",TRUE
"Comparator",300,"Skew-normal",36,"Semiparametric",TRUE
"Comparator",300,"Skew-normal",36,"Imai quasi-Bayes",TRUE
"Comparator",300,"Skew-normal",36,"Imai bootstrap",TRUE
"Comparator",300,"Skew-normal",36,"medflex NEM",TRUE
"Comparator",300,"Asymmetric mixture",36,"OLS",TRUE
"Comparator",300,"Asymmetric mixture",36,"Semiparametric",TRUE
"Comparator",300,"Asymmetric mixture",36,"Imai quasi-Bayes",TRUE
"Comparator",300,"Asymmetric mixture",36,"Imai bootstrap",TRUE
"Comparator",300,"Asymmetric mixture",36,"medflex NEM",TRUE
"Comparator",300,"Symmetric bimodal",36,"OLS",TRUE
"Comparator",300,"Symmetric bimodal",36,"Semiparametric",TRUE
"Comparator",300,"Symmetric bimodal",36,"Imai quasi-Bayes",TRUE
"Comparator",300,"Symmetric bimodal",36,"Imai bootstrap",TRUE
"Comparator",300,"Symmetric bimodal",36,"medflex NEM",TRUE
"Comparator",300,"Gaussian",37,"OLS",TRUE
"Comparator",300,"Gaussian",37,"Semiparametric",TRUE
"Comparator",300,"Gaussian",37,"Imai quasi-Bayes",TRUE
"Comparator",300,"Gaussian",37,"Imai bootstrap",TRUE
"Comparator",300,"Gaussian",37,"medflex NEM",TRUE
"Comparator",300,"Skew-normal",37,"OLS",TRUE
"Comparator",300,"Skew-normal",37,"Semiparametric",TRUE
"Comparator",300,"Skew-normal",37,"Imai quasi-Bayes",TRUE
"Comparator",300,"Skew-normal",37,"Imai bootstrap",TRUE
"Comparator",300,"Skew-normal",37,"medflex NEM",TRUE
"Comparator",300,"Asymmetric mixture",37,"OLS",TRUE
"Comparator",300,"Asymmetric mixture",37,"Semiparametric",TRUE
"Comparator",300,"Asymmetric mixture",37,"Imai quasi-Bayes",TRUE
"Comparator",300,"Asymmetric mixture",37,"Imai bootstrap",TRUE
"Comparator",300,"Asymmetric mixture",37,"medflex NEM",TRUE
"Comparator",300,"Symmetric bimodal",37,"OLS",TRUE
"Comparator",300,"Symmetric bimodal",37,"Semiparametric",TRUE
"Comparator",300,"Symmetric bimodal",37,"Imai quasi-Bayes",TRUE
"Comparator",300,"Symmetric bimodal",37,"Imai bootstrap",TRUE
"Comparator",300,"Symmetric bimodal",37,"medflex NEM",TRUE
"Comparator",300,"Gaussian",38,"OLS",TRUE
"Comparator",300,"Gaussian",38,"Semiparametric",TRUE
"Comparator",300,"Gaussian",38,"Imai quasi-Bayes",TRUE
"Comparator",300,"Gaussian",38,"Imai bootstrap",TRUE
"Comparator",300,"Gaussian",38,"medflex NEM",TRUE
"Comparator",300,"Skew-normal",38,"OLS",TRUE
"Comparator",300,"Skew-normal",38,"Semiparametric",TRUE
"Comparator",300,"Skew-normal",38,"Imai quasi-Bayes",TRUE
"Comparator",300,"Skew-normal",38,"Imai bootstrap",TRUE
"Comparator",300,"Skew-normal",38,"medflex NEM",TRUE
"Comparator",300,"Asymmetric mixture",38,"OLS",TRUE
"Comparator",300,"Asymmetric mixture",38,"Semiparametric",TRUE
"Comparator",300,"Asymmetric mixture",38,"Imai quasi-Bayes",TRUE
"Comparator",300,"Asymmetric mixture",38,"Imai bootstrap",TRUE
"Comparator",300,"Asymmetric mixture",38,"medflex NEM",TRUE
"Comparator",300,"Symmetric bimodal",38,"OLS",TRUE
"Comparator",300,"Symmetric bimodal",38,"Semiparametric",TRUE
"Comparator",300,"Symmetric bimodal",38,"Imai quasi-Bayes",TRUE
"Comparator",300,"Symmetric bimodal",38,"Imai bootstrap",TRUE
"Comparator",300,"Symmetric bimodal",38,"medflex NEM",TRUE
"Comparator",300,"Gaussian",39,"OLS",TRUE
"Comparator",300,"Gaussian",39,"Semiparametric",TRUE
"Comparator",300,"Gaussian",39,"Imai quasi-Bayes",TRUE
"Comparator",300,"Gaussian",39,"Imai bootstrap",TRUE
"Comparator",300,"Gaussian",39,"medflex NEM",TRUE
"Comparator",300,"Skew-normal",39,"OLS",TRUE
"Comparator",300,"Skew-normal",39,"Semiparametric",TRUE
"Comparator",300,"Skew-normal",39,"Imai quasi-Bayes",TRUE
"Comparator",300,"Skew-normal",39,"Imai bootstrap",TRUE
"Comparator",300,"Skew-normal",39,"medflex NEM",TRUE
"Comparator",300,"Asymmetric mixture",39,"OLS",TRUE
"Comparator",300,"Asymmetric mixture",39,"Semiparametric",TRUE
"Comparator",300,"Asymmetric mixture",39,"Imai quasi-Bayes",TRUE
"Comparator",300,"Asymmetric mixture",39,"Imai bootstrap",TRUE
"Comparator",300,"Asymmetric mixture",39,"medflex NEM",TRUE
"Comparator",300,"Symmetric bimodal",39,"OLS",TRUE
"Comparator",300,"Symmetric bimodal",39,"Semiparametric",TRUE
"Comparator",300,"Symmetric bimodal",39,"Imai quasi-Bayes",TRUE
"Comparator",300,"Symmetric bimodal",39,"Imai bootstrap",TRUE
"Comparator",300,"Symmetric bimodal",39,"medflex NEM",TRUE
"Comparator",300,"Gaussian",40,"OLS",TRUE
"Comparator",300,"Gaussian",40,"Semiparametric",TRUE
"Comparator",300,"Gaussian",40,"Imai quasi-Bayes",TRUE
"Comparator",300,"Gaussian",40,"Imai bootstrap",TRUE
"Comparator",300,"Gaussian",40,"medflex NEM",TRUE
"Comparator",300,"Skew-normal",40,"OLS",TRUE
"Comparator",300,"Skew-normal",40,"Semiparametric",TRUE
"Comparator",300,"Skew-normal",40,"Imai quasi-Bayes",TRUE
"Comparator",300,"Skew-normal",40,"Imai bootstrap",TRUE
"Comparator",300,"Skew-normal",40,"medflex NEM",TRUE
"Comparator",300,"Asymmetric mixture",40,"OLS",TRUE
"Comparator",300,"Asymmetric mixture",40,"Semiparametric",TRUE
"Comparator",300,"Asymmetric mixture",40,"Imai quasi-Bayes",TRUE
"Comparator",300,"Asymmetric mixture",40,"Imai bootstrap",TRUE
"Comparator",300,"Asymmetric mixture",40,"medflex NEM",TRUE
"Comparator",300,"Symmetric bimodal",40,"OLS",TRUE
"Comparator",300,"Symmetric bimodal",40,"Semiparametric",TRUE
"Comparator",300,"Symmetric bimodal",40,"Imai quasi-Bayes",TRUE
"Comparator",300,"Symmetric bimodal",40,"Imai bootstrap",TRUE
"Comparator",300,"Symmetric bimodal",40,"medflex NEM",TRUE
"Comparator",300,"Gaussian",41,"OLS",TRUE
"Comparator",300,"Gaussian",41,"Semiparametric",TRUE
"Comparator",300,"Gaussian",41,"Imai quasi-Bayes",TRUE
"Comparator",300,"Gaussian",41,"Imai bootstrap",TRUE
"Comparator",300,"Gaussian",41,"medflex NEM",TRUE
"Comparator",300,"Skew-normal",41,"OLS",TRUE
"Comparator",300,"Skew-normal",41,"Semiparametric",TRUE
"Comparator",300,"Skew-normal",41,"Imai quasi-Bayes",TRUE
"Comparator",300,"Skew-normal",41,"Imai bootstrap",TRUE
"Comparator",300,"Skew-normal",41,"medflex NEM",TRUE
"Comparator",300,"Asymmetric mixture",41,"OLS",TRUE
"Comparator",300,"Asymmetric mixture",41,"Semiparametric",TRUE
"Comparator",300,"Asymmetric mixture",41,"Imai quasi-Bayes",TRUE
"Comparator",300,"Asymmetric mixture",41,"Imai bootstrap",TRUE
"Comparator",300,"Asymmetric mixture",41,"medflex NEM",TRUE
"Comparator",300,"Symmetric bimodal",41,"OLS",TRUE
"Comparator",300,"Symmetric bimodal",41,"Semiparametric",TRUE
"Comparator",300,"Symmetric bimodal",41,"Imai quasi-Bayes",TRUE
"Comparator",300,"Symmetric bimodal",41,"Imai bootstrap",TRUE
"Comparator",300,"Symmetric bimodal",41,"medflex NEM",TRUE
"Comparator",300,"Gaussian",42,"OLS",TRUE
"Comparator",300,"Gaussian",42,"Semiparametric",TRUE
"Comparator",300,"Gaussian",42,"Imai quasi-Bayes",TRUE
"Comparator",300,"Gaussian",42,"Imai bootstrap",TRUE
"Comparator",300,"Gaussian",42,"medflex NEM",TRUE
"Comparator",300,"Skew-normal",42,"OLS",TRUE
"Comparator",300,"Skew-normal",42,"Semiparametric",TRUE
"Comparator",300,"Skew-normal",42,"Imai quasi-Bayes",TRUE
"Comparator",300,"Skew-normal",42,"Imai bootstrap",TRUE
"Comparator",300,"Skew-normal",42,"medflex NEM",TRUE
"Comparator",300,"Asymmetric mixture",42,"OLS",TRUE
"Comparator",300,"Asymmetric mixture",42,"Semiparametric",TRUE
"Comparator",300,"Asymmetric mixture",42,"Imai quasi-Bayes",TRUE
"Comparator",300,"Asymmetric mixture",42,"Imai bootstrap",TRUE
"Comparator",300,"Asymmetric mixture",42,"medflex NEM",TRUE
"Comparator",300,"Symmetric bimodal",42,"OLS",TRUE
"Comparator",300,"Symmetric bimodal",42,"Semiparametric",FALSE
"Comparator",300,"Symmetric bimodal",42,"Imai quasi-Bayes",TRUE
"Comparator",300,"Symmetric bimodal",42,"Imai bootstrap",TRUE
"Comparator",300,"Symmetric bimodal",42,"medflex NEM",TRUE
"Comparator",300,"Gaussian",43,"OLS",TRUE
"Comparator",300,"Gaussian",43,"Semiparametric",TRUE
"Comparator",300,"Gaussian",43,"Imai quasi-Bayes",TRUE
"Comparator",300,"Gaussian",43,"Imai bootstrap",TRUE
"Comparator",300,"Gaussian",43,"medflex NEM",TRUE
"Comparator",300,"Skew-normal",43,"OLS",TRUE
"Comparator",300,"Skew-normal",43,"Semiparametric",TRUE
"Comparator",300,"Skew-normal",43,"Imai quasi-Bayes",TRUE
"Comparator",300,"Skew-normal",43,"Imai bootstrap",TRUE
"Comparator",300,"Skew-normal",43,"medflex NEM",TRUE
"Comparator",300,"Asymmetric mixture",43,"OLS",TRUE
"Comparator",300,"Asymmetric mixture",43,"Semiparametric",TRUE
"Comparator",300,"Asymmetric mixture",43,"Imai quasi-Bayes",TRUE
"Comparator",300,"Asymmetric mixture",43,"Imai bootstrap",TRUE
"Comparator",300,"Asymmetric mixture",43,"medflex NEM",TRUE
"Comparator",300,"Symmetric bimodal",43,"OLS",TRUE
"Comparator",300,"Symmetric bimodal",43,"Semiparametric",TRUE
"Comparator",300,"Symmetric bimodal",43,"Imai quasi-Bayes",TRUE
"Comparator",300,"Symmetric bimodal",43,"Imai bootstrap",TRUE
"Comparator",300,"Symmetric bimodal",43,"medflex NEM",TRUE
"Comparator",300,"Gaussian",44,"OLS",TRUE
"Comparator",300,"Gaussian",44,"Semiparametric",TRUE
"Comparator",300,"Gaussian",44,"Imai quasi-Bayes",TRUE
"Comparator",300,"Gaussian",44,"Imai bootstrap",TRUE
"Comparator",300,"Gaussian",44,"medflex NEM",TRUE
"Comparator",300,"Skew-normal",44,"OLS",TRUE
"Comparator",300,"Skew-normal",44,"Semiparametric",TRUE
"Comparator",300,"Skew-normal",44,"Imai quasi-Bayes",TRUE
"Comparator",300,"Skew-normal",44,"Imai bootstrap",TRUE
"Comparator",300,"Skew-normal",44,"medflex NEM",TRUE
"Comparator",300,"Asymmetric mixture",44,"OLS",TRUE
"Comparator",300,"Asymmetric mixture",44,"Semiparametric",TRUE
"Comparator",300,"Asymmetric mixture",44,"Imai quasi-Bayes",TRUE
"Comparator",300,"Asymmetric mixture",44,"Imai bootstrap",TRUE
"Comparator",300,"Asymmetric mixture",44,"medflex NEM",TRUE
"Comparator",300,"Symmetric bimodal",44,"OLS",TRUE
"Comparator",300,"Symmetric bimodal",44,"Semiparametric",TRUE
"Comparator",300,"Symmetric bimodal",44,"Imai quasi-Bayes",TRUE
"Comparator",300,"Symmetric bimodal",44,"Imai bootstrap",TRUE
"Comparator",300,"Symmetric bimodal",44,"medflex NEM",TRUE
"Comparator",300,"Gaussian",45,"OLS",TRUE
"Comparator",300,"Gaussian",45,"Semiparametric",TRUE
"Comparator",300,"Gaussian",45,"Imai quasi-Bayes",TRUE
"Comparator",300,"Gaussian",45,"Imai bootstrap",TRUE
"Comparator",300,"Gaussian",45,"medflex NEM",TRUE
"Comparator",300,"Skew-normal",45,"OLS",TRUE
"Comparator",300,"Skew-normal",45,"Semiparametric",TRUE
"Comparator",300,"Skew-normal",45,"Imai quasi-Bayes",TRUE
"Comparator",300,"Skew-normal",45,"Imai bootstrap",TRUE
"Comparator",300,"Skew-normal",45,"medflex NEM",TRUE
"Comparator",300,"Asymmetric mixture",45,"OLS",TRUE
"Comparator",300,"Asymmetric mixture",45,"Semiparametric",TRUE
"Comparator",300,"Asymmetric mixture",45,"Imai quasi-Bayes",TRUE
"Comparator",300,"Asymmetric mixture",45,"Imai bootstrap",TRUE
"Comparator",300,"Asymmetric mixture",45,"medflex NEM",TRUE
"Comparator",300,"Symmetric bimodal",45,"OLS",TRUE
"Comparator",300,"Symmetric bimodal",45,"Semiparametric",TRUE
"Comparator",300,"Symmetric bimodal",45,"Imai quasi-Bayes",TRUE
"Comparator",300,"Symmetric bimodal",45,"Imai bootstrap",TRUE
"Comparator",300,"Symmetric bimodal",45,"medflex NEM",TRUE
"Comparator",300,"Gaussian",46,"OLS",TRUE
"Comparator",300,"Gaussian",46,"Semiparametric",TRUE
"Comparator",300,"Gaussian",46,"Imai quasi-Bayes",TRUE
"Comparator",300,"Gaussian",46,"Imai bootstrap",TRUE
"Comparator",300,"Gaussian",46,"medflex NEM",TRUE
"Comparator",300,"Skew-normal",46,"OLS",TRUE
"Comparator",300,"Skew-normal",46,"Semiparametric",TRUE
"Comparator",300,"Skew-normal",46,"Imai quasi-Bayes",TRUE
"Comparator",300,"Skew-normal",46,"Imai bootstrap",TRUE
"Comparator",300,"Skew-normal",46,"medflex NEM",TRUE
"Comparator",300,"Asymmetric mixture",46,"OLS",TRUE
"Comparator",300,"Asymmetric mixture",46,"Semiparametric",TRUE
"Comparator",300,"Asymmetric mixture",46,"Imai quasi-Bayes",TRUE
"Comparator",300,"Asymmetric mixture",46,"Imai bootstrap",TRUE
"Comparator",300,"Asymmetric mixture",46,"medflex NEM",TRUE
"Comparator",300,"Symmetric bimodal",46,"OLS",TRUE
"Comparator",300,"Symmetric bimodal",46,"Semiparametric",TRUE
"Comparator",300,"Symmetric bimodal",46,"Imai quasi-Bayes",TRUE
"Comparator",300,"Symmetric bimodal",46,"Imai bootstrap",TRUE
"Comparator",300,"Symmetric bimodal",46,"medflex NEM",TRUE
"Comparator",300,"Gaussian",47,"OLS",TRUE
"Comparator",300,"Gaussian",47,"Semiparametric",TRUE
"Comparator",300,"Gaussian",47,"Imai quasi-Bayes",TRUE
"Comparator",300,"Gaussian",47,"Imai bootstrap",TRUE
"Comparator",300,"Gaussian",47,"medflex NEM",TRUE
"Comparator",300,"Skew-normal",47,"OLS",TRUE
"Comparator",300,"Skew-normal",47,"Semiparametric",TRUE
"Comparator",300,"Skew-normal",47,"Imai quasi-Bayes",TRUE
"Comparator",300,"Skew-normal",47,"Imai bootstrap",TRUE
"Comparator",300,"Skew-normal",47,"medflex NEM",TRUE
"Comparator",300,"Asymmetric mixture",47,"OLS",TRUE
"Comparator",300,"Asymmetric mixture",47,"Semiparametric",TRUE
"Comparator",300,"Asymmetric mixture",47,"Imai quasi-Bayes",TRUE
"Comparator",300,"Asymmetric mixture",47,"Imai bootstrap",TRUE
"Comparator",300,"Asymmetric mixture",47,"medflex NEM",TRUE
"Comparator",300,"Symmetric bimodal",47,"OLS",TRUE
"Comparator",300,"Symmetric bimodal",47,"Semiparametric",TRUE
"Comparator",300,"Symmetric bimodal",47,"Imai quasi-Bayes",TRUE
"Comparator",300,"Symmetric bimodal",47,"Imai bootstrap",TRUE
"Comparator",300,"Symmetric bimodal",47,"medflex NEM",TRUE
"Comparator",300,"Gaussian",48,"OLS",TRUE
"Comparator",300,"Gaussian",48,"Semiparametric",TRUE
"Comparator",300,"Gaussian",48,"Imai quasi-Bayes",TRUE
"Comparator",300,"Gaussian",48,"Imai bootstrap",TRUE
"Comparator",300,"Gaussian",48,"medflex NEM",TRUE
"Comparator",300,"Skew-normal",48,"OLS",TRUE
"Comparator",300,"Skew-normal",48,"Semiparametric",TRUE
"Comparator",300,"Skew-normal",48,"Imai quasi-Bayes",TRUE
"Comparator",300,"Skew-normal",48,"Imai bootstrap",TRUE
"Comparator",300,"Skew-normal",48,"medflex NEM",TRUE
"Comparator",300,"Asymmetric mixture",48,"OLS",TRUE
"Comparator",300,"Asymmetric mixture",48,"Semiparametric",TRUE
"Comparator",300,"Asymmetric mixture",48,"Imai quasi-Bayes",TRUE
"Comparator",300,"Asymmetric mixture",48,"Imai bootstrap",TRUE
"Comparator",300,"Asymmetric mixture",48,"medflex NEM",TRUE
"Comparator",300,"Symmetric bimodal",48,"OLS",TRUE
"Comparator",300,"Symmetric bimodal",48,"Semiparametric",TRUE
"Comparator",300,"Symmetric bimodal",48,"Imai quasi-Bayes",TRUE
"Comparator",300,"Symmetric bimodal",48,"Imai bootstrap",TRUE
"Comparator",300,"Symmetric bimodal",48,"medflex NEM",TRUE
"Comparator",300,"Gaussian",49,"OLS",TRUE
"Comparator",300,"Gaussian",49,"Semiparametric",TRUE
"Comparator",300,"Gaussian",49,"Imai quasi-Bayes",TRUE
"Comparator",300,"Gaussian",49,"Imai bootstrap",TRUE
"Comparator",300,"Gaussian",49,"medflex NEM",TRUE
"Comparator",300,"Skew-normal",49,"OLS",TRUE
"Comparator",300,"Skew-normal",49,"Semiparametric",TRUE
"Comparator",300,"Skew-normal",49,"Imai quasi-Bayes",TRUE
"Comparator",300,"Skew-normal",49,"Imai bootstrap",TRUE
"Comparator",300,"Skew-normal",49,"medflex NEM",TRUE
"Comparator",300,"Asymmetric mixture",49,"OLS",TRUE
"Comparator",300,"Asymmetric mixture",49,"Semiparametric",TRUE
"Comparator",300,"Asymmetric mixture",49,"Imai quasi-Bayes",TRUE
"Comparator",300,"Asymmetric mixture",49,"Imai bootstrap",TRUE
"Comparator",300,"Asymmetric mixture",49,"medflex NEM",TRUE
"Comparator",300,"Symmetric bimodal",49,"OLS",TRUE
"Comparator",300,"Symmetric bimodal",49,"Semiparametric",TRUE
"Comparator",300,"Symmetric bimodal",49,"Imai quasi-Bayes",TRUE
"Comparator",300,"Symmetric bimodal",49,"Imai bootstrap",TRUE
"Comparator",300,"Symmetric bimodal",49,"medflex NEM",TRUE
"Comparator",300,"Gaussian",50,"OLS",TRUE
"Comparator",300,"Gaussian",50,"Semiparametric",TRUE
"Comparator",300,"Gaussian",50,"Imai quasi-Bayes",TRUE
"Comparator",300,"Gaussian",50,"Imai bootstrap",TRUE
"Comparator",300,"Gaussian",50,"medflex NEM",TRUE
"Comparator",300,"Skew-normal",50,"OLS",TRUE
"Comparator",300,"Skew-normal",50,"Semiparametric",TRUE
"Comparator",300,"Skew-normal",50,"Imai quasi-Bayes",TRUE
"Comparator",300,"Skew-normal",50,"Imai bootstrap",TRUE
"Comparator",300,"Skew-normal",50,"medflex NEM",TRUE
"Comparator",300,"Asymmetric mixture",50,"OLS",TRUE
"Comparator",300,"Asymmetric mixture",50,"Semiparametric",TRUE
"Comparator",300,"Asymmetric mixture",50,"Imai quasi-Bayes",TRUE
"Comparator",300,"Asymmetric mixture",50,"Imai bootstrap",TRUE
"Comparator",300,"Asymmetric mixture",50,"medflex NEM",TRUE
"Comparator",300,"Symmetric bimodal",50,"OLS",TRUE
"Comparator",300,"Symmetric bimodal",50,"Semiparametric",TRUE
"Comparator",300,"Symmetric bimodal",50,"Imai quasi-Bayes",TRUE
"Comparator",300,"Symmetric bimodal",50,"Imai bootstrap",TRUE
"Comparator",300,"Symmetric bimodal",50,"medflex NEM",TRUE
"Comparator",300,"Gaussian",51,"OLS",TRUE
"Comparator",300,"Gaussian",51,"Semiparametric",TRUE
"Comparator",300,"Gaussian",51,"Imai quasi-Bayes",TRUE
"Comparator",300,"Gaussian",51,"Imai bootstrap",TRUE
"Comparator",300,"Gaussian",51,"medflex NEM",TRUE
"Comparator",300,"Skew-normal",51,"OLS",TRUE
"Comparator",300,"Skew-normal",51,"Semiparametric",TRUE
"Comparator",300,"Skew-normal",51,"Imai quasi-Bayes",TRUE
"Comparator",300,"Skew-normal",51,"Imai bootstrap",TRUE
"Comparator",300,"Skew-normal",51,"medflex NEM",TRUE
"Comparator",300,"Asymmetric mixture",51,"OLS",TRUE
"Comparator",300,"Asymmetric mixture",51,"Semiparametric",TRUE
"Comparator",300,"Asymmetric mixture",51,"Imai quasi-Bayes",TRUE
"Comparator",300,"Asymmetric mixture",51,"Imai bootstrap",TRUE
"Comparator",300,"Asymmetric mixture",51,"medflex NEM",TRUE
"Comparator",300,"Symmetric bimodal",51,"OLS",TRUE
"Comparator",300,"Symmetric bimodal",51,"Semiparametric",TRUE
"Comparator",300,"Symmetric bimodal",51,"Imai quasi-Bayes",TRUE
"Comparator",300,"Symmetric bimodal",51,"Imai bootstrap",TRUE
"Comparator",300,"Symmetric bimodal",51,"medflex NEM",TRUE
"Comparator",300,"Gaussian",52,"OLS",TRUE
"Comparator",300,"Gaussian",52,"Semiparametric",TRUE
"Comparator",300,"Gaussian",52,"Imai quasi-Bayes",TRUE
"Comparator",300,"Gaussian",52,"Imai bootstrap",TRUE
"Comparator",300,"Gaussian",52,"medflex NEM",TRUE
"Comparator",300,"Skew-normal",52,"OLS",TRUE
"Comparator",300,"Skew-normal",52,"Semiparametric",TRUE
"Comparator",300,"Skew-normal",52,"Imai quasi-Bayes",TRUE
"Comparator",300,"Skew-normal",52,"Imai bootstrap",TRUE
"Comparator",300,"Skew-normal",52,"medflex NEM",TRUE
"Comparator",300,"Asymmetric mixture",52,"OLS",TRUE
"Comparator",300,"Asymmetric mixture",52,"Semiparametric",TRUE
"Comparator",300,"Asymmetric mixture",52,"Imai quasi-Bayes",TRUE
"Comparator",300,"Asymmetric mixture",52,"Imai bootstrap",TRUE
"Comparator",300,"Asymmetric mixture",52,"medflex NEM",TRUE
"Comparator",300,"Symmetric bimodal",52,"OLS",TRUE
"Comparator",300,"Symmetric bimodal",52,"Semiparametric",TRUE
"Comparator",300,"Symmetric bimodal",52,"Imai quasi-Bayes",TRUE
"Comparator",300,"Symmetric bimodal",52,"Imai bootstrap",TRUE
"Comparator",300,"Symmetric bimodal",52,"medflex NEM",TRUE
"Comparator",300,"Gaussian",53,"OLS",TRUE
"Comparator",300,"Gaussian",53,"Semiparametric",TRUE
"Comparator",300,"Gaussian",53,"Imai quasi-Bayes",TRUE
"Comparator",300,"Gaussian",53,"Imai bootstrap",TRUE
"Comparator",300,"Gaussian",53,"medflex NEM",TRUE
"Comparator",300,"Skew-normal",53,"OLS",TRUE
"Comparator",300,"Skew-normal",53,"Semiparametric",TRUE
"Comparator",300,"Skew-normal",53,"Imai quasi-Bayes",TRUE
"Comparator",300,"Skew-normal",53,"Imai bootstrap",TRUE
"Comparator",300,"Skew-normal",53,"medflex NEM",TRUE
"Comparator",300,"Asymmetric mixture",53,"OLS",TRUE
"Comparator",300,"Asymmetric mixture",53,"Semiparametric",TRUE
"Comparator",300,"Asymmetric mixture",53,"Imai quasi-Bayes",TRUE
"Comparator",300,"Asymmetric mixture",53,"Imai bootstrap",TRUE
"Comparator",300,"Asymmetric mixture",53,"medflex NEM",TRUE
"Comparator",300,"Symmetric bimodal",53,"OLS",TRUE
"Comparator",300,"Symmetric bimodal",53,"Semiparametric",TRUE
"Comparator",300,"Symmetric bimodal",53,"Imai quasi-Bayes",TRUE
"Comparator",300,"Symmetric bimodal",53,"Imai bootstrap",TRUE
"Comparator",300,"Symmetric bimodal",53,"medflex NEM",TRUE
"Comparator",300,"Gaussian",54,"OLS",TRUE
"Comparator",300,"Gaussian",54,"Semiparametric",TRUE
"Comparator",300,"Gaussian",54,"Imai quasi-Bayes",TRUE
"Comparator",300,"Gaussian",54,"Imai bootstrap",TRUE
"Comparator",300,"Gaussian",54,"medflex NEM",TRUE
"Comparator",300,"Skew-normal",54,"OLS",TRUE
"Comparator",300,"Skew-normal",54,"Semiparametric",TRUE
"Comparator",300,"Skew-normal",54,"Imai quasi-Bayes",TRUE
"Comparator",300,"Skew-normal",54,"Imai bootstrap",TRUE
"Comparator",300,"Skew-normal",54,"medflex NEM",TRUE
"Comparator",300,"Asymmetric mixture",54,"OLS",TRUE
"Comparator",300,"Asymmetric mixture",54,"Semiparametric",TRUE
"Comparator",300,"Asymmetric mixture",54,"Imai quasi-Bayes",TRUE
"Comparator",300,"Asymmetric mixture",54,"Imai bootstrap",TRUE
"Comparator",300,"Asymmetric mixture",54,"medflex NEM",TRUE
"Comparator",300,"Symmetric bimodal",54,"OLS",TRUE
"Comparator",300,"Symmetric bimodal",54,"Semiparametric",TRUE
"Comparator",300,"Symmetric bimodal",54,"Imai quasi-Bayes",TRUE
"Comparator",300,"Symmetric bimodal",54,"Imai bootstrap",TRUE
"Comparator",300,"Symmetric bimodal",54,"medflex NEM",TRUE
"Comparator",300,"Gaussian",55,"OLS",TRUE
"Comparator",300,"Gaussian",55,"Semiparametric",TRUE
"Comparator",300,"Gaussian",55,"Imai quasi-Bayes",TRUE
"Comparator",300,"Gaussian",55,"Imai bootstrap",TRUE
"Comparator",300,"Gaussian",55,"medflex NEM",TRUE
"Comparator",300,"Skew-normal",55,"OLS",TRUE
"Comparator",300,"Skew-normal",55,"Semiparametric",TRUE
"Comparator",300,"Skew-normal",55,"Imai quasi-Bayes",TRUE
"Comparator",300,"Skew-normal",55,"Imai bootstrap",TRUE
"Comparator",300,"Skew-normal",55,"medflex NEM",TRUE
"Comparator",300,"Asymmetric mixture",55,"OLS",TRUE
"Comparator",300,"Asymmetric mixture",55,"Semiparametric",TRUE
"Comparator",300,"Asymmetric mixture",55,"Imai quasi-Bayes",TRUE
"Comparator",300,"Asymmetric mixture",55,"Imai bootstrap",TRUE
"Comparator",300,"Asymmetric mixture",55,"medflex NEM",TRUE
"Comparator",300,"Symmetric bimodal",55,"OLS",TRUE
"Comparator",300,"Symmetric bimodal",55,"Semiparametric",TRUE
"Comparator",300,"Symmetric bimodal",55,"Imai quasi-Bayes",TRUE
"Comparator",300,"Symmetric bimodal",55,"Imai bootstrap",TRUE
"Comparator",300,"Symmetric bimodal",55,"medflex NEM",TRUE
"Comparator",300,"Gaussian",56,"OLS",TRUE
"Comparator",300,"Gaussian",56,"Semiparametric",TRUE
"Comparator",300,"Gaussian",56,"Imai quasi-Bayes",TRUE
"Comparator",300,"Gaussian",56,"Imai bootstrap",TRUE
"Comparator",300,"Gaussian",56,"medflex NEM",TRUE
"Comparator",300,"Skew-normal",56,"OLS",TRUE
"Comparator",300,"Skew-normal",56,"Semiparametric",TRUE
"Comparator",300,"Skew-normal",56,"Imai quasi-Bayes",TRUE
"Comparator",300,"Skew-normal",56,"Imai bootstrap",TRUE
"Comparator",300,"Skew-normal",56,"medflex NEM",TRUE
"Comparator",300,"Asymmetric mixture",56,"OLS",TRUE
"Comparator",300,"Asymmetric mixture",56,"Semiparametric",TRUE
"Comparator",300,"Asymmetric mixture",56,"Imai quasi-Bayes",TRUE
"Comparator",300,"Asymmetric mixture",56,"Imai bootstrap",TRUE
"Comparator",300,"Asymmetric mixture",56,"medflex NEM",TRUE
"Comparator",300,"Symmetric bimodal",56,"OLS",TRUE
"Comparator",300,"Symmetric bimodal",56,"Semiparametric",TRUE
"Comparator",300,"Symmetric bimodal",56,"Imai quasi-Bayes",TRUE
"Comparator",300,"Symmetric bimodal",56,"Imai bootstrap",TRUE
"Comparator",300,"Symmetric bimodal",56,"medflex NEM",TRUE
"Comparator",300,"Gaussian",57,"OLS",TRUE
"Comparator",300,"Gaussian",57,"Semiparametric",TRUE
"Comparator",300,"Gaussian",57,"Imai quasi-Bayes",TRUE
"Comparator",300,"Gaussian",57,"Imai bootstrap",TRUE
"Comparator",300,"Gaussian",57,"medflex NEM",TRUE
"Comparator",300,"Skew-normal",57,"OLS",TRUE
"Comparator",300,"Skew-normal",57,"Semiparametric",TRUE
"Comparator",300,"Skew-normal",57,"Imai quasi-Bayes",TRUE
"Comparator",300,"Skew-normal",57,"Imai bootstrap",TRUE
"Comparator",300,"Skew-normal",57,"medflex NEM",TRUE
"Comparator",300,"Asymmetric mixture",57,"OLS",TRUE
"Comparator",300,"Asymmetric mixture",57,"Semiparametric",TRUE
"Comparator",300,"Asymmetric mixture",57,"Imai quasi-Bayes",TRUE
"Comparator",300,"Asymmetric mixture",57,"Imai bootstrap",TRUE
"Comparator",300,"Asymmetric mixture",57,"medflex NEM",TRUE
"Comparator",300,"Symmetric bimodal",57,"OLS",TRUE
"Comparator",300,"Symmetric bimodal",57,"Semiparametric",TRUE
"Comparator",300,"Symmetric bimodal",57,"Imai quasi-Bayes",TRUE
"Comparator",300,"Symmetric bimodal",57,"Imai bootstrap",TRUE
"Comparator",300,"Symmetric bimodal",57,"medflex NEM",TRUE
"Comparator",300,"Gaussian",58,"OLS",TRUE
"Comparator",300,"Gaussian",58,"Semiparametric",TRUE
"Comparator",300,"Gaussian",58,"Imai quasi-Bayes",TRUE
"Comparator",300,"Gaussian",58,"Imai bootstrap",TRUE
"Comparator",300,"Gaussian",58,"medflex NEM",TRUE
"Comparator",300,"Skew-normal",58,"OLS",TRUE
"Comparator",300,"Skew-normal",58,"Semiparametric",TRUE
"Comparator",300,"Skew-normal",58,"Imai quasi-Bayes",TRUE
"Comparator",300,"Skew-normal",58,"Imai bootstrap",TRUE
"Comparator",300,"Skew-normal",58,"medflex NEM",TRUE
"Comparator",300,"Asymmetric mixture",58,"OLS",TRUE
"Comparator",300,"Asymmetric mixture",58,"Semiparametric",TRUE
"Comparator",300,"Asymmetric mixture",58,"Imai quasi-Bayes",TRUE
"Comparator",300,"Asymmetric mixture",58,"Imai bootstrap",TRUE
"Comparator",300,"Asymmetric mixture",58,"medflex NEM",TRUE
"Comparator",300,"Symmetric bimodal",58,"OLS",TRUE
"Comparator",300,"Symmetric bimodal",58,"Semiparametric",TRUE
"Comparator",300,"Symmetric bimodal",58,"Imai quasi-Bayes",TRUE
"Comparator",300,"Symmetric bimodal",58,"Imai bootstrap",TRUE
"Comparator",300,"Symmetric bimodal",58,"medflex NEM",TRUE
"Comparator",300,"Gaussian",59,"OLS",TRUE
"Comparator",300,"Gaussian",59,"Semiparametric",TRUE
"Comparator",300,"Gaussian",59,"Imai quasi-Bayes",TRUE
"Comparator",300,"Gaussian",59,"Imai bootstrap",TRUE
"Comparator",300,"Gaussian",59,"medflex NEM",TRUE
"Comparator",300,"Skew-normal",59,"OLS",TRUE
"Comparator",300,"Skew-normal",59,"Semiparametric",TRUE
"Comparator",300,"Skew-normal",59,"Imai quasi-Bayes",TRUE
"Comparator",300,"Skew-normal",59,"Imai bootstrap",TRUE
"Comparator",300,"Skew-normal",59,"medflex NEM",TRUE
"Comparator",300,"Asymmetric mixture",59,"OLS",TRUE
"Comparator",300,"Asymmetric mixture",59,"Semiparametric",TRUE
"Comparator",300,"Asymmetric mixture",59,"Imai quasi-Bayes",TRUE
"Comparator",300,"Asymmetric mixture",59,"Imai bootstrap",TRUE
"Comparator",300,"Asymmetric mixture",59,"medflex NEM",TRUE
"Comparator",300,"Symmetric bimodal",59,"OLS",TRUE
"Comparator",300,"Symmetric bimodal",59,"Semiparametric",TRUE
"Comparator",300,"Symmetric bimodal",59,"Imai quasi-Bayes",TRUE
"Comparator",300,"Symmetric bimodal",59,"Imai bootstrap",TRUE
"Comparator",300,"Symmetric bimodal",59,"medflex NEM",TRUE
"Comparator",300,"Gaussian",60,"OLS",TRUE
"Comparator",300,"Gaussian",60,"Semiparametric",TRUE
"Comparator",300,"Gaussian",60,"Imai quasi-Bayes",TRUE
"Comparator",300,"Gaussian",60,"Imai bootstrap",TRUE
"Comparator",300,"Gaussian",60,"medflex NEM",TRUE
"Comparator",300,"Skew-normal",60,"OLS",TRUE
"Comparator",300,"Skew-normal",60,"Semiparametric",TRUE
"Comparator",300,"Skew-normal",60,"Imai quasi-Bayes",TRUE
"Comparator",300,"Skew-normal",60,"Imai bootstrap",TRUE
"Comparator",300,"Skew-normal",60,"medflex NEM",TRUE
"Comparator",300,"Asymmetric mixture",60,"OLS",TRUE
"Comparator",300,"Asymmetric mixture",60,"Semiparametric",TRUE
"Comparator",300,"Asymmetric mixture",60,"Imai quasi-Bayes",TRUE
"Comparator",300,"Asymmetric mixture",60,"Imai bootstrap",TRUE
"Comparator",300,"Asymmetric mixture",60,"medflex NEM",TRUE
"Comparator",300,"Symmetric bimodal",60,"OLS",TRUE
"Comparator",300,"Symmetric bimodal",60,"Semiparametric",TRUE
"Comparator",300,"Symmetric bimodal",60,"Imai quasi-Bayes",TRUE
"Comparator",300,"Symmetric bimodal",60,"Imai bootstrap",TRUE
"Comparator",300,"Symmetric bimodal",60,"medflex NEM",TRUE
"Comparator",300,"Gaussian",61,"OLS",TRUE
"Comparator",300,"Gaussian",61,"Semiparametric",TRUE
"Comparator",300,"Gaussian",61,"Imai quasi-Bayes",TRUE
"Comparator",300,"Gaussian",61,"Imai bootstrap",TRUE
"Comparator",300,"Gaussian",61,"medflex NEM",TRUE
"Comparator",300,"Skew-normal",61,"OLS",TRUE
"Comparator",300,"Skew-normal",61,"Semiparametric",TRUE
"Comparator",300,"Skew-normal",61,"Imai quasi-Bayes",TRUE
"Comparator",300,"Skew-normal",61,"Imai bootstrap",TRUE
"Comparator",300,"Skew-normal",61,"medflex NEM",TRUE
"Comparator",300,"Asymmetric mixture",61,"OLS",TRUE
"Comparator",300,"Asymmetric mixture",61,"Semiparametric",TRUE
"Comparator",300,"Asymmetric mixture",61,"Imai quasi-Bayes",TRUE
"Comparator",300,"Asymmetric mixture",61,"Imai bootstrap",TRUE
"Comparator",300,"Asymmetric mixture",61,"medflex NEM",TRUE
"Comparator",300,"Symmetric bimodal",61,"OLS",TRUE
"Comparator",300,"Symmetric bimodal",61,"Semiparametric",FALSE
"Comparator",300,"Symmetric bimodal",61,"Imai quasi-Bayes",TRUE
"Comparator",300,"Symmetric bimodal",61,"Imai bootstrap",TRUE
"Comparator",300,"Symmetric bimodal",61,"medflex NEM",TRUE
"Comparator",300,"Gaussian",62,"OLS",TRUE
"Comparator",300,"Gaussian",62,"Semiparametric",TRUE
"Comparator",300,"Gaussian",62,"Imai quasi-Bayes",TRUE
"Comparator",300,"Gaussian",62,"Imai bootstrap",TRUE
"Comparator",300,"Gaussian",62,"medflex NEM",TRUE
"Comparator",300,"Skew-normal",62,"OLS",TRUE
"Comparator",300,"Skew-normal",62,"Semiparametric",TRUE
"Comparator",300,"Skew-normal",62,"Imai quasi-Bayes",TRUE
"Comparator",300,"Skew-normal",62,"Imai bootstrap",TRUE
"Comparator",300,"Skew-normal",62,"medflex NEM",TRUE
"Comparator",300,"Asymmetric mixture",62,"OLS",TRUE
"Comparator",300,"Asymmetric mixture",62,"Semiparametric",TRUE
"Comparator",300,"Asymmetric mixture",62,"Imai quasi-Bayes",TRUE
"Comparator",300,"Asymmetric mixture",62,"Imai bootstrap",TRUE
"Comparator",300,"Asymmetric mixture",62,"medflex NEM",TRUE
"Comparator",300,"Symmetric bimodal",62,"OLS",TRUE
"Comparator",300,"Symmetric bimodal",62,"Semiparametric",TRUE
"Comparator",300,"Symmetric bimodal",62,"Imai quasi-Bayes",TRUE
"Comparator",300,"Symmetric bimodal",62,"Imai bootstrap",TRUE
"Comparator",300,"Symmetric bimodal",62,"medflex NEM",TRUE
"Comparator",300,"Gaussian",63,"OLS",TRUE
"Comparator",300,"Gaussian",63,"Semiparametric",TRUE
"Comparator",300,"Gaussian",63,"Imai quasi-Bayes",TRUE
"Comparator",300,"Gaussian",63,"Imai bootstrap",TRUE
"Comparator",300,"Gaussian",63,"medflex NEM",TRUE
"Comparator",300,"Skew-normal",63,"OLS",TRUE
"Comparator",300,"Skew-normal",63,"Semiparametric",TRUE
"Comparator",300,"Skew-normal",63,"Imai quasi-Bayes",TRUE
"Comparator",300,"Skew-normal",63,"Imai bootstrap",TRUE
"Comparator",300,"Skew-normal",63,"medflex NEM",TRUE
"Comparator",300,"Asymmetric mixture",63,"OLS",TRUE
"Comparator",300,"Asymmetric mixture",63,"Semiparametric",TRUE
"Comparator",300,"Asymmetric mixture",63,"Imai quasi-Bayes",TRUE
"Comparator",300,"Asymmetric mixture",63,"Imai bootstrap",TRUE
"Comparator",300,"Asymmetric mixture",63,"medflex NEM",TRUE
"Comparator",300,"Symmetric bimodal",63,"OLS",TRUE
"Comparator",300,"Symmetric bimodal",63,"Semiparametric",TRUE
"Comparator",300,"Symmetric bimodal",63,"Imai quasi-Bayes",TRUE
"Comparator",300,"Symmetric bimodal",63,"Imai bootstrap",TRUE
"Comparator",300,"Symmetric bimodal",63,"medflex NEM",TRUE
"Comparator",300,"Gaussian",64,"OLS",TRUE
"Comparator",300,"Gaussian",64,"Semiparametric",TRUE
"Comparator",300,"Gaussian",64,"Imai quasi-Bayes",TRUE
"Comparator",300,"Gaussian",64,"Imai bootstrap",TRUE
"Comparator",300,"Gaussian",64,"medflex NEM",TRUE
"Comparator",300,"Skew-normal",64,"OLS",TRUE
"Comparator",300,"Skew-normal",64,"Semiparametric",TRUE
"Comparator",300,"Skew-normal",64,"Imai quasi-Bayes",TRUE
"Comparator",300,"Skew-normal",64,"Imai bootstrap",TRUE
"Comparator",300,"Skew-normal",64,"medflex NEM",TRUE
"Comparator",300,"Asymmetric mixture",64,"OLS",TRUE
"Comparator",300,"Asymmetric mixture",64,"Semiparametric",TRUE
"Comparator",300,"Asymmetric mixture",64,"Imai quasi-Bayes",TRUE
"Comparator",300,"Asymmetric mixture",64,"Imai bootstrap",TRUE
"Comparator",300,"Asymmetric mixture",64,"medflex NEM",TRUE
"Comparator",300,"Symmetric bimodal",64,"OLS",TRUE
"Comparator",300,"Symmetric bimodal",64,"Semiparametric",TRUE
"Comparator",300,"Symmetric bimodal",64,"Imai quasi-Bayes",TRUE
"Comparator",300,"Symmetric bimodal",64,"Imai bootstrap",TRUE
"Comparator",300,"Symmetric bimodal",64,"medflex NEM",TRUE
"Comparator",300,"Gaussian",65,"OLS",TRUE
"Comparator",300,"Gaussian",65,"Semiparametric",TRUE
"Comparator",300,"Gaussian",65,"Imai quasi-Bayes",TRUE
"Comparator",300,"Gaussian",65,"Imai bootstrap",TRUE
"Comparator",300,"Gaussian",65,"medflex NEM",TRUE
"Comparator",300,"Skew-normal",65,"OLS",TRUE
"Comparator",300,"Skew-normal",65,"Semiparametric",TRUE
"Comparator",300,"Skew-normal",65,"Imai quasi-Bayes",TRUE
"Comparator",300,"Skew-normal",65,"Imai bootstrap",TRUE
"Comparator",300,"Skew-normal",65,"medflex NEM",TRUE
"Comparator",300,"Asymmetric mixture",65,"OLS",TRUE
"Comparator",300,"Asymmetric mixture",65,"Semiparametric",TRUE
"Comparator",300,"Asymmetric mixture",65,"Imai quasi-Bayes",TRUE
"Comparator",300,"Asymmetric mixture",65,"Imai bootstrap",TRUE
"Comparator",300,"Asymmetric mixture",65,"medflex NEM",TRUE
"Comparator",300,"Symmetric bimodal",65,"OLS",TRUE
"Comparator",300,"Symmetric bimodal",65,"Semiparametric",TRUE
"Comparator",300,"Symmetric bimodal",65,"Imai quasi-Bayes",TRUE
"Comparator",300,"Symmetric bimodal",65,"Imai bootstrap",TRUE
"Comparator",300,"Symmetric bimodal",65,"medflex NEM",TRUE
"Comparator",300,"Gaussian",66,"OLS",TRUE
"Comparator",300,"Gaussian",66,"Semiparametric",TRUE
"Comparator",300,"Gaussian",66,"Imai quasi-Bayes",TRUE
"Comparator",300,"Gaussian",66,"Imai bootstrap",TRUE
"Comparator",300,"Gaussian",66,"medflex NEM",TRUE
"Comparator",300,"Skew-normal",66,"OLS",TRUE
"Comparator",300,"Skew-normal",66,"Semiparametric",TRUE
"Comparator",300,"Skew-normal",66,"Imai quasi-Bayes",TRUE
"Comparator",300,"Skew-normal",66,"Imai bootstrap",TRUE
"Comparator",300,"Skew-normal",66,"medflex NEM",TRUE
"Comparator",300,"Asymmetric mixture",66,"OLS",TRUE
"Comparator",300,"Asymmetric mixture",66,"Semiparametric",TRUE
"Comparator",300,"Asymmetric mixture",66,"Imai quasi-Bayes",TRUE
"Comparator",300,"Asymmetric mixture",66,"Imai bootstrap",TRUE
"Comparator",300,"Asymmetric mixture",66,"medflex NEM",TRUE
"Comparator",300,"Symmetric bimodal",66,"OLS",TRUE
"Comparator",300,"Symmetric bimodal",66,"Semiparametric",TRUE
"Comparator",300,"Symmetric bimodal",66,"Imai quasi-Bayes",TRUE
"Comparator",300,"Symmetric bimodal",66,"Imai bootstrap",TRUE
"Comparator",300,"Symmetric bimodal",66,"medflex NEM",TRUE
"Comparator",300,"Gaussian",67,"OLS",TRUE
"Comparator",300,"Gaussian",67,"Semiparametric",TRUE
"Comparator",300,"Gaussian",67,"Imai quasi-Bayes",TRUE
"Comparator",300,"Gaussian",67,"Imai bootstrap",TRUE
"Comparator",300,"Gaussian",67,"medflex NEM",TRUE
"Comparator",300,"Skew-normal",67,"OLS",TRUE
"Comparator",300,"Skew-normal",67,"Semiparametric",TRUE
"Comparator",300,"Skew-normal",67,"Imai quasi-Bayes",TRUE
"Comparator",300,"Skew-normal",67,"Imai bootstrap",TRUE
"Comparator",300,"Skew-normal",67,"medflex NEM",TRUE
"Comparator",300,"Asymmetric mixture",67,"OLS",TRUE
"Comparator",300,"Asymmetric mixture",67,"Semiparametric",TRUE
"Comparator",300,"Asymmetric mixture",67,"Imai quasi-Bayes",TRUE
"Comparator",300,"Asymmetric mixture",67,"Imai bootstrap",TRUE
"Comparator",300,"Asymmetric mixture",67,"medflex NEM",TRUE
"Comparator",300,"Symmetric bimodal",67,"OLS",TRUE
"Comparator",300,"Symmetric bimodal",67,"Semiparametric",TRUE
"Comparator",300,"Symmetric bimodal",67,"Imai quasi-Bayes",TRUE
"Comparator",300,"Symmetric bimodal",67,"Imai bootstrap",TRUE
"Comparator",300,"Symmetric bimodal",67,"medflex NEM",TRUE
"Comparator",300,"Gaussian",68,"OLS",TRUE
"Comparator",300,"Gaussian",68,"Semiparametric",TRUE
"Comparator",300,"Gaussian",68,"Imai quasi-Bayes",TRUE
"Comparator",300,"Gaussian",68,"Imai bootstrap",TRUE
"Comparator",300,"Gaussian",68,"medflex NEM",TRUE
"Comparator",300,"Skew-normal",68,"OLS",TRUE
"Comparator",300,"Skew-normal",68,"Semiparametric",TRUE
"Comparator",300,"Skew-normal",68,"Imai quasi-Bayes",TRUE
"Comparator",300,"Skew-normal",68,"Imai bootstrap",TRUE
"Comparator",300,"Skew-normal",68,"medflex NEM",TRUE
"Comparator",300,"Asymmetric mixture",68,"OLS",TRUE
"Comparator",300,"Asymmetric mixture",68,"Semiparametric",TRUE
"Comparator",300,"Asymmetric mixture",68,"Imai quasi-Bayes",TRUE
"Comparator",300,"Asymmetric mixture",68,"Imai bootstrap",TRUE
"Comparator",300,"Asymmetric mixture",68,"medflex NEM",TRUE
"Comparator",300,"Symmetric bimodal",68,"OLS",TRUE
"Comparator",300,"Symmetric bimodal",68,"Semiparametric",TRUE
"Comparator",300,"Symmetric bimodal",68,"Imai quasi-Bayes",TRUE
"Comparator",300,"Symmetric bimodal",68,"Imai bootstrap",TRUE
"Comparator",300,"Symmetric bimodal",68,"medflex NEM",TRUE
"Comparator",300,"Gaussian",69,"OLS",TRUE
"Comparator",300,"Gaussian",69,"Semiparametric",TRUE
"Comparator",300,"Gaussian",69,"Imai quasi-Bayes",TRUE
"Comparator",300,"Gaussian",69,"Imai bootstrap",TRUE
"Comparator",300,"Gaussian",69,"medflex NEM",TRUE
"Comparator",300,"Skew-normal",69,"OLS",TRUE
"Comparator",300,"Skew-normal",69,"Semiparametric",TRUE
"Comparator",300,"Skew-normal",69,"Imai quasi-Bayes",TRUE
"Comparator",300,"Skew-normal",69,"Imai bootstrap",TRUE
"Comparator",300,"Skew-normal",69,"medflex NEM",TRUE
"Comparator",300,"Asymmetric mixture",69,"OLS",TRUE
"Comparator",300,"Asymmetric mixture",69,"Semiparametric",TRUE
"Comparator",300,"Asymmetric mixture",69,"Imai quasi-Bayes",TRUE
"Comparator",300,"Asymmetric mixture",69,"Imai bootstrap",TRUE
"Comparator",300,"Asymmetric mixture",69,"medflex NEM",TRUE
"Comparator",300,"Symmetric bimodal",69,"OLS",TRUE
"Comparator",300,"Symmetric bimodal",69,"Semiparametric",TRUE
"Comparator",300,"Symmetric bimodal",69,"Imai quasi-Bayes",TRUE
"Comparator",300,"Symmetric bimodal",69,"Imai bootstrap",TRUE
"Comparator",300,"Symmetric bimodal",69,"medflex NEM",TRUE
"Comparator",300,"Gaussian",70,"OLS",TRUE
"Comparator",300,"Gaussian",70,"Semiparametric",TRUE
"Comparator",300,"Gaussian",70,"Imai quasi-Bayes",TRUE
"Comparator",300,"Gaussian",70,"Imai bootstrap",TRUE
"Comparator",300,"Gaussian",70,"medflex NEM",TRUE
"Comparator",300,"Skew-normal",70,"OLS",TRUE
"Comparator",300,"Skew-normal",70,"Semiparametric",TRUE
"Comparator",300,"Skew-normal",70,"Imai quasi-Bayes",TRUE
"Comparator",300,"Skew-normal",70,"Imai bootstrap",TRUE
"Comparator",300,"Skew-normal",70,"medflex NEM",TRUE
"Comparator",300,"Asymmetric mixture",70,"OLS",TRUE
"Comparator",300,"Asymmetric mixture",70,"Semiparametric",TRUE
"Comparator",300,"Asymmetric mixture",70,"Imai quasi-Bayes",TRUE
"Comparator",300,"Asymmetric mixture",70,"Imai bootstrap",TRUE
"Comparator",300,"Asymmetric mixture",70,"medflex NEM",TRUE
"Comparator",300,"Symmetric bimodal",70,"OLS",TRUE
"Comparator",300,"Symmetric bimodal",70,"Semiparametric",TRUE
"Comparator",300,"Symmetric bimodal",70,"Imai quasi-Bayes",TRUE
"Comparator",300,"Symmetric bimodal",70,"Imai bootstrap",TRUE
"Comparator",300,"Symmetric bimodal",70,"medflex NEM",TRUE
"Comparator",300,"Gaussian",71,"OLS",TRUE
"Comparator",300,"Gaussian",71,"Semiparametric",TRUE
"Comparator",300,"Gaussian",71,"Imai quasi-Bayes",TRUE
"Comparator",300,"Gaussian",71,"Imai bootstrap",TRUE
"Comparator",300,"Gaussian",71,"medflex NEM",TRUE
"Comparator",300,"Skew-normal",71,"OLS",TRUE
"Comparator",300,"Skew-normal",71,"Semiparametric",TRUE
"Comparator",300,"Skew-normal",71,"Imai quasi-Bayes",TRUE
"Comparator",300,"Skew-normal",71,"Imai bootstrap",TRUE
"Comparator",300,"Skew-normal",71,"medflex NEM",TRUE
"Comparator",300,"Asymmetric mixture",71,"OLS",TRUE
"Comparator",300,"Asymmetric mixture",71,"Semiparametric",TRUE
"Comparator",300,"Asymmetric mixture",71,"Imai quasi-Bayes",TRUE
"Comparator",300,"Asymmetric mixture",71,"Imai bootstrap",TRUE
"Comparator",300,"Asymmetric mixture",71,"medflex NEM",TRUE
"Comparator",300,"Symmetric bimodal",71,"OLS",TRUE
"Comparator",300,"Symmetric bimodal",71,"Semiparametric",TRUE
"Comparator",300,"Symmetric bimodal",71,"Imai quasi-Bayes",TRUE
"Comparator",300,"Symmetric bimodal",71,"Imai bootstrap",TRUE
"Comparator",300,"Symmetric bimodal",71,"medflex NEM",TRUE
"Comparator",300,"Gaussian",72,"OLS",TRUE
"Comparator",300,"Gaussian",72,"Semiparametric",TRUE
"Comparator",300,"Gaussian",72,"Imai quasi-Bayes",TRUE
"Comparator",300,"Gaussian",72,"Imai bootstrap",TRUE
"Comparator",300,"Gaussian",72,"medflex NEM",TRUE
"Comparator",300,"Skew-normal",72,"OLS",TRUE
"Comparator",300,"Skew-normal",72,"Semiparametric",TRUE
"Comparator",300,"Skew-normal",72,"Imai quasi-Bayes",TRUE
"Comparator",300,"Skew-normal",72,"Imai bootstrap",TRUE
"Comparator",300,"Skew-normal",72,"medflex NEM",TRUE
"Comparator",300,"Asymmetric mixture",72,"OLS",TRUE
"Comparator",300,"Asymmetric mixture",72,"Semiparametric",TRUE
"Comparator",300,"Asymmetric mixture",72,"Imai quasi-Bayes",TRUE
"Comparator",300,"Asymmetric mixture",72,"Imai bootstrap",TRUE
"Comparator",300,"Asymmetric mixture",72,"medflex NEM",TRUE
"Comparator",300,"Symmetric bimodal",72,"OLS",TRUE
"Comparator",300,"Symmetric bimodal",72,"Semiparametric",TRUE
"Comparator",300,"Symmetric bimodal",72,"Imai quasi-Bayes",TRUE
"Comparator",300,"Symmetric bimodal",72,"Imai bootstrap",TRUE
"Comparator",300,"Symmetric bimodal",72,"medflex NEM",TRUE
"Comparator",300,"Gaussian",73,"OLS",TRUE
"Comparator",300,"Gaussian",73,"Semiparametric",TRUE
"Comparator",300,"Gaussian",73,"Imai quasi-Bayes",TRUE
"Comparator",300,"Gaussian",73,"Imai bootstrap",TRUE
"Comparator",300,"Gaussian",73,"medflex NEM",TRUE
"Comparator",300,"Skew-normal",73,"OLS",TRUE
"Comparator",300,"Skew-normal",73,"Semiparametric",TRUE
"Comparator",300,"Skew-normal",73,"Imai quasi-Bayes",TRUE
"Comparator",300,"Skew-normal",73,"Imai bootstrap",TRUE
"Comparator",300,"Skew-normal",73,"medflex NEM",TRUE
"Comparator",300,"Asymmetric mixture",73,"OLS",TRUE
"Comparator",300,"Asymmetric mixture",73,"Semiparametric",TRUE
"Comparator",300,"Asymmetric mixture",73,"Imai quasi-Bayes",TRUE
"Comparator",300,"Asymmetric mixture",73,"Imai bootstrap",TRUE
"Comparator",300,"Asymmetric mixture",73,"medflex NEM",TRUE
"Comparator",300,"Symmetric bimodal",73,"OLS",TRUE
"Comparator",300,"Symmetric bimodal",73,"Semiparametric",TRUE
"Comparator",300,"Symmetric bimodal",73,"Imai quasi-Bayes",TRUE
"Comparator",300,"Symmetric bimodal",73,"Imai bootstrap",TRUE
"Comparator",300,"Symmetric bimodal",73,"medflex NEM",TRUE
"Comparator",300,"Gaussian",74,"OLS",TRUE
"Comparator",300,"Gaussian",74,"Semiparametric",TRUE
"Comparator",300,"Gaussian",74,"Imai quasi-Bayes",TRUE
"Comparator",300,"Gaussian",74,"Imai bootstrap",TRUE
"Comparator",300,"Gaussian",74,"medflex NEM",TRUE
"Comparator",300,"Skew-normal",74,"OLS",TRUE
"Comparator",300,"Skew-normal",74,"Semiparametric",TRUE
"Comparator",300,"Skew-normal",74,"Imai quasi-Bayes",TRUE
"Comparator",300,"Skew-normal",74,"Imai bootstrap",TRUE
"Comparator",300,"Skew-normal",74,"medflex NEM",TRUE
"Comparator",300,"Asymmetric mixture",74,"OLS",TRUE
"Comparator",300,"Asymmetric mixture",74,"Semiparametric",TRUE
"Comparator",300,"Asymmetric mixture",74,"Imai quasi-Bayes",TRUE
"Comparator",300,"Asymmetric mixture",74,"Imai bootstrap",TRUE
"Comparator",300,"Asymmetric mixture",74,"medflex NEM",TRUE
"Comparator",300,"Symmetric bimodal",74,"OLS",TRUE
"Comparator",300,"Symmetric bimodal",74,"Semiparametric",TRUE
"Comparator",300,"Symmetric bimodal",74,"Imai quasi-Bayes",TRUE
"Comparator",300,"Symmetric bimodal",74,"Imai bootstrap",TRUE
"Comparator",300,"Symmetric bimodal",74,"medflex NEM",TRUE
"Comparator",300,"Gaussian",75,"OLS",TRUE
"Comparator",300,"Gaussian",75,"Semiparametric",TRUE
"Comparator",300,"Gaussian",75,"Imai quasi-Bayes",TRUE
"Comparator",300,"Gaussian",75,"Imai bootstrap",TRUE
"Comparator",300,"Gaussian",75,"medflex NEM",TRUE
"Comparator",300,"Skew-normal",75,"OLS",TRUE
"Comparator",300,"Skew-normal",75,"Semiparametric",TRUE
"Comparator",300,"Skew-normal",75,"Imai quasi-Bayes",TRUE
"Comparator",300,"Skew-normal",75,"Imai bootstrap",TRUE
"Comparator",300,"Skew-normal",75,"medflex NEM",TRUE
"Comparator",300,"Asymmetric mixture",75,"OLS",TRUE
"Comparator",300,"Asymmetric mixture",75,"Semiparametric",TRUE
"Comparator",300,"Asymmetric mixture",75,"Imai quasi-Bayes",TRUE
"Comparator",300,"Asymmetric mixture",75,"Imai bootstrap",TRUE
"Comparator",300,"Asymmetric mixture",75,"medflex NEM",TRUE
"Comparator",300,"Symmetric bimodal",75,"OLS",TRUE
"Comparator",300,"Symmetric bimodal",75,"Semiparametric",TRUE
"Comparator",300,"Symmetric bimodal",75,"Imai quasi-Bayes",TRUE
"Comparator",300,"Symmetric bimodal",75,"Imai bootstrap",TRUE
"Comparator",300,"Symmetric bimodal",75,"medflex NEM",TRUE
"Comparator",300,"Gaussian",76,"OLS",TRUE
"Comparator",300,"Gaussian",76,"Semiparametric",TRUE
"Comparator",300,"Gaussian",76,"Imai quasi-Bayes",TRUE
"Comparator",300,"Gaussian",76,"Imai bootstrap",TRUE
"Comparator",300,"Gaussian",76,"medflex NEM",TRUE
"Comparator",300,"Skew-normal",76,"OLS",TRUE
"Comparator",300,"Skew-normal",76,"Semiparametric",TRUE
"Comparator",300,"Skew-normal",76,"Imai quasi-Bayes",TRUE
"Comparator",300,"Skew-normal",76,"Imai bootstrap",TRUE
"Comparator",300,"Skew-normal",76,"medflex NEM",TRUE
"Comparator",300,"Asymmetric mixture",76,"OLS",TRUE
"Comparator",300,"Asymmetric mixture",76,"Semiparametric",TRUE
"Comparator",300,"Asymmetric mixture",76,"Imai quasi-Bayes",TRUE
"Comparator",300,"Asymmetric mixture",76,"Imai bootstrap",TRUE
"Comparator",300,"Asymmetric mixture",76,"medflex NEM",TRUE
"Comparator",300,"Symmetric bimodal",76,"OLS",TRUE
"Comparator",300,"Symmetric bimodal",76,"Semiparametric",TRUE
"Comparator",300,"Symmetric bimodal",76,"Imai quasi-Bayes",TRUE
"Comparator",300,"Symmetric bimodal",76,"Imai bootstrap",TRUE
"Comparator",300,"Symmetric bimodal",76,"medflex NEM",TRUE
"Comparator",300,"Gaussian",77,"OLS",TRUE
"Comparator",300,"Gaussian",77,"Semiparametric",TRUE
"Comparator",300,"Gaussian",77,"Imai quasi-Bayes",TRUE
"Comparator",300,"Gaussian",77,"Imai bootstrap",TRUE
"Comparator",300,"Gaussian",77,"medflex NEM",TRUE
"Comparator",300,"Skew-normal",77,"OLS",TRUE
"Comparator",300,"Skew-normal",77,"Semiparametric",TRUE
"Comparator",300,"Skew-normal",77,"Imai quasi-Bayes",TRUE
"Comparator",300,"Skew-normal",77,"Imai bootstrap",TRUE
"Comparator",300,"Skew-normal",77,"medflex NEM",TRUE
"Comparator",300,"Asymmetric mixture",77,"OLS",TRUE
"Comparator",300,"Asymmetric mixture",77,"Semiparametric",TRUE
"Comparator",300,"Asymmetric mixture",77,"Imai quasi-Bayes",TRUE
"Comparator",300,"Asymmetric mixture",77,"Imai bootstrap",TRUE
"Comparator",300,"Asymmetric mixture",77,"medflex NEM",TRUE
"Comparator",300,"Symmetric bimodal",77,"OLS",TRUE
"Comparator",300,"Symmetric bimodal",77,"Semiparametric",TRUE
"Comparator",300,"Symmetric bimodal",77,"Imai quasi-Bayes",TRUE
"Comparator",300,"Symmetric bimodal",77,"Imai bootstrap",TRUE
"Comparator",300,"Symmetric bimodal",77,"medflex NEM",TRUE
"Comparator",300,"Gaussian",78,"OLS",TRUE
"Comparator",300,"Gaussian",78,"Semiparametric",TRUE
"Comparator",300,"Gaussian",78,"Imai quasi-Bayes",TRUE
"Comparator",300,"Gaussian",78,"Imai bootstrap",TRUE
"Comparator",300,"Gaussian",78,"medflex NEM",TRUE
"Comparator",300,"Skew-normal",78,"OLS",TRUE
"Comparator",300,"Skew-normal",78,"Semiparametric",TRUE
"Comparator",300,"Skew-normal",78,"Imai quasi-Bayes",TRUE
"Comparator",300,"Skew-normal",78,"Imai bootstrap",TRUE
"Comparator",300,"Skew-normal",78,"medflex NEM",TRUE
"Comparator",300,"Asymmetric mixture",78,"OLS",TRUE
"Comparator",300,"Asymmetric mixture",78,"Semiparametric",TRUE
"Comparator",300,"Asymmetric mixture",78,"Imai quasi-Bayes",TRUE
"Comparator",300,"Asymmetric mixture",78,"Imai bootstrap",TRUE
"Comparator",300,"Asymmetric mixture",78,"medflex NEM",TRUE
"Comparator",300,"Symmetric bimodal",78,"OLS",TRUE
"Comparator",300,"Symmetric bimodal",78,"Semiparametric",TRUE
"Comparator",300,"Symmetric bimodal",78,"Imai quasi-Bayes",TRUE
"Comparator",300,"Symmetric bimodal",78,"Imai bootstrap",TRUE
"Comparator",300,"Symmetric bimodal",78,"medflex NEM",TRUE
"Comparator",300,"Gaussian",79,"OLS",TRUE
"Comparator",300,"Gaussian",79,"Semiparametric",TRUE
"Comparator",300,"Gaussian",79,"Imai quasi-Bayes",TRUE
"Comparator",300,"Gaussian",79,"Imai bootstrap",TRUE
"Comparator",300,"Gaussian",79,"medflex NEM",TRUE
"Comparator",300,"Skew-normal",79,"OLS",TRUE
"Comparator",300,"Skew-normal",79,"Semiparametric",TRUE
"Comparator",300,"Skew-normal",79,"Imai quasi-Bayes",TRUE
"Comparator",300,"Skew-normal",79,"Imai bootstrap",TRUE
"Comparator",300,"Skew-normal",79,"medflex NEM",TRUE
"Comparator",300,"Asymmetric mixture",79,"OLS",TRUE
"Comparator",300,"Asymmetric mixture",79,"Semiparametric",TRUE
"Comparator",300,"Asymmetric mixture",79,"Imai quasi-Bayes",TRUE
"Comparator",300,"Asymmetric mixture",79,"Imai bootstrap",TRUE
"Comparator",300,"Asymmetric mixture",79,"medflex NEM",TRUE
"Comparator",300,"Symmetric bimodal",79,"OLS",TRUE
"Comparator",300,"Symmetric bimodal",79,"Semiparametric",TRUE
"Comparator",300,"Symmetric bimodal",79,"Imai quasi-Bayes",TRUE
"Comparator",300,"Symmetric bimodal",79,"Imai bootstrap",TRUE
"Comparator",300,"Symmetric bimodal",79,"medflex NEM",TRUE
"Comparator",300,"Gaussian",80,"OLS",TRUE
"Comparator",300,"Gaussian",80,"Semiparametric",TRUE
"Comparator",300,"Gaussian",80,"Imai quasi-Bayes",TRUE
"Comparator",300,"Gaussian",80,"Imai bootstrap",TRUE
"Comparator",300,"Gaussian",80,"medflex NEM",TRUE
"Comparator",300,"Skew-normal",80,"OLS",TRUE
"Comparator",300,"Skew-normal",80,"Semiparametric",TRUE
"Comparator",300,"Skew-normal",80,"Imai quasi-Bayes",TRUE
"Comparator",300,"Skew-normal",80,"Imai bootstrap",TRUE
"Comparator",300,"Skew-normal",80,"medflex NEM",TRUE
"Comparator",300,"Asymmetric mixture",80,"OLS",TRUE
"Comparator",300,"Asymmetric mixture",80,"Semiparametric",TRUE
"Comparator",300,"Asymmetric mixture",80,"Imai quasi-Bayes",TRUE
"Comparator",300,"Asymmetric mixture",80,"Imai bootstrap",TRUE
"Comparator",300,"Asymmetric mixture",80,"medflex NEM",TRUE
"Comparator",300,"Symmetric bimodal",80,"OLS",TRUE
"Comparator",300,"Symmetric bimodal",80,"Semiparametric",TRUE
"Comparator",300,"Symmetric bimodal",80,"Imai quasi-Bayes",TRUE
"Comparator",300,"Symmetric bimodal",80,"Imai bootstrap",TRUE
"Comparator",300,"Symmetric bimodal",80,"medflex NEM",TRUE
"Comparator",300,"Gaussian",81,"OLS",TRUE
"Comparator",300,"Gaussian",81,"Semiparametric",TRUE
"Comparator",300,"Gaussian",81,"Imai quasi-Bayes",TRUE
"Comparator",300,"Gaussian",81,"Imai bootstrap",TRUE
"Comparator",300,"Gaussian",81,"medflex NEM",TRUE
"Comparator",300,"Skew-normal",81,"OLS",TRUE
"Comparator",300,"Skew-normal",81,"Semiparametric",TRUE
"Comparator",300,"Skew-normal",81,"Imai quasi-Bayes",TRUE
"Comparator",300,"Skew-normal",81,"Imai bootstrap",TRUE
"Comparator",300,"Skew-normal",81,"medflex NEM",TRUE
"Comparator",300,"Asymmetric mixture",81,"OLS",TRUE
"Comparator",300,"Asymmetric mixture",81,"Semiparametric",TRUE
"Comparator",300,"Asymmetric mixture",81,"Imai quasi-Bayes",TRUE
"Comparator",300,"Asymmetric mixture",81,"Imai bootstrap",TRUE
"Comparator",300,"Asymmetric mixture",81,"medflex NEM",TRUE
"Comparator",300,"Symmetric bimodal",81,"OLS",TRUE
"Comparator",300,"Symmetric bimodal",81,"Semiparametric",TRUE
"Comparator",300,"Symmetric bimodal",81,"Imai quasi-Bayes",TRUE
"Comparator",300,"Symmetric bimodal",81,"Imai bootstrap",TRUE
"Comparator",300,"Symmetric bimodal",81,"medflex NEM",TRUE
"Comparator",300,"Gaussian",82,"OLS",TRUE
"Comparator",300,"Gaussian",82,"Semiparametric",TRUE
"Comparator",300,"Gaussian",82,"Imai quasi-Bayes",TRUE
"Comparator",300,"Gaussian",82,"Imai bootstrap",TRUE
"Comparator",300,"Gaussian",82,"medflex NEM",TRUE
"Comparator",300,"Skew-normal",82,"OLS",TRUE
"Comparator",300,"Skew-normal",82,"Semiparametric",TRUE
"Comparator",300,"Skew-normal",82,"Imai quasi-Bayes",TRUE
"Comparator",300,"Skew-normal",82,"Imai bootstrap",TRUE
"Comparator",300,"Skew-normal",82,"medflex NEM",TRUE
"Comparator",300,"Asymmetric mixture",82,"OLS",TRUE
"Comparator",300,"Asymmetric mixture",82,"Semiparametric",TRUE
"Comparator",300,"Asymmetric mixture",82,"Imai quasi-Bayes",TRUE
"Comparator",300,"Asymmetric mixture",82,"Imai bootstrap",TRUE
"Comparator",300,"Asymmetric mixture",82,"medflex NEM",TRUE
"Comparator",300,"Symmetric bimodal",82,"OLS",TRUE
"Comparator",300,"Symmetric bimodal",82,"Semiparametric",TRUE
"Comparator",300,"Symmetric bimodal",82,"Imai quasi-Bayes",TRUE
"Comparator",300,"Symmetric bimodal",82,"Imai bootstrap",TRUE
"Comparator",300,"Symmetric bimodal",82,"medflex NEM",TRUE
"Comparator",300,"Gaussian",83,"OLS",TRUE
"Comparator",300,"Gaussian",83,"Semiparametric",TRUE
"Comparator",300,"Gaussian",83,"Imai quasi-Bayes",TRUE
"Comparator",300,"Gaussian",83,"Imai bootstrap",TRUE
"Comparator",300,"Gaussian",83,"medflex NEM",TRUE
"Comparator",300,"Skew-normal",83,"OLS",TRUE
"Comparator",300,"Skew-normal",83,"Semiparametric",TRUE
"Comparator",300,"Skew-normal",83,"Imai quasi-Bayes",TRUE
"Comparator",300,"Skew-normal",83,"Imai bootstrap",TRUE
"Comparator",300,"Skew-normal",83,"medflex NEM",TRUE
"Comparator",300,"Asymmetric mixture",83,"OLS",TRUE
"Comparator",300,"Asymmetric mixture",83,"Semiparametric",TRUE
"Comparator",300,"Asymmetric mixture",83,"Imai quasi-Bayes",TRUE
"Comparator",300,"Asymmetric mixture",83,"Imai bootstrap",TRUE
"Comparator",300,"Asymmetric mixture",83,"medflex NEM",TRUE
"Comparator",300,"Symmetric bimodal",83,"OLS",TRUE
"Comparator",300,"Symmetric bimodal",83,"Semiparametric",TRUE
"Comparator",300,"Symmetric bimodal",83,"Imai quasi-Bayes",TRUE
"Comparator",300,"Symmetric bimodal",83,"Imai bootstrap",TRUE
"Comparator",300,"Symmetric bimodal",83,"medflex NEM",TRUE
"Comparator",300,"Gaussian",84,"OLS",TRUE
"Comparator",300,"Gaussian",84,"Semiparametric",TRUE
"Comparator",300,"Gaussian",84,"Imai quasi-Bayes",TRUE
"Comparator",300,"Gaussian",84,"Imai bootstrap",TRUE
"Comparator",300,"Gaussian",84,"medflex NEM",TRUE
"Comparator",300,"Skew-normal",84,"OLS",TRUE
"Comparator",300,"Skew-normal",84,"Semiparametric",TRUE
"Comparator",300,"Skew-normal",84,"Imai quasi-Bayes",TRUE
"Comparator",300,"Skew-normal",84,"Imai bootstrap",TRUE
"Comparator",300,"Skew-normal",84,"medflex NEM",TRUE
"Comparator",300,"Asymmetric mixture",84,"OLS",TRUE
"Comparator",300,"Asymmetric mixture",84,"Semiparametric",TRUE
"Comparator",300,"Asymmetric mixture",84,"Imai quasi-Bayes",TRUE
"Comparator",300,"Asymmetric mixture",84,"Imai bootstrap",TRUE
"Comparator",300,"Asymmetric mixture",84,"medflex NEM",TRUE
"Comparator",300,"Symmetric bimodal",84,"OLS",TRUE
"Comparator",300,"Symmetric bimodal",84,"Semiparametric",TRUE
"Comparator",300,"Symmetric bimodal",84,"Imai quasi-Bayes",TRUE
"Comparator",300,"Symmetric bimodal",84,"Imai bootstrap",TRUE
"Comparator",300,"Symmetric bimodal",84,"medflex NEM",TRUE
"Comparator",300,"Gaussian",85,"OLS",TRUE
"Comparator",300,"Gaussian",85,"Semiparametric",TRUE
"Comparator",300,"Gaussian",85,"Imai quasi-Bayes",TRUE
"Comparator",300,"Gaussian",85,"Imai bootstrap",TRUE
"Comparator",300,"Gaussian",85,"medflex NEM",TRUE
"Comparator",300,"Skew-normal",85,"OLS",TRUE
"Comparator",300,"Skew-normal",85,"Semiparametric",TRUE
"Comparator",300,"Skew-normal",85,"Imai quasi-Bayes",TRUE
"Comparator",300,"Skew-normal",85,"Imai bootstrap",TRUE
"Comparator",300,"Skew-normal",85,"medflex NEM",TRUE
"Comparator",300,"Asymmetric mixture",85,"OLS",TRUE
"Comparator",300,"Asymmetric mixture",85,"Semiparametric",TRUE
"Comparator",300,"Asymmetric mixture",85,"Imai quasi-Bayes",TRUE
"Comparator",300,"Asymmetric mixture",85,"Imai bootstrap",TRUE
"Comparator",300,"Asymmetric mixture",85,"medflex NEM",TRUE
"Comparator",300,"Symmetric bimodal",85,"OLS",TRUE
"Comparator",300,"Symmetric bimodal",85,"Semiparametric",TRUE
"Comparator",300,"Symmetric bimodal",85,"Imai quasi-Bayes",TRUE
"Comparator",300,"Symmetric bimodal",85,"Imai bootstrap",TRUE
"Comparator",300,"Symmetric bimodal",85,"medflex NEM",TRUE
"Comparator",300,"Gaussian",86,"OLS",TRUE
"Comparator",300,"Gaussian",86,"Semiparametric",TRUE
"Comparator",300,"Gaussian",86,"Imai quasi-Bayes",TRUE
"Comparator",300,"Gaussian",86,"Imai bootstrap",TRUE
"Comparator",300,"Gaussian",86,"medflex NEM",TRUE
"Comparator",300,"Skew-normal",86,"OLS",TRUE
"Comparator",300,"Skew-normal",86,"Semiparametric",TRUE
"Comparator",300,"Skew-normal",86,"Imai quasi-Bayes",TRUE
"Comparator",300,"Skew-normal",86,"Imai bootstrap",TRUE
"Comparator",300,"Skew-normal",86,"medflex NEM",TRUE
"Comparator",300,"Asymmetric mixture",86,"OLS",TRUE
"Comparator",300,"Asymmetric mixture",86,"Semiparametric",TRUE
"Comparator",300,"Asymmetric mixture",86,"Imai quasi-Bayes",TRUE
"Comparator",300,"Asymmetric mixture",86,"Imai bootstrap",TRUE
"Comparator",300,"Asymmetric mixture",86,"medflex NEM",TRUE
"Comparator",300,"Symmetric bimodal",86,"OLS",TRUE
"Comparator",300,"Symmetric bimodal",86,"Semiparametric",TRUE
"Comparator",300,"Symmetric bimodal",86,"Imai quasi-Bayes",TRUE
"Comparator",300,"Symmetric bimodal",86,"Imai bootstrap",TRUE
"Comparator",300,"Symmetric bimodal",86,"medflex NEM",TRUE
"Comparator",300,"Gaussian",87,"OLS",TRUE
"Comparator",300,"Gaussian",87,"Semiparametric",TRUE
"Comparator",300,"Gaussian",87,"Imai quasi-Bayes",TRUE
"Comparator",300,"Gaussian",87,"Imai bootstrap",TRUE
"Comparator",300,"Gaussian",87,"medflex NEM",TRUE
"Comparator",300,"Skew-normal",87,"OLS",TRUE
"Comparator",300,"Skew-normal",87,"Semiparametric",TRUE
"Comparator",300,"Skew-normal",87,"Imai quasi-Bayes",TRUE
"Comparator",300,"Skew-normal",87,"Imai bootstrap",TRUE
"Comparator",300,"Skew-normal",87,"medflex NEM",TRUE
"Comparator",300,"Asymmetric mixture",87,"OLS",TRUE
"Comparator",300,"Asymmetric mixture",87,"Semiparametric",TRUE
"Comparator",300,"Asymmetric mixture",87,"Imai quasi-Bayes",TRUE
"Comparator",300,"Asymmetric mixture",87,"Imai bootstrap",TRUE
"Comparator",300,"Asymmetric mixture",87,"medflex NEM",TRUE
"Comparator",300,"Symmetric bimodal",87,"OLS",TRUE
"Comparator",300,"Symmetric bimodal",87,"Semiparametric",TRUE
"Comparator",300,"Symmetric bimodal",87,"Imai quasi-Bayes",TRUE
"Comparator",300,"Symmetric bimodal",87,"Imai bootstrap",TRUE
"Comparator",300,"Symmetric bimodal",87,"medflex NEM",TRUE
"Comparator",300,"Gaussian",88,"OLS",TRUE
"Comparator",300,"Gaussian",88,"Semiparametric",TRUE
"Comparator",300,"Gaussian",88,"Imai quasi-Bayes",TRUE
"Comparator",300,"Gaussian",88,"Imai bootstrap",TRUE
"Comparator",300,"Gaussian",88,"medflex NEM",TRUE
"Comparator",300,"Skew-normal",88,"OLS",TRUE
"Comparator",300,"Skew-normal",88,"Semiparametric",TRUE
"Comparator",300,"Skew-normal",88,"Imai quasi-Bayes",TRUE
"Comparator",300,"Skew-normal",88,"Imai bootstrap",TRUE
"Comparator",300,"Skew-normal",88,"medflex NEM",TRUE
"Comparator",300,"Asymmetric mixture",88,"OLS",TRUE
"Comparator",300,"Asymmetric mixture",88,"Semiparametric",TRUE
"Comparator",300,"Asymmetric mixture",88,"Imai quasi-Bayes",TRUE
"Comparator",300,"Asymmetric mixture",88,"Imai bootstrap",TRUE
"Comparator",300,"Asymmetric mixture",88,"medflex NEM",TRUE
"Comparator",300,"Symmetric bimodal",88,"OLS",TRUE
"Comparator",300,"Symmetric bimodal",88,"Semiparametric",TRUE
"Comparator",300,"Symmetric bimodal",88,"Imai quasi-Bayes",TRUE
"Comparator",300,"Symmetric bimodal",88,"Imai bootstrap",TRUE
"Comparator",300,"Symmetric bimodal",88,"medflex NEM",TRUE
"Comparator",300,"Gaussian",89,"OLS",TRUE
"Comparator",300,"Gaussian",89,"Semiparametric",TRUE
"Comparator",300,"Gaussian",89,"Imai quasi-Bayes",TRUE
"Comparator",300,"Gaussian",89,"Imai bootstrap",TRUE
"Comparator",300,"Gaussian",89,"medflex NEM",TRUE
"Comparator",300,"Skew-normal",89,"OLS",TRUE
"Comparator",300,"Skew-normal",89,"Semiparametric",TRUE
"Comparator",300,"Skew-normal",89,"Imai quasi-Bayes",TRUE
"Comparator",300,"Skew-normal",89,"Imai bootstrap",TRUE
"Comparator",300,"Skew-normal",89,"medflex NEM",TRUE
"Comparator",300,"Asymmetric mixture",89,"OLS",TRUE
"Comparator",300,"Asymmetric mixture",89,"Semiparametric",TRUE
"Comparator",300,"Asymmetric mixture",89,"Imai quasi-Bayes",TRUE
"Comparator",300,"Asymmetric mixture",89,"Imai bootstrap",TRUE
"Comparator",300,"Asymmetric mixture",89,"medflex NEM",TRUE
"Comparator",300,"Symmetric bimodal",89,"OLS",TRUE
"Comparator",300,"Symmetric bimodal",89,"Semiparametric",TRUE
"Comparator",300,"Symmetric bimodal",89,"Imai quasi-Bayes",TRUE
"Comparator",300,"Symmetric bimodal",89,"Imai bootstrap",TRUE
"Comparator",300,"Symmetric bimodal",89,"medflex NEM",TRUE
"Comparator",300,"Gaussian",90,"OLS",TRUE
"Comparator",300,"Gaussian",90,"Semiparametric",TRUE
"Comparator",300,"Gaussian",90,"Imai quasi-Bayes",TRUE
"Comparator",300,"Gaussian",90,"Imai bootstrap",TRUE
"Comparator",300,"Gaussian",90,"medflex NEM",TRUE
"Comparator",300,"Skew-normal",90,"OLS",TRUE
"Comparator",300,"Skew-normal",90,"Semiparametric",TRUE
"Comparator",300,"Skew-normal",90,"Imai quasi-Bayes",TRUE
"Comparator",300,"Skew-normal",90,"Imai bootstrap",TRUE
"Comparator",300,"Skew-normal",90,"medflex NEM",TRUE
"Comparator",300,"Asymmetric mixture",90,"OLS",TRUE
"Comparator",300,"Asymmetric mixture",90,"Semiparametric",TRUE
"Comparator",300,"Asymmetric mixture",90,"Imai quasi-Bayes",TRUE
"Comparator",300,"Asymmetric mixture",90,"Imai bootstrap",TRUE
"Comparator",300,"Asymmetric mixture",90,"medflex NEM",TRUE
"Comparator",300,"Symmetric bimodal",90,"OLS",TRUE
"Comparator",300,"Symmetric bimodal",90,"Semiparametric",TRUE
"Comparator",300,"Symmetric bimodal",90,"Imai quasi-Bayes",TRUE
"Comparator",300,"Symmetric bimodal",90,"Imai bootstrap",TRUE
"Comparator",300,"Symmetric bimodal",90,"medflex NEM",TRUE
"Comparator",300,"Gaussian",91,"OLS",TRUE
"Comparator",300,"Gaussian",91,"Semiparametric",TRUE
"Comparator",300,"Gaussian",91,"Imai quasi-Bayes",TRUE
"Comparator",300,"Gaussian",91,"Imai bootstrap",TRUE
"Comparator",300,"Gaussian",91,"medflex NEM",TRUE
"Comparator",300,"Skew-normal",91,"OLS",TRUE
"Comparator",300,"Skew-normal",91,"Semiparametric",TRUE
"Comparator",300,"Skew-normal",91,"Imai quasi-Bayes",TRUE
"Comparator",300,"Skew-normal",91,"Imai bootstrap",TRUE
"Comparator",300,"Skew-normal",91,"medflex NEM",TRUE
"Comparator",300,"Asymmetric mixture",91,"OLS",TRUE
"Comparator",300,"Asymmetric mixture",91,"Semiparametric",TRUE
"Comparator",300,"Asymmetric mixture",91,"Imai quasi-Bayes",TRUE
"Comparator",300,"Asymmetric mixture",91,"Imai bootstrap",TRUE
"Comparator",300,"Asymmetric mixture",91,"medflex NEM",TRUE
"Comparator",300,"Symmetric bimodal",91,"OLS",TRUE
"Comparator",300,"Symmetric bimodal",91,"Semiparametric",TRUE
"Comparator",300,"Symmetric bimodal",91,"Imai quasi-Bayes",TRUE
"Comparator",300,"Symmetric bimodal",91,"Imai bootstrap",TRUE
"Comparator",300,"Symmetric bimodal",91,"medflex NEM",TRUE
"Comparator",300,"Gaussian",92,"OLS",TRUE
"Comparator",300,"Gaussian",92,"Semiparametric",TRUE
"Comparator",300,"Gaussian",92,"Imai quasi-Bayes",TRUE
"Comparator",300,"Gaussian",92,"Imai bootstrap",TRUE
"Comparator",300,"Gaussian",92,"medflex NEM",TRUE
"Comparator",300,"Skew-normal",92,"OLS",TRUE
"Comparator",300,"Skew-normal",92,"Semiparametric",TRUE
"Comparator",300,"Skew-normal",92,"Imai quasi-Bayes",TRUE
"Comparator",300,"Skew-normal",92,"Imai bootstrap",TRUE
"Comparator",300,"Skew-normal",92,"medflex NEM",TRUE
"Comparator",300,"Asymmetric mixture",92,"OLS",TRUE
"Comparator",300,"Asymmetric mixture",92,"Semiparametric",TRUE
"Comparator",300,"Asymmetric mixture",92,"Imai quasi-Bayes",TRUE
"Comparator",300,"Asymmetric mixture",92,"Imai bootstrap",TRUE
"Comparator",300,"Asymmetric mixture",92,"medflex NEM",TRUE
"Comparator",300,"Symmetric bimodal",92,"OLS",TRUE
"Comparator",300,"Symmetric bimodal",92,"Semiparametric",TRUE
"Comparator",300,"Symmetric bimodal",92,"Imai quasi-Bayes",TRUE
"Comparator",300,"Symmetric bimodal",92,"Imai bootstrap",TRUE
"Comparator",300,"Symmetric bimodal",92,"medflex NEM",TRUE
"Comparator",300,"Gaussian",93,"OLS",TRUE
"Comparator",300,"Gaussian",93,"Semiparametric",TRUE
"Comparator",300,"Gaussian",93,"Imai quasi-Bayes",TRUE
"Comparator",300,"Gaussian",93,"Imai bootstrap",TRUE
"Comparator",300,"Gaussian",93,"medflex NEM",TRUE
"Comparator",300,"Skew-normal",93,"OLS",TRUE
"Comparator",300,"Skew-normal",93,"Semiparametric",TRUE
"Comparator",300,"Skew-normal",93,"Imai quasi-Bayes",TRUE
"Comparator",300,"Skew-normal",93,"Imai bootstrap",TRUE
"Comparator",300,"Skew-normal",93,"medflex NEM",TRUE
"Comparator",300,"Asymmetric mixture",93,"OLS",TRUE
"Comparator",300,"Asymmetric mixture",93,"Semiparametric",TRUE
"Comparator",300,"Asymmetric mixture",93,"Imai quasi-Bayes",TRUE
"Comparator",300,"Asymmetric mixture",93,"Imai bootstrap",TRUE
"Comparator",300,"Asymmetric mixture",93,"medflex NEM",TRUE
"Comparator",300,"Symmetric bimodal",93,"OLS",TRUE
"Comparator",300,"Symmetric bimodal",93,"Semiparametric",TRUE
"Comparator",300,"Symmetric bimodal",93,"Imai quasi-Bayes",TRUE
"Comparator",300,"Symmetric bimodal",93,"Imai bootstrap",TRUE
"Comparator",300,"Symmetric bimodal",93,"medflex NEM",TRUE
"Comparator",300,"Gaussian",94,"OLS",TRUE
"Comparator",300,"Gaussian",94,"Semiparametric",TRUE
"Comparator",300,"Gaussian",94,"Imai quasi-Bayes",TRUE
"Comparator",300,"Gaussian",94,"Imai bootstrap",TRUE
"Comparator",300,"Gaussian",94,"medflex NEM",TRUE
"Comparator",300,"Skew-normal",94,"OLS",TRUE
"Comparator",300,"Skew-normal",94,"Semiparametric",TRUE
"Comparator",300,"Skew-normal",94,"Imai quasi-Bayes",TRUE
"Comparator",300,"Skew-normal",94,"Imai bootstrap",TRUE
"Comparator",300,"Skew-normal",94,"medflex NEM",TRUE
"Comparator",300,"Asymmetric mixture",94,"OLS",TRUE
"Comparator",300,"Asymmetric mixture",94,"Semiparametric",TRUE
"Comparator",300,"Asymmetric mixture",94,"Imai quasi-Bayes",TRUE
"Comparator",300,"Asymmetric mixture",94,"Imai bootstrap",TRUE
"Comparator",300,"Asymmetric mixture",94,"medflex NEM",TRUE
"Comparator",300,"Symmetric bimodal",94,"OLS",TRUE
"Comparator",300,"Symmetric bimodal",94,"Semiparametric",TRUE
"Comparator",300,"Symmetric bimodal",94,"Imai quasi-Bayes",TRUE
"Comparator",300,"Symmetric bimodal",94,"Imai bootstrap",TRUE
"Comparator",300,"Symmetric bimodal",94,"medflex NEM",TRUE
"Comparator",300,"Gaussian",95,"OLS",TRUE
"Comparator",300,"Gaussian",95,"Semiparametric",TRUE
"Comparator",300,"Gaussian",95,"Imai quasi-Bayes",TRUE
"Comparator",300,"Gaussian",95,"Imai bootstrap",TRUE
"Comparator",300,"Gaussian",95,"medflex NEM",TRUE
"Comparator",300,"Skew-normal",95,"OLS",TRUE
"Comparator",300,"Skew-normal",95,"Semiparametric",TRUE
"Comparator",300,"Skew-normal",95,"Imai quasi-Bayes",TRUE
"Comparator",300,"Skew-normal",95,"Imai bootstrap",TRUE
"Comparator",300,"Skew-normal",95,"medflex NEM",TRUE
"Comparator",300,"Asymmetric mixture",95,"OLS",TRUE
"Comparator",300,"Asymmetric mixture",95,"Semiparametric",FALSE
"Comparator",300,"Asymmetric mixture",95,"Imai quasi-Bayes",TRUE
"Comparator",300,"Asymmetric mixture",95,"Imai bootstrap",TRUE
"Comparator",300,"Asymmetric mixture",95,"medflex NEM",TRUE
"Comparator",300,"Symmetric bimodal",95,"OLS",TRUE
"Comparator",300,"Symmetric bimodal",95,"Semiparametric",FALSE
"Comparator",300,"Symmetric bimodal",95,"Imai quasi-Bayes",TRUE
"Comparator",300,"Symmetric bimodal",95,"Imai bootstrap",TRUE
"Comparator",300,"Symmetric bimodal",95,"medflex NEM",TRUE
"Comparator",300,"Gaussian",96,"OLS",TRUE
"Comparator",300,"Gaussian",96,"Semiparametric",TRUE
"Comparator",300,"Gaussian",96,"Imai quasi-Bayes",TRUE
"Comparator",300,"Gaussian",96,"Imai bootstrap",TRUE
"Comparator",300,"Gaussian",96,"medflex NEM",TRUE
"Comparator",300,"Skew-normal",96,"OLS",TRUE
"Comparator",300,"Skew-normal",96,"Semiparametric",TRUE
"Comparator",300,"Skew-normal",96,"Imai quasi-Bayes",TRUE
"Comparator",300,"Skew-normal",96,"Imai bootstrap",TRUE
"Comparator",300,"Skew-normal",96,"medflex NEM",TRUE
"Comparator",300,"Asymmetric mixture",96,"OLS",TRUE
"Comparator",300,"Asymmetric mixture",96,"Semiparametric",TRUE
"Comparator",300,"Asymmetric mixture",96,"Imai quasi-Bayes",TRUE
"Comparator",300,"Asymmetric mixture",96,"Imai bootstrap",TRUE
"Comparator",300,"Asymmetric mixture",96,"medflex NEM",TRUE
"Comparator",300,"Symmetric bimodal",96,"OLS",TRUE
"Comparator",300,"Symmetric bimodal",96,"Semiparametric",TRUE
"Comparator",300,"Symmetric bimodal",96,"Imai quasi-Bayes",TRUE
"Comparator",300,"Symmetric bimodal",96,"Imai bootstrap",TRUE
"Comparator",300,"Symmetric bimodal",96,"medflex NEM",TRUE
"Comparator",300,"Gaussian",97,"OLS",TRUE
"Comparator",300,"Gaussian",97,"Semiparametric",TRUE
"Comparator",300,"Gaussian",97,"Imai quasi-Bayes",TRUE
"Comparator",300,"Gaussian",97,"Imai bootstrap",TRUE
"Comparator",300,"Gaussian",97,"medflex NEM",TRUE
"Comparator",300,"Skew-normal",97,"OLS",TRUE
"Comparator",300,"Skew-normal",97,"Semiparametric",TRUE
"Comparator",300,"Skew-normal",97,"Imai quasi-Bayes",TRUE
"Comparator",300,"Skew-normal",97,"Imai bootstrap",TRUE
"Comparator",300,"Skew-normal",97,"medflex NEM",TRUE
"Comparator",300,"Asymmetric mixture",97,"OLS",TRUE
"Comparator",300,"Asymmetric mixture",97,"Semiparametric",TRUE
"Comparator",300,"Asymmetric mixture",97,"Imai quasi-Bayes",TRUE
"Comparator",300,"Asymmetric mixture",97,"Imai bootstrap",TRUE
"Comparator",300,"Asymmetric mixture",97,"medflex NEM",TRUE
"Comparator",300,"Symmetric bimodal",97,"OLS",TRUE
"Comparator",300,"Symmetric bimodal",97,"Semiparametric",TRUE
"Comparator",300,"Symmetric bimodal",97,"Imai quasi-Bayes",TRUE
"Comparator",300,"Symmetric bimodal",97,"Imai bootstrap",TRUE
"Comparator",300,"Symmetric bimodal",97,"medflex NEM",TRUE
"Comparator",300,"Gaussian",98,"OLS",TRUE
"Comparator",300,"Gaussian",98,"Semiparametric",TRUE
"Comparator",300,"Gaussian",98,"Imai quasi-Bayes",TRUE
"Comparator",300,"Gaussian",98,"Imai bootstrap",TRUE
"Comparator",300,"Gaussian",98,"medflex NEM",TRUE
"Comparator",300,"Skew-normal",98,"OLS",TRUE
"Comparator",300,"Skew-normal",98,"Semiparametric",TRUE
"Comparator",300,"Skew-normal",98,"Imai quasi-Bayes",TRUE
"Comparator",300,"Skew-normal",98,"Imai bootstrap",TRUE
"Comparator",300,"Skew-normal",98,"medflex NEM",TRUE
"Comparator",300,"Asymmetric mixture",98,"OLS",TRUE
"Comparator",300,"Asymmetric mixture",98,"Semiparametric",TRUE
"Comparator",300,"Asymmetric mixture",98,"Imai quasi-Bayes",TRUE
"Comparator",300,"Asymmetric mixture",98,"Imai bootstrap",TRUE
"Comparator",300,"Asymmetric mixture",98,"medflex NEM",TRUE
"Comparator",300,"Symmetric bimodal",98,"OLS",TRUE
"Comparator",300,"Symmetric bimodal",98,"Semiparametric",TRUE
"Comparator",300,"Symmetric bimodal",98,"Imai quasi-Bayes",TRUE
"Comparator",300,"Symmetric bimodal",98,"Imai bootstrap",TRUE
"Comparator",300,"Symmetric bimodal",98,"medflex NEM",TRUE
"Comparator",300,"Gaussian",99,"OLS",TRUE
"Comparator",300,"Gaussian",99,"Semiparametric",TRUE
"Comparator",300,"Gaussian",99,"Imai quasi-Bayes",TRUE
"Comparator",300,"Gaussian",99,"Imai bootstrap",TRUE
"Comparator",300,"Gaussian",99,"medflex NEM",TRUE
"Comparator",300,"Skew-normal",99,"OLS",TRUE
"Comparator",300,"Skew-normal",99,"Semiparametric",TRUE
"Comparator",300,"Skew-normal",99,"Imai quasi-Bayes",TRUE
"Comparator",300,"Skew-normal",99,"Imai bootstrap",TRUE
"Comparator",300,"Skew-normal",99,"medflex NEM",TRUE
"Comparator",300,"Asymmetric mixture",99,"OLS",TRUE
"Comparator",300,"Asymmetric mixture",99,"Semiparametric",TRUE
"Comparator",300,"Asymmetric mixture",99,"Imai quasi-Bayes",TRUE
"Comparator",300,"Asymmetric mixture",99,"Imai bootstrap",TRUE
"Comparator",300,"Asymmetric mixture",99,"medflex NEM",TRUE
"Comparator",300,"Symmetric bimodal",99,"OLS",TRUE
"Comparator",300,"Symmetric bimodal",99,"Semiparametric",TRUE
"Comparator",300,"Symmetric bimodal",99,"Imai quasi-Bayes",TRUE
"Comparator",300,"Symmetric bimodal",99,"Imai bootstrap",TRUE
"Comparator",300,"Symmetric bimodal",99,"medflex NEM",TRUE
"Comparator",300,"Gaussian",100,"OLS",TRUE
"Comparator",300,"Gaussian",100,"Semiparametric",TRUE
"Comparator",300,"Gaussian",100,"Imai quasi-Bayes",TRUE
"Comparator",300,"Gaussian",100,"Imai bootstrap",TRUE
"Comparator",300,"Gaussian",100,"medflex NEM",TRUE
"Comparator",300,"Skew-normal",100,"OLS",TRUE
"Comparator",300,"Skew-normal",100,"Semiparametric",TRUE
"Comparator",300,"Skew-normal",100,"Imai quasi-Bayes",TRUE
"Comparator",300,"Skew-normal",100,"Imai bootstrap",TRUE
"Comparator",300,"Skew-normal",100,"medflex NEM",TRUE
"Comparator",300,"Asymmetric mixture",100,"OLS",TRUE
"Comparator",300,"Asymmetric mixture",100,"Semiparametric",TRUE
"Comparator",300,"Asymmetric mixture",100,"Imai quasi-Bayes",TRUE
"Comparator",300,"Asymmetric mixture",100,"Imai bootstrap",TRUE
"Comparator",300,"Asymmetric mixture",100,"medflex NEM",TRUE
"Comparator",300,"Symmetric bimodal",100,"OLS",TRUE
"Comparator",300,"Symmetric bimodal",100,"Semiparametric",TRUE
"Comparator",300,"Symmetric bimodal",100,"Imai quasi-Bayes",TRUE
"Comparator",300,"Symmetric bimodal",100,"Imai bootstrap",TRUE
"Comparator",300,"Symmetric bimodal",100,"medflex NEM",TRUE
"Comparator",300,"Gaussian",101,"OLS",TRUE
"Comparator",300,"Gaussian",101,"Semiparametric",TRUE
"Comparator",300,"Gaussian",101,"Imai quasi-Bayes",TRUE
"Comparator",300,"Gaussian",101,"Imai bootstrap",TRUE
"Comparator",300,"Gaussian",101,"medflex NEM",TRUE
"Comparator",300,"Skew-normal",101,"OLS",TRUE
"Comparator",300,"Skew-normal",101,"Semiparametric",TRUE
"Comparator",300,"Skew-normal",101,"Imai quasi-Bayes",TRUE
"Comparator",300,"Skew-normal",101,"Imai bootstrap",TRUE
"Comparator",300,"Skew-normal",101,"medflex NEM",TRUE
"Comparator",300,"Asymmetric mixture",101,"OLS",TRUE
"Comparator",300,"Asymmetric mixture",101,"Semiparametric",TRUE
"Comparator",300,"Asymmetric mixture",101,"Imai quasi-Bayes",TRUE
"Comparator",300,"Asymmetric mixture",101,"Imai bootstrap",TRUE
"Comparator",300,"Asymmetric mixture",101,"medflex NEM",TRUE
"Comparator",300,"Symmetric bimodal",101,"OLS",TRUE
"Comparator",300,"Symmetric bimodal",101,"Semiparametric",TRUE
"Comparator",300,"Symmetric bimodal",101,"Imai quasi-Bayes",TRUE
"Comparator",300,"Symmetric bimodal",101,"Imai bootstrap",TRUE
"Comparator",300,"Symmetric bimodal",101,"medflex NEM",TRUE
"Comparator",300,"Gaussian",102,"OLS",TRUE
"Comparator",300,"Gaussian",102,"Semiparametric",TRUE
"Comparator",300,"Gaussian",102,"Imai quasi-Bayes",TRUE
"Comparator",300,"Gaussian",102,"Imai bootstrap",TRUE
"Comparator",300,"Gaussian",102,"medflex NEM",TRUE
"Comparator",300,"Skew-normal",102,"OLS",TRUE
"Comparator",300,"Skew-normal",102,"Semiparametric",TRUE
"Comparator",300,"Skew-normal",102,"Imai quasi-Bayes",TRUE
"Comparator",300,"Skew-normal",102,"Imai bootstrap",TRUE
"Comparator",300,"Skew-normal",102,"medflex NEM",TRUE
"Comparator",300,"Asymmetric mixture",102,"OLS",TRUE
"Comparator",300,"Asymmetric mixture",102,"Semiparametric",TRUE
"Comparator",300,"Asymmetric mixture",102,"Imai quasi-Bayes",TRUE
"Comparator",300,"Asymmetric mixture",102,"Imai bootstrap",TRUE
"Comparator",300,"Asymmetric mixture",102,"medflex NEM",TRUE
"Comparator",300,"Symmetric bimodal",102,"OLS",TRUE
"Comparator",300,"Symmetric bimodal",102,"Semiparametric",TRUE
"Comparator",300,"Symmetric bimodal",102,"Imai quasi-Bayes",TRUE
"Comparator",300,"Symmetric bimodal",102,"Imai bootstrap",TRUE
"Comparator",300,"Symmetric bimodal",102,"medflex NEM",TRUE
"Comparator",300,"Gaussian",103,"OLS",TRUE
"Comparator",300,"Gaussian",103,"Semiparametric",TRUE
"Comparator",300,"Gaussian",103,"Imai quasi-Bayes",TRUE
"Comparator",300,"Gaussian",103,"Imai bootstrap",TRUE
"Comparator",300,"Gaussian",103,"medflex NEM",TRUE
"Comparator",300,"Skew-normal",103,"OLS",TRUE
"Comparator",300,"Skew-normal",103,"Semiparametric",TRUE
"Comparator",300,"Skew-normal",103,"Imai quasi-Bayes",TRUE
"Comparator",300,"Skew-normal",103,"Imai bootstrap",TRUE
"Comparator",300,"Skew-normal",103,"medflex NEM",TRUE
"Comparator",300,"Asymmetric mixture",103,"OLS",TRUE
"Comparator",300,"Asymmetric mixture",103,"Semiparametric",TRUE
"Comparator",300,"Asymmetric mixture",103,"Imai quasi-Bayes",TRUE
"Comparator",300,"Asymmetric mixture",103,"Imai bootstrap",TRUE
"Comparator",300,"Asymmetric mixture",103,"medflex NEM",TRUE
"Comparator",300,"Symmetric bimodal",103,"OLS",TRUE
"Comparator",300,"Symmetric bimodal",103,"Semiparametric",TRUE
"Comparator",300,"Symmetric bimodal",103,"Imai quasi-Bayes",TRUE
"Comparator",300,"Symmetric bimodal",103,"Imai bootstrap",TRUE
"Comparator",300,"Symmetric bimodal",103,"medflex NEM",TRUE
"Comparator",300,"Gaussian",104,"OLS",TRUE
"Comparator",300,"Gaussian",104,"Semiparametric",TRUE
"Comparator",300,"Gaussian",104,"Imai quasi-Bayes",TRUE
"Comparator",300,"Gaussian",104,"Imai bootstrap",TRUE
"Comparator",300,"Gaussian",104,"medflex NEM",TRUE
"Comparator",300,"Skew-normal",104,"OLS",TRUE
"Comparator",300,"Skew-normal",104,"Semiparametric",TRUE
"Comparator",300,"Skew-normal",104,"Imai quasi-Bayes",TRUE
"Comparator",300,"Skew-normal",104,"Imai bootstrap",TRUE
"Comparator",300,"Skew-normal",104,"medflex NEM",TRUE
"Comparator",300,"Asymmetric mixture",104,"OLS",TRUE
"Comparator",300,"Asymmetric mixture",104,"Semiparametric",TRUE
"Comparator",300,"Asymmetric mixture",104,"Imai quasi-Bayes",TRUE
"Comparator",300,"Asymmetric mixture",104,"Imai bootstrap",TRUE
"Comparator",300,"Asymmetric mixture",104,"medflex NEM",TRUE
"Comparator",300,"Symmetric bimodal",104,"OLS",TRUE
"Comparator",300,"Symmetric bimodal",104,"Semiparametric",TRUE
"Comparator",300,"Symmetric bimodal",104,"Imai quasi-Bayes",TRUE
"Comparator",300,"Symmetric bimodal",104,"Imai bootstrap",TRUE
"Comparator",300,"Symmetric bimodal",104,"medflex NEM",TRUE
"Comparator",300,"Gaussian",105,"OLS",TRUE
"Comparator",300,"Gaussian",105,"Semiparametric",TRUE
"Comparator",300,"Gaussian",105,"Imai quasi-Bayes",TRUE
"Comparator",300,"Gaussian",105,"Imai bootstrap",TRUE
"Comparator",300,"Gaussian",105,"medflex NEM",TRUE
"Comparator",300,"Skew-normal",105,"OLS",TRUE
"Comparator",300,"Skew-normal",105,"Semiparametric",TRUE
"Comparator",300,"Skew-normal",105,"Imai quasi-Bayes",TRUE
"Comparator",300,"Skew-normal",105,"Imai bootstrap",TRUE
"Comparator",300,"Skew-normal",105,"medflex NEM",TRUE
"Comparator",300,"Asymmetric mixture",105,"OLS",TRUE
"Comparator",300,"Asymmetric mixture",105,"Semiparametric",TRUE
"Comparator",300,"Asymmetric mixture",105,"Imai quasi-Bayes",TRUE
"Comparator",300,"Asymmetric mixture",105,"Imai bootstrap",TRUE
"Comparator",300,"Asymmetric mixture",105,"medflex NEM",TRUE
"Comparator",300,"Symmetric bimodal",105,"OLS",TRUE
"Comparator",300,"Symmetric bimodal",105,"Semiparametric",TRUE
"Comparator",300,"Symmetric bimodal",105,"Imai quasi-Bayes",TRUE
"Comparator",300,"Symmetric bimodal",105,"Imai bootstrap",TRUE
"Comparator",300,"Symmetric bimodal",105,"medflex NEM",TRUE
"Comparator",300,"Gaussian",106,"OLS",TRUE
"Comparator",300,"Gaussian",106,"Semiparametric",TRUE
"Comparator",300,"Gaussian",106,"Imai quasi-Bayes",TRUE
"Comparator",300,"Gaussian",106,"Imai bootstrap",TRUE
"Comparator",300,"Gaussian",106,"medflex NEM",TRUE
"Comparator",300,"Skew-normal",106,"OLS",TRUE
"Comparator",300,"Skew-normal",106,"Semiparametric",TRUE
"Comparator",300,"Skew-normal",106,"Imai quasi-Bayes",TRUE
"Comparator",300,"Skew-normal",106,"Imai bootstrap",TRUE
"Comparator",300,"Skew-normal",106,"medflex NEM",TRUE
"Comparator",300,"Asymmetric mixture",106,"OLS",TRUE
"Comparator",300,"Asymmetric mixture",106,"Semiparametric",TRUE
"Comparator",300,"Asymmetric mixture",106,"Imai quasi-Bayes",TRUE
"Comparator",300,"Asymmetric mixture",106,"Imai bootstrap",TRUE
"Comparator",300,"Asymmetric mixture",106,"medflex NEM",TRUE
"Comparator",300,"Symmetric bimodal",106,"OLS",TRUE
"Comparator",300,"Symmetric bimodal",106,"Semiparametric",TRUE
"Comparator",300,"Symmetric bimodal",106,"Imai quasi-Bayes",TRUE
"Comparator",300,"Symmetric bimodal",106,"Imai bootstrap",TRUE
"Comparator",300,"Symmetric bimodal",106,"medflex NEM",TRUE
"Comparator",300,"Gaussian",107,"OLS",TRUE
"Comparator",300,"Gaussian",107,"Semiparametric",TRUE
"Comparator",300,"Gaussian",107,"Imai quasi-Bayes",TRUE
"Comparator",300,"Gaussian",107,"Imai bootstrap",TRUE
"Comparator",300,"Gaussian",107,"medflex NEM",TRUE
"Comparator",300,"Skew-normal",107,"OLS",TRUE
"Comparator",300,"Skew-normal",107,"Semiparametric",TRUE
"Comparator",300,"Skew-normal",107,"Imai quasi-Bayes",TRUE
"Comparator",300,"Skew-normal",107,"Imai bootstrap",TRUE
"Comparator",300,"Skew-normal",107,"medflex NEM",TRUE
"Comparator",300,"Asymmetric mixture",107,"OLS",TRUE
"Comparator",300,"Asymmetric mixture",107,"Semiparametric",TRUE
"Comparator",300,"Asymmetric mixture",107,"Imai quasi-Bayes",TRUE
"Comparator",300,"Asymmetric mixture",107,"Imai bootstrap",TRUE
"Comparator",300,"Asymmetric mixture",107,"medflex NEM",TRUE
"Comparator",300,"Symmetric bimodal",107,"OLS",TRUE
"Comparator",300,"Symmetric bimodal",107,"Semiparametric",TRUE
"Comparator",300,"Symmetric bimodal",107,"Imai quasi-Bayes",TRUE
"Comparator",300,"Symmetric bimodal",107,"Imai bootstrap",TRUE
"Comparator",300,"Symmetric bimodal",107,"medflex NEM",TRUE
"Comparator",300,"Gaussian",108,"OLS",TRUE
"Comparator",300,"Gaussian",108,"Semiparametric",TRUE
"Comparator",300,"Gaussian",108,"Imai quasi-Bayes",TRUE
"Comparator",300,"Gaussian",108,"Imai bootstrap",TRUE
"Comparator",300,"Gaussian",108,"medflex NEM",TRUE
"Comparator",300,"Skew-normal",108,"OLS",TRUE
"Comparator",300,"Skew-normal",108,"Semiparametric",TRUE
"Comparator",300,"Skew-normal",108,"Imai quasi-Bayes",TRUE
"Comparator",300,"Skew-normal",108,"Imai bootstrap",TRUE
"Comparator",300,"Skew-normal",108,"medflex NEM",TRUE
"Comparator",300,"Asymmetric mixture",108,"OLS",TRUE
"Comparator",300,"Asymmetric mixture",108,"Semiparametric",TRUE
"Comparator",300,"Asymmetric mixture",108,"Imai quasi-Bayes",TRUE
"Comparator",300,"Asymmetric mixture",108,"Imai bootstrap",TRUE
"Comparator",300,"Asymmetric mixture",108,"medflex NEM",TRUE
"Comparator",300,"Symmetric bimodal",108,"OLS",TRUE
"Comparator",300,"Symmetric bimodal",108,"Semiparametric",TRUE
"Comparator",300,"Symmetric bimodal",108,"Imai quasi-Bayes",TRUE
"Comparator",300,"Symmetric bimodal",108,"Imai bootstrap",TRUE
"Comparator",300,"Symmetric bimodal",108,"medflex NEM",TRUE
"Comparator",300,"Gaussian",109,"OLS",TRUE
"Comparator",300,"Gaussian",109,"Semiparametric",TRUE
"Comparator",300,"Gaussian",109,"Imai quasi-Bayes",TRUE
"Comparator",300,"Gaussian",109,"Imai bootstrap",TRUE
"Comparator",300,"Gaussian",109,"medflex NEM",TRUE
"Comparator",300,"Skew-normal",109,"OLS",TRUE
"Comparator",300,"Skew-normal",109,"Semiparametric",TRUE
"Comparator",300,"Skew-normal",109,"Imai quasi-Bayes",TRUE
"Comparator",300,"Skew-normal",109,"Imai bootstrap",TRUE
"Comparator",300,"Skew-normal",109,"medflex NEM",TRUE
"Comparator",300,"Asymmetric mixture",109,"OLS",TRUE
"Comparator",300,"Asymmetric mixture",109,"Semiparametric",TRUE
"Comparator",300,"Asymmetric mixture",109,"Imai quasi-Bayes",TRUE
"Comparator",300,"Asymmetric mixture",109,"Imai bootstrap",TRUE
"Comparator",300,"Asymmetric mixture",109,"medflex NEM",TRUE
"Comparator",300,"Symmetric bimodal",109,"OLS",TRUE
"Comparator",300,"Symmetric bimodal",109,"Semiparametric",TRUE
"Comparator",300,"Symmetric bimodal",109,"Imai quasi-Bayes",TRUE
"Comparator",300,"Symmetric bimodal",109,"Imai bootstrap",TRUE
"Comparator",300,"Symmetric bimodal",109,"medflex NEM",TRUE
"Comparator",300,"Gaussian",110,"OLS",TRUE
"Comparator",300,"Gaussian",110,"Semiparametric",TRUE
"Comparator",300,"Gaussian",110,"Imai quasi-Bayes",TRUE
"Comparator",300,"Gaussian",110,"Imai bootstrap",TRUE
"Comparator",300,"Gaussian",110,"medflex NEM",TRUE
"Comparator",300,"Skew-normal",110,"OLS",TRUE
"Comparator",300,"Skew-normal",110,"Semiparametric",TRUE
"Comparator",300,"Skew-normal",110,"Imai quasi-Bayes",TRUE
"Comparator",300,"Skew-normal",110,"Imai bootstrap",TRUE
"Comparator",300,"Skew-normal",110,"medflex NEM",TRUE
"Comparator",300,"Asymmetric mixture",110,"OLS",TRUE
"Comparator",300,"Asymmetric mixture",110,"Semiparametric",TRUE
"Comparator",300,"Asymmetric mixture",110,"Imai quasi-Bayes",TRUE
"Comparator",300,"Asymmetric mixture",110,"Imai bootstrap",TRUE
"Comparator",300,"Asymmetric mixture",110,"medflex NEM",TRUE
"Comparator",300,"Symmetric bimodal",110,"OLS",TRUE
"Comparator",300,"Symmetric bimodal",110,"Semiparametric",TRUE
"Comparator",300,"Symmetric bimodal",110,"Imai quasi-Bayes",TRUE
"Comparator",300,"Symmetric bimodal",110,"Imai bootstrap",TRUE
"Comparator",300,"Symmetric bimodal",110,"medflex NEM",TRUE
"Comparator",300,"Gaussian",111,"OLS",TRUE
"Comparator",300,"Gaussian",111,"Semiparametric",TRUE
"Comparator",300,"Gaussian",111,"Imai quasi-Bayes",TRUE
"Comparator",300,"Gaussian",111,"Imai bootstrap",TRUE
"Comparator",300,"Gaussian",111,"medflex NEM",TRUE
"Comparator",300,"Skew-normal",111,"OLS",TRUE
"Comparator",300,"Skew-normal",111,"Semiparametric",TRUE
"Comparator",300,"Skew-normal",111,"Imai quasi-Bayes",TRUE
"Comparator",300,"Skew-normal",111,"Imai bootstrap",TRUE
"Comparator",300,"Skew-normal",111,"medflex NEM",TRUE
"Comparator",300,"Asymmetric mixture",111,"OLS",TRUE
"Comparator",300,"Asymmetric mixture",111,"Semiparametric",TRUE
"Comparator",300,"Asymmetric mixture",111,"Imai quasi-Bayes",TRUE
"Comparator",300,"Asymmetric mixture",111,"Imai bootstrap",TRUE
"Comparator",300,"Asymmetric mixture",111,"medflex NEM",TRUE
"Comparator",300,"Symmetric bimodal",111,"OLS",TRUE
"Comparator",300,"Symmetric bimodal",111,"Semiparametric",TRUE
"Comparator",300,"Symmetric bimodal",111,"Imai quasi-Bayes",TRUE
"Comparator",300,"Symmetric bimodal",111,"Imai bootstrap",TRUE
"Comparator",300,"Symmetric bimodal",111,"medflex NEM",TRUE
"Comparator",300,"Gaussian",112,"OLS",TRUE
"Comparator",300,"Gaussian",112,"Semiparametric",TRUE
"Comparator",300,"Gaussian",112,"Imai quasi-Bayes",TRUE
"Comparator",300,"Gaussian",112,"Imai bootstrap",TRUE
"Comparator",300,"Gaussian",112,"medflex NEM",TRUE
"Comparator",300,"Skew-normal",112,"OLS",TRUE
"Comparator",300,"Skew-normal",112,"Semiparametric",TRUE
"Comparator",300,"Skew-normal",112,"Imai quasi-Bayes",TRUE
"Comparator",300,"Skew-normal",112,"Imai bootstrap",TRUE
"Comparator",300,"Skew-normal",112,"medflex NEM",TRUE
"Comparator",300,"Asymmetric mixture",112,"OLS",TRUE
"Comparator",300,"Asymmetric mixture",112,"Semiparametric",TRUE
"Comparator",300,"Asymmetric mixture",112,"Imai quasi-Bayes",TRUE
"Comparator",300,"Asymmetric mixture",112,"Imai bootstrap",TRUE
"Comparator",300,"Asymmetric mixture",112,"medflex NEM",TRUE
"Comparator",300,"Symmetric bimodal",112,"OLS",TRUE
"Comparator",300,"Symmetric bimodal",112,"Semiparametric",FALSE
"Comparator",300,"Symmetric bimodal",112,"Imai quasi-Bayes",TRUE
"Comparator",300,"Symmetric bimodal",112,"Imai bootstrap",TRUE
"Comparator",300,"Symmetric bimodal",112,"medflex NEM",TRUE
"Comparator",300,"Gaussian",113,"OLS",TRUE
"Comparator",300,"Gaussian",113,"Semiparametric",TRUE
"Comparator",300,"Gaussian",113,"Imai quasi-Bayes",TRUE
"Comparator",300,"Gaussian",113,"Imai bootstrap",TRUE
"Comparator",300,"Gaussian",113,"medflex NEM",TRUE
"Comparator",300,"Skew-normal",113,"OLS",TRUE
"Comparator",300,"Skew-normal",113,"Semiparametric",TRUE
"Comparator",300,"Skew-normal",113,"Imai quasi-Bayes",TRUE
"Comparator",300,"Skew-normal",113,"Imai bootstrap",TRUE
"Comparator",300,"Skew-normal",113,"medflex NEM",TRUE
"Comparator",300,"Asymmetric mixture",113,"OLS",TRUE
"Comparator",300,"Asymmetric mixture",113,"Semiparametric",TRUE
"Comparator",300,"Asymmetric mixture",113,"Imai quasi-Bayes",TRUE
"Comparator",300,"Asymmetric mixture",113,"Imai bootstrap",TRUE
"Comparator",300,"Asymmetric mixture",113,"medflex NEM",TRUE
"Comparator",300,"Symmetric bimodal",113,"OLS",TRUE
"Comparator",300,"Symmetric bimodal",113,"Semiparametric",TRUE
"Comparator",300,"Symmetric bimodal",113,"Imai quasi-Bayes",TRUE
"Comparator",300,"Symmetric bimodal",113,"Imai bootstrap",TRUE
"Comparator",300,"Symmetric bimodal",113,"medflex NEM",TRUE
"Comparator",300,"Gaussian",114,"OLS",TRUE
"Comparator",300,"Gaussian",114,"Semiparametric",TRUE
"Comparator",300,"Gaussian",114,"Imai quasi-Bayes",TRUE
"Comparator",300,"Gaussian",114,"Imai bootstrap",TRUE
"Comparator",300,"Gaussian",114,"medflex NEM",TRUE
"Comparator",300,"Skew-normal",114,"OLS",TRUE
"Comparator",300,"Skew-normal",114,"Semiparametric",TRUE
"Comparator",300,"Skew-normal",114,"Imai quasi-Bayes",TRUE
"Comparator",300,"Skew-normal",114,"Imai bootstrap",TRUE
"Comparator",300,"Skew-normal",114,"medflex NEM",TRUE
"Comparator",300,"Asymmetric mixture",114,"OLS",TRUE
"Comparator",300,"Asymmetric mixture",114,"Semiparametric",TRUE
"Comparator",300,"Asymmetric mixture",114,"Imai quasi-Bayes",TRUE
"Comparator",300,"Asymmetric mixture",114,"Imai bootstrap",TRUE
"Comparator",300,"Asymmetric mixture",114,"medflex NEM",TRUE
"Comparator",300,"Symmetric bimodal",114,"OLS",TRUE
"Comparator",300,"Symmetric bimodal",114,"Semiparametric",TRUE
"Comparator",300,"Symmetric bimodal",114,"Imai quasi-Bayes",TRUE
"Comparator",300,"Symmetric bimodal",114,"Imai bootstrap",TRUE
"Comparator",300,"Symmetric bimodal",114,"medflex NEM",TRUE
"Comparator",300,"Gaussian",115,"OLS",TRUE
"Comparator",300,"Gaussian",115,"Semiparametric",TRUE
"Comparator",300,"Gaussian",115,"Imai quasi-Bayes",TRUE
"Comparator",300,"Gaussian",115,"Imai bootstrap",TRUE
"Comparator",300,"Gaussian",115,"medflex NEM",TRUE
"Comparator",300,"Skew-normal",115,"OLS",TRUE
"Comparator",300,"Skew-normal",115,"Semiparametric",TRUE
"Comparator",300,"Skew-normal",115,"Imai quasi-Bayes",TRUE
"Comparator",300,"Skew-normal",115,"Imai bootstrap",TRUE
"Comparator",300,"Skew-normal",115,"medflex NEM",TRUE
"Comparator",300,"Asymmetric mixture",115,"OLS",TRUE
"Comparator",300,"Asymmetric mixture",115,"Semiparametric",TRUE
"Comparator",300,"Asymmetric mixture",115,"Imai quasi-Bayes",TRUE
"Comparator",300,"Asymmetric mixture",115,"Imai bootstrap",TRUE
"Comparator",300,"Asymmetric mixture",115,"medflex NEM",TRUE
"Comparator",300,"Symmetric bimodal",115,"OLS",TRUE
"Comparator",300,"Symmetric bimodal",115,"Semiparametric",TRUE
"Comparator",300,"Symmetric bimodal",115,"Imai quasi-Bayes",TRUE
"Comparator",300,"Symmetric bimodal",115,"Imai bootstrap",TRUE
"Comparator",300,"Symmetric bimodal",115,"medflex NEM",TRUE
"Comparator",300,"Gaussian",116,"OLS",TRUE
"Comparator",300,"Gaussian",116,"Semiparametric",TRUE
"Comparator",300,"Gaussian",116,"Imai quasi-Bayes",TRUE
"Comparator",300,"Gaussian",116,"Imai bootstrap",TRUE
"Comparator",300,"Gaussian",116,"medflex NEM",TRUE
"Comparator",300,"Skew-normal",116,"OLS",TRUE
"Comparator",300,"Skew-normal",116,"Semiparametric",TRUE
"Comparator",300,"Skew-normal",116,"Imai quasi-Bayes",TRUE
"Comparator",300,"Skew-normal",116,"Imai bootstrap",TRUE
"Comparator",300,"Skew-normal",116,"medflex NEM",TRUE
"Comparator",300,"Asymmetric mixture",116,"OLS",TRUE
"Comparator",300,"Asymmetric mixture",116,"Semiparametric",TRUE
"Comparator",300,"Asymmetric mixture",116,"Imai quasi-Bayes",TRUE
"Comparator",300,"Asymmetric mixture",116,"Imai bootstrap",TRUE
"Comparator",300,"Asymmetric mixture",116,"medflex NEM",TRUE
"Comparator",300,"Symmetric bimodal",116,"OLS",TRUE
"Comparator",300,"Symmetric bimodal",116,"Semiparametric",TRUE
"Comparator",300,"Symmetric bimodal",116,"Imai quasi-Bayes",TRUE
"Comparator",300,"Symmetric bimodal",116,"Imai bootstrap",TRUE
"Comparator",300,"Symmetric bimodal",116,"medflex NEM",TRUE
"Comparator",300,"Gaussian",117,"OLS",TRUE
"Comparator",300,"Gaussian",117,"Semiparametric",TRUE
"Comparator",300,"Gaussian",117,"Imai quasi-Bayes",TRUE
"Comparator",300,"Gaussian",117,"Imai bootstrap",TRUE
"Comparator",300,"Gaussian",117,"medflex NEM",TRUE
"Comparator",300,"Skew-normal",117,"OLS",TRUE
"Comparator",300,"Skew-normal",117,"Semiparametric",TRUE
"Comparator",300,"Skew-normal",117,"Imai quasi-Bayes",TRUE
"Comparator",300,"Skew-normal",117,"Imai bootstrap",TRUE
"Comparator",300,"Skew-normal",117,"medflex NEM",TRUE
"Comparator",300,"Asymmetric mixture",117,"OLS",TRUE
"Comparator",300,"Asymmetric mixture",117,"Semiparametric",TRUE
"Comparator",300,"Asymmetric mixture",117,"Imai quasi-Bayes",TRUE
"Comparator",300,"Asymmetric mixture",117,"Imai bootstrap",TRUE
"Comparator",300,"Asymmetric mixture",117,"medflex NEM",TRUE
"Comparator",300,"Symmetric bimodal",117,"OLS",TRUE
"Comparator",300,"Symmetric bimodal",117,"Semiparametric",TRUE
"Comparator",300,"Symmetric bimodal",117,"Imai quasi-Bayes",TRUE
"Comparator",300,"Symmetric bimodal",117,"Imai bootstrap",TRUE
"Comparator",300,"Symmetric bimodal",117,"medflex NEM",TRUE
"Comparator",300,"Gaussian",118,"OLS",TRUE
"Comparator",300,"Gaussian",118,"Semiparametric",TRUE
"Comparator",300,"Gaussian",118,"Imai quasi-Bayes",TRUE
"Comparator",300,"Gaussian",118,"Imai bootstrap",TRUE
"Comparator",300,"Gaussian",118,"medflex NEM",TRUE
"Comparator",300,"Skew-normal",118,"OLS",TRUE
"Comparator",300,"Skew-normal",118,"Semiparametric",TRUE
"Comparator",300,"Skew-normal",118,"Imai quasi-Bayes",TRUE
"Comparator",300,"Skew-normal",118,"Imai bootstrap",TRUE
"Comparator",300,"Skew-normal",118,"medflex NEM",TRUE
"Comparator",300,"Asymmetric mixture",118,"OLS",TRUE
"Comparator",300,"Asymmetric mixture",118,"Semiparametric",TRUE
"Comparator",300,"Asymmetric mixture",118,"Imai quasi-Bayes",TRUE
"Comparator",300,"Asymmetric mixture",118,"Imai bootstrap",TRUE
"Comparator",300,"Asymmetric mixture",118,"medflex NEM",TRUE
"Comparator",300,"Symmetric bimodal",118,"OLS",TRUE
"Comparator",300,"Symmetric bimodal",118,"Semiparametric",TRUE
"Comparator",300,"Symmetric bimodal",118,"Imai quasi-Bayes",TRUE
"Comparator",300,"Symmetric bimodal",118,"Imai bootstrap",TRUE
"Comparator",300,"Symmetric bimodal",118,"medflex NEM",TRUE
"Comparator",300,"Gaussian",119,"OLS",TRUE
"Comparator",300,"Gaussian",119,"Semiparametric",TRUE
"Comparator",300,"Gaussian",119,"Imai quasi-Bayes",TRUE
"Comparator",300,"Gaussian",119,"Imai bootstrap",TRUE
"Comparator",300,"Gaussian",119,"medflex NEM",TRUE
"Comparator",300,"Skew-normal",119,"OLS",TRUE
"Comparator",300,"Skew-normal",119,"Semiparametric",TRUE
"Comparator",300,"Skew-normal",119,"Imai quasi-Bayes",TRUE
"Comparator",300,"Skew-normal",119,"Imai bootstrap",TRUE
"Comparator",300,"Skew-normal",119,"medflex NEM",TRUE
"Comparator",300,"Asymmetric mixture",119,"OLS",TRUE
"Comparator",300,"Asymmetric mixture",119,"Semiparametric",TRUE
"Comparator",300,"Asymmetric mixture",119,"Imai quasi-Bayes",TRUE
"Comparator",300,"Asymmetric mixture",119,"Imai bootstrap",TRUE
"Comparator",300,"Asymmetric mixture",119,"medflex NEM",TRUE
"Comparator",300,"Symmetric bimodal",119,"OLS",TRUE
"Comparator",300,"Symmetric bimodal",119,"Semiparametric",TRUE
"Comparator",300,"Symmetric bimodal",119,"Imai quasi-Bayes",TRUE
"Comparator",300,"Symmetric bimodal",119,"Imai bootstrap",TRUE
"Comparator",300,"Symmetric bimodal",119,"medflex NEM",TRUE
"Comparator",300,"Gaussian",120,"OLS",TRUE
"Comparator",300,"Gaussian",120,"Semiparametric",TRUE
"Comparator",300,"Gaussian",120,"Imai quasi-Bayes",TRUE
"Comparator",300,"Gaussian",120,"Imai bootstrap",TRUE
"Comparator",300,"Gaussian",120,"medflex NEM",TRUE
"Comparator",300,"Skew-normal",120,"OLS",TRUE
"Comparator",300,"Skew-normal",120,"Semiparametric",TRUE
"Comparator",300,"Skew-normal",120,"Imai quasi-Bayes",TRUE
"Comparator",300,"Skew-normal",120,"Imai bootstrap",TRUE
"Comparator",300,"Skew-normal",120,"medflex NEM",TRUE
"Comparator",300,"Asymmetric mixture",120,"OLS",TRUE
"Comparator",300,"Asymmetric mixture",120,"Semiparametric",TRUE
"Comparator",300,"Asymmetric mixture",120,"Imai quasi-Bayes",TRUE
"Comparator",300,"Asymmetric mixture",120,"Imai bootstrap",TRUE
"Comparator",300,"Asymmetric mixture",120,"medflex NEM",TRUE
"Comparator",300,"Symmetric bimodal",120,"OLS",TRUE
"Comparator",300,"Symmetric bimodal",120,"Semiparametric",TRUE
"Comparator",300,"Symmetric bimodal",120,"Imai quasi-Bayes",TRUE
"Comparator",300,"Symmetric bimodal",120,"Imai bootstrap",TRUE
"Comparator",300,"Symmetric bimodal",120,"medflex NEM",TRUE
"Comparator",300,"Gaussian",121,"OLS",TRUE
"Comparator",300,"Gaussian",121,"Semiparametric",TRUE
"Comparator",300,"Gaussian",121,"Imai quasi-Bayes",TRUE
"Comparator",300,"Gaussian",121,"Imai bootstrap",TRUE
"Comparator",300,"Gaussian",121,"medflex NEM",TRUE
"Comparator",300,"Skew-normal",121,"OLS",TRUE
"Comparator",300,"Skew-normal",121,"Semiparametric",TRUE
"Comparator",300,"Skew-normal",121,"Imai quasi-Bayes",TRUE
"Comparator",300,"Skew-normal",121,"Imai bootstrap",TRUE
"Comparator",300,"Skew-normal",121,"medflex NEM",TRUE
"Comparator",300,"Asymmetric mixture",121,"OLS",TRUE
"Comparator",300,"Asymmetric mixture",121,"Semiparametric",TRUE
"Comparator",300,"Asymmetric mixture",121,"Imai quasi-Bayes",TRUE
"Comparator",300,"Asymmetric mixture",121,"Imai bootstrap",TRUE
"Comparator",300,"Asymmetric mixture",121,"medflex NEM",TRUE
"Comparator",300,"Symmetric bimodal",121,"OLS",TRUE
"Comparator",300,"Symmetric bimodal",121,"Semiparametric",TRUE
"Comparator",300,"Symmetric bimodal",121,"Imai quasi-Bayes",TRUE
"Comparator",300,"Symmetric bimodal",121,"Imai bootstrap",TRUE
"Comparator",300,"Symmetric bimodal",121,"medflex NEM",TRUE
"Comparator",300,"Gaussian",122,"OLS",TRUE
"Comparator",300,"Gaussian",122,"Semiparametric",TRUE
"Comparator",300,"Gaussian",122,"Imai quasi-Bayes",TRUE
"Comparator",300,"Gaussian",122,"Imai bootstrap",TRUE
"Comparator",300,"Gaussian",122,"medflex NEM",TRUE
"Comparator",300,"Skew-normal",122,"OLS",TRUE
"Comparator",300,"Skew-normal",122,"Semiparametric",TRUE
"Comparator",300,"Skew-normal",122,"Imai quasi-Bayes",TRUE
"Comparator",300,"Skew-normal",122,"Imai bootstrap",TRUE
"Comparator",300,"Skew-normal",122,"medflex NEM",TRUE
"Comparator",300,"Asymmetric mixture",122,"OLS",TRUE
"Comparator",300,"Asymmetric mixture",122,"Semiparametric",TRUE
"Comparator",300,"Asymmetric mixture",122,"Imai quasi-Bayes",TRUE
"Comparator",300,"Asymmetric mixture",122,"Imai bootstrap",TRUE
"Comparator",300,"Asymmetric mixture",122,"medflex NEM",TRUE
"Comparator",300,"Symmetric bimodal",122,"OLS",TRUE
"Comparator",300,"Symmetric bimodal",122,"Semiparametric",TRUE
"Comparator",300,"Symmetric bimodal",122,"Imai quasi-Bayes",TRUE
"Comparator",300,"Symmetric bimodal",122,"Imai bootstrap",TRUE
"Comparator",300,"Symmetric bimodal",122,"medflex NEM",TRUE
"Comparator",300,"Gaussian",123,"OLS",TRUE
"Comparator",300,"Gaussian",123,"Semiparametric",TRUE
"Comparator",300,"Gaussian",123,"Imai quasi-Bayes",TRUE
"Comparator",300,"Gaussian",123,"Imai bootstrap",TRUE
"Comparator",300,"Gaussian",123,"medflex NEM",TRUE
"Comparator",300,"Skew-normal",123,"OLS",TRUE
"Comparator",300,"Skew-normal",123,"Semiparametric",TRUE
"Comparator",300,"Skew-normal",123,"Imai quasi-Bayes",TRUE
"Comparator",300,"Skew-normal",123,"Imai bootstrap",TRUE
"Comparator",300,"Skew-normal",123,"medflex NEM",TRUE
"Comparator",300,"Asymmetric mixture",123,"OLS",TRUE
"Comparator",300,"Asymmetric mixture",123,"Semiparametric",TRUE
"Comparator",300,"Asymmetric mixture",123,"Imai quasi-Bayes",TRUE
"Comparator",300,"Asymmetric mixture",123,"Imai bootstrap",TRUE
"Comparator",300,"Asymmetric mixture",123,"medflex NEM",TRUE
"Comparator",300,"Symmetric bimodal",123,"OLS",TRUE
"Comparator",300,"Symmetric bimodal",123,"Semiparametric",TRUE
"Comparator",300,"Symmetric bimodal",123,"Imai quasi-Bayes",TRUE
"Comparator",300,"Symmetric bimodal",123,"Imai bootstrap",TRUE
"Comparator",300,"Symmetric bimodal",123,"medflex NEM",TRUE
"Comparator",300,"Gaussian",124,"OLS",TRUE
"Comparator",300,"Gaussian",124,"Semiparametric",TRUE
"Comparator",300,"Gaussian",124,"Imai quasi-Bayes",TRUE
"Comparator",300,"Gaussian",124,"Imai bootstrap",TRUE
"Comparator",300,"Gaussian",124,"medflex NEM",TRUE
"Comparator",300,"Skew-normal",124,"OLS",TRUE
"Comparator",300,"Skew-normal",124,"Semiparametric",TRUE
"Comparator",300,"Skew-normal",124,"Imai quasi-Bayes",TRUE
"Comparator",300,"Skew-normal",124,"Imai bootstrap",TRUE
"Comparator",300,"Skew-normal",124,"medflex NEM",TRUE
"Comparator",300,"Asymmetric mixture",124,"OLS",TRUE
"Comparator",300,"Asymmetric mixture",124,"Semiparametric",TRUE
"Comparator",300,"Asymmetric mixture",124,"Imai quasi-Bayes",TRUE
"Comparator",300,"Asymmetric mixture",124,"Imai bootstrap",TRUE
"Comparator",300,"Asymmetric mixture",124,"medflex NEM",TRUE
"Comparator",300,"Symmetric bimodal",124,"OLS",TRUE
"Comparator",300,"Symmetric bimodal",124,"Semiparametric",TRUE
"Comparator",300,"Symmetric bimodal",124,"Imai quasi-Bayes",TRUE
"Comparator",300,"Symmetric bimodal",124,"Imai bootstrap",TRUE
"Comparator",300,"Symmetric bimodal",124,"medflex NEM",TRUE
"Comparator",300,"Gaussian",125,"OLS",TRUE
"Comparator",300,"Gaussian",125,"Semiparametric",TRUE
"Comparator",300,"Gaussian",125,"Imai quasi-Bayes",TRUE
"Comparator",300,"Gaussian",125,"Imai bootstrap",TRUE
"Comparator",300,"Gaussian",125,"medflex NEM",TRUE
"Comparator",300,"Skew-normal",125,"OLS",TRUE
"Comparator",300,"Skew-normal",125,"Semiparametric",TRUE
"Comparator",300,"Skew-normal",125,"Imai quasi-Bayes",TRUE
"Comparator",300,"Skew-normal",125,"Imai bootstrap",TRUE
"Comparator",300,"Skew-normal",125,"medflex NEM",TRUE
"Comparator",300,"Asymmetric mixture",125,"OLS",TRUE
"Comparator",300,"Asymmetric mixture",125,"Semiparametric",TRUE
"Comparator",300,"Asymmetric mixture",125,"Imai quasi-Bayes",TRUE
"Comparator",300,"Asymmetric mixture",125,"Imai bootstrap",TRUE
"Comparator",300,"Asymmetric mixture",125,"medflex NEM",TRUE
"Comparator",300,"Symmetric bimodal",125,"OLS",TRUE
"Comparator",300,"Symmetric bimodal",125,"Semiparametric",TRUE
"Comparator",300,"Symmetric bimodal",125,"Imai quasi-Bayes",TRUE
"Comparator",300,"Symmetric bimodal",125,"Imai bootstrap",TRUE
"Comparator",300,"Symmetric bimodal",125,"medflex NEM",TRUE
"Comparator",300,"Gaussian",126,"OLS",TRUE
"Comparator",300,"Gaussian",126,"Semiparametric",TRUE
"Comparator",300,"Gaussian",126,"Imai quasi-Bayes",TRUE
"Comparator",300,"Gaussian",126,"Imai bootstrap",TRUE
"Comparator",300,"Gaussian",126,"medflex NEM",TRUE
"Comparator",300,"Skew-normal",126,"OLS",TRUE
"Comparator",300,"Skew-normal",126,"Semiparametric",TRUE
"Comparator",300,"Skew-normal",126,"Imai quasi-Bayes",TRUE
"Comparator",300,"Skew-normal",126,"Imai bootstrap",TRUE
"Comparator",300,"Skew-normal",126,"medflex NEM",TRUE
"Comparator",300,"Asymmetric mixture",126,"OLS",TRUE
"Comparator",300,"Asymmetric mixture",126,"Semiparametric",TRUE
"Comparator",300,"Asymmetric mixture",126,"Imai quasi-Bayes",TRUE
"Comparator",300,"Asymmetric mixture",126,"Imai bootstrap",TRUE
"Comparator",300,"Asymmetric mixture",126,"medflex NEM",TRUE
"Comparator",300,"Symmetric bimodal",126,"OLS",TRUE
"Comparator",300,"Symmetric bimodal",126,"Semiparametric",TRUE
"Comparator",300,"Symmetric bimodal",126,"Imai quasi-Bayes",TRUE
"Comparator",300,"Symmetric bimodal",126,"Imai bootstrap",TRUE
"Comparator",300,"Symmetric bimodal",126,"medflex NEM",TRUE
"Comparator",300,"Gaussian",127,"OLS",TRUE
"Comparator",300,"Gaussian",127,"Semiparametric",TRUE
"Comparator",300,"Gaussian",127,"Imai quasi-Bayes",TRUE
"Comparator",300,"Gaussian",127,"Imai bootstrap",TRUE
"Comparator",300,"Gaussian",127,"medflex NEM",TRUE
"Comparator",300,"Skew-normal",127,"OLS",TRUE
"Comparator",300,"Skew-normal",127,"Semiparametric",TRUE
"Comparator",300,"Skew-normal",127,"Imai quasi-Bayes",TRUE
"Comparator",300,"Skew-normal",127,"Imai bootstrap",TRUE
"Comparator",300,"Skew-normal",127,"medflex NEM",TRUE
"Comparator",300,"Asymmetric mixture",127,"OLS",TRUE
"Comparator",300,"Asymmetric mixture",127,"Semiparametric",TRUE
"Comparator",300,"Asymmetric mixture",127,"Imai quasi-Bayes",TRUE
"Comparator",300,"Asymmetric mixture",127,"Imai bootstrap",TRUE
"Comparator",300,"Asymmetric mixture",127,"medflex NEM",TRUE
"Comparator",300,"Symmetric bimodal",127,"OLS",TRUE
"Comparator",300,"Symmetric bimodal",127,"Semiparametric",TRUE
"Comparator",300,"Symmetric bimodal",127,"Imai quasi-Bayes",TRUE
"Comparator",300,"Symmetric bimodal",127,"Imai bootstrap",TRUE
"Comparator",300,"Symmetric bimodal",127,"medflex NEM",TRUE
"Comparator",300,"Gaussian",128,"OLS",TRUE
"Comparator",300,"Gaussian",128,"Semiparametric",TRUE
"Comparator",300,"Gaussian",128,"Imai quasi-Bayes",TRUE
"Comparator",300,"Gaussian",128,"Imai bootstrap",TRUE
"Comparator",300,"Gaussian",128,"medflex NEM",TRUE
"Comparator",300,"Skew-normal",128,"OLS",TRUE
"Comparator",300,"Skew-normal",128,"Semiparametric",TRUE
"Comparator",300,"Skew-normal",128,"Imai quasi-Bayes",TRUE
"Comparator",300,"Skew-normal",128,"Imai bootstrap",TRUE
"Comparator",300,"Skew-normal",128,"medflex NEM",TRUE
"Comparator",300,"Asymmetric mixture",128,"OLS",TRUE
"Comparator",300,"Asymmetric mixture",128,"Semiparametric",TRUE
"Comparator",300,"Asymmetric mixture",128,"Imai quasi-Bayes",TRUE
"Comparator",300,"Asymmetric mixture",128,"Imai bootstrap",TRUE
"Comparator",300,"Asymmetric mixture",128,"medflex NEM",TRUE
"Comparator",300,"Symmetric bimodal",128,"OLS",TRUE
"Comparator",300,"Symmetric bimodal",128,"Semiparametric",TRUE
"Comparator",300,"Symmetric bimodal",128,"Imai quasi-Bayes",TRUE
"Comparator",300,"Symmetric bimodal",128,"Imai bootstrap",TRUE
"Comparator",300,"Symmetric bimodal",128,"medflex NEM",TRUE
"Comparator",300,"Gaussian",129,"OLS",TRUE
"Comparator",300,"Gaussian",129,"Semiparametric",TRUE
"Comparator",300,"Gaussian",129,"Imai quasi-Bayes",TRUE
"Comparator",300,"Gaussian",129,"Imai bootstrap",TRUE
"Comparator",300,"Gaussian",129,"medflex NEM",TRUE
"Comparator",300,"Skew-normal",129,"OLS",TRUE
"Comparator",300,"Skew-normal",129,"Semiparametric",TRUE
"Comparator",300,"Skew-normal",129,"Imai quasi-Bayes",TRUE
"Comparator",300,"Skew-normal",129,"Imai bootstrap",TRUE
"Comparator",300,"Skew-normal",129,"medflex NEM",TRUE
"Comparator",300,"Asymmetric mixture",129,"OLS",TRUE
"Comparator",300,"Asymmetric mixture",129,"Semiparametric",TRUE
"Comparator",300,"Asymmetric mixture",129,"Imai quasi-Bayes",TRUE
"Comparator",300,"Asymmetric mixture",129,"Imai bootstrap",TRUE
"Comparator",300,"Asymmetric mixture",129,"medflex NEM",TRUE
"Comparator",300,"Symmetric bimodal",129,"OLS",TRUE
"Comparator",300,"Symmetric bimodal",129,"Semiparametric",TRUE
"Comparator",300,"Symmetric bimodal",129,"Imai quasi-Bayes",TRUE
"Comparator",300,"Symmetric bimodal",129,"Imai bootstrap",TRUE
"Comparator",300,"Symmetric bimodal",129,"medflex NEM",TRUE
"Comparator",300,"Gaussian",130,"OLS",TRUE
"Comparator",300,"Gaussian",130,"Semiparametric",TRUE
"Comparator",300,"Gaussian",130,"Imai quasi-Bayes",TRUE
"Comparator",300,"Gaussian",130,"Imai bootstrap",TRUE
"Comparator",300,"Gaussian",130,"medflex NEM",TRUE
"Comparator",300,"Skew-normal",130,"OLS",TRUE
"Comparator",300,"Skew-normal",130,"Semiparametric",TRUE
"Comparator",300,"Skew-normal",130,"Imai quasi-Bayes",TRUE
"Comparator",300,"Skew-normal",130,"Imai bootstrap",TRUE
"Comparator",300,"Skew-normal",130,"medflex NEM",TRUE
"Comparator",300,"Asymmetric mixture",130,"OLS",TRUE
"Comparator",300,"Asymmetric mixture",130,"Semiparametric",TRUE
"Comparator",300,"Asymmetric mixture",130,"Imai quasi-Bayes",TRUE
"Comparator",300,"Asymmetric mixture",130,"Imai bootstrap",TRUE
"Comparator",300,"Asymmetric mixture",130,"medflex NEM",TRUE
"Comparator",300,"Symmetric bimodal",130,"OLS",TRUE
"Comparator",300,"Symmetric bimodal",130,"Semiparametric",TRUE
"Comparator",300,"Symmetric bimodal",130,"Imai quasi-Bayes",TRUE
"Comparator",300,"Symmetric bimodal",130,"Imai bootstrap",TRUE
"Comparator",300,"Symmetric bimodal",130,"medflex NEM",TRUE
"Comparator",300,"Gaussian",131,"OLS",TRUE
"Comparator",300,"Gaussian",131,"Semiparametric",TRUE
"Comparator",300,"Gaussian",131,"Imai quasi-Bayes",TRUE
"Comparator",300,"Gaussian",131,"Imai bootstrap",TRUE
"Comparator",300,"Gaussian",131,"medflex NEM",TRUE
"Comparator",300,"Skew-normal",131,"OLS",TRUE
"Comparator",300,"Skew-normal",131,"Semiparametric",TRUE
"Comparator",300,"Skew-normal",131,"Imai quasi-Bayes",TRUE
"Comparator",300,"Skew-normal",131,"Imai bootstrap",TRUE
"Comparator",300,"Skew-normal",131,"medflex NEM",TRUE
"Comparator",300,"Asymmetric mixture",131,"OLS",TRUE
"Comparator",300,"Asymmetric mixture",131,"Semiparametric",TRUE
"Comparator",300,"Asymmetric mixture",131,"Imai quasi-Bayes",TRUE
"Comparator",300,"Asymmetric mixture",131,"Imai bootstrap",TRUE
"Comparator",300,"Asymmetric mixture",131,"medflex NEM",TRUE
"Comparator",300,"Symmetric bimodal",131,"OLS",TRUE
"Comparator",300,"Symmetric bimodal",131,"Semiparametric",TRUE
"Comparator",300,"Symmetric bimodal",131,"Imai quasi-Bayes",TRUE
"Comparator",300,"Symmetric bimodal",131,"Imai bootstrap",TRUE
"Comparator",300,"Symmetric bimodal",131,"medflex NEM",TRUE
"Comparator",300,"Gaussian",132,"OLS",TRUE
"Comparator",300,"Gaussian",132,"Semiparametric",TRUE
"Comparator",300,"Gaussian",132,"Imai quasi-Bayes",TRUE
"Comparator",300,"Gaussian",132,"Imai bootstrap",TRUE
"Comparator",300,"Gaussian",132,"medflex NEM",TRUE
"Comparator",300,"Skew-normal",132,"OLS",TRUE
"Comparator",300,"Skew-normal",132,"Semiparametric",TRUE
"Comparator",300,"Skew-normal",132,"Imai quasi-Bayes",TRUE
"Comparator",300,"Skew-normal",132,"Imai bootstrap",TRUE
"Comparator",300,"Skew-normal",132,"medflex NEM",TRUE
"Comparator",300,"Asymmetric mixture",132,"OLS",TRUE
"Comparator",300,"Asymmetric mixture",132,"Semiparametric",TRUE
"Comparator",300,"Asymmetric mixture",132,"Imai quasi-Bayes",TRUE
"Comparator",300,"Asymmetric mixture",132,"Imai bootstrap",TRUE
"Comparator",300,"Asymmetric mixture",132,"medflex NEM",TRUE
"Comparator",300,"Symmetric bimodal",132,"OLS",TRUE
"Comparator",300,"Symmetric bimodal",132,"Semiparametric",TRUE
"Comparator",300,"Symmetric bimodal",132,"Imai quasi-Bayes",TRUE
"Comparator",300,"Symmetric bimodal",132,"Imai bootstrap",TRUE
"Comparator",300,"Symmetric bimodal",132,"medflex NEM",TRUE
"Comparator",300,"Gaussian",133,"OLS",TRUE
"Comparator",300,"Gaussian",133,"Semiparametric",TRUE
"Comparator",300,"Gaussian",133,"Imai quasi-Bayes",TRUE
"Comparator",300,"Gaussian",133,"Imai bootstrap",TRUE
"Comparator",300,"Gaussian",133,"medflex NEM",TRUE
"Comparator",300,"Skew-normal",133,"OLS",TRUE
"Comparator",300,"Skew-normal",133,"Semiparametric",TRUE
"Comparator",300,"Skew-normal",133,"Imai quasi-Bayes",TRUE
"Comparator",300,"Skew-normal",133,"Imai bootstrap",TRUE
"Comparator",300,"Skew-normal",133,"medflex NEM",TRUE
"Comparator",300,"Asymmetric mixture",133,"OLS",TRUE
"Comparator",300,"Asymmetric mixture",133,"Semiparametric",FALSE
"Comparator",300,"Asymmetric mixture",133,"Imai quasi-Bayes",TRUE
"Comparator",300,"Asymmetric mixture",133,"Imai bootstrap",TRUE
"Comparator",300,"Asymmetric mixture",133,"medflex NEM",TRUE
"Comparator",300,"Symmetric bimodal",133,"OLS",TRUE
"Comparator",300,"Symmetric bimodal",133,"Semiparametric",TRUE
"Comparator",300,"Symmetric bimodal",133,"Imai quasi-Bayes",TRUE
"Comparator",300,"Symmetric bimodal",133,"Imai bootstrap",TRUE
"Comparator",300,"Symmetric bimodal",133,"medflex NEM",TRUE
"Comparator",300,"Gaussian",134,"OLS",TRUE
"Comparator",300,"Gaussian",134,"Semiparametric",TRUE
"Comparator",300,"Gaussian",134,"Imai quasi-Bayes",TRUE
"Comparator",300,"Gaussian",134,"Imai bootstrap",TRUE
"Comparator",300,"Gaussian",134,"medflex NEM",TRUE
"Comparator",300,"Skew-normal",134,"OLS",TRUE
"Comparator",300,"Skew-normal",134,"Semiparametric",TRUE
"Comparator",300,"Skew-normal",134,"Imai quasi-Bayes",TRUE
"Comparator",300,"Skew-normal",134,"Imai bootstrap",TRUE
"Comparator",300,"Skew-normal",134,"medflex NEM",TRUE
"Comparator",300,"Asymmetric mixture",134,"OLS",TRUE
"Comparator",300,"Asymmetric mixture",134,"Semiparametric",TRUE
"Comparator",300,"Asymmetric mixture",134,"Imai quasi-Bayes",TRUE
"Comparator",300,"Asymmetric mixture",134,"Imai bootstrap",TRUE
"Comparator",300,"Asymmetric mixture",134,"medflex NEM",TRUE
"Comparator",300,"Symmetric bimodal",134,"OLS",TRUE
"Comparator",300,"Symmetric bimodal",134,"Semiparametric",TRUE
"Comparator",300,"Symmetric bimodal",134,"Imai quasi-Bayes",TRUE
"Comparator",300,"Symmetric bimodal",134,"Imai bootstrap",TRUE
"Comparator",300,"Symmetric bimodal",134,"medflex NEM",TRUE
"Comparator",300,"Gaussian",135,"OLS",TRUE
"Comparator",300,"Gaussian",135,"Semiparametric",TRUE
"Comparator",300,"Gaussian",135,"Imai quasi-Bayes",TRUE
"Comparator",300,"Gaussian",135,"Imai bootstrap",TRUE
"Comparator",300,"Gaussian",135,"medflex NEM",TRUE
"Comparator",300,"Skew-normal",135,"OLS",TRUE
"Comparator",300,"Skew-normal",135,"Semiparametric",TRUE
"Comparator",300,"Skew-normal",135,"Imai quasi-Bayes",TRUE
"Comparator",300,"Skew-normal",135,"Imai bootstrap",TRUE
"Comparator",300,"Skew-normal",135,"medflex NEM",TRUE
"Comparator",300,"Asymmetric mixture",135,"OLS",TRUE
"Comparator",300,"Asymmetric mixture",135,"Semiparametric",TRUE
"Comparator",300,"Asymmetric mixture",135,"Imai quasi-Bayes",TRUE
"Comparator",300,"Asymmetric mixture",135,"Imai bootstrap",TRUE
"Comparator",300,"Asymmetric mixture",135,"medflex NEM",TRUE
"Comparator",300,"Symmetric bimodal",135,"OLS",TRUE
"Comparator",300,"Symmetric bimodal",135,"Semiparametric",TRUE
"Comparator",300,"Symmetric bimodal",135,"Imai quasi-Bayes",TRUE
"Comparator",300,"Symmetric bimodal",135,"Imai bootstrap",TRUE
"Comparator",300,"Symmetric bimodal",135,"medflex NEM",TRUE
"Comparator",300,"Gaussian",136,"OLS",TRUE
"Comparator",300,"Gaussian",136,"Semiparametric",TRUE
"Comparator",300,"Gaussian",136,"Imai quasi-Bayes",TRUE
"Comparator",300,"Gaussian",136,"Imai bootstrap",TRUE
"Comparator",300,"Gaussian",136,"medflex NEM",TRUE
"Comparator",300,"Skew-normal",136,"OLS",TRUE
"Comparator",300,"Skew-normal",136,"Semiparametric",TRUE
"Comparator",300,"Skew-normal",136,"Imai quasi-Bayes",TRUE
"Comparator",300,"Skew-normal",136,"Imai bootstrap",TRUE
"Comparator",300,"Skew-normal",136,"medflex NEM",TRUE
"Comparator",300,"Asymmetric mixture",136,"OLS",TRUE
"Comparator",300,"Asymmetric mixture",136,"Semiparametric",TRUE
"Comparator",300,"Asymmetric mixture",136,"Imai quasi-Bayes",TRUE
"Comparator",300,"Asymmetric mixture",136,"Imai bootstrap",TRUE
"Comparator",300,"Asymmetric mixture",136,"medflex NEM",TRUE
"Comparator",300,"Symmetric bimodal",136,"OLS",TRUE
"Comparator",300,"Symmetric bimodal",136,"Semiparametric",TRUE
"Comparator",300,"Symmetric bimodal",136,"Imai quasi-Bayes",TRUE
"Comparator",300,"Symmetric bimodal",136,"Imai bootstrap",TRUE
"Comparator",300,"Symmetric bimodal",136,"medflex NEM",TRUE
"Comparator",300,"Gaussian",137,"OLS",TRUE
"Comparator",300,"Gaussian",137,"Semiparametric",TRUE
"Comparator",300,"Gaussian",137,"Imai quasi-Bayes",TRUE
"Comparator",300,"Gaussian",137,"Imai bootstrap",TRUE
"Comparator",300,"Gaussian",137,"medflex NEM",TRUE
"Comparator",300,"Skew-normal",137,"OLS",TRUE
"Comparator",300,"Skew-normal",137,"Semiparametric",TRUE
"Comparator",300,"Skew-normal",137,"Imai quasi-Bayes",TRUE
"Comparator",300,"Skew-normal",137,"Imai bootstrap",TRUE
"Comparator",300,"Skew-normal",137,"medflex NEM",TRUE
"Comparator",300,"Asymmetric mixture",137,"OLS",TRUE
"Comparator",300,"Asymmetric mixture",137,"Semiparametric",TRUE
"Comparator",300,"Asymmetric mixture",137,"Imai quasi-Bayes",TRUE
"Comparator",300,"Asymmetric mixture",137,"Imai bootstrap",TRUE
"Comparator",300,"Asymmetric mixture",137,"medflex NEM",TRUE
"Comparator",300,"Symmetric bimodal",137,"OLS",TRUE
"Comparator",300,"Symmetric bimodal",137,"Semiparametric",TRUE
"Comparator",300,"Symmetric bimodal",137,"Imai quasi-Bayes",TRUE
"Comparator",300,"Symmetric bimodal",137,"Imai bootstrap",TRUE
"Comparator",300,"Symmetric bimodal",137,"medflex NEM",TRUE
"Comparator",300,"Gaussian",138,"OLS",TRUE
"Comparator",300,"Gaussian",138,"Semiparametric",TRUE
"Comparator",300,"Gaussian",138,"Imai quasi-Bayes",TRUE
"Comparator",300,"Gaussian",138,"Imai bootstrap",TRUE
"Comparator",300,"Gaussian",138,"medflex NEM",TRUE
"Comparator",300,"Skew-normal",138,"OLS",TRUE
"Comparator",300,"Skew-normal",138,"Semiparametric",TRUE
"Comparator",300,"Skew-normal",138,"Imai quasi-Bayes",TRUE
"Comparator",300,"Skew-normal",138,"Imai bootstrap",TRUE
"Comparator",300,"Skew-normal",138,"medflex NEM",TRUE
"Comparator",300,"Asymmetric mixture",138,"OLS",TRUE
"Comparator",300,"Asymmetric mixture",138,"Semiparametric",TRUE
"Comparator",300,"Asymmetric mixture",138,"Imai quasi-Bayes",TRUE
"Comparator",300,"Asymmetric mixture",138,"Imai bootstrap",TRUE
"Comparator",300,"Asymmetric mixture",138,"medflex NEM",TRUE
"Comparator",300,"Symmetric bimodal",138,"OLS",TRUE
"Comparator",300,"Symmetric bimodal",138,"Semiparametric",TRUE
"Comparator",300,"Symmetric bimodal",138,"Imai quasi-Bayes",TRUE
"Comparator",300,"Symmetric bimodal",138,"Imai bootstrap",TRUE
"Comparator",300,"Symmetric bimodal",138,"medflex NEM",TRUE
"Comparator",300,"Gaussian",139,"OLS",TRUE
"Comparator",300,"Gaussian",139,"Semiparametric",TRUE
"Comparator",300,"Gaussian",139,"Imai quasi-Bayes",TRUE
"Comparator",300,"Gaussian",139,"Imai bootstrap",TRUE
"Comparator",300,"Gaussian",139,"medflex NEM",TRUE
"Comparator",300,"Skew-normal",139,"OLS",TRUE
"Comparator",300,"Skew-normal",139,"Semiparametric",TRUE
"Comparator",300,"Skew-normal",139,"Imai quasi-Bayes",TRUE
"Comparator",300,"Skew-normal",139,"Imai bootstrap",TRUE
"Comparator",300,"Skew-normal",139,"medflex NEM",TRUE
"Comparator",300,"Asymmetric mixture",139,"OLS",TRUE
"Comparator",300,"Asymmetric mixture",139,"Semiparametric",TRUE
"Comparator",300,"Asymmetric mixture",139,"Imai quasi-Bayes",TRUE
"Comparator",300,"Asymmetric mixture",139,"Imai bootstrap",TRUE
"Comparator",300,"Asymmetric mixture",139,"medflex NEM",TRUE
"Comparator",300,"Symmetric bimodal",139,"OLS",TRUE
"Comparator",300,"Symmetric bimodal",139,"Semiparametric",TRUE
"Comparator",300,"Symmetric bimodal",139,"Imai quasi-Bayes",TRUE
"Comparator",300,"Symmetric bimodal",139,"Imai bootstrap",TRUE
"Comparator",300,"Symmetric bimodal",139,"medflex NEM",TRUE
"Comparator",300,"Gaussian",140,"OLS",TRUE
"Comparator",300,"Gaussian",140,"Semiparametric",TRUE
"Comparator",300,"Gaussian",140,"Imai quasi-Bayes",TRUE
"Comparator",300,"Gaussian",140,"Imai bootstrap",TRUE
"Comparator",300,"Gaussian",140,"medflex NEM",TRUE
"Comparator",300,"Skew-normal",140,"OLS",TRUE
"Comparator",300,"Skew-normal",140,"Semiparametric",TRUE
"Comparator",300,"Skew-normal",140,"Imai quasi-Bayes",TRUE
"Comparator",300,"Skew-normal",140,"Imai bootstrap",TRUE
"Comparator",300,"Skew-normal",140,"medflex NEM",TRUE
"Comparator",300,"Asymmetric mixture",140,"OLS",TRUE
"Comparator",300,"Asymmetric mixture",140,"Semiparametric",TRUE
"Comparator",300,"Asymmetric mixture",140,"Imai quasi-Bayes",TRUE
"Comparator",300,"Asymmetric mixture",140,"Imai bootstrap",TRUE
"Comparator",300,"Asymmetric mixture",140,"medflex NEM",TRUE
"Comparator",300,"Symmetric bimodal",140,"OLS",TRUE
"Comparator",300,"Symmetric bimodal",140,"Semiparametric",TRUE
"Comparator",300,"Symmetric bimodal",140,"Imai quasi-Bayes",TRUE
"Comparator",300,"Symmetric bimodal",140,"Imai bootstrap",TRUE
"Comparator",300,"Symmetric bimodal",140,"medflex NEM",TRUE
"Comparator",300,"Gaussian",141,"OLS",TRUE
"Comparator",300,"Gaussian",141,"Semiparametric",TRUE
"Comparator",300,"Gaussian",141,"Imai quasi-Bayes",TRUE
"Comparator",300,"Gaussian",141,"Imai bootstrap",TRUE
"Comparator",300,"Gaussian",141,"medflex NEM",TRUE
"Comparator",300,"Skew-normal",141,"OLS",TRUE
"Comparator",300,"Skew-normal",141,"Semiparametric",TRUE
"Comparator",300,"Skew-normal",141,"Imai quasi-Bayes",TRUE
"Comparator",300,"Skew-normal",141,"Imai bootstrap",TRUE
"Comparator",300,"Skew-normal",141,"medflex NEM",TRUE
"Comparator",300,"Asymmetric mixture",141,"OLS",TRUE
"Comparator",300,"Asymmetric mixture",141,"Semiparametric",TRUE
"Comparator",300,"Asymmetric mixture",141,"Imai quasi-Bayes",TRUE
"Comparator",300,"Asymmetric mixture",141,"Imai bootstrap",TRUE
"Comparator",300,"Asymmetric mixture",141,"medflex NEM",TRUE
"Comparator",300,"Symmetric bimodal",141,"OLS",TRUE
"Comparator",300,"Symmetric bimodal",141,"Semiparametric",TRUE
"Comparator",300,"Symmetric bimodal",141,"Imai quasi-Bayes",TRUE
"Comparator",300,"Symmetric bimodal",141,"Imai bootstrap",TRUE
"Comparator",300,"Symmetric bimodal",141,"medflex NEM",TRUE
"Comparator",300,"Gaussian",142,"OLS",TRUE
"Comparator",300,"Gaussian",142,"Semiparametric",TRUE
"Comparator",300,"Gaussian",142,"Imai quasi-Bayes",TRUE
"Comparator",300,"Gaussian",142,"Imai bootstrap",TRUE
"Comparator",300,"Gaussian",142,"medflex NEM",TRUE
"Comparator",300,"Skew-normal",142,"OLS",TRUE
"Comparator",300,"Skew-normal",142,"Semiparametric",TRUE
"Comparator",300,"Skew-normal",142,"Imai quasi-Bayes",TRUE
"Comparator",300,"Skew-normal",142,"Imai bootstrap",TRUE
"Comparator",300,"Skew-normal",142,"medflex NEM",TRUE
"Comparator",300,"Asymmetric mixture",142,"OLS",TRUE
"Comparator",300,"Asymmetric mixture",142,"Semiparametric",TRUE
"Comparator",300,"Asymmetric mixture",142,"Imai quasi-Bayes",TRUE
"Comparator",300,"Asymmetric mixture",142,"Imai bootstrap",TRUE
"Comparator",300,"Asymmetric mixture",142,"medflex NEM",TRUE
"Comparator",300,"Symmetric bimodal",142,"OLS",TRUE
"Comparator",300,"Symmetric bimodal",142,"Semiparametric",TRUE
"Comparator",300,"Symmetric bimodal",142,"Imai quasi-Bayes",TRUE
"Comparator",300,"Symmetric bimodal",142,"Imai bootstrap",TRUE
"Comparator",300,"Symmetric bimodal",142,"medflex NEM",TRUE
"Comparator",300,"Gaussian",143,"OLS",TRUE
"Comparator",300,"Gaussian",143,"Semiparametric",TRUE
"Comparator",300,"Gaussian",143,"Imai quasi-Bayes",TRUE
"Comparator",300,"Gaussian",143,"Imai bootstrap",TRUE
"Comparator",300,"Gaussian",143,"medflex NEM",TRUE
"Comparator",300,"Skew-normal",143,"OLS",TRUE
"Comparator",300,"Skew-normal",143,"Semiparametric",TRUE
"Comparator",300,"Skew-normal",143,"Imai quasi-Bayes",TRUE
"Comparator",300,"Skew-normal",143,"Imai bootstrap",TRUE
"Comparator",300,"Skew-normal",143,"medflex NEM",TRUE
"Comparator",300,"Asymmetric mixture",143,"OLS",TRUE
"Comparator",300,"Asymmetric mixture",143,"Semiparametric",TRUE
"Comparator",300,"Asymmetric mixture",143,"Imai quasi-Bayes",TRUE
"Comparator",300,"Asymmetric mixture",143,"Imai bootstrap",TRUE
"Comparator",300,"Asymmetric mixture",143,"medflex NEM",TRUE
"Comparator",300,"Symmetric bimodal",143,"OLS",TRUE
"Comparator",300,"Symmetric bimodal",143,"Semiparametric",TRUE
"Comparator",300,"Symmetric bimodal",143,"Imai quasi-Bayes",TRUE
"Comparator",300,"Symmetric bimodal",143,"Imai bootstrap",TRUE
"Comparator",300,"Symmetric bimodal",143,"medflex NEM",TRUE
"Comparator",300,"Gaussian",144,"OLS",TRUE
"Comparator",300,"Gaussian",144,"Semiparametric",TRUE
"Comparator",300,"Gaussian",144,"Imai quasi-Bayes",TRUE
"Comparator",300,"Gaussian",144,"Imai bootstrap",TRUE
"Comparator",300,"Gaussian",144,"medflex NEM",TRUE
"Comparator",300,"Skew-normal",144,"OLS",TRUE
"Comparator",300,"Skew-normal",144,"Semiparametric",TRUE
"Comparator",300,"Skew-normal",144,"Imai quasi-Bayes",TRUE
"Comparator",300,"Skew-normal",144,"Imai bootstrap",TRUE
"Comparator",300,"Skew-normal",144,"medflex NEM",TRUE
"Comparator",300,"Asymmetric mixture",144,"OLS",TRUE
"Comparator",300,"Asymmetric mixture",144,"Semiparametric",TRUE
"Comparator",300,"Asymmetric mixture",144,"Imai quasi-Bayes",TRUE
"Comparator",300,"Asymmetric mixture",144,"Imai bootstrap",TRUE
"Comparator",300,"Asymmetric mixture",144,"medflex NEM",TRUE
"Comparator",300,"Symmetric bimodal",144,"OLS",TRUE
"Comparator",300,"Symmetric bimodal",144,"Semiparametric",TRUE
"Comparator",300,"Symmetric bimodal",144,"Imai quasi-Bayes",TRUE
"Comparator",300,"Symmetric bimodal",144,"Imai bootstrap",TRUE
"Comparator",300,"Symmetric bimodal",144,"medflex NEM",TRUE
"Comparator",300,"Gaussian",145,"OLS",TRUE
"Comparator",300,"Gaussian",145,"Semiparametric",TRUE
"Comparator",300,"Gaussian",145,"Imai quasi-Bayes",TRUE
"Comparator",300,"Gaussian",145,"Imai bootstrap",TRUE
"Comparator",300,"Gaussian",145,"medflex NEM",TRUE
"Comparator",300,"Skew-normal",145,"OLS",TRUE
"Comparator",300,"Skew-normal",145,"Semiparametric",TRUE
"Comparator",300,"Skew-normal",145,"Imai quasi-Bayes",TRUE
"Comparator",300,"Skew-normal",145,"Imai bootstrap",TRUE
"Comparator",300,"Skew-normal",145,"medflex NEM",TRUE
"Comparator",300,"Asymmetric mixture",145,"OLS",TRUE
"Comparator",300,"Asymmetric mixture",145,"Semiparametric",TRUE
"Comparator",300,"Asymmetric mixture",145,"Imai quasi-Bayes",TRUE
"Comparator",300,"Asymmetric mixture",145,"Imai bootstrap",TRUE
"Comparator",300,"Asymmetric mixture",145,"medflex NEM",TRUE
"Comparator",300,"Symmetric bimodal",145,"OLS",TRUE
"Comparator",300,"Symmetric bimodal",145,"Semiparametric",TRUE
"Comparator",300,"Symmetric bimodal",145,"Imai quasi-Bayes",TRUE
"Comparator",300,"Symmetric bimodal",145,"Imai bootstrap",TRUE
"Comparator",300,"Symmetric bimodal",145,"medflex NEM",TRUE
"Comparator",300,"Gaussian",146,"OLS",TRUE
"Comparator",300,"Gaussian",146,"Semiparametric",TRUE
"Comparator",300,"Gaussian",146,"Imai quasi-Bayes",TRUE
"Comparator",300,"Gaussian",146,"Imai bootstrap",TRUE
"Comparator",300,"Gaussian",146,"medflex NEM",TRUE
"Comparator",300,"Skew-normal",146,"OLS",TRUE
"Comparator",300,"Skew-normal",146,"Semiparametric",TRUE
"Comparator",300,"Skew-normal",146,"Imai quasi-Bayes",TRUE
"Comparator",300,"Skew-normal",146,"Imai bootstrap",TRUE
"Comparator",300,"Skew-normal",146,"medflex NEM",TRUE
"Comparator",300,"Asymmetric mixture",146,"OLS",TRUE
"Comparator",300,"Asymmetric mixture",146,"Semiparametric",TRUE
"Comparator",300,"Asymmetric mixture",146,"Imai quasi-Bayes",TRUE
"Comparator",300,"Asymmetric mixture",146,"Imai bootstrap",TRUE
"Comparator",300,"Asymmetric mixture",146,"medflex NEM",TRUE
"Comparator",300,"Symmetric bimodal",146,"OLS",TRUE
"Comparator",300,"Symmetric bimodal",146,"Semiparametric",TRUE
"Comparator",300,"Symmetric bimodal",146,"Imai quasi-Bayes",TRUE
"Comparator",300,"Symmetric bimodal",146,"Imai bootstrap",TRUE
"Comparator",300,"Symmetric bimodal",146,"medflex NEM",TRUE
"Comparator",300,"Gaussian",147,"OLS",TRUE
"Comparator",300,"Gaussian",147,"Semiparametric",TRUE
"Comparator",300,"Gaussian",147,"Imai quasi-Bayes",TRUE
"Comparator",300,"Gaussian",147,"Imai bootstrap",TRUE
"Comparator",300,"Gaussian",147,"medflex NEM",TRUE
"Comparator",300,"Skew-normal",147,"OLS",TRUE
"Comparator",300,"Skew-normal",147,"Semiparametric",TRUE
"Comparator",300,"Skew-normal",147,"Imai quasi-Bayes",TRUE
"Comparator",300,"Skew-normal",147,"Imai bootstrap",TRUE
"Comparator",300,"Skew-normal",147,"medflex NEM",TRUE
"Comparator",300,"Asymmetric mixture",147,"OLS",TRUE
"Comparator",300,"Asymmetric mixture",147,"Semiparametric",TRUE
"Comparator",300,"Asymmetric mixture",147,"Imai quasi-Bayes",TRUE
"Comparator",300,"Asymmetric mixture",147,"Imai bootstrap",TRUE
"Comparator",300,"Asymmetric mixture",147,"medflex NEM",TRUE
"Comparator",300,"Symmetric bimodal",147,"OLS",TRUE
"Comparator",300,"Symmetric bimodal",147,"Semiparametric",TRUE
"Comparator",300,"Symmetric bimodal",147,"Imai quasi-Bayes",TRUE
"Comparator",300,"Symmetric bimodal",147,"Imai bootstrap",TRUE
"Comparator",300,"Symmetric bimodal",147,"medflex NEM",TRUE
"Comparator",300,"Gaussian",148,"OLS",TRUE
"Comparator",300,"Gaussian",148,"Semiparametric",TRUE
"Comparator",300,"Gaussian",148,"Imai quasi-Bayes",TRUE
"Comparator",300,"Gaussian",148,"Imai bootstrap",TRUE
"Comparator",300,"Gaussian",148,"medflex NEM",TRUE
"Comparator",300,"Skew-normal",148,"OLS",TRUE
"Comparator",300,"Skew-normal",148,"Semiparametric",TRUE
"Comparator",300,"Skew-normal",148,"Imai quasi-Bayes",TRUE
"Comparator",300,"Skew-normal",148,"Imai bootstrap",TRUE
"Comparator",300,"Skew-normal",148,"medflex NEM",TRUE
"Comparator",300,"Asymmetric mixture",148,"OLS",TRUE
"Comparator",300,"Asymmetric mixture",148,"Semiparametric",TRUE
"Comparator",300,"Asymmetric mixture",148,"Imai quasi-Bayes",TRUE
"Comparator",300,"Asymmetric mixture",148,"Imai bootstrap",TRUE
"Comparator",300,"Asymmetric mixture",148,"medflex NEM",TRUE
"Comparator",300,"Symmetric bimodal",148,"OLS",TRUE
"Comparator",300,"Symmetric bimodal",148,"Semiparametric",TRUE
"Comparator",300,"Symmetric bimodal",148,"Imai quasi-Bayes",TRUE
"Comparator",300,"Symmetric bimodal",148,"Imai bootstrap",TRUE
"Comparator",300,"Symmetric bimodal",148,"medflex NEM",TRUE
"Comparator",300,"Gaussian",149,"OLS",TRUE
"Comparator",300,"Gaussian",149,"Semiparametric",TRUE
"Comparator",300,"Gaussian",149,"Imai quasi-Bayes",TRUE
"Comparator",300,"Gaussian",149,"Imai bootstrap",TRUE
"Comparator",300,"Gaussian",149,"medflex NEM",TRUE
"Comparator",300,"Skew-normal",149,"OLS",TRUE
"Comparator",300,"Skew-normal",149,"Semiparametric",TRUE
"Comparator",300,"Skew-normal",149,"Imai quasi-Bayes",TRUE
"Comparator",300,"Skew-normal",149,"Imai bootstrap",TRUE
"Comparator",300,"Skew-normal",149,"medflex NEM",TRUE
"Comparator",300,"Asymmetric mixture",149,"OLS",TRUE
"Comparator",300,"Asymmetric mixture",149,"Semiparametric",TRUE
"Comparator",300,"Asymmetric mixture",149,"Imai quasi-Bayes",TRUE
"Comparator",300,"Asymmetric mixture",149,"Imai bootstrap",TRUE
"Comparator",300,"Asymmetric mixture",149,"medflex NEM",TRUE
"Comparator",300,"Symmetric bimodal",149,"OLS",TRUE
"Comparator",300,"Symmetric bimodal",149,"Semiparametric",TRUE
"Comparator",300,"Symmetric bimodal",149,"Imai quasi-Bayes",TRUE
"Comparator",300,"Symmetric bimodal",149,"Imai bootstrap",TRUE
"Comparator",300,"Symmetric bimodal",149,"medflex NEM",TRUE
"Comparator",300,"Gaussian",150,"OLS",TRUE
"Comparator",300,"Gaussian",150,"Semiparametric",TRUE
"Comparator",300,"Gaussian",150,"Imai quasi-Bayes",TRUE
"Comparator",300,"Gaussian",150,"Imai bootstrap",TRUE
"Comparator",300,"Gaussian",150,"medflex NEM",TRUE
"Comparator",300,"Skew-normal",150,"OLS",TRUE
"Comparator",300,"Skew-normal",150,"Semiparametric",TRUE
"Comparator",300,"Skew-normal",150,"Imai quasi-Bayes",TRUE
"Comparator",300,"Skew-normal",150,"Imai bootstrap",TRUE
"Comparator",300,"Skew-normal",150,"medflex NEM",TRUE
"Comparator",300,"Asymmetric mixture",150,"OLS",TRUE
"Comparator",300,"Asymmetric mixture",150,"Semiparametric",TRUE
"Comparator",300,"Asymmetric mixture",150,"Imai quasi-Bayes",TRUE
"Comparator",300,"Asymmetric mixture",150,"Imai bootstrap",TRUE
"Comparator",300,"Asymmetric mixture",150,"medflex NEM",TRUE
"Comparator",300,"Symmetric bimodal",150,"OLS",TRUE
"Comparator",300,"Symmetric bimodal",150,"Semiparametric",TRUE
"Comparator",300,"Symmetric bimodal",150,"Imai quasi-Bayes",TRUE
"Comparator",300,"Symmetric bimodal",150,"Imai bootstrap",TRUE
"Comparator",300,"Symmetric bimodal",150,"medflex NEM",TRUE
"Comparator",300,"Gaussian",151,"OLS",TRUE
"Comparator",300,"Gaussian",151,"Semiparametric",TRUE
"Comparator",300,"Gaussian",151,"Imai quasi-Bayes",TRUE
"Comparator",300,"Gaussian",151,"Imai bootstrap",TRUE
"Comparator",300,"Gaussian",151,"medflex NEM",TRUE
"Comparator",300,"Skew-normal",151,"OLS",TRUE
"Comparator",300,"Skew-normal",151,"Semiparametric",TRUE
"Comparator",300,"Skew-normal",151,"Imai quasi-Bayes",TRUE
"Comparator",300,"Skew-normal",151,"Imai bootstrap",TRUE
"Comparator",300,"Skew-normal",151,"medflex NEM",TRUE
"Comparator",300,"Asymmetric mixture",151,"OLS",TRUE
"Comparator",300,"Asymmetric mixture",151,"Semiparametric",TRUE
"Comparator",300,"Asymmetric mixture",151,"Imai quasi-Bayes",TRUE
"Comparator",300,"Asymmetric mixture",151,"Imai bootstrap",TRUE
"Comparator",300,"Asymmetric mixture",151,"medflex NEM",TRUE
"Comparator",300,"Symmetric bimodal",151,"OLS",TRUE
"Comparator",300,"Symmetric bimodal",151,"Semiparametric",TRUE
"Comparator",300,"Symmetric bimodal",151,"Imai quasi-Bayes",TRUE
"Comparator",300,"Symmetric bimodal",151,"Imai bootstrap",TRUE
"Comparator",300,"Symmetric bimodal",151,"medflex NEM",TRUE
"Comparator",300,"Gaussian",152,"OLS",TRUE
"Comparator",300,"Gaussian",152,"Semiparametric",TRUE
"Comparator",300,"Gaussian",152,"Imai quasi-Bayes",TRUE
"Comparator",300,"Gaussian",152,"Imai bootstrap",TRUE
"Comparator",300,"Gaussian",152,"medflex NEM",TRUE
"Comparator",300,"Skew-normal",152,"OLS",TRUE
"Comparator",300,"Skew-normal",152,"Semiparametric",TRUE
"Comparator",300,"Skew-normal",152,"Imai quasi-Bayes",TRUE
"Comparator",300,"Skew-normal",152,"Imai bootstrap",TRUE
"Comparator",300,"Skew-normal",152,"medflex NEM",TRUE
"Comparator",300,"Asymmetric mixture",152,"OLS",TRUE
"Comparator",300,"Asymmetric mixture",152,"Semiparametric",TRUE
"Comparator",300,"Asymmetric mixture",152,"Imai quasi-Bayes",TRUE
"Comparator",300,"Asymmetric mixture",152,"Imai bootstrap",TRUE
"Comparator",300,"Asymmetric mixture",152,"medflex NEM",TRUE
"Comparator",300,"Symmetric bimodal",152,"OLS",TRUE
"Comparator",300,"Symmetric bimodal",152,"Semiparametric",TRUE
"Comparator",300,"Symmetric bimodal",152,"Imai quasi-Bayes",TRUE
"Comparator",300,"Symmetric bimodal",152,"Imai bootstrap",TRUE
"Comparator",300,"Symmetric bimodal",152,"medflex NEM",TRUE
"Comparator",300,"Gaussian",153,"OLS",TRUE
"Comparator",300,"Gaussian",153,"Semiparametric",TRUE
"Comparator",300,"Gaussian",153,"Imai quasi-Bayes",TRUE
"Comparator",300,"Gaussian",153,"Imai bootstrap",TRUE
"Comparator",300,"Gaussian",153,"medflex NEM",TRUE
"Comparator",300,"Skew-normal",153,"OLS",TRUE
"Comparator",300,"Skew-normal",153,"Semiparametric",TRUE
"Comparator",300,"Skew-normal",153,"Imai quasi-Bayes",TRUE
"Comparator",300,"Skew-normal",153,"Imai bootstrap",TRUE
"Comparator",300,"Skew-normal",153,"medflex NEM",TRUE
"Comparator",300,"Asymmetric mixture",153,"OLS",TRUE
"Comparator",300,"Asymmetric mixture",153,"Semiparametric",TRUE
"Comparator",300,"Asymmetric mixture",153,"Imai quasi-Bayes",TRUE
"Comparator",300,"Asymmetric mixture",153,"Imai bootstrap",TRUE
"Comparator",300,"Asymmetric mixture",153,"medflex NEM",TRUE
"Comparator",300,"Symmetric bimodal",153,"OLS",TRUE
"Comparator",300,"Symmetric bimodal",153,"Semiparametric",TRUE
"Comparator",300,"Symmetric bimodal",153,"Imai quasi-Bayes",TRUE
"Comparator",300,"Symmetric bimodal",153,"Imai bootstrap",TRUE
"Comparator",300,"Symmetric bimodal",153,"medflex NEM",TRUE
"Comparator",300,"Gaussian",154,"OLS",TRUE
"Comparator",300,"Gaussian",154,"Semiparametric",TRUE
"Comparator",300,"Gaussian",154,"Imai quasi-Bayes",TRUE
"Comparator",300,"Gaussian",154,"Imai bootstrap",TRUE
"Comparator",300,"Gaussian",154,"medflex NEM",TRUE
"Comparator",300,"Skew-normal",154,"OLS",TRUE
"Comparator",300,"Skew-normal",154,"Semiparametric",TRUE
"Comparator",300,"Skew-normal",154,"Imai quasi-Bayes",TRUE
"Comparator",300,"Skew-normal",154,"Imai bootstrap",TRUE
"Comparator",300,"Skew-normal",154,"medflex NEM",TRUE
"Comparator",300,"Asymmetric mixture",154,"OLS",TRUE
"Comparator",300,"Asymmetric mixture",154,"Semiparametric",TRUE
"Comparator",300,"Asymmetric mixture",154,"Imai quasi-Bayes",TRUE
"Comparator",300,"Asymmetric mixture",154,"Imai bootstrap",TRUE
"Comparator",300,"Asymmetric mixture",154,"medflex NEM",TRUE
"Comparator",300,"Symmetric bimodal",154,"OLS",TRUE
"Comparator",300,"Symmetric bimodal",154,"Semiparametric",TRUE
"Comparator",300,"Symmetric bimodal",154,"Imai quasi-Bayes",TRUE
"Comparator",300,"Symmetric bimodal",154,"Imai bootstrap",TRUE
"Comparator",300,"Symmetric bimodal",154,"medflex NEM",TRUE
"Comparator",300,"Gaussian",155,"OLS",TRUE
"Comparator",300,"Gaussian",155,"Semiparametric",TRUE
"Comparator",300,"Gaussian",155,"Imai quasi-Bayes",TRUE
"Comparator",300,"Gaussian",155,"Imai bootstrap",TRUE
"Comparator",300,"Gaussian",155,"medflex NEM",TRUE
"Comparator",300,"Skew-normal",155,"OLS",TRUE
"Comparator",300,"Skew-normal",155,"Semiparametric",TRUE
"Comparator",300,"Skew-normal",155,"Imai quasi-Bayes",TRUE
"Comparator",300,"Skew-normal",155,"Imai bootstrap",TRUE
"Comparator",300,"Skew-normal",155,"medflex NEM",TRUE
"Comparator",300,"Asymmetric mixture",155,"OLS",TRUE
"Comparator",300,"Asymmetric mixture",155,"Semiparametric",TRUE
"Comparator",300,"Asymmetric mixture",155,"Imai quasi-Bayes",TRUE
"Comparator",300,"Asymmetric mixture",155,"Imai bootstrap",TRUE
"Comparator",300,"Asymmetric mixture",155,"medflex NEM",TRUE
"Comparator",300,"Symmetric bimodal",155,"OLS",TRUE
"Comparator",300,"Symmetric bimodal",155,"Semiparametric",TRUE
"Comparator",300,"Symmetric bimodal",155,"Imai quasi-Bayes",TRUE
"Comparator",300,"Symmetric bimodal",155,"Imai bootstrap",TRUE
"Comparator",300,"Symmetric bimodal",155,"medflex NEM",TRUE
"Comparator",300,"Gaussian",156,"OLS",TRUE
"Comparator",300,"Gaussian",156,"Semiparametric",TRUE
"Comparator",300,"Gaussian",156,"Imai quasi-Bayes",TRUE
"Comparator",300,"Gaussian",156,"Imai bootstrap",TRUE
"Comparator",300,"Gaussian",156,"medflex NEM",TRUE
"Comparator",300,"Skew-normal",156,"OLS",TRUE
"Comparator",300,"Skew-normal",156,"Semiparametric",TRUE
"Comparator",300,"Skew-normal",156,"Imai quasi-Bayes",TRUE
"Comparator",300,"Skew-normal",156,"Imai bootstrap",TRUE
"Comparator",300,"Skew-normal",156,"medflex NEM",TRUE
"Comparator",300,"Asymmetric mixture",156,"OLS",TRUE
"Comparator",300,"Asymmetric mixture",156,"Semiparametric",TRUE
"Comparator",300,"Asymmetric mixture",156,"Imai quasi-Bayes",TRUE
"Comparator",300,"Asymmetric mixture",156,"Imai bootstrap",TRUE
"Comparator",300,"Asymmetric mixture",156,"medflex NEM",TRUE
"Comparator",300,"Symmetric bimodal",156,"OLS",TRUE
"Comparator",300,"Symmetric bimodal",156,"Semiparametric",TRUE
"Comparator",300,"Symmetric bimodal",156,"Imai quasi-Bayes",TRUE
"Comparator",300,"Symmetric bimodal",156,"Imai bootstrap",TRUE
"Comparator",300,"Symmetric bimodal",156,"medflex NEM",TRUE
"Comparator",300,"Gaussian",157,"OLS",TRUE
"Comparator",300,"Gaussian",157,"Semiparametric",TRUE
"Comparator",300,"Gaussian",157,"Imai quasi-Bayes",TRUE
"Comparator",300,"Gaussian",157,"Imai bootstrap",TRUE
"Comparator",300,"Gaussian",157,"medflex NEM",TRUE
"Comparator",300,"Skew-normal",157,"OLS",TRUE
"Comparator",300,"Skew-normal",157,"Semiparametric",TRUE
"Comparator",300,"Skew-normal",157,"Imai quasi-Bayes",TRUE
"Comparator",300,"Skew-normal",157,"Imai bootstrap",TRUE
"Comparator",300,"Skew-normal",157,"medflex NEM",TRUE
"Comparator",300,"Asymmetric mixture",157,"OLS",TRUE
"Comparator",300,"Asymmetric mixture",157,"Semiparametric",TRUE
"Comparator",300,"Asymmetric mixture",157,"Imai quasi-Bayes",TRUE
"Comparator",300,"Asymmetric mixture",157,"Imai bootstrap",TRUE
"Comparator",300,"Asymmetric mixture",157,"medflex NEM",TRUE
"Comparator",300,"Symmetric bimodal",157,"OLS",TRUE
"Comparator",300,"Symmetric bimodal",157,"Semiparametric",TRUE
"Comparator",300,"Symmetric bimodal",157,"Imai quasi-Bayes",TRUE
"Comparator",300,"Symmetric bimodal",157,"Imai bootstrap",TRUE
"Comparator",300,"Symmetric bimodal",157,"medflex NEM",TRUE
"Comparator",300,"Gaussian",158,"OLS",TRUE
"Comparator",300,"Gaussian",158,"Semiparametric",TRUE
"Comparator",300,"Gaussian",158,"Imai quasi-Bayes",TRUE
"Comparator",300,"Gaussian",158,"Imai bootstrap",TRUE
"Comparator",300,"Gaussian",158,"medflex NEM",TRUE
"Comparator",300,"Skew-normal",158,"OLS",TRUE
"Comparator",300,"Skew-normal",158,"Semiparametric",TRUE
"Comparator",300,"Skew-normal",158,"Imai quasi-Bayes",TRUE
"Comparator",300,"Skew-normal",158,"Imai bootstrap",TRUE
"Comparator",300,"Skew-normal",158,"medflex NEM",TRUE
"Comparator",300,"Asymmetric mixture",158,"OLS",TRUE
"Comparator",300,"Asymmetric mixture",158,"Semiparametric",TRUE
"Comparator",300,"Asymmetric mixture",158,"Imai quasi-Bayes",TRUE
"Comparator",300,"Asymmetric mixture",158,"Imai bootstrap",TRUE
"Comparator",300,"Asymmetric mixture",158,"medflex NEM",TRUE
"Comparator",300,"Symmetric bimodal",158,"OLS",TRUE
"Comparator",300,"Symmetric bimodal",158,"Semiparametric",TRUE
"Comparator",300,"Symmetric bimodal",158,"Imai quasi-Bayes",TRUE
"Comparator",300,"Symmetric bimodal",158,"Imai bootstrap",TRUE
"Comparator",300,"Symmetric bimodal",158,"medflex NEM",TRUE
"Comparator",300,"Gaussian",159,"OLS",TRUE
"Comparator",300,"Gaussian",159,"Semiparametric",TRUE
"Comparator",300,"Gaussian",159,"Imai quasi-Bayes",TRUE
"Comparator",300,"Gaussian",159,"Imai bootstrap",TRUE
"Comparator",300,"Gaussian",159,"medflex NEM",TRUE
"Comparator",300,"Skew-normal",159,"OLS",TRUE
"Comparator",300,"Skew-normal",159,"Semiparametric",TRUE
"Comparator",300,"Skew-normal",159,"Imai quasi-Bayes",TRUE
"Comparator",300,"Skew-normal",159,"Imai bootstrap",TRUE
"Comparator",300,"Skew-normal",159,"medflex NEM",TRUE
"Comparator",300,"Asymmetric mixture",159,"OLS",TRUE
"Comparator",300,"Asymmetric mixture",159,"Semiparametric",TRUE
"Comparator",300,"Asymmetric mixture",159,"Imai quasi-Bayes",TRUE
"Comparator",300,"Asymmetric mixture",159,"Imai bootstrap",TRUE
"Comparator",300,"Asymmetric mixture",159,"medflex NEM",TRUE
"Comparator",300,"Symmetric bimodal",159,"OLS",TRUE
"Comparator",300,"Symmetric bimodal",159,"Semiparametric",TRUE
"Comparator",300,"Symmetric bimodal",159,"Imai quasi-Bayes",TRUE
"Comparator",300,"Symmetric bimodal",159,"Imai bootstrap",TRUE
"Comparator",300,"Symmetric bimodal",159,"medflex NEM",TRUE
"Comparator",300,"Gaussian",160,"OLS",TRUE
"Comparator",300,"Gaussian",160,"Semiparametric",TRUE
"Comparator",300,"Gaussian",160,"Imai quasi-Bayes",TRUE
"Comparator",300,"Gaussian",160,"Imai bootstrap",TRUE
"Comparator",300,"Gaussian",160,"medflex NEM",TRUE
"Comparator",300,"Skew-normal",160,"OLS",TRUE
"Comparator",300,"Skew-normal",160,"Semiparametric",TRUE
"Comparator",300,"Skew-normal",160,"Imai quasi-Bayes",TRUE
"Comparator",300,"Skew-normal",160,"Imai bootstrap",TRUE
"Comparator",300,"Skew-normal",160,"medflex NEM",TRUE
"Comparator",300,"Asymmetric mixture",160,"OLS",TRUE
"Comparator",300,"Asymmetric mixture",160,"Semiparametric",TRUE
"Comparator",300,"Asymmetric mixture",160,"Imai quasi-Bayes",TRUE
"Comparator",300,"Asymmetric mixture",160,"Imai bootstrap",TRUE
"Comparator",300,"Asymmetric mixture",160,"medflex NEM",TRUE
"Comparator",300,"Symmetric bimodal",160,"OLS",TRUE
"Comparator",300,"Symmetric bimodal",160,"Semiparametric",TRUE
"Comparator",300,"Symmetric bimodal",160,"Imai quasi-Bayes",TRUE
"Comparator",300,"Symmetric bimodal",160,"Imai bootstrap",TRUE
"Comparator",300,"Symmetric bimodal",160,"medflex NEM",TRUE
"Comparator",300,"Gaussian",161,"OLS",TRUE
"Comparator",300,"Gaussian",161,"Semiparametric",TRUE
"Comparator",300,"Gaussian",161,"Imai quasi-Bayes",TRUE
"Comparator",300,"Gaussian",161,"Imai bootstrap",TRUE
"Comparator",300,"Gaussian",161,"medflex NEM",TRUE
"Comparator",300,"Skew-normal",161,"OLS",TRUE
"Comparator",300,"Skew-normal",161,"Semiparametric",TRUE
"Comparator",300,"Skew-normal",161,"Imai quasi-Bayes",TRUE
"Comparator",300,"Skew-normal",161,"Imai bootstrap",TRUE
"Comparator",300,"Skew-normal",161,"medflex NEM",TRUE
"Comparator",300,"Asymmetric mixture",161,"OLS",TRUE
"Comparator",300,"Asymmetric mixture",161,"Semiparametric",TRUE
"Comparator",300,"Asymmetric mixture",161,"Imai quasi-Bayes",TRUE
"Comparator",300,"Asymmetric mixture",161,"Imai bootstrap",TRUE
"Comparator",300,"Asymmetric mixture",161,"medflex NEM",TRUE
"Comparator",300,"Symmetric bimodal",161,"OLS",TRUE
"Comparator",300,"Symmetric bimodal",161,"Semiparametric",TRUE
"Comparator",300,"Symmetric bimodal",161,"Imai quasi-Bayes",TRUE
"Comparator",300,"Symmetric bimodal",161,"Imai bootstrap",TRUE
"Comparator",300,"Symmetric bimodal",161,"medflex NEM",TRUE
"Comparator",300,"Gaussian",162,"OLS",TRUE
"Comparator",300,"Gaussian",162,"Semiparametric",TRUE
"Comparator",300,"Gaussian",162,"Imai quasi-Bayes",TRUE
"Comparator",300,"Gaussian",162,"Imai bootstrap",TRUE
"Comparator",300,"Gaussian",162,"medflex NEM",TRUE
"Comparator",300,"Skew-normal",162,"OLS",TRUE
"Comparator",300,"Skew-normal",162,"Semiparametric",TRUE
"Comparator",300,"Skew-normal",162,"Imai quasi-Bayes",TRUE
"Comparator",300,"Skew-normal",162,"Imai bootstrap",TRUE
"Comparator",300,"Skew-normal",162,"medflex NEM",TRUE
"Comparator",300,"Asymmetric mixture",162,"OLS",TRUE
"Comparator",300,"Asymmetric mixture",162,"Semiparametric",TRUE
"Comparator",300,"Asymmetric mixture",162,"Imai quasi-Bayes",TRUE
"Comparator",300,"Asymmetric mixture",162,"Imai bootstrap",TRUE
"Comparator",300,"Asymmetric mixture",162,"medflex NEM",TRUE
"Comparator",300,"Symmetric bimodal",162,"OLS",TRUE
"Comparator",300,"Symmetric bimodal",162,"Semiparametric",TRUE
"Comparator",300,"Symmetric bimodal",162,"Imai quasi-Bayes",TRUE
"Comparator",300,"Symmetric bimodal",162,"Imai bootstrap",TRUE
"Comparator",300,"Symmetric bimodal",162,"medflex NEM",TRUE
"Comparator",300,"Gaussian",163,"OLS",TRUE
"Comparator",300,"Gaussian",163,"Semiparametric",TRUE
"Comparator",300,"Gaussian",163,"Imai quasi-Bayes",TRUE
"Comparator",300,"Gaussian",163,"Imai bootstrap",TRUE
"Comparator",300,"Gaussian",163,"medflex NEM",TRUE
"Comparator",300,"Skew-normal",163,"OLS",TRUE
"Comparator",300,"Skew-normal",163,"Semiparametric",TRUE
"Comparator",300,"Skew-normal",163,"Imai quasi-Bayes",TRUE
"Comparator",300,"Skew-normal",163,"Imai bootstrap",TRUE
"Comparator",300,"Skew-normal",163,"medflex NEM",TRUE
"Comparator",300,"Asymmetric mixture",163,"OLS",TRUE
"Comparator",300,"Asymmetric mixture",163,"Semiparametric",TRUE
"Comparator",300,"Asymmetric mixture",163,"Imai quasi-Bayes",TRUE
"Comparator",300,"Asymmetric mixture",163,"Imai bootstrap",TRUE
"Comparator",300,"Asymmetric mixture",163,"medflex NEM",TRUE
"Comparator",300,"Symmetric bimodal",163,"OLS",TRUE
"Comparator",300,"Symmetric bimodal",163,"Semiparametric",TRUE
"Comparator",300,"Symmetric bimodal",163,"Imai quasi-Bayes",TRUE
"Comparator",300,"Symmetric bimodal",163,"Imai bootstrap",TRUE
"Comparator",300,"Symmetric bimodal",163,"medflex NEM",TRUE
"Comparator",300,"Gaussian",164,"OLS",TRUE
"Comparator",300,"Gaussian",164,"Semiparametric",TRUE
"Comparator",300,"Gaussian",164,"Imai quasi-Bayes",TRUE
"Comparator",300,"Gaussian",164,"Imai bootstrap",TRUE
"Comparator",300,"Gaussian",164,"medflex NEM",TRUE
"Comparator",300,"Skew-normal",164,"OLS",TRUE
"Comparator",300,"Skew-normal",164,"Semiparametric",TRUE
"Comparator",300,"Skew-normal",164,"Imai quasi-Bayes",TRUE
"Comparator",300,"Skew-normal",164,"Imai bootstrap",TRUE
"Comparator",300,"Skew-normal",164,"medflex NEM",TRUE
"Comparator",300,"Asymmetric mixture",164,"OLS",TRUE
"Comparator",300,"Asymmetric mixture",164,"Semiparametric",TRUE
"Comparator",300,"Asymmetric mixture",164,"Imai quasi-Bayes",TRUE
"Comparator",300,"Asymmetric mixture",164,"Imai bootstrap",TRUE
"Comparator",300,"Asymmetric mixture",164,"medflex NEM",TRUE
"Comparator",300,"Symmetric bimodal",164,"OLS",TRUE
"Comparator",300,"Symmetric bimodal",164,"Semiparametric",TRUE
"Comparator",300,"Symmetric bimodal",164,"Imai quasi-Bayes",TRUE
"Comparator",300,"Symmetric bimodal",164,"Imai bootstrap",TRUE
"Comparator",300,"Symmetric bimodal",164,"medflex NEM",TRUE
"Comparator",300,"Gaussian",165,"OLS",TRUE
"Comparator",300,"Gaussian",165,"Semiparametric",TRUE
"Comparator",300,"Gaussian",165,"Imai quasi-Bayes",TRUE
"Comparator",300,"Gaussian",165,"Imai bootstrap",TRUE
"Comparator",300,"Gaussian",165,"medflex NEM",TRUE
"Comparator",300,"Skew-normal",165,"OLS",TRUE
"Comparator",300,"Skew-normal",165,"Semiparametric",TRUE
"Comparator",300,"Skew-normal",165,"Imai quasi-Bayes",TRUE
"Comparator",300,"Skew-normal",165,"Imai bootstrap",TRUE
"Comparator",300,"Skew-normal",165,"medflex NEM",TRUE
"Comparator",300,"Asymmetric mixture",165,"OLS",TRUE
"Comparator",300,"Asymmetric mixture",165,"Semiparametric",TRUE
"Comparator",300,"Asymmetric mixture",165,"Imai quasi-Bayes",TRUE
"Comparator",300,"Asymmetric mixture",165,"Imai bootstrap",TRUE
"Comparator",300,"Asymmetric mixture",165,"medflex NEM",TRUE
"Comparator",300,"Symmetric bimodal",165,"OLS",TRUE
"Comparator",300,"Symmetric bimodal",165,"Semiparametric",TRUE
"Comparator",300,"Symmetric bimodal",165,"Imai quasi-Bayes",TRUE
"Comparator",300,"Symmetric bimodal",165,"Imai bootstrap",TRUE
"Comparator",300,"Symmetric bimodal",165,"medflex NEM",TRUE
"Comparator",300,"Gaussian",166,"OLS",TRUE
"Comparator",300,"Gaussian",166,"Semiparametric",TRUE
"Comparator",300,"Gaussian",166,"Imai quasi-Bayes",TRUE
"Comparator",300,"Gaussian",166,"Imai bootstrap",TRUE
"Comparator",300,"Gaussian",166,"medflex NEM",TRUE
"Comparator",300,"Skew-normal",166,"OLS",TRUE
"Comparator",300,"Skew-normal",166,"Semiparametric",TRUE
"Comparator",300,"Skew-normal",166,"Imai quasi-Bayes",TRUE
"Comparator",300,"Skew-normal",166,"Imai bootstrap",TRUE
"Comparator",300,"Skew-normal",166,"medflex NEM",TRUE
"Comparator",300,"Asymmetric mixture",166,"OLS",TRUE
"Comparator",300,"Asymmetric mixture",166,"Semiparametric",TRUE
"Comparator",300,"Asymmetric mixture",166,"Imai quasi-Bayes",TRUE
"Comparator",300,"Asymmetric mixture",166,"Imai bootstrap",TRUE
"Comparator",300,"Asymmetric mixture",166,"medflex NEM",TRUE
"Comparator",300,"Symmetric bimodal",166,"OLS",TRUE
"Comparator",300,"Symmetric bimodal",166,"Semiparametric",TRUE
"Comparator",300,"Symmetric bimodal",166,"Imai quasi-Bayes",TRUE
"Comparator",300,"Symmetric bimodal",166,"Imai bootstrap",TRUE
"Comparator",300,"Symmetric bimodal",166,"medflex NEM",TRUE
"Comparator",300,"Gaussian",167,"OLS",TRUE
"Comparator",300,"Gaussian",167,"Semiparametric",TRUE
"Comparator",300,"Gaussian",167,"Imai quasi-Bayes",TRUE
"Comparator",300,"Gaussian",167,"Imai bootstrap",TRUE
"Comparator",300,"Gaussian",167,"medflex NEM",TRUE
"Comparator",300,"Skew-normal",167,"OLS",TRUE
"Comparator",300,"Skew-normal",167,"Semiparametric",TRUE
"Comparator",300,"Skew-normal",167,"Imai quasi-Bayes",TRUE
"Comparator",300,"Skew-normal",167,"Imai bootstrap",TRUE
"Comparator",300,"Skew-normal",167,"medflex NEM",TRUE
"Comparator",300,"Asymmetric mixture",167,"OLS",TRUE
"Comparator",300,"Asymmetric mixture",167,"Semiparametric",TRUE
"Comparator",300,"Asymmetric mixture",167,"Imai quasi-Bayes",TRUE
"Comparator",300,"Asymmetric mixture",167,"Imai bootstrap",TRUE
"Comparator",300,"Asymmetric mixture",167,"medflex NEM",TRUE
"Comparator",300,"Symmetric bimodal",167,"OLS",TRUE
"Comparator",300,"Symmetric bimodal",167,"Semiparametric",TRUE
"Comparator",300,"Symmetric bimodal",167,"Imai quasi-Bayes",TRUE
"Comparator",300,"Symmetric bimodal",167,"Imai bootstrap",TRUE
"Comparator",300,"Symmetric bimodal",167,"medflex NEM",TRUE
"Comparator",300,"Gaussian",168,"OLS",TRUE
"Comparator",300,"Gaussian",168,"Semiparametric",TRUE
"Comparator",300,"Gaussian",168,"Imai quasi-Bayes",TRUE
"Comparator",300,"Gaussian",168,"Imai bootstrap",TRUE
"Comparator",300,"Gaussian",168,"medflex NEM",TRUE
"Comparator",300,"Skew-normal",168,"OLS",TRUE
"Comparator",300,"Skew-normal",168,"Semiparametric",TRUE
"Comparator",300,"Skew-normal",168,"Imai quasi-Bayes",TRUE
"Comparator",300,"Skew-normal",168,"Imai bootstrap",TRUE
"Comparator",300,"Skew-normal",168,"medflex NEM",TRUE
"Comparator",300,"Asymmetric mixture",168,"OLS",TRUE
"Comparator",300,"Asymmetric mixture",168,"Semiparametric",TRUE
"Comparator",300,"Asymmetric mixture",168,"Imai quasi-Bayes",TRUE
"Comparator",300,"Asymmetric mixture",168,"Imai bootstrap",TRUE
"Comparator",300,"Asymmetric mixture",168,"medflex NEM",TRUE
"Comparator",300,"Symmetric bimodal",168,"OLS",TRUE
"Comparator",300,"Symmetric bimodal",168,"Semiparametric",TRUE
"Comparator",300,"Symmetric bimodal",168,"Imai quasi-Bayes",TRUE
"Comparator",300,"Symmetric bimodal",168,"Imai bootstrap",TRUE
"Comparator",300,"Symmetric bimodal",168,"medflex NEM",TRUE
"Comparator",300,"Gaussian",169,"OLS",TRUE
"Comparator",300,"Gaussian",169,"Semiparametric",TRUE
"Comparator",300,"Gaussian",169,"Imai quasi-Bayes",TRUE
"Comparator",300,"Gaussian",169,"Imai bootstrap",TRUE
"Comparator",300,"Gaussian",169,"medflex NEM",TRUE
"Comparator",300,"Skew-normal",169,"OLS",TRUE
"Comparator",300,"Skew-normal",169,"Semiparametric",TRUE
"Comparator",300,"Skew-normal",169,"Imai quasi-Bayes",TRUE
"Comparator",300,"Skew-normal",169,"Imai bootstrap",TRUE
"Comparator",300,"Skew-normal",169,"medflex NEM",TRUE
"Comparator",300,"Asymmetric mixture",169,"OLS",TRUE
"Comparator",300,"Asymmetric mixture",169,"Semiparametric",TRUE
"Comparator",300,"Asymmetric mixture",169,"Imai quasi-Bayes",TRUE
"Comparator",300,"Asymmetric mixture",169,"Imai bootstrap",TRUE
"Comparator",300,"Asymmetric mixture",169,"medflex NEM",TRUE
"Comparator",300,"Symmetric bimodal",169,"OLS",TRUE
"Comparator",300,"Symmetric bimodal",169,"Semiparametric",FALSE
"Comparator",300,"Symmetric bimodal",169,"Imai quasi-Bayes",TRUE
"Comparator",300,"Symmetric bimodal",169,"Imai bootstrap",TRUE
"Comparator",300,"Symmetric bimodal",169,"medflex NEM",TRUE
"Comparator",300,"Gaussian",170,"OLS",TRUE
"Comparator",300,"Gaussian",170,"Semiparametric",TRUE
"Comparator",300,"Gaussian",170,"Imai quasi-Bayes",TRUE
"Comparator",300,"Gaussian",170,"Imai bootstrap",TRUE
"Comparator",300,"Gaussian",170,"medflex NEM",TRUE
"Comparator",300,"Skew-normal",170,"OLS",TRUE
"Comparator",300,"Skew-normal",170,"Semiparametric",TRUE
"Comparator",300,"Skew-normal",170,"Imai quasi-Bayes",TRUE
"Comparator",300,"Skew-normal",170,"Imai bootstrap",TRUE
"Comparator",300,"Skew-normal",170,"medflex NEM",TRUE
"Comparator",300,"Asymmetric mixture",170,"OLS",TRUE
"Comparator",300,"Asymmetric mixture",170,"Semiparametric",FALSE
"Comparator",300,"Asymmetric mixture",170,"Imai quasi-Bayes",TRUE
"Comparator",300,"Asymmetric mixture",170,"Imai bootstrap",TRUE
"Comparator",300,"Asymmetric mixture",170,"medflex NEM",TRUE
"Comparator",300,"Symmetric bimodal",170,"OLS",TRUE
"Comparator",300,"Symmetric bimodal",170,"Semiparametric",TRUE
"Comparator",300,"Symmetric bimodal",170,"Imai quasi-Bayes",TRUE
"Comparator",300,"Symmetric bimodal",170,"Imai bootstrap",TRUE
"Comparator",300,"Symmetric bimodal",170,"medflex NEM",TRUE
"Comparator",300,"Gaussian",171,"OLS",TRUE
"Comparator",300,"Gaussian",171,"Semiparametric",TRUE
"Comparator",300,"Gaussian",171,"Imai quasi-Bayes",TRUE
"Comparator",300,"Gaussian",171,"Imai bootstrap",TRUE
"Comparator",300,"Gaussian",171,"medflex NEM",TRUE
"Comparator",300,"Skew-normal",171,"OLS",TRUE
"Comparator",300,"Skew-normal",171,"Semiparametric",TRUE
"Comparator",300,"Skew-normal",171,"Imai quasi-Bayes",TRUE
"Comparator",300,"Skew-normal",171,"Imai bootstrap",TRUE
"Comparator",300,"Skew-normal",171,"medflex NEM",TRUE
"Comparator",300,"Asymmetric mixture",171,"OLS",TRUE
"Comparator",300,"Asymmetric mixture",171,"Semiparametric",TRUE
"Comparator",300,"Asymmetric mixture",171,"Imai quasi-Bayes",TRUE
"Comparator",300,"Asymmetric mixture",171,"Imai bootstrap",TRUE
"Comparator",300,"Asymmetric mixture",171,"medflex NEM",TRUE
"Comparator",300,"Symmetric bimodal",171,"OLS",TRUE
"Comparator",300,"Symmetric bimodal",171,"Semiparametric",TRUE
"Comparator",300,"Symmetric bimodal",171,"Imai quasi-Bayes",TRUE
"Comparator",300,"Symmetric bimodal",171,"Imai bootstrap",TRUE
"Comparator",300,"Symmetric bimodal",171,"medflex NEM",TRUE
"Comparator",300,"Gaussian",172,"OLS",TRUE
"Comparator",300,"Gaussian",172,"Semiparametric",TRUE
"Comparator",300,"Gaussian",172,"Imai quasi-Bayes",TRUE
"Comparator",300,"Gaussian",172,"Imai bootstrap",TRUE
"Comparator",300,"Gaussian",172,"medflex NEM",TRUE
"Comparator",300,"Skew-normal",172,"OLS",TRUE
"Comparator",300,"Skew-normal",172,"Semiparametric",TRUE
"Comparator",300,"Skew-normal",172,"Imai quasi-Bayes",TRUE
"Comparator",300,"Skew-normal",172,"Imai bootstrap",TRUE
"Comparator",300,"Skew-normal",172,"medflex NEM",TRUE
"Comparator",300,"Asymmetric mixture",172,"OLS",TRUE
"Comparator",300,"Asymmetric mixture",172,"Semiparametric",FALSE
"Comparator",300,"Asymmetric mixture",172,"Imai quasi-Bayes",TRUE
"Comparator",300,"Asymmetric mixture",172,"Imai bootstrap",TRUE
"Comparator",300,"Asymmetric mixture",172,"medflex NEM",TRUE
"Comparator",300,"Symmetric bimodal",172,"OLS",TRUE
"Comparator",300,"Symmetric bimodal",172,"Semiparametric",TRUE
"Comparator",300,"Symmetric bimodal",172,"Imai quasi-Bayes",TRUE
"Comparator",300,"Symmetric bimodal",172,"Imai bootstrap",TRUE
"Comparator",300,"Symmetric bimodal",172,"medflex NEM",TRUE
"Comparator",300,"Gaussian",173,"OLS",TRUE
"Comparator",300,"Gaussian",173,"Semiparametric",TRUE
"Comparator",300,"Gaussian",173,"Imai quasi-Bayes",TRUE
"Comparator",300,"Gaussian",173,"Imai bootstrap",TRUE
"Comparator",300,"Gaussian",173,"medflex NEM",TRUE
"Comparator",300,"Skew-normal",173,"OLS",TRUE
"Comparator",300,"Skew-normal",173,"Semiparametric",TRUE
"Comparator",300,"Skew-normal",173,"Imai quasi-Bayes",TRUE
"Comparator",300,"Skew-normal",173,"Imai bootstrap",TRUE
"Comparator",300,"Skew-normal",173,"medflex NEM",TRUE
"Comparator",300,"Asymmetric mixture",173,"OLS",TRUE
"Comparator",300,"Asymmetric mixture",173,"Semiparametric",TRUE
"Comparator",300,"Asymmetric mixture",173,"Imai quasi-Bayes",TRUE
"Comparator",300,"Asymmetric mixture",173,"Imai bootstrap",TRUE
"Comparator",300,"Asymmetric mixture",173,"medflex NEM",TRUE
"Comparator",300,"Symmetric bimodal",173,"OLS",TRUE
"Comparator",300,"Symmetric bimodal",173,"Semiparametric",TRUE
"Comparator",300,"Symmetric bimodal",173,"Imai quasi-Bayes",TRUE
"Comparator",300,"Symmetric bimodal",173,"Imai bootstrap",TRUE
"Comparator",300,"Symmetric bimodal",173,"medflex NEM",TRUE
"Comparator",300,"Gaussian",174,"OLS",TRUE
"Comparator",300,"Gaussian",174,"Semiparametric",TRUE
"Comparator",300,"Gaussian",174,"Imai quasi-Bayes",TRUE
"Comparator",300,"Gaussian",174,"Imai bootstrap",TRUE
"Comparator",300,"Gaussian",174,"medflex NEM",TRUE
"Comparator",300,"Skew-normal",174,"OLS",TRUE
"Comparator",300,"Skew-normal",174,"Semiparametric",TRUE
"Comparator",300,"Skew-normal",174,"Imai quasi-Bayes",TRUE
"Comparator",300,"Skew-normal",174,"Imai bootstrap",TRUE
"Comparator",300,"Skew-normal",174,"medflex NEM",TRUE
"Comparator",300,"Asymmetric mixture",174,"OLS",TRUE
"Comparator",300,"Asymmetric mixture",174,"Semiparametric",TRUE
"Comparator",300,"Asymmetric mixture",174,"Imai quasi-Bayes",TRUE
"Comparator",300,"Asymmetric mixture",174,"Imai bootstrap",TRUE
"Comparator",300,"Asymmetric mixture",174,"medflex NEM",TRUE
"Comparator",300,"Symmetric bimodal",174,"OLS",TRUE
"Comparator",300,"Symmetric bimodal",174,"Semiparametric",TRUE
"Comparator",300,"Symmetric bimodal",174,"Imai quasi-Bayes",TRUE
"Comparator",300,"Symmetric bimodal",174,"Imai bootstrap",TRUE
"Comparator",300,"Symmetric bimodal",174,"medflex NEM",TRUE
"Comparator",300,"Gaussian",175,"OLS",TRUE
"Comparator",300,"Gaussian",175,"Semiparametric",TRUE
"Comparator",300,"Gaussian",175,"Imai quasi-Bayes",TRUE
"Comparator",300,"Gaussian",175,"Imai bootstrap",TRUE
"Comparator",300,"Gaussian",175,"medflex NEM",TRUE
"Comparator",300,"Skew-normal",175,"OLS",TRUE
"Comparator",300,"Skew-normal",175,"Semiparametric",TRUE
"Comparator",300,"Skew-normal",175,"Imai quasi-Bayes",TRUE
"Comparator",300,"Skew-normal",175,"Imai bootstrap",TRUE
"Comparator",300,"Skew-normal",175,"medflex NEM",TRUE
"Comparator",300,"Asymmetric mixture",175,"OLS",TRUE
"Comparator",300,"Asymmetric mixture",175,"Semiparametric",TRUE
"Comparator",300,"Asymmetric mixture",175,"Imai quasi-Bayes",TRUE
"Comparator",300,"Asymmetric mixture",175,"Imai bootstrap",TRUE
"Comparator",300,"Asymmetric mixture",175,"medflex NEM",TRUE
"Comparator",300,"Symmetric bimodal",175,"OLS",TRUE
"Comparator",300,"Symmetric bimodal",175,"Semiparametric",TRUE
"Comparator",300,"Symmetric bimodal",175,"Imai quasi-Bayes",TRUE
"Comparator",300,"Symmetric bimodal",175,"Imai bootstrap",TRUE
"Comparator",300,"Symmetric bimodal",175,"medflex NEM",TRUE
"Comparator",300,"Gaussian",176,"OLS",TRUE
"Comparator",300,"Gaussian",176,"Semiparametric",TRUE
"Comparator",300,"Gaussian",176,"Imai quasi-Bayes",TRUE
"Comparator",300,"Gaussian",176,"Imai bootstrap",TRUE
"Comparator",300,"Gaussian",176,"medflex NEM",TRUE
"Comparator",300,"Skew-normal",176,"OLS",TRUE
"Comparator",300,"Skew-normal",176,"Semiparametric",TRUE
"Comparator",300,"Skew-normal",176,"Imai quasi-Bayes",TRUE
"Comparator",300,"Skew-normal",176,"Imai bootstrap",TRUE
"Comparator",300,"Skew-normal",176,"medflex NEM",TRUE
"Comparator",300,"Asymmetric mixture",176,"OLS",TRUE
"Comparator",300,"Asymmetric mixture",176,"Semiparametric",TRUE
"Comparator",300,"Asymmetric mixture",176,"Imai quasi-Bayes",TRUE
"Comparator",300,"Asymmetric mixture",176,"Imai bootstrap",TRUE
"Comparator",300,"Asymmetric mixture",176,"medflex NEM",TRUE
"Comparator",300,"Symmetric bimodal",176,"OLS",TRUE
"Comparator",300,"Symmetric bimodal",176,"Semiparametric",TRUE
"Comparator",300,"Symmetric bimodal",176,"Imai quasi-Bayes",TRUE
"Comparator",300,"Symmetric bimodal",176,"Imai bootstrap",TRUE
"Comparator",300,"Symmetric bimodal",176,"medflex NEM",TRUE
"Comparator",300,"Gaussian",177,"OLS",TRUE
"Comparator",300,"Gaussian",177,"Semiparametric",TRUE
"Comparator",300,"Gaussian",177,"Imai quasi-Bayes",TRUE
"Comparator",300,"Gaussian",177,"Imai bootstrap",TRUE
"Comparator",300,"Gaussian",177,"medflex NEM",TRUE
"Comparator",300,"Skew-normal",177,"OLS",TRUE
"Comparator",300,"Skew-normal",177,"Semiparametric",TRUE
"Comparator",300,"Skew-normal",177,"Imai quasi-Bayes",TRUE
"Comparator",300,"Skew-normal",177,"Imai bootstrap",TRUE
"Comparator",300,"Skew-normal",177,"medflex NEM",TRUE
"Comparator",300,"Asymmetric mixture",177,"OLS",TRUE
"Comparator",300,"Asymmetric mixture",177,"Semiparametric",TRUE
"Comparator",300,"Asymmetric mixture",177,"Imai quasi-Bayes",TRUE
"Comparator",300,"Asymmetric mixture",177,"Imai bootstrap",TRUE
"Comparator",300,"Asymmetric mixture",177,"medflex NEM",TRUE
"Comparator",300,"Symmetric bimodal",177,"OLS",TRUE
"Comparator",300,"Symmetric bimodal",177,"Semiparametric",TRUE
"Comparator",300,"Symmetric bimodal",177,"Imai quasi-Bayes",TRUE
"Comparator",300,"Symmetric bimodal",177,"Imai bootstrap",TRUE
"Comparator",300,"Symmetric bimodal",177,"medflex NEM",TRUE
"Comparator",300,"Gaussian",178,"OLS",TRUE
"Comparator",300,"Gaussian",178,"Semiparametric",TRUE
"Comparator",300,"Gaussian",178,"Imai quasi-Bayes",TRUE
"Comparator",300,"Gaussian",178,"Imai bootstrap",TRUE
"Comparator",300,"Gaussian",178,"medflex NEM",TRUE
"Comparator",300,"Skew-normal",178,"OLS",TRUE
"Comparator",300,"Skew-normal",178,"Semiparametric",TRUE
"Comparator",300,"Skew-normal",178,"Imai quasi-Bayes",TRUE
"Comparator",300,"Skew-normal",178,"Imai bootstrap",TRUE
"Comparator",300,"Skew-normal",178,"medflex NEM",TRUE
"Comparator",300,"Asymmetric mixture",178,"OLS",TRUE
"Comparator",300,"Asymmetric mixture",178,"Semiparametric",TRUE
"Comparator",300,"Asymmetric mixture",178,"Imai quasi-Bayes",TRUE
"Comparator",300,"Asymmetric mixture",178,"Imai bootstrap",TRUE
"Comparator",300,"Asymmetric mixture",178,"medflex NEM",TRUE
"Comparator",300,"Symmetric bimodal",178,"OLS",TRUE
"Comparator",300,"Symmetric bimodal",178,"Semiparametric",TRUE
"Comparator",300,"Symmetric bimodal",178,"Imai quasi-Bayes",TRUE
"Comparator",300,"Symmetric bimodal",178,"Imai bootstrap",TRUE
"Comparator",300,"Symmetric bimodal",178,"medflex NEM",TRUE
"Comparator",300,"Gaussian",179,"OLS",TRUE
"Comparator",300,"Gaussian",179,"Semiparametric",TRUE
"Comparator",300,"Gaussian",179,"Imai quasi-Bayes",TRUE
"Comparator",300,"Gaussian",179,"Imai bootstrap",TRUE
"Comparator",300,"Gaussian",179,"medflex NEM",TRUE
"Comparator",300,"Skew-normal",179,"OLS",TRUE
"Comparator",300,"Skew-normal",179,"Semiparametric",TRUE
"Comparator",300,"Skew-normal",179,"Imai quasi-Bayes",TRUE
"Comparator",300,"Skew-normal",179,"Imai bootstrap",TRUE
"Comparator",300,"Skew-normal",179,"medflex NEM",TRUE
"Comparator",300,"Asymmetric mixture",179,"OLS",TRUE
"Comparator",300,"Asymmetric mixture",179,"Semiparametric",TRUE
"Comparator",300,"Asymmetric mixture",179,"Imai quasi-Bayes",TRUE
"Comparator",300,"Asymmetric mixture",179,"Imai bootstrap",TRUE
"Comparator",300,"Asymmetric mixture",179,"medflex NEM",TRUE
"Comparator",300,"Symmetric bimodal",179,"OLS",TRUE
"Comparator",300,"Symmetric bimodal",179,"Semiparametric",TRUE
"Comparator",300,"Symmetric bimodal",179,"Imai quasi-Bayes",TRUE
"Comparator",300,"Symmetric bimodal",179,"Imai bootstrap",TRUE
"Comparator",300,"Symmetric bimodal",179,"medflex NEM",TRUE
"Comparator",300,"Gaussian",180,"OLS",TRUE
"Comparator",300,"Gaussian",180,"Semiparametric",TRUE
"Comparator",300,"Gaussian",180,"Imai quasi-Bayes",TRUE
"Comparator",300,"Gaussian",180,"Imai bootstrap",TRUE
"Comparator",300,"Gaussian",180,"medflex NEM",TRUE
"Comparator",300,"Skew-normal",180,"OLS",TRUE
"Comparator",300,"Skew-normal",180,"Semiparametric",TRUE
"Comparator",300,"Skew-normal",180,"Imai quasi-Bayes",TRUE
"Comparator",300,"Skew-normal",180,"Imai bootstrap",TRUE
"Comparator",300,"Skew-normal",180,"medflex NEM",TRUE
"Comparator",300,"Asymmetric mixture",180,"OLS",TRUE
"Comparator",300,"Asymmetric mixture",180,"Semiparametric",TRUE
"Comparator",300,"Asymmetric mixture",180,"Imai quasi-Bayes",TRUE
"Comparator",300,"Asymmetric mixture",180,"Imai bootstrap",TRUE
"Comparator",300,"Asymmetric mixture",180,"medflex NEM",TRUE
"Comparator",300,"Symmetric bimodal",180,"OLS",TRUE
"Comparator",300,"Symmetric bimodal",180,"Semiparametric",TRUE
"Comparator",300,"Symmetric bimodal",180,"Imai quasi-Bayes",TRUE
"Comparator",300,"Symmetric bimodal",180,"Imai bootstrap",TRUE
"Comparator",300,"Symmetric bimodal",180,"medflex NEM",TRUE
"Comparator",300,"Gaussian",181,"OLS",TRUE
"Comparator",300,"Gaussian",181,"Semiparametric",TRUE
"Comparator",300,"Gaussian",181,"Imai quasi-Bayes",TRUE
"Comparator",300,"Gaussian",181,"Imai bootstrap",TRUE
"Comparator",300,"Gaussian",181,"medflex NEM",TRUE
"Comparator",300,"Skew-normal",181,"OLS",TRUE
"Comparator",300,"Skew-normal",181,"Semiparametric",TRUE
"Comparator",300,"Skew-normal",181,"Imai quasi-Bayes",TRUE
"Comparator",300,"Skew-normal",181,"Imai bootstrap",TRUE
"Comparator",300,"Skew-normal",181,"medflex NEM",TRUE
"Comparator",300,"Asymmetric mixture",181,"OLS",TRUE
"Comparator",300,"Asymmetric mixture",181,"Semiparametric",TRUE
"Comparator",300,"Asymmetric mixture",181,"Imai quasi-Bayes",TRUE
"Comparator",300,"Asymmetric mixture",181,"Imai bootstrap",TRUE
"Comparator",300,"Asymmetric mixture",181,"medflex NEM",TRUE
"Comparator",300,"Symmetric bimodal",181,"OLS",TRUE
"Comparator",300,"Symmetric bimodal",181,"Semiparametric",TRUE
"Comparator",300,"Symmetric bimodal",181,"Imai quasi-Bayes",TRUE
"Comparator",300,"Symmetric bimodal",181,"Imai bootstrap",TRUE
"Comparator",300,"Symmetric bimodal",181,"medflex NEM",TRUE
"Comparator",300,"Gaussian",182,"OLS",TRUE
"Comparator",300,"Gaussian",182,"Semiparametric",TRUE
"Comparator",300,"Gaussian",182,"Imai quasi-Bayes",TRUE
"Comparator",300,"Gaussian",182,"Imai bootstrap",TRUE
"Comparator",300,"Gaussian",182,"medflex NEM",TRUE
"Comparator",300,"Skew-normal",182,"OLS",TRUE
"Comparator",300,"Skew-normal",182,"Semiparametric",TRUE
"Comparator",300,"Skew-normal",182,"Imai quasi-Bayes",TRUE
"Comparator",300,"Skew-normal",182,"Imai bootstrap",TRUE
"Comparator",300,"Skew-normal",182,"medflex NEM",TRUE
"Comparator",300,"Asymmetric mixture",182,"OLS",TRUE
"Comparator",300,"Asymmetric mixture",182,"Semiparametric",TRUE
"Comparator",300,"Asymmetric mixture",182,"Imai quasi-Bayes",TRUE
"Comparator",300,"Asymmetric mixture",182,"Imai bootstrap",TRUE
"Comparator",300,"Asymmetric mixture",182,"medflex NEM",TRUE
"Comparator",300,"Symmetric bimodal",182,"OLS",TRUE
"Comparator",300,"Symmetric bimodal",182,"Semiparametric",TRUE
"Comparator",300,"Symmetric bimodal",182,"Imai quasi-Bayes",TRUE
"Comparator",300,"Symmetric bimodal",182,"Imai bootstrap",TRUE
"Comparator",300,"Symmetric bimodal",182,"medflex NEM",TRUE
"Comparator",300,"Gaussian",183,"OLS",TRUE
"Comparator",300,"Gaussian",183,"Semiparametric",TRUE
"Comparator",300,"Gaussian",183,"Imai quasi-Bayes",TRUE
"Comparator",300,"Gaussian",183,"Imai bootstrap",TRUE
"Comparator",300,"Gaussian",183,"medflex NEM",TRUE
"Comparator",300,"Skew-normal",183,"OLS",TRUE
"Comparator",300,"Skew-normal",183,"Semiparametric",TRUE
"Comparator",300,"Skew-normal",183,"Imai quasi-Bayes",TRUE
"Comparator",300,"Skew-normal",183,"Imai bootstrap",TRUE
"Comparator",300,"Skew-normal",183,"medflex NEM",TRUE
"Comparator",300,"Asymmetric mixture",183,"OLS",TRUE
"Comparator",300,"Asymmetric mixture",183,"Semiparametric",TRUE
"Comparator",300,"Asymmetric mixture",183,"Imai quasi-Bayes",TRUE
"Comparator",300,"Asymmetric mixture",183,"Imai bootstrap",TRUE
"Comparator",300,"Asymmetric mixture",183,"medflex NEM",TRUE
"Comparator",300,"Symmetric bimodal",183,"OLS",TRUE
"Comparator",300,"Symmetric bimodal",183,"Semiparametric",TRUE
"Comparator",300,"Symmetric bimodal",183,"Imai quasi-Bayes",TRUE
"Comparator",300,"Symmetric bimodal",183,"Imai bootstrap",TRUE
"Comparator",300,"Symmetric bimodal",183,"medflex NEM",TRUE
"Comparator",300,"Gaussian",184,"OLS",TRUE
"Comparator",300,"Gaussian",184,"Semiparametric",TRUE
"Comparator",300,"Gaussian",184,"Imai quasi-Bayes",TRUE
"Comparator",300,"Gaussian",184,"Imai bootstrap",TRUE
"Comparator",300,"Gaussian",184,"medflex NEM",TRUE
"Comparator",300,"Skew-normal",184,"OLS",TRUE
"Comparator",300,"Skew-normal",184,"Semiparametric",TRUE
"Comparator",300,"Skew-normal",184,"Imai quasi-Bayes",TRUE
"Comparator",300,"Skew-normal",184,"Imai bootstrap",TRUE
"Comparator",300,"Skew-normal",184,"medflex NEM",TRUE
"Comparator",300,"Asymmetric mixture",184,"OLS",TRUE
"Comparator",300,"Asymmetric mixture",184,"Semiparametric",TRUE
"Comparator",300,"Asymmetric mixture",184,"Imai quasi-Bayes",TRUE
"Comparator",300,"Asymmetric mixture",184,"Imai bootstrap",TRUE
"Comparator",300,"Asymmetric mixture",184,"medflex NEM",TRUE
"Comparator",300,"Symmetric bimodal",184,"OLS",TRUE
"Comparator",300,"Symmetric bimodal",184,"Semiparametric",TRUE
"Comparator",300,"Symmetric bimodal",184,"Imai quasi-Bayes",TRUE
"Comparator",300,"Symmetric bimodal",184,"Imai bootstrap",TRUE
"Comparator",300,"Symmetric bimodal",184,"medflex NEM",TRUE
"Comparator",300,"Gaussian",185,"OLS",TRUE
"Comparator",300,"Gaussian",185,"Semiparametric",TRUE
"Comparator",300,"Gaussian",185,"Imai quasi-Bayes",TRUE
"Comparator",300,"Gaussian",185,"Imai bootstrap",TRUE
"Comparator",300,"Gaussian",185,"medflex NEM",TRUE
"Comparator",300,"Skew-normal",185,"OLS",TRUE
"Comparator",300,"Skew-normal",185,"Semiparametric",TRUE
"Comparator",300,"Skew-normal",185,"Imai quasi-Bayes",TRUE
"Comparator",300,"Skew-normal",185,"Imai bootstrap",TRUE
"Comparator",300,"Skew-normal",185,"medflex NEM",TRUE
"Comparator",300,"Asymmetric mixture",185,"OLS",TRUE
"Comparator",300,"Asymmetric mixture",185,"Semiparametric",TRUE
"Comparator",300,"Asymmetric mixture",185,"Imai quasi-Bayes",TRUE
"Comparator",300,"Asymmetric mixture",185,"Imai bootstrap",TRUE
"Comparator",300,"Asymmetric mixture",185,"medflex NEM",TRUE
"Comparator",300,"Symmetric bimodal",185,"OLS",TRUE
"Comparator",300,"Symmetric bimodal",185,"Semiparametric",TRUE
"Comparator",300,"Symmetric bimodal",185,"Imai quasi-Bayes",TRUE
"Comparator",300,"Symmetric bimodal",185,"Imai bootstrap",TRUE
"Comparator",300,"Symmetric bimodal",185,"medflex NEM",TRUE
"Comparator",300,"Gaussian",186,"OLS",TRUE
"Comparator",300,"Gaussian",186,"Semiparametric",TRUE
"Comparator",300,"Gaussian",186,"Imai quasi-Bayes",TRUE
"Comparator",300,"Gaussian",186,"Imai bootstrap",TRUE
"Comparator",300,"Gaussian",186,"medflex NEM",TRUE
"Comparator",300,"Skew-normal",186,"OLS",TRUE
"Comparator",300,"Skew-normal",186,"Semiparametric",TRUE
"Comparator",300,"Skew-normal",186,"Imai quasi-Bayes",TRUE
"Comparator",300,"Skew-normal",186,"Imai bootstrap",TRUE
"Comparator",300,"Skew-normal",186,"medflex NEM",TRUE
"Comparator",300,"Asymmetric mixture",186,"OLS",TRUE
"Comparator",300,"Asymmetric mixture",186,"Semiparametric",TRUE
"Comparator",300,"Asymmetric mixture",186,"Imai quasi-Bayes",TRUE
"Comparator",300,"Asymmetric mixture",186,"Imai bootstrap",TRUE
"Comparator",300,"Asymmetric mixture",186,"medflex NEM",TRUE
"Comparator",300,"Symmetric bimodal",186,"OLS",TRUE
"Comparator",300,"Symmetric bimodal",186,"Semiparametric",TRUE
"Comparator",300,"Symmetric bimodal",186,"Imai quasi-Bayes",TRUE
"Comparator",300,"Symmetric bimodal",186,"Imai bootstrap",TRUE
"Comparator",300,"Symmetric bimodal",186,"medflex NEM",TRUE
"Comparator",300,"Gaussian",187,"OLS",TRUE
"Comparator",300,"Gaussian",187,"Semiparametric",TRUE
"Comparator",300,"Gaussian",187,"Imai quasi-Bayes",TRUE
"Comparator",300,"Gaussian",187,"Imai bootstrap",TRUE
"Comparator",300,"Gaussian",187,"medflex NEM",TRUE
"Comparator",300,"Skew-normal",187,"OLS",TRUE
"Comparator",300,"Skew-normal",187,"Semiparametric",TRUE
"Comparator",300,"Skew-normal",187,"Imai quasi-Bayes",TRUE
"Comparator",300,"Skew-normal",187,"Imai bootstrap",TRUE
"Comparator",300,"Skew-normal",187,"medflex NEM",TRUE
"Comparator",300,"Asymmetric mixture",187,"OLS",TRUE
"Comparator",300,"Asymmetric mixture",187,"Semiparametric",TRUE
"Comparator",300,"Asymmetric mixture",187,"Imai quasi-Bayes",TRUE
"Comparator",300,"Asymmetric mixture",187,"Imai bootstrap",TRUE
"Comparator",300,"Asymmetric mixture",187,"medflex NEM",TRUE
"Comparator",300,"Symmetric bimodal",187,"OLS",TRUE
"Comparator",300,"Symmetric bimodal",187,"Semiparametric",TRUE
"Comparator",300,"Symmetric bimodal",187,"Imai quasi-Bayes",TRUE
"Comparator",300,"Symmetric bimodal",187,"Imai bootstrap",TRUE
"Comparator",300,"Symmetric bimodal",187,"medflex NEM",TRUE
"Comparator",300,"Gaussian",188,"OLS",TRUE
"Comparator",300,"Gaussian",188,"Semiparametric",TRUE
"Comparator",300,"Gaussian",188,"Imai quasi-Bayes",TRUE
"Comparator",300,"Gaussian",188,"Imai bootstrap",TRUE
"Comparator",300,"Gaussian",188,"medflex NEM",TRUE
"Comparator",300,"Skew-normal",188,"OLS",TRUE
"Comparator",300,"Skew-normal",188,"Semiparametric",TRUE
"Comparator",300,"Skew-normal",188,"Imai quasi-Bayes",TRUE
"Comparator",300,"Skew-normal",188,"Imai bootstrap",TRUE
"Comparator",300,"Skew-normal",188,"medflex NEM",TRUE
"Comparator",300,"Asymmetric mixture",188,"OLS",TRUE
"Comparator",300,"Asymmetric mixture",188,"Semiparametric",TRUE
"Comparator",300,"Asymmetric mixture",188,"Imai quasi-Bayes",TRUE
"Comparator",300,"Asymmetric mixture",188,"Imai bootstrap",TRUE
"Comparator",300,"Asymmetric mixture",188,"medflex NEM",TRUE
"Comparator",300,"Symmetric bimodal",188,"OLS",TRUE
"Comparator",300,"Symmetric bimodal",188,"Semiparametric",TRUE
"Comparator",300,"Symmetric bimodal",188,"Imai quasi-Bayes",TRUE
"Comparator",300,"Symmetric bimodal",188,"Imai bootstrap",TRUE
"Comparator",300,"Symmetric bimodal",188,"medflex NEM",TRUE
"Comparator",300,"Gaussian",189,"OLS",TRUE
"Comparator",300,"Gaussian",189,"Semiparametric",TRUE
"Comparator",300,"Gaussian",189,"Imai quasi-Bayes",TRUE
"Comparator",300,"Gaussian",189,"Imai bootstrap",TRUE
"Comparator",300,"Gaussian",189,"medflex NEM",TRUE
"Comparator",300,"Skew-normal",189,"OLS",TRUE
"Comparator",300,"Skew-normal",189,"Semiparametric",TRUE
"Comparator",300,"Skew-normal",189,"Imai quasi-Bayes",TRUE
"Comparator",300,"Skew-normal",189,"Imai bootstrap",TRUE
"Comparator",300,"Skew-normal",189,"medflex NEM",TRUE
"Comparator",300,"Asymmetric mixture",189,"OLS",TRUE
"Comparator",300,"Asymmetric mixture",189,"Semiparametric",TRUE
"Comparator",300,"Asymmetric mixture",189,"Imai quasi-Bayes",TRUE
"Comparator",300,"Asymmetric mixture",189,"Imai bootstrap",TRUE
"Comparator",300,"Asymmetric mixture",189,"medflex NEM",TRUE
"Comparator",300,"Symmetric bimodal",189,"OLS",TRUE
"Comparator",300,"Symmetric bimodal",189,"Semiparametric",TRUE
"Comparator",300,"Symmetric bimodal",189,"Imai quasi-Bayes",TRUE
"Comparator",300,"Symmetric bimodal",189,"Imai bootstrap",TRUE
"Comparator",300,"Symmetric bimodal",189,"medflex NEM",TRUE
"Comparator",300,"Gaussian",190,"OLS",TRUE
"Comparator",300,"Gaussian",190,"Semiparametric",TRUE
"Comparator",300,"Gaussian",190,"Imai quasi-Bayes",TRUE
"Comparator",300,"Gaussian",190,"Imai bootstrap",TRUE
"Comparator",300,"Gaussian",190,"medflex NEM",TRUE
"Comparator",300,"Skew-normal",190,"OLS",TRUE
"Comparator",300,"Skew-normal",190,"Semiparametric",TRUE
"Comparator",300,"Skew-normal",190,"Imai quasi-Bayes",TRUE
"Comparator",300,"Skew-normal",190,"Imai bootstrap",TRUE
"Comparator",300,"Skew-normal",190,"medflex NEM",TRUE
"Comparator",300,"Asymmetric mixture",190,"OLS",TRUE
"Comparator",300,"Asymmetric mixture",190,"Semiparametric",TRUE
"Comparator",300,"Asymmetric mixture",190,"Imai quasi-Bayes",TRUE
"Comparator",300,"Asymmetric mixture",190,"Imai bootstrap",TRUE
"Comparator",300,"Asymmetric mixture",190,"medflex NEM",TRUE
"Comparator",300,"Symmetric bimodal",190,"OLS",TRUE
"Comparator",300,"Symmetric bimodal",190,"Semiparametric",TRUE
"Comparator",300,"Symmetric bimodal",190,"Imai quasi-Bayes",TRUE
"Comparator",300,"Symmetric bimodal",190,"Imai bootstrap",TRUE
"Comparator",300,"Symmetric bimodal",190,"medflex NEM",TRUE
"Comparator",300,"Gaussian",191,"OLS",TRUE
"Comparator",300,"Gaussian",191,"Semiparametric",TRUE
"Comparator",300,"Gaussian",191,"Imai quasi-Bayes",TRUE
"Comparator",300,"Gaussian",191,"Imai bootstrap",TRUE
"Comparator",300,"Gaussian",191,"medflex NEM",TRUE
"Comparator",300,"Skew-normal",191,"OLS",TRUE
"Comparator",300,"Skew-normal",191,"Semiparametric",TRUE
"Comparator",300,"Skew-normal",191,"Imai quasi-Bayes",TRUE
"Comparator",300,"Skew-normal",191,"Imai bootstrap",TRUE
"Comparator",300,"Skew-normal",191,"medflex NEM",TRUE
"Comparator",300,"Asymmetric mixture",191,"OLS",TRUE
"Comparator",300,"Asymmetric mixture",191,"Semiparametric",TRUE
"Comparator",300,"Asymmetric mixture",191,"Imai quasi-Bayes",TRUE
"Comparator",300,"Asymmetric mixture",191,"Imai bootstrap",TRUE
"Comparator",300,"Asymmetric mixture",191,"medflex NEM",TRUE
"Comparator",300,"Symmetric bimodal",191,"OLS",TRUE
"Comparator",300,"Symmetric bimodal",191,"Semiparametric",TRUE
"Comparator",300,"Symmetric bimodal",191,"Imai quasi-Bayes",TRUE
"Comparator",300,"Symmetric bimodal",191,"Imai bootstrap",TRUE
"Comparator",300,"Symmetric bimodal",191,"medflex NEM",TRUE
"Comparator",300,"Gaussian",192,"OLS",TRUE
"Comparator",300,"Gaussian",192,"Semiparametric",TRUE
"Comparator",300,"Gaussian",192,"Imai quasi-Bayes",TRUE
"Comparator",300,"Gaussian",192,"Imai bootstrap",TRUE
"Comparator",300,"Gaussian",192,"medflex NEM",TRUE
"Comparator",300,"Skew-normal",192,"OLS",TRUE
"Comparator",300,"Skew-normal",192,"Semiparametric",TRUE
"Comparator",300,"Skew-normal",192,"Imai quasi-Bayes",TRUE
"Comparator",300,"Skew-normal",192,"Imai bootstrap",TRUE
"Comparator",300,"Skew-normal",192,"medflex NEM",TRUE
"Comparator",300,"Asymmetric mixture",192,"OLS",TRUE
"Comparator",300,"Asymmetric mixture",192,"Semiparametric",TRUE
"Comparator",300,"Asymmetric mixture",192,"Imai quasi-Bayes",TRUE
"Comparator",300,"Asymmetric mixture",192,"Imai bootstrap",TRUE
"Comparator",300,"Asymmetric mixture",192,"medflex NEM",TRUE
"Comparator",300,"Symmetric bimodal",192,"OLS",TRUE
"Comparator",300,"Symmetric bimodal",192,"Semiparametric",TRUE
"Comparator",300,"Symmetric bimodal",192,"Imai quasi-Bayes",TRUE
"Comparator",300,"Symmetric bimodal",192,"Imai bootstrap",TRUE
"Comparator",300,"Symmetric bimodal",192,"medflex NEM",TRUE
"Comparator",300,"Gaussian",193,"OLS",TRUE
"Comparator",300,"Gaussian",193,"Semiparametric",TRUE
"Comparator",300,"Gaussian",193,"Imai quasi-Bayes",TRUE
"Comparator",300,"Gaussian",193,"Imai bootstrap",TRUE
"Comparator",300,"Gaussian",193,"medflex NEM",TRUE
"Comparator",300,"Skew-normal",193,"OLS",TRUE
"Comparator",300,"Skew-normal",193,"Semiparametric",TRUE
"Comparator",300,"Skew-normal",193,"Imai quasi-Bayes",TRUE
"Comparator",300,"Skew-normal",193,"Imai bootstrap",TRUE
"Comparator",300,"Skew-normal",193,"medflex NEM",TRUE
"Comparator",300,"Asymmetric mixture",193,"OLS",TRUE
"Comparator",300,"Asymmetric mixture",193,"Semiparametric",TRUE
"Comparator",300,"Asymmetric mixture",193,"Imai quasi-Bayes",TRUE
"Comparator",300,"Asymmetric mixture",193,"Imai bootstrap",TRUE
"Comparator",300,"Asymmetric mixture",193,"medflex NEM",TRUE
"Comparator",300,"Symmetric bimodal",193,"OLS",TRUE
"Comparator",300,"Symmetric bimodal",193,"Semiparametric",TRUE
"Comparator",300,"Symmetric bimodal",193,"Imai quasi-Bayes",TRUE
"Comparator",300,"Symmetric bimodal",193,"Imai bootstrap",TRUE
"Comparator",300,"Symmetric bimodal",193,"medflex NEM",TRUE
"Comparator",300,"Gaussian",194,"OLS",TRUE
"Comparator",300,"Gaussian",194,"Semiparametric",TRUE
"Comparator",300,"Gaussian",194,"Imai quasi-Bayes",TRUE
"Comparator",300,"Gaussian",194,"Imai bootstrap",TRUE
"Comparator",300,"Gaussian",194,"medflex NEM",TRUE
"Comparator",300,"Skew-normal",194,"OLS",TRUE
"Comparator",300,"Skew-normal",194,"Semiparametric",TRUE
"Comparator",300,"Skew-normal",194,"Imai quasi-Bayes",TRUE
"Comparator",300,"Skew-normal",194,"Imai bootstrap",TRUE
"Comparator",300,"Skew-normal",194,"medflex NEM",TRUE
"Comparator",300,"Asymmetric mixture",194,"OLS",TRUE
"Comparator",300,"Asymmetric mixture",194,"Semiparametric",TRUE
"Comparator",300,"Asymmetric mixture",194,"Imai quasi-Bayes",TRUE
"Comparator",300,"Asymmetric mixture",194,"Imai bootstrap",TRUE
"Comparator",300,"Asymmetric mixture",194,"medflex NEM",TRUE
"Comparator",300,"Symmetric bimodal",194,"OLS",TRUE
"Comparator",300,"Symmetric bimodal",194,"Semiparametric",TRUE
"Comparator",300,"Symmetric bimodal",194,"Imai quasi-Bayes",TRUE
"Comparator",300,"Symmetric bimodal",194,"Imai bootstrap",TRUE
"Comparator",300,"Symmetric bimodal",194,"medflex NEM",TRUE
"Comparator",300,"Gaussian",195,"OLS",TRUE
"Comparator",300,"Gaussian",195,"Semiparametric",TRUE
"Comparator",300,"Gaussian",195,"Imai quasi-Bayes",TRUE
"Comparator",300,"Gaussian",195,"Imai bootstrap",TRUE
"Comparator",300,"Gaussian",195,"medflex NEM",TRUE
"Comparator",300,"Skew-normal",195,"OLS",TRUE
"Comparator",300,"Skew-normal",195,"Semiparametric",TRUE
"Comparator",300,"Skew-normal",195,"Imai quasi-Bayes",TRUE
"Comparator",300,"Skew-normal",195,"Imai bootstrap",TRUE
"Comparator",300,"Skew-normal",195,"medflex NEM",TRUE
"Comparator",300,"Asymmetric mixture",195,"OLS",TRUE
"Comparator",300,"Asymmetric mixture",195,"Semiparametric",TRUE
"Comparator",300,"Asymmetric mixture",195,"Imai quasi-Bayes",TRUE
"Comparator",300,"Asymmetric mixture",195,"Imai bootstrap",TRUE
"Comparator",300,"Asymmetric mixture",195,"medflex NEM",TRUE
"Comparator",300,"Symmetric bimodal",195,"OLS",TRUE
"Comparator",300,"Symmetric bimodal",195,"Semiparametric",TRUE
"Comparator",300,"Symmetric bimodal",195,"Imai quasi-Bayes",TRUE
"Comparator",300,"Symmetric bimodal",195,"Imai bootstrap",TRUE
"Comparator",300,"Symmetric bimodal",195,"medflex NEM",TRUE
"Comparator",300,"Gaussian",196,"OLS",TRUE
"Comparator",300,"Gaussian",196,"Semiparametric",TRUE
"Comparator",300,"Gaussian",196,"Imai quasi-Bayes",TRUE
"Comparator",300,"Gaussian",196,"Imai bootstrap",TRUE
"Comparator",300,"Gaussian",196,"medflex NEM",TRUE
"Comparator",300,"Skew-normal",196,"OLS",TRUE
"Comparator",300,"Skew-normal",196,"Semiparametric",TRUE
"Comparator",300,"Skew-normal",196,"Imai quasi-Bayes",TRUE
"Comparator",300,"Skew-normal",196,"Imai bootstrap",TRUE
"Comparator",300,"Skew-normal",196,"medflex NEM",TRUE
"Comparator",300,"Asymmetric mixture",196,"OLS",TRUE
"Comparator",300,"Asymmetric mixture",196,"Semiparametric",FALSE
"Comparator",300,"Asymmetric mixture",196,"Imai quasi-Bayes",TRUE
"Comparator",300,"Asymmetric mixture",196,"Imai bootstrap",TRUE
"Comparator",300,"Asymmetric mixture",196,"medflex NEM",TRUE
"Comparator",300,"Symmetric bimodal",196,"OLS",TRUE
"Comparator",300,"Symmetric bimodal",196,"Semiparametric",TRUE
"Comparator",300,"Symmetric bimodal",196,"Imai quasi-Bayes",TRUE
"Comparator",300,"Symmetric bimodal",196,"Imai bootstrap",TRUE
"Comparator",300,"Symmetric bimodal",196,"medflex NEM",TRUE
"Comparator",300,"Gaussian",197,"OLS",TRUE
"Comparator",300,"Gaussian",197,"Semiparametric",TRUE
"Comparator",300,"Gaussian",197,"Imai quasi-Bayes",TRUE
"Comparator",300,"Gaussian",197,"Imai bootstrap",TRUE
"Comparator",300,"Gaussian",197,"medflex NEM",TRUE
"Comparator",300,"Skew-normal",197,"OLS",TRUE
"Comparator",300,"Skew-normal",197,"Semiparametric",TRUE
"Comparator",300,"Skew-normal",197,"Imai quasi-Bayes",TRUE
"Comparator",300,"Skew-normal",197,"Imai bootstrap",TRUE
"Comparator",300,"Skew-normal",197,"medflex NEM",TRUE
"Comparator",300,"Asymmetric mixture",197,"OLS",TRUE
"Comparator",300,"Asymmetric mixture",197,"Semiparametric",TRUE
"Comparator",300,"Asymmetric mixture",197,"Imai quasi-Bayes",TRUE
"Comparator",300,"Asymmetric mixture",197,"Imai bootstrap",TRUE
"Comparator",300,"Asymmetric mixture",197,"medflex NEM",TRUE
"Comparator",300,"Symmetric bimodal",197,"OLS",TRUE
"Comparator",300,"Symmetric bimodal",197,"Semiparametric",TRUE
"Comparator",300,"Symmetric bimodal",197,"Imai quasi-Bayes",TRUE
"Comparator",300,"Symmetric bimodal",197,"Imai bootstrap",TRUE
"Comparator",300,"Symmetric bimodal",197,"medflex NEM",TRUE
"Comparator",300,"Gaussian",198,"OLS",TRUE
"Comparator",300,"Gaussian",198,"Semiparametric",TRUE
"Comparator",300,"Gaussian",198,"Imai quasi-Bayes",TRUE
"Comparator",300,"Gaussian",198,"Imai bootstrap",TRUE
"Comparator",300,"Gaussian",198,"medflex NEM",TRUE
"Comparator",300,"Skew-normal",198,"OLS",TRUE
"Comparator",300,"Skew-normal",198,"Semiparametric",TRUE
"Comparator",300,"Skew-normal",198,"Imai quasi-Bayes",TRUE
"Comparator",300,"Skew-normal",198,"Imai bootstrap",TRUE
"Comparator",300,"Skew-normal",198,"medflex NEM",TRUE
"Comparator",300,"Asymmetric mixture",198,"OLS",TRUE
"Comparator",300,"Asymmetric mixture",198,"Semiparametric",TRUE
"Comparator",300,"Asymmetric mixture",198,"Imai quasi-Bayes",TRUE
"Comparator",300,"Asymmetric mixture",198,"Imai bootstrap",TRUE
"Comparator",300,"Asymmetric mixture",198,"medflex NEM",TRUE
"Comparator",300,"Symmetric bimodal",198,"OLS",TRUE
"Comparator",300,"Symmetric bimodal",198,"Semiparametric",TRUE
"Comparator",300,"Symmetric bimodal",198,"Imai quasi-Bayes",TRUE
"Comparator",300,"Symmetric bimodal",198,"Imai bootstrap",TRUE
"Comparator",300,"Symmetric bimodal",198,"medflex NEM",TRUE
"Comparator",300,"Gaussian",199,"OLS",TRUE
"Comparator",300,"Gaussian",199,"Semiparametric",TRUE
"Comparator",300,"Gaussian",199,"Imai quasi-Bayes",TRUE
"Comparator",300,"Gaussian",199,"Imai bootstrap",TRUE
"Comparator",300,"Gaussian",199,"medflex NEM",TRUE
"Comparator",300,"Skew-normal",199,"OLS",TRUE
"Comparator",300,"Skew-normal",199,"Semiparametric",TRUE
"Comparator",300,"Skew-normal",199,"Imai quasi-Bayes",TRUE
"Comparator",300,"Skew-normal",199,"Imai bootstrap",TRUE
"Comparator",300,"Skew-normal",199,"medflex NEM",TRUE
"Comparator",300,"Asymmetric mixture",199,"OLS",TRUE
"Comparator",300,"Asymmetric mixture",199,"Semiparametric",TRUE
"Comparator",300,"Asymmetric mixture",199,"Imai quasi-Bayes",TRUE
"Comparator",300,"Asymmetric mixture",199,"Imai bootstrap",TRUE
"Comparator",300,"Asymmetric mixture",199,"medflex NEM",TRUE
"Comparator",300,"Symmetric bimodal",199,"OLS",TRUE
"Comparator",300,"Symmetric bimodal",199,"Semiparametric",TRUE
"Comparator",300,"Symmetric bimodal",199,"Imai quasi-Bayes",TRUE
"Comparator",300,"Symmetric bimodal",199,"Imai bootstrap",TRUE
"Comparator",300,"Symmetric bimodal",199,"medflex NEM",TRUE
"Comparator",300,"Gaussian",200,"OLS",TRUE
"Comparator",300,"Gaussian",200,"Semiparametric",TRUE
"Comparator",300,"Gaussian",200,"Imai quasi-Bayes",TRUE
"Comparator",300,"Gaussian",200,"Imai bootstrap",TRUE
"Comparator",300,"Gaussian",200,"medflex NEM",TRUE
"Comparator",300,"Skew-normal",200,"OLS",TRUE
"Comparator",300,"Skew-normal",200,"Semiparametric",TRUE
"Comparator",300,"Skew-normal",200,"Imai quasi-Bayes",TRUE
"Comparator",300,"Skew-normal",200,"Imai bootstrap",TRUE
"Comparator",300,"Skew-normal",200,"medflex NEM",TRUE
"Comparator",300,"Asymmetric mixture",200,"OLS",TRUE
"Comparator",300,"Asymmetric mixture",200,"Semiparametric",TRUE
"Comparator",300,"Asymmetric mixture",200,"Imai quasi-Bayes",TRUE
"Comparator",300,"Asymmetric mixture",200,"Imai bootstrap",TRUE
"Comparator",300,"Asymmetric mixture",200,"medflex NEM",TRUE
"Comparator",300,"Symmetric bimodal",200,"OLS",TRUE
"Comparator",300,"Symmetric bimodal",200,"Semiparametric",TRUE
"Comparator",300,"Symmetric bimodal",200,"Imai quasi-Bayes",TRUE
"Comparator",300,"Symmetric bimodal",200,"Imai bootstrap",TRUE
"Comparator",300,"Symmetric bimodal",200,"medflex NEM",TRUE
"Comparator",300,"Gaussian",201,"OLS",TRUE
"Comparator",300,"Gaussian",201,"Semiparametric",TRUE
"Comparator",300,"Gaussian",201,"Imai quasi-Bayes",TRUE
"Comparator",300,"Gaussian",201,"Imai bootstrap",TRUE
"Comparator",300,"Gaussian",201,"medflex NEM",TRUE
"Comparator",300,"Skew-normal",201,"OLS",TRUE
"Comparator",300,"Skew-normal",201,"Semiparametric",TRUE
"Comparator",300,"Skew-normal",201,"Imai quasi-Bayes",TRUE
"Comparator",300,"Skew-normal",201,"Imai bootstrap",TRUE
"Comparator",300,"Skew-normal",201,"medflex NEM",TRUE
"Comparator",300,"Asymmetric mixture",201,"OLS",TRUE
"Comparator",300,"Asymmetric mixture",201,"Semiparametric",TRUE
"Comparator",300,"Asymmetric mixture",201,"Imai quasi-Bayes",TRUE
"Comparator",300,"Asymmetric mixture",201,"Imai bootstrap",TRUE
"Comparator",300,"Asymmetric mixture",201,"medflex NEM",TRUE
"Comparator",300,"Symmetric bimodal",201,"OLS",TRUE
"Comparator",300,"Symmetric bimodal",201,"Semiparametric",TRUE
"Comparator",300,"Symmetric bimodal",201,"Imai quasi-Bayes",TRUE
"Comparator",300,"Symmetric bimodal",201,"Imai bootstrap",TRUE
"Comparator",300,"Symmetric bimodal",201,"medflex NEM",TRUE
"Comparator",300,"Gaussian",202,"OLS",TRUE
"Comparator",300,"Gaussian",202,"Semiparametric",TRUE
"Comparator",300,"Gaussian",202,"Imai quasi-Bayes",TRUE
"Comparator",300,"Gaussian",202,"Imai bootstrap",TRUE
"Comparator",300,"Gaussian",202,"medflex NEM",TRUE
"Comparator",300,"Skew-normal",202,"OLS",TRUE
"Comparator",300,"Skew-normal",202,"Semiparametric",TRUE
"Comparator",300,"Skew-normal",202,"Imai quasi-Bayes",TRUE
"Comparator",300,"Skew-normal",202,"Imai bootstrap",TRUE
"Comparator",300,"Skew-normal",202,"medflex NEM",TRUE
"Comparator",300,"Asymmetric mixture",202,"OLS",TRUE
"Comparator",300,"Asymmetric mixture",202,"Semiparametric",TRUE
"Comparator",300,"Asymmetric mixture",202,"Imai quasi-Bayes",TRUE
"Comparator",300,"Asymmetric mixture",202,"Imai bootstrap",TRUE
"Comparator",300,"Asymmetric mixture",202,"medflex NEM",TRUE
"Comparator",300,"Symmetric bimodal",202,"OLS",TRUE
"Comparator",300,"Symmetric bimodal",202,"Semiparametric",TRUE
"Comparator",300,"Symmetric bimodal",202,"Imai quasi-Bayes",TRUE
"Comparator",300,"Symmetric bimodal",202,"Imai bootstrap",TRUE
"Comparator",300,"Symmetric bimodal",202,"medflex NEM",TRUE
"Comparator",300,"Gaussian",203,"OLS",TRUE
"Comparator",300,"Gaussian",203,"Semiparametric",TRUE
"Comparator",300,"Gaussian",203,"Imai quasi-Bayes",TRUE
"Comparator",300,"Gaussian",203,"Imai bootstrap",TRUE
"Comparator",300,"Gaussian",203,"medflex NEM",TRUE
"Comparator",300,"Skew-normal",203,"OLS",TRUE
"Comparator",300,"Skew-normal",203,"Semiparametric",TRUE
"Comparator",300,"Skew-normal",203,"Imai quasi-Bayes",TRUE
"Comparator",300,"Skew-normal",203,"Imai bootstrap",TRUE
"Comparator",300,"Skew-normal",203,"medflex NEM",TRUE
"Comparator",300,"Asymmetric mixture",203,"OLS",TRUE
"Comparator",300,"Asymmetric mixture",203,"Semiparametric",TRUE
"Comparator",300,"Asymmetric mixture",203,"Imai quasi-Bayes",TRUE
"Comparator",300,"Asymmetric mixture",203,"Imai bootstrap",TRUE
"Comparator",300,"Asymmetric mixture",203,"medflex NEM",TRUE
"Comparator",300,"Symmetric bimodal",203,"OLS",TRUE
"Comparator",300,"Symmetric bimodal",203,"Semiparametric",TRUE
"Comparator",300,"Symmetric bimodal",203,"Imai quasi-Bayes",TRUE
"Comparator",300,"Symmetric bimodal",203,"Imai bootstrap",TRUE
"Comparator",300,"Symmetric bimodal",203,"medflex NEM",TRUE
"Comparator",300,"Gaussian",204,"OLS",TRUE
"Comparator",300,"Gaussian",204,"Semiparametric",TRUE
"Comparator",300,"Gaussian",204,"Imai quasi-Bayes",TRUE
"Comparator",300,"Gaussian",204,"Imai bootstrap",TRUE
"Comparator",300,"Gaussian",204,"medflex NEM",TRUE
"Comparator",300,"Skew-normal",204,"OLS",TRUE
"Comparator",300,"Skew-normal",204,"Semiparametric",TRUE
"Comparator",300,"Skew-normal",204,"Imai quasi-Bayes",TRUE
"Comparator",300,"Skew-normal",204,"Imai bootstrap",TRUE
"Comparator",300,"Skew-normal",204,"medflex NEM",TRUE
"Comparator",300,"Asymmetric mixture",204,"OLS",TRUE
"Comparator",300,"Asymmetric mixture",204,"Semiparametric",TRUE
"Comparator",300,"Asymmetric mixture",204,"Imai quasi-Bayes",TRUE
"Comparator",300,"Asymmetric mixture",204,"Imai bootstrap",TRUE
"Comparator",300,"Asymmetric mixture",204,"medflex NEM",TRUE
"Comparator",300,"Symmetric bimodal",204,"OLS",TRUE
"Comparator",300,"Symmetric bimodal",204,"Semiparametric",TRUE
"Comparator",300,"Symmetric bimodal",204,"Imai quasi-Bayes",TRUE
"Comparator",300,"Symmetric bimodal",204,"Imai bootstrap",TRUE
"Comparator",300,"Symmetric bimodal",204,"medflex NEM",TRUE
"Comparator",300,"Gaussian",205,"OLS",TRUE
"Comparator",300,"Gaussian",205,"Semiparametric",TRUE
"Comparator",300,"Gaussian",205,"Imai quasi-Bayes",TRUE
"Comparator",300,"Gaussian",205,"Imai bootstrap",TRUE
"Comparator",300,"Gaussian",205,"medflex NEM",TRUE
"Comparator",300,"Skew-normal",205,"OLS",TRUE
"Comparator",300,"Skew-normal",205,"Semiparametric",TRUE
"Comparator",300,"Skew-normal",205,"Imai quasi-Bayes",TRUE
"Comparator",300,"Skew-normal",205,"Imai bootstrap",TRUE
"Comparator",300,"Skew-normal",205,"medflex NEM",TRUE
"Comparator",300,"Asymmetric mixture",205,"OLS",TRUE
"Comparator",300,"Asymmetric mixture",205,"Semiparametric",TRUE
"Comparator",300,"Asymmetric mixture",205,"Imai quasi-Bayes",TRUE
"Comparator",300,"Asymmetric mixture",205,"Imai bootstrap",TRUE
"Comparator",300,"Asymmetric mixture",205,"medflex NEM",TRUE
"Comparator",300,"Symmetric bimodal",205,"OLS",TRUE
"Comparator",300,"Symmetric bimodal",205,"Semiparametric",TRUE
"Comparator",300,"Symmetric bimodal",205,"Imai quasi-Bayes",TRUE
"Comparator",300,"Symmetric bimodal",205,"Imai bootstrap",TRUE
"Comparator",300,"Symmetric bimodal",205,"medflex NEM",TRUE
"Comparator",300,"Gaussian",206,"OLS",TRUE
"Comparator",300,"Gaussian",206,"Semiparametric",TRUE
"Comparator",300,"Gaussian",206,"Imai quasi-Bayes",TRUE
"Comparator",300,"Gaussian",206,"Imai bootstrap",TRUE
"Comparator",300,"Gaussian",206,"medflex NEM",TRUE
"Comparator",300,"Skew-normal",206,"OLS",TRUE
"Comparator",300,"Skew-normal",206,"Semiparametric",TRUE
"Comparator",300,"Skew-normal",206,"Imai quasi-Bayes",TRUE
"Comparator",300,"Skew-normal",206,"Imai bootstrap",TRUE
"Comparator",300,"Skew-normal",206,"medflex NEM",TRUE
"Comparator",300,"Asymmetric mixture",206,"OLS",TRUE
"Comparator",300,"Asymmetric mixture",206,"Semiparametric",TRUE
"Comparator",300,"Asymmetric mixture",206,"Imai quasi-Bayes",TRUE
"Comparator",300,"Asymmetric mixture",206,"Imai bootstrap",TRUE
"Comparator",300,"Asymmetric mixture",206,"medflex NEM",TRUE
"Comparator",300,"Symmetric bimodal",206,"OLS",TRUE
"Comparator",300,"Symmetric bimodal",206,"Semiparametric",TRUE
"Comparator",300,"Symmetric bimodal",206,"Imai quasi-Bayes",TRUE
"Comparator",300,"Symmetric bimodal",206,"Imai bootstrap",TRUE
"Comparator",300,"Symmetric bimodal",206,"medflex NEM",TRUE
"Comparator",300,"Gaussian",207,"OLS",TRUE
"Comparator",300,"Gaussian",207,"Semiparametric",TRUE
"Comparator",300,"Gaussian",207,"Imai quasi-Bayes",TRUE
"Comparator",300,"Gaussian",207,"Imai bootstrap",TRUE
"Comparator",300,"Gaussian",207,"medflex NEM",TRUE
"Comparator",300,"Skew-normal",207,"OLS",TRUE
"Comparator",300,"Skew-normal",207,"Semiparametric",TRUE
"Comparator",300,"Skew-normal",207,"Imai quasi-Bayes",TRUE
"Comparator",300,"Skew-normal",207,"Imai bootstrap",TRUE
"Comparator",300,"Skew-normal",207,"medflex NEM",TRUE
"Comparator",300,"Asymmetric mixture",207,"OLS",TRUE
"Comparator",300,"Asymmetric mixture",207,"Semiparametric",TRUE
"Comparator",300,"Asymmetric mixture",207,"Imai quasi-Bayes",TRUE
"Comparator",300,"Asymmetric mixture",207,"Imai bootstrap",TRUE
"Comparator",300,"Asymmetric mixture",207,"medflex NEM",TRUE
"Comparator",300,"Symmetric bimodal",207,"OLS",TRUE
"Comparator",300,"Symmetric bimodal",207,"Semiparametric",TRUE
"Comparator",300,"Symmetric bimodal",207,"Imai quasi-Bayes",TRUE
"Comparator",300,"Symmetric bimodal",207,"Imai bootstrap",TRUE
"Comparator",300,"Symmetric bimodal",207,"medflex NEM",TRUE
"Comparator",300,"Gaussian",208,"OLS",TRUE
"Comparator",300,"Gaussian",208,"Semiparametric",TRUE
"Comparator",300,"Gaussian",208,"Imai quasi-Bayes",TRUE
"Comparator",300,"Gaussian",208,"Imai bootstrap",TRUE
"Comparator",300,"Gaussian",208,"medflex NEM",TRUE
"Comparator",300,"Skew-normal",208,"OLS",TRUE
"Comparator",300,"Skew-normal",208,"Semiparametric",TRUE
"Comparator",300,"Skew-normal",208,"Imai quasi-Bayes",TRUE
"Comparator",300,"Skew-normal",208,"Imai bootstrap",TRUE
"Comparator",300,"Skew-normal",208,"medflex NEM",TRUE
"Comparator",300,"Asymmetric mixture",208,"OLS",TRUE
"Comparator",300,"Asymmetric mixture",208,"Semiparametric",TRUE
"Comparator",300,"Asymmetric mixture",208,"Imai quasi-Bayes",TRUE
"Comparator",300,"Asymmetric mixture",208,"Imai bootstrap",TRUE
"Comparator",300,"Asymmetric mixture",208,"medflex NEM",TRUE
"Comparator",300,"Symmetric bimodal",208,"OLS",TRUE
"Comparator",300,"Symmetric bimodal",208,"Semiparametric",TRUE
"Comparator",300,"Symmetric bimodal",208,"Imai quasi-Bayes",TRUE
"Comparator",300,"Symmetric bimodal",208,"Imai bootstrap",TRUE
"Comparator",300,"Symmetric bimodal",208,"medflex NEM",TRUE
"Comparator",300,"Gaussian",209,"OLS",TRUE
"Comparator",300,"Gaussian",209,"Semiparametric",TRUE
"Comparator",300,"Gaussian",209,"Imai quasi-Bayes",TRUE
"Comparator",300,"Gaussian",209,"Imai bootstrap",TRUE
"Comparator",300,"Gaussian",209,"medflex NEM",TRUE
"Comparator",300,"Skew-normal",209,"OLS",TRUE
"Comparator",300,"Skew-normal",209,"Semiparametric",TRUE
"Comparator",300,"Skew-normal",209,"Imai quasi-Bayes",TRUE
"Comparator",300,"Skew-normal",209,"Imai bootstrap",TRUE
"Comparator",300,"Skew-normal",209,"medflex NEM",TRUE
"Comparator",300,"Asymmetric mixture",209,"OLS",TRUE
"Comparator",300,"Asymmetric mixture",209,"Semiparametric",TRUE
"Comparator",300,"Asymmetric mixture",209,"Imai quasi-Bayes",TRUE
"Comparator",300,"Asymmetric mixture",209,"Imai bootstrap",TRUE
"Comparator",300,"Asymmetric mixture",209,"medflex NEM",TRUE
"Comparator",300,"Symmetric bimodal",209,"OLS",TRUE
"Comparator",300,"Symmetric bimodal",209,"Semiparametric",TRUE
"Comparator",300,"Symmetric bimodal",209,"Imai quasi-Bayes",TRUE
"Comparator",300,"Symmetric bimodal",209,"Imai bootstrap",TRUE
"Comparator",300,"Symmetric bimodal",209,"medflex NEM",TRUE
"Comparator",300,"Gaussian",210,"OLS",TRUE
"Comparator",300,"Gaussian",210,"Semiparametric",TRUE
"Comparator",300,"Gaussian",210,"Imai quasi-Bayes",TRUE
"Comparator",300,"Gaussian",210,"Imai bootstrap",TRUE
"Comparator",300,"Gaussian",210,"medflex NEM",TRUE
"Comparator",300,"Skew-normal",210,"OLS",TRUE
"Comparator",300,"Skew-normal",210,"Semiparametric",TRUE
"Comparator",300,"Skew-normal",210,"Imai quasi-Bayes",TRUE
"Comparator",300,"Skew-normal",210,"Imai bootstrap",TRUE
"Comparator",300,"Skew-normal",210,"medflex NEM",TRUE
"Comparator",300,"Asymmetric mixture",210,"OLS",TRUE
"Comparator",300,"Asymmetric mixture",210,"Semiparametric",TRUE
"Comparator",300,"Asymmetric mixture",210,"Imai quasi-Bayes",TRUE
"Comparator",300,"Asymmetric mixture",210,"Imai bootstrap",TRUE
"Comparator",300,"Asymmetric mixture",210,"medflex NEM",TRUE
"Comparator",300,"Symmetric bimodal",210,"OLS",TRUE
"Comparator",300,"Symmetric bimodal",210,"Semiparametric",TRUE
"Comparator",300,"Symmetric bimodal",210,"Imai quasi-Bayes",TRUE
"Comparator",300,"Symmetric bimodal",210,"Imai bootstrap",TRUE
"Comparator",300,"Symmetric bimodal",210,"medflex NEM",TRUE
"Comparator",300,"Gaussian",211,"OLS",TRUE
"Comparator",300,"Gaussian",211,"Semiparametric",TRUE
"Comparator",300,"Gaussian",211,"Imai quasi-Bayes",TRUE
"Comparator",300,"Gaussian",211,"Imai bootstrap",TRUE
"Comparator",300,"Gaussian",211,"medflex NEM",TRUE
"Comparator",300,"Skew-normal",211,"OLS",TRUE
"Comparator",300,"Skew-normal",211,"Semiparametric",TRUE
"Comparator",300,"Skew-normal",211,"Imai quasi-Bayes",TRUE
"Comparator",300,"Skew-normal",211,"Imai bootstrap",TRUE
"Comparator",300,"Skew-normal",211,"medflex NEM",TRUE
"Comparator",300,"Asymmetric mixture",211,"OLS",TRUE
"Comparator",300,"Asymmetric mixture",211,"Semiparametric",TRUE
"Comparator",300,"Asymmetric mixture",211,"Imai quasi-Bayes",TRUE
"Comparator",300,"Asymmetric mixture",211,"Imai bootstrap",TRUE
"Comparator",300,"Asymmetric mixture",211,"medflex NEM",TRUE
"Comparator",300,"Symmetric bimodal",211,"OLS",TRUE
"Comparator",300,"Symmetric bimodal",211,"Semiparametric",TRUE
"Comparator",300,"Symmetric bimodal",211,"Imai quasi-Bayes",TRUE
"Comparator",300,"Symmetric bimodal",211,"Imai bootstrap",TRUE
"Comparator",300,"Symmetric bimodal",211,"medflex NEM",TRUE
"Comparator",300,"Gaussian",212,"OLS",TRUE
"Comparator",300,"Gaussian",212,"Semiparametric",TRUE
"Comparator",300,"Gaussian",212,"Imai quasi-Bayes",TRUE
"Comparator",300,"Gaussian",212,"Imai bootstrap",TRUE
"Comparator",300,"Gaussian",212,"medflex NEM",TRUE
"Comparator",300,"Skew-normal",212,"OLS",TRUE
"Comparator",300,"Skew-normal",212,"Semiparametric",TRUE
"Comparator",300,"Skew-normal",212,"Imai quasi-Bayes",TRUE
"Comparator",300,"Skew-normal",212,"Imai bootstrap",TRUE
"Comparator",300,"Skew-normal",212,"medflex NEM",TRUE
"Comparator",300,"Asymmetric mixture",212,"OLS",TRUE
"Comparator",300,"Asymmetric mixture",212,"Semiparametric",TRUE
"Comparator",300,"Asymmetric mixture",212,"Imai quasi-Bayes",TRUE
"Comparator",300,"Asymmetric mixture",212,"Imai bootstrap",TRUE
"Comparator",300,"Asymmetric mixture",212,"medflex NEM",TRUE
"Comparator",300,"Symmetric bimodal",212,"OLS",TRUE
"Comparator",300,"Symmetric bimodal",212,"Semiparametric",TRUE
"Comparator",300,"Symmetric bimodal",212,"Imai quasi-Bayes",TRUE
"Comparator",300,"Symmetric bimodal",212,"Imai bootstrap",TRUE
"Comparator",300,"Symmetric bimodal",212,"medflex NEM",TRUE
"Comparator",300,"Gaussian",213,"OLS",TRUE
"Comparator",300,"Gaussian",213,"Semiparametric",TRUE
"Comparator",300,"Gaussian",213,"Imai quasi-Bayes",TRUE
"Comparator",300,"Gaussian",213,"Imai bootstrap",TRUE
"Comparator",300,"Gaussian",213,"medflex NEM",TRUE
"Comparator",300,"Skew-normal",213,"OLS",TRUE
"Comparator",300,"Skew-normal",213,"Semiparametric",TRUE
"Comparator",300,"Skew-normal",213,"Imai quasi-Bayes",TRUE
"Comparator",300,"Skew-normal",213,"Imai bootstrap",TRUE
"Comparator",300,"Skew-normal",213,"medflex NEM",TRUE
"Comparator",300,"Asymmetric mixture",213,"OLS",TRUE
"Comparator",300,"Asymmetric mixture",213,"Semiparametric",TRUE
"Comparator",300,"Asymmetric mixture",213,"Imai quasi-Bayes",TRUE
"Comparator",300,"Asymmetric mixture",213,"Imai bootstrap",TRUE
"Comparator",300,"Asymmetric mixture",213,"medflex NEM",TRUE
"Comparator",300,"Symmetric bimodal",213,"OLS",TRUE
"Comparator",300,"Symmetric bimodal",213,"Semiparametric",TRUE
"Comparator",300,"Symmetric bimodal",213,"Imai quasi-Bayes",TRUE
"Comparator",300,"Symmetric bimodal",213,"Imai bootstrap",TRUE
"Comparator",300,"Symmetric bimodal",213,"medflex NEM",TRUE
"Comparator",300,"Gaussian",214,"OLS",TRUE
"Comparator",300,"Gaussian",214,"Semiparametric",TRUE
"Comparator",300,"Gaussian",214,"Imai quasi-Bayes",TRUE
"Comparator",300,"Gaussian",214,"Imai bootstrap",TRUE
"Comparator",300,"Gaussian",214,"medflex NEM",TRUE
"Comparator",300,"Skew-normal",214,"OLS",TRUE
"Comparator",300,"Skew-normal",214,"Semiparametric",TRUE
"Comparator",300,"Skew-normal",214,"Imai quasi-Bayes",TRUE
"Comparator",300,"Skew-normal",214,"Imai bootstrap",TRUE
"Comparator",300,"Skew-normal",214,"medflex NEM",TRUE
"Comparator",300,"Asymmetric mixture",214,"OLS",TRUE
"Comparator",300,"Asymmetric mixture",214,"Semiparametric",TRUE
"Comparator",300,"Asymmetric mixture",214,"Imai quasi-Bayes",TRUE
"Comparator",300,"Asymmetric mixture",214,"Imai bootstrap",TRUE
"Comparator",300,"Asymmetric mixture",214,"medflex NEM",TRUE
"Comparator",300,"Symmetric bimodal",214,"OLS",TRUE
"Comparator",300,"Symmetric bimodal",214,"Semiparametric",TRUE
"Comparator",300,"Symmetric bimodal",214,"Imai quasi-Bayes",TRUE
"Comparator",300,"Symmetric bimodal",214,"Imai bootstrap",TRUE
"Comparator",300,"Symmetric bimodal",214,"medflex NEM",TRUE
"Comparator",300,"Gaussian",215,"OLS",TRUE
"Comparator",300,"Gaussian",215,"Semiparametric",TRUE
"Comparator",300,"Gaussian",215,"Imai quasi-Bayes",TRUE
"Comparator",300,"Gaussian",215,"Imai bootstrap",TRUE
"Comparator",300,"Gaussian",215,"medflex NEM",TRUE
"Comparator",300,"Skew-normal",215,"OLS",TRUE
"Comparator",300,"Skew-normal",215,"Semiparametric",TRUE
"Comparator",300,"Skew-normal",215,"Imai quasi-Bayes",TRUE
"Comparator",300,"Skew-normal",215,"Imai bootstrap",TRUE
"Comparator",300,"Skew-normal",215,"medflex NEM",TRUE
"Comparator",300,"Asymmetric mixture",215,"OLS",TRUE
"Comparator",300,"Asymmetric mixture",215,"Semiparametric",TRUE
"Comparator",300,"Asymmetric mixture",215,"Imai quasi-Bayes",TRUE
"Comparator",300,"Asymmetric mixture",215,"Imai bootstrap",TRUE
"Comparator",300,"Asymmetric mixture",215,"medflex NEM",TRUE
"Comparator",300,"Symmetric bimodal",215,"OLS",TRUE
"Comparator",300,"Symmetric bimodal",215,"Semiparametric",TRUE
"Comparator",300,"Symmetric bimodal",215,"Imai quasi-Bayes",TRUE
"Comparator",300,"Symmetric bimodal",215,"Imai bootstrap",TRUE
"Comparator",300,"Symmetric bimodal",215,"medflex NEM",TRUE
"Comparator",300,"Gaussian",216,"OLS",TRUE
"Comparator",300,"Gaussian",216,"Semiparametric",TRUE
"Comparator",300,"Gaussian",216,"Imai quasi-Bayes",TRUE
"Comparator",300,"Gaussian",216,"Imai bootstrap",TRUE
"Comparator",300,"Gaussian",216,"medflex NEM",TRUE
"Comparator",300,"Skew-normal",216,"OLS",TRUE
"Comparator",300,"Skew-normal",216,"Semiparametric",TRUE
"Comparator",300,"Skew-normal",216,"Imai quasi-Bayes",TRUE
"Comparator",300,"Skew-normal",216,"Imai bootstrap",TRUE
"Comparator",300,"Skew-normal",216,"medflex NEM",TRUE
"Comparator",300,"Asymmetric mixture",216,"OLS",TRUE
"Comparator",300,"Asymmetric mixture",216,"Semiparametric",TRUE
"Comparator",300,"Asymmetric mixture",216,"Imai quasi-Bayes",TRUE
"Comparator",300,"Asymmetric mixture",216,"Imai bootstrap",TRUE
"Comparator",300,"Asymmetric mixture",216,"medflex NEM",TRUE
"Comparator",300,"Symmetric bimodal",216,"OLS",TRUE
"Comparator",300,"Symmetric bimodal",216,"Semiparametric",TRUE
"Comparator",300,"Symmetric bimodal",216,"Imai quasi-Bayes",TRUE
"Comparator",300,"Symmetric bimodal",216,"Imai bootstrap",TRUE
"Comparator",300,"Symmetric bimodal",216,"medflex NEM",TRUE
"Comparator",300,"Gaussian",217,"OLS",TRUE
"Comparator",300,"Gaussian",217,"Semiparametric",TRUE
"Comparator",300,"Gaussian",217,"Imai quasi-Bayes",TRUE
"Comparator",300,"Gaussian",217,"Imai bootstrap",TRUE
"Comparator",300,"Gaussian",217,"medflex NEM",TRUE
"Comparator",300,"Skew-normal",217,"OLS",TRUE
"Comparator",300,"Skew-normal",217,"Semiparametric",TRUE
"Comparator",300,"Skew-normal",217,"Imai quasi-Bayes",TRUE
"Comparator",300,"Skew-normal",217,"Imai bootstrap",TRUE
"Comparator",300,"Skew-normal",217,"medflex NEM",TRUE
"Comparator",300,"Asymmetric mixture",217,"OLS",TRUE
"Comparator",300,"Asymmetric mixture",217,"Semiparametric",TRUE
"Comparator",300,"Asymmetric mixture",217,"Imai quasi-Bayes",TRUE
"Comparator",300,"Asymmetric mixture",217,"Imai bootstrap",TRUE
"Comparator",300,"Asymmetric mixture",217,"medflex NEM",TRUE
"Comparator",300,"Symmetric bimodal",217,"OLS",TRUE
"Comparator",300,"Symmetric bimodal",217,"Semiparametric",TRUE
"Comparator",300,"Symmetric bimodal",217,"Imai quasi-Bayes",TRUE
"Comparator",300,"Symmetric bimodal",217,"Imai bootstrap",TRUE
"Comparator",300,"Symmetric bimodal",217,"medflex NEM",TRUE
"Comparator",300,"Gaussian",218,"OLS",TRUE
"Comparator",300,"Gaussian",218,"Semiparametric",TRUE
"Comparator",300,"Gaussian",218,"Imai quasi-Bayes",TRUE
"Comparator",300,"Gaussian",218,"Imai bootstrap",TRUE
"Comparator",300,"Gaussian",218,"medflex NEM",TRUE
"Comparator",300,"Skew-normal",218,"OLS",TRUE
"Comparator",300,"Skew-normal",218,"Semiparametric",TRUE
"Comparator",300,"Skew-normal",218,"Imai quasi-Bayes",TRUE
"Comparator",300,"Skew-normal",218,"Imai bootstrap",TRUE
"Comparator",300,"Skew-normal",218,"medflex NEM",TRUE
"Comparator",300,"Asymmetric mixture",218,"OLS",TRUE
"Comparator",300,"Asymmetric mixture",218,"Semiparametric",TRUE
"Comparator",300,"Asymmetric mixture",218,"Imai quasi-Bayes",TRUE
"Comparator",300,"Asymmetric mixture",218,"Imai bootstrap",TRUE
"Comparator",300,"Asymmetric mixture",218,"medflex NEM",TRUE
"Comparator",300,"Symmetric bimodal",218,"OLS",TRUE
"Comparator",300,"Symmetric bimodal",218,"Semiparametric",TRUE
"Comparator",300,"Symmetric bimodal",218,"Imai quasi-Bayes",TRUE
"Comparator",300,"Symmetric bimodal",218,"Imai bootstrap",TRUE
"Comparator",300,"Symmetric bimodal",218,"medflex NEM",TRUE
"Comparator",300,"Gaussian",219,"OLS",TRUE
"Comparator",300,"Gaussian",219,"Semiparametric",TRUE
"Comparator",300,"Gaussian",219,"Imai quasi-Bayes",TRUE
"Comparator",300,"Gaussian",219,"Imai bootstrap",TRUE
"Comparator",300,"Gaussian",219,"medflex NEM",TRUE
"Comparator",300,"Skew-normal",219,"OLS",TRUE
"Comparator",300,"Skew-normal",219,"Semiparametric",TRUE
"Comparator",300,"Skew-normal",219,"Imai quasi-Bayes",TRUE
"Comparator",300,"Skew-normal",219,"Imai bootstrap",TRUE
"Comparator",300,"Skew-normal",219,"medflex NEM",TRUE
"Comparator",300,"Asymmetric mixture",219,"OLS",TRUE
"Comparator",300,"Asymmetric mixture",219,"Semiparametric",TRUE
"Comparator",300,"Asymmetric mixture",219,"Imai quasi-Bayes",TRUE
"Comparator",300,"Asymmetric mixture",219,"Imai bootstrap",TRUE
"Comparator",300,"Asymmetric mixture",219,"medflex NEM",TRUE
"Comparator",300,"Symmetric bimodal",219,"OLS",TRUE
"Comparator",300,"Symmetric bimodal",219,"Semiparametric",TRUE
"Comparator",300,"Symmetric bimodal",219,"Imai quasi-Bayes",TRUE
"Comparator",300,"Symmetric bimodal",219,"Imai bootstrap",TRUE
"Comparator",300,"Symmetric bimodal",219,"medflex NEM",TRUE
"Comparator",300,"Gaussian",220,"OLS",TRUE
"Comparator",300,"Gaussian",220,"Semiparametric",TRUE
"Comparator",300,"Gaussian",220,"Imai quasi-Bayes",TRUE
"Comparator",300,"Gaussian",220,"Imai bootstrap",TRUE
"Comparator",300,"Gaussian",220,"medflex NEM",TRUE
"Comparator",300,"Skew-normal",220,"OLS",TRUE
"Comparator",300,"Skew-normal",220,"Semiparametric",TRUE
"Comparator",300,"Skew-normal",220,"Imai quasi-Bayes",TRUE
"Comparator",300,"Skew-normal",220,"Imai bootstrap",TRUE
"Comparator",300,"Skew-normal",220,"medflex NEM",TRUE
"Comparator",300,"Asymmetric mixture",220,"OLS",TRUE
"Comparator",300,"Asymmetric mixture",220,"Semiparametric",TRUE
"Comparator",300,"Asymmetric mixture",220,"Imai quasi-Bayes",TRUE
"Comparator",300,"Asymmetric mixture",220,"Imai bootstrap",TRUE
"Comparator",300,"Asymmetric mixture",220,"medflex NEM",TRUE
"Comparator",300,"Symmetric bimodal",220,"OLS",TRUE
"Comparator",300,"Symmetric bimodal",220,"Semiparametric",TRUE
"Comparator",300,"Symmetric bimodal",220,"Imai quasi-Bayes",TRUE
"Comparator",300,"Symmetric bimodal",220,"Imai bootstrap",TRUE
"Comparator",300,"Symmetric bimodal",220,"medflex NEM",TRUE
"Comparator",300,"Gaussian",221,"OLS",TRUE
"Comparator",300,"Gaussian",221,"Semiparametric",TRUE
"Comparator",300,"Gaussian",221,"Imai quasi-Bayes",TRUE
"Comparator",300,"Gaussian",221,"Imai bootstrap",TRUE
"Comparator",300,"Gaussian",221,"medflex NEM",TRUE
"Comparator",300,"Skew-normal",221,"OLS",TRUE
"Comparator",300,"Skew-normal",221,"Semiparametric",TRUE
"Comparator",300,"Skew-normal",221,"Imai quasi-Bayes",TRUE
"Comparator",300,"Skew-normal",221,"Imai bootstrap",TRUE
"Comparator",300,"Skew-normal",221,"medflex NEM",TRUE
"Comparator",300,"Asymmetric mixture",221,"OLS",TRUE
"Comparator",300,"Asymmetric mixture",221,"Semiparametric",TRUE
"Comparator",300,"Asymmetric mixture",221,"Imai quasi-Bayes",TRUE
"Comparator",300,"Asymmetric mixture",221,"Imai bootstrap",TRUE
"Comparator",300,"Asymmetric mixture",221,"medflex NEM",TRUE
"Comparator",300,"Symmetric bimodal",221,"OLS",TRUE
"Comparator",300,"Symmetric bimodal",221,"Semiparametric",TRUE
"Comparator",300,"Symmetric bimodal",221,"Imai quasi-Bayes",TRUE
"Comparator",300,"Symmetric bimodal",221,"Imai bootstrap",TRUE
"Comparator",300,"Symmetric bimodal",221,"medflex NEM",TRUE
"Comparator",300,"Gaussian",222,"OLS",TRUE
"Comparator",300,"Gaussian",222,"Semiparametric",TRUE
"Comparator",300,"Gaussian",222,"Imai quasi-Bayes",TRUE
"Comparator",300,"Gaussian",222,"Imai bootstrap",TRUE
"Comparator",300,"Gaussian",222,"medflex NEM",TRUE
"Comparator",300,"Skew-normal",222,"OLS",TRUE
"Comparator",300,"Skew-normal",222,"Semiparametric",TRUE
"Comparator",300,"Skew-normal",222,"Imai quasi-Bayes",TRUE
"Comparator",300,"Skew-normal",222,"Imai bootstrap",TRUE
"Comparator",300,"Skew-normal",222,"medflex NEM",TRUE
"Comparator",300,"Asymmetric mixture",222,"OLS",TRUE
"Comparator",300,"Asymmetric mixture",222,"Semiparametric",TRUE
"Comparator",300,"Asymmetric mixture",222,"Imai quasi-Bayes",TRUE
"Comparator",300,"Asymmetric mixture",222,"Imai bootstrap",TRUE
"Comparator",300,"Asymmetric mixture",222,"medflex NEM",TRUE
"Comparator",300,"Symmetric bimodal",222,"OLS",TRUE
"Comparator",300,"Symmetric bimodal",222,"Semiparametric",TRUE
"Comparator",300,"Symmetric bimodal",222,"Imai quasi-Bayes",TRUE
"Comparator",300,"Symmetric bimodal",222,"Imai bootstrap",TRUE
"Comparator",300,"Symmetric bimodal",222,"medflex NEM",TRUE
"Comparator",300,"Gaussian",223,"OLS",TRUE
"Comparator",300,"Gaussian",223,"Semiparametric",TRUE
"Comparator",300,"Gaussian",223,"Imai quasi-Bayes",TRUE
"Comparator",300,"Gaussian",223,"Imai bootstrap",TRUE
"Comparator",300,"Gaussian",223,"medflex NEM",TRUE
"Comparator",300,"Skew-normal",223,"OLS",TRUE
"Comparator",300,"Skew-normal",223,"Semiparametric",TRUE
"Comparator",300,"Skew-normal",223,"Imai quasi-Bayes",TRUE
"Comparator",300,"Skew-normal",223,"Imai bootstrap",TRUE
"Comparator",300,"Skew-normal",223,"medflex NEM",TRUE
"Comparator",300,"Asymmetric mixture",223,"OLS",TRUE
"Comparator",300,"Asymmetric mixture",223,"Semiparametric",TRUE
"Comparator",300,"Asymmetric mixture",223,"Imai quasi-Bayes",TRUE
"Comparator",300,"Asymmetric mixture",223,"Imai bootstrap",TRUE
"Comparator",300,"Asymmetric mixture",223,"medflex NEM",TRUE
"Comparator",300,"Symmetric bimodal",223,"OLS",TRUE
"Comparator",300,"Symmetric bimodal",223,"Semiparametric",TRUE
"Comparator",300,"Symmetric bimodal",223,"Imai quasi-Bayes",TRUE
"Comparator",300,"Symmetric bimodal",223,"Imai bootstrap",TRUE
"Comparator",300,"Symmetric bimodal",223,"medflex NEM",TRUE
"Comparator",300,"Gaussian",224,"OLS",TRUE
"Comparator",300,"Gaussian",224,"Semiparametric",TRUE
"Comparator",300,"Gaussian",224,"Imai quasi-Bayes",TRUE
"Comparator",300,"Gaussian",224,"Imai bootstrap",TRUE
"Comparator",300,"Gaussian",224,"medflex NEM",TRUE
"Comparator",300,"Skew-normal",224,"OLS",TRUE
"Comparator",300,"Skew-normal",224,"Semiparametric",TRUE
"Comparator",300,"Skew-normal",224,"Imai quasi-Bayes",TRUE
"Comparator",300,"Skew-normal",224,"Imai bootstrap",TRUE
"Comparator",300,"Skew-normal",224,"medflex NEM",TRUE
"Comparator",300,"Asymmetric mixture",224,"OLS",TRUE
"Comparator",300,"Asymmetric mixture",224,"Semiparametric",TRUE
"Comparator",300,"Asymmetric mixture",224,"Imai quasi-Bayes",TRUE
"Comparator",300,"Asymmetric mixture",224,"Imai bootstrap",TRUE
"Comparator",300,"Asymmetric mixture",224,"medflex NEM",TRUE
"Comparator",300,"Symmetric bimodal",224,"OLS",TRUE
"Comparator",300,"Symmetric bimodal",224,"Semiparametric",TRUE
"Comparator",300,"Symmetric bimodal",224,"Imai quasi-Bayes",TRUE
"Comparator",300,"Symmetric bimodal",224,"Imai bootstrap",TRUE
"Comparator",300,"Symmetric bimodal",224,"medflex NEM",TRUE
"Comparator",300,"Gaussian",225,"OLS",TRUE
"Comparator",300,"Gaussian",225,"Semiparametric",TRUE
"Comparator",300,"Gaussian",225,"Imai quasi-Bayes",TRUE
"Comparator",300,"Gaussian",225,"Imai bootstrap",TRUE
"Comparator",300,"Gaussian",225,"medflex NEM",TRUE
"Comparator",300,"Skew-normal",225,"OLS",TRUE
"Comparator",300,"Skew-normal",225,"Semiparametric",TRUE
"Comparator",300,"Skew-normal",225,"Imai quasi-Bayes",TRUE
"Comparator",300,"Skew-normal",225,"Imai bootstrap",TRUE
"Comparator",300,"Skew-normal",225,"medflex NEM",TRUE
"Comparator",300,"Asymmetric mixture",225,"OLS",TRUE
"Comparator",300,"Asymmetric mixture",225,"Semiparametric",TRUE
"Comparator",300,"Asymmetric mixture",225,"Imai quasi-Bayes",TRUE
"Comparator",300,"Asymmetric mixture",225,"Imai bootstrap",TRUE
"Comparator",300,"Asymmetric mixture",225,"medflex NEM",TRUE
"Comparator",300,"Symmetric bimodal",225,"OLS",TRUE
"Comparator",300,"Symmetric bimodal",225,"Semiparametric",TRUE
"Comparator",300,"Symmetric bimodal",225,"Imai quasi-Bayes",TRUE
"Comparator",300,"Symmetric bimodal",225,"Imai bootstrap",TRUE
"Comparator",300,"Symmetric bimodal",225,"medflex NEM",TRUE
"Comparator",300,"Gaussian",226,"OLS",TRUE
"Comparator",300,"Gaussian",226,"Semiparametric",TRUE
"Comparator",300,"Gaussian",226,"Imai quasi-Bayes",TRUE
"Comparator",300,"Gaussian",226,"Imai bootstrap",TRUE
"Comparator",300,"Gaussian",226,"medflex NEM",TRUE
"Comparator",300,"Skew-normal",226,"OLS",TRUE
"Comparator",300,"Skew-normal",226,"Semiparametric",TRUE
"Comparator",300,"Skew-normal",226,"Imai quasi-Bayes",TRUE
"Comparator",300,"Skew-normal",226,"Imai bootstrap",TRUE
"Comparator",300,"Skew-normal",226,"medflex NEM",TRUE
"Comparator",300,"Asymmetric mixture",226,"OLS",TRUE
"Comparator",300,"Asymmetric mixture",226,"Semiparametric",TRUE
"Comparator",300,"Asymmetric mixture",226,"Imai quasi-Bayes",TRUE
"Comparator",300,"Asymmetric mixture",226,"Imai bootstrap",TRUE
"Comparator",300,"Asymmetric mixture",226,"medflex NEM",TRUE
"Comparator",300,"Symmetric bimodal",226,"OLS",TRUE
"Comparator",300,"Symmetric bimodal",226,"Semiparametric",TRUE
"Comparator",300,"Symmetric bimodal",226,"Imai quasi-Bayes",TRUE
"Comparator",300,"Symmetric bimodal",226,"Imai bootstrap",TRUE
"Comparator",300,"Symmetric bimodal",226,"medflex NEM",TRUE
"Comparator",300,"Gaussian",227,"OLS",TRUE
"Comparator",300,"Gaussian",227,"Semiparametric",TRUE
"Comparator",300,"Gaussian",227,"Imai quasi-Bayes",TRUE
"Comparator",300,"Gaussian",227,"Imai bootstrap",TRUE
"Comparator",300,"Gaussian",227,"medflex NEM",TRUE
"Comparator",300,"Skew-normal",227,"OLS",TRUE
"Comparator",300,"Skew-normal",227,"Semiparametric",TRUE
"Comparator",300,"Skew-normal",227,"Imai quasi-Bayes",TRUE
"Comparator",300,"Skew-normal",227,"Imai bootstrap",TRUE
"Comparator",300,"Skew-normal",227,"medflex NEM",TRUE
"Comparator",300,"Asymmetric mixture",227,"OLS",TRUE
"Comparator",300,"Asymmetric mixture",227,"Semiparametric",TRUE
"Comparator",300,"Asymmetric mixture",227,"Imai quasi-Bayes",TRUE
"Comparator",300,"Asymmetric mixture",227,"Imai bootstrap",TRUE
"Comparator",300,"Asymmetric mixture",227,"medflex NEM",TRUE
"Comparator",300,"Symmetric bimodal",227,"OLS",TRUE
"Comparator",300,"Symmetric bimodal",227,"Semiparametric",TRUE
"Comparator",300,"Symmetric bimodal",227,"Imai quasi-Bayes",TRUE
"Comparator",300,"Symmetric bimodal",227,"Imai bootstrap",TRUE
"Comparator",300,"Symmetric bimodal",227,"medflex NEM",TRUE
"Comparator",300,"Gaussian",228,"OLS",TRUE
"Comparator",300,"Gaussian",228,"Semiparametric",TRUE
"Comparator",300,"Gaussian",228,"Imai quasi-Bayes",TRUE
"Comparator",300,"Gaussian",228,"Imai bootstrap",TRUE
"Comparator",300,"Gaussian",228,"medflex NEM",TRUE
"Comparator",300,"Skew-normal",228,"OLS",TRUE
"Comparator",300,"Skew-normal",228,"Semiparametric",TRUE
"Comparator",300,"Skew-normal",228,"Imai quasi-Bayes",TRUE
"Comparator",300,"Skew-normal",228,"Imai bootstrap",TRUE
"Comparator",300,"Skew-normal",228,"medflex NEM",TRUE
"Comparator",300,"Asymmetric mixture",228,"OLS",TRUE
"Comparator",300,"Asymmetric mixture",228,"Semiparametric",TRUE
"Comparator",300,"Asymmetric mixture",228,"Imai quasi-Bayes",TRUE
"Comparator",300,"Asymmetric mixture",228,"Imai bootstrap",TRUE
"Comparator",300,"Asymmetric mixture",228,"medflex NEM",TRUE
"Comparator",300,"Symmetric bimodal",228,"OLS",TRUE
"Comparator",300,"Symmetric bimodal",228,"Semiparametric",TRUE
"Comparator",300,"Symmetric bimodal",228,"Imai quasi-Bayes",TRUE
"Comparator",300,"Symmetric bimodal",228,"Imai bootstrap",TRUE
"Comparator",300,"Symmetric bimodal",228,"medflex NEM",TRUE
"Comparator",300,"Gaussian",229,"OLS",TRUE
"Comparator",300,"Gaussian",229,"Semiparametric",TRUE
"Comparator",300,"Gaussian",229,"Imai quasi-Bayes",TRUE
"Comparator",300,"Gaussian",229,"Imai bootstrap",TRUE
"Comparator",300,"Gaussian",229,"medflex NEM",TRUE
"Comparator",300,"Skew-normal",229,"OLS",TRUE
"Comparator",300,"Skew-normal",229,"Semiparametric",TRUE
"Comparator",300,"Skew-normal",229,"Imai quasi-Bayes",TRUE
"Comparator",300,"Skew-normal",229,"Imai bootstrap",TRUE
"Comparator",300,"Skew-normal",229,"medflex NEM",TRUE
"Comparator",300,"Asymmetric mixture",229,"OLS",TRUE
"Comparator",300,"Asymmetric mixture",229,"Semiparametric",TRUE
"Comparator",300,"Asymmetric mixture",229,"Imai quasi-Bayes",TRUE
"Comparator",300,"Asymmetric mixture",229,"Imai bootstrap",TRUE
"Comparator",300,"Asymmetric mixture",229,"medflex NEM",TRUE
"Comparator",300,"Symmetric bimodal",229,"OLS",TRUE
"Comparator",300,"Symmetric bimodal",229,"Semiparametric",TRUE
"Comparator",300,"Symmetric bimodal",229,"Imai quasi-Bayes",TRUE
"Comparator",300,"Symmetric bimodal",229,"Imai bootstrap",TRUE
"Comparator",300,"Symmetric bimodal",229,"medflex NEM",TRUE
"Comparator",300,"Gaussian",230,"OLS",TRUE
"Comparator",300,"Gaussian",230,"Semiparametric",TRUE
"Comparator",300,"Gaussian",230,"Imai quasi-Bayes",TRUE
"Comparator",300,"Gaussian",230,"Imai bootstrap",TRUE
"Comparator",300,"Gaussian",230,"medflex NEM",TRUE
"Comparator",300,"Skew-normal",230,"OLS",TRUE
"Comparator",300,"Skew-normal",230,"Semiparametric",TRUE
"Comparator",300,"Skew-normal",230,"Imai quasi-Bayes",TRUE
"Comparator",300,"Skew-normal",230,"Imai bootstrap",TRUE
"Comparator",300,"Skew-normal",230,"medflex NEM",TRUE
"Comparator",300,"Asymmetric mixture",230,"OLS",TRUE
"Comparator",300,"Asymmetric mixture",230,"Semiparametric",TRUE
"Comparator",300,"Asymmetric mixture",230,"Imai quasi-Bayes",TRUE
"Comparator",300,"Asymmetric mixture",230,"Imai bootstrap",TRUE
"Comparator",300,"Asymmetric mixture",230,"medflex NEM",TRUE
"Comparator",300,"Symmetric bimodal",230,"OLS",TRUE
"Comparator",300,"Symmetric bimodal",230,"Semiparametric",TRUE
"Comparator",300,"Symmetric bimodal",230,"Imai quasi-Bayes",TRUE
"Comparator",300,"Symmetric bimodal",230,"Imai bootstrap",TRUE
"Comparator",300,"Symmetric bimodal",230,"medflex NEM",TRUE
"Comparator",300,"Gaussian",231,"OLS",TRUE
"Comparator",300,"Gaussian",231,"Semiparametric",TRUE
"Comparator",300,"Gaussian",231,"Imai quasi-Bayes",TRUE
"Comparator",300,"Gaussian",231,"Imai bootstrap",TRUE
"Comparator",300,"Gaussian",231,"medflex NEM",TRUE
"Comparator",300,"Skew-normal",231,"OLS",TRUE
"Comparator",300,"Skew-normal",231,"Semiparametric",TRUE
"Comparator",300,"Skew-normal",231,"Imai quasi-Bayes",TRUE
"Comparator",300,"Skew-normal",231,"Imai bootstrap",TRUE
"Comparator",300,"Skew-normal",231,"medflex NEM",TRUE
"Comparator",300,"Asymmetric mixture",231,"OLS",TRUE
"Comparator",300,"Asymmetric mixture",231,"Semiparametric",TRUE
"Comparator",300,"Asymmetric mixture",231,"Imai quasi-Bayes",TRUE
"Comparator",300,"Asymmetric mixture",231,"Imai bootstrap",TRUE
"Comparator",300,"Asymmetric mixture",231,"medflex NEM",TRUE
"Comparator",300,"Symmetric bimodal",231,"OLS",TRUE
"Comparator",300,"Symmetric bimodal",231,"Semiparametric",TRUE
"Comparator",300,"Symmetric bimodal",231,"Imai quasi-Bayes",TRUE
"Comparator",300,"Symmetric bimodal",231,"Imai bootstrap",TRUE
"Comparator",300,"Symmetric bimodal",231,"medflex NEM",TRUE
"Comparator",300,"Gaussian",232,"OLS",TRUE
"Comparator",300,"Gaussian",232,"Semiparametric",TRUE
"Comparator",300,"Gaussian",232,"Imai quasi-Bayes",TRUE
"Comparator",300,"Gaussian",232,"Imai bootstrap",TRUE
"Comparator",300,"Gaussian",232,"medflex NEM",TRUE
"Comparator",300,"Skew-normal",232,"OLS",TRUE
"Comparator",300,"Skew-normal",232,"Semiparametric",TRUE
"Comparator",300,"Skew-normal",232,"Imai quasi-Bayes",TRUE
"Comparator",300,"Skew-normal",232,"Imai bootstrap",TRUE
"Comparator",300,"Skew-normal",232,"medflex NEM",TRUE
"Comparator",300,"Asymmetric mixture",232,"OLS",TRUE
"Comparator",300,"Asymmetric mixture",232,"Semiparametric",TRUE
"Comparator",300,"Asymmetric mixture",232,"Imai quasi-Bayes",TRUE
"Comparator",300,"Asymmetric mixture",232,"Imai bootstrap",TRUE
"Comparator",300,"Asymmetric mixture",232,"medflex NEM",TRUE
"Comparator",300,"Symmetric bimodal",232,"OLS",TRUE
"Comparator",300,"Symmetric bimodal",232,"Semiparametric",TRUE
"Comparator",300,"Symmetric bimodal",232,"Imai quasi-Bayes",TRUE
"Comparator",300,"Symmetric bimodal",232,"Imai bootstrap",TRUE
"Comparator",300,"Symmetric bimodal",232,"medflex NEM",TRUE
"Comparator",300,"Gaussian",233,"OLS",TRUE
"Comparator",300,"Gaussian",233,"Semiparametric",TRUE
"Comparator",300,"Gaussian",233,"Imai quasi-Bayes",TRUE
"Comparator",300,"Gaussian",233,"Imai bootstrap",TRUE
"Comparator",300,"Gaussian",233,"medflex NEM",TRUE
"Comparator",300,"Skew-normal",233,"OLS",TRUE
"Comparator",300,"Skew-normal",233,"Semiparametric",TRUE
"Comparator",300,"Skew-normal",233,"Imai quasi-Bayes",TRUE
"Comparator",300,"Skew-normal",233,"Imai bootstrap",TRUE
"Comparator",300,"Skew-normal",233,"medflex NEM",TRUE
"Comparator",300,"Asymmetric mixture",233,"OLS",TRUE
"Comparator",300,"Asymmetric mixture",233,"Semiparametric",TRUE
"Comparator",300,"Asymmetric mixture",233,"Imai quasi-Bayes",TRUE
"Comparator",300,"Asymmetric mixture",233,"Imai bootstrap",TRUE
"Comparator",300,"Asymmetric mixture",233,"medflex NEM",TRUE
"Comparator",300,"Symmetric bimodal",233,"OLS",TRUE
"Comparator",300,"Symmetric bimodal",233,"Semiparametric",TRUE
"Comparator",300,"Symmetric bimodal",233,"Imai quasi-Bayes",TRUE
"Comparator",300,"Symmetric bimodal",233,"Imai bootstrap",TRUE
"Comparator",300,"Symmetric bimodal",233,"medflex NEM",TRUE
"Comparator",300,"Gaussian",234,"OLS",TRUE
"Comparator",300,"Gaussian",234,"Semiparametric",TRUE
"Comparator",300,"Gaussian",234,"Imai quasi-Bayes",TRUE
"Comparator",300,"Gaussian",234,"Imai bootstrap",TRUE
"Comparator",300,"Gaussian",234,"medflex NEM",TRUE
"Comparator",300,"Skew-normal",234,"OLS",TRUE
"Comparator",300,"Skew-normal",234,"Semiparametric",TRUE
"Comparator",300,"Skew-normal",234,"Imai quasi-Bayes",TRUE
"Comparator",300,"Skew-normal",234,"Imai bootstrap",TRUE
"Comparator",300,"Skew-normal",234,"medflex NEM",TRUE
"Comparator",300,"Asymmetric mixture",234,"OLS",TRUE
"Comparator",300,"Asymmetric mixture",234,"Semiparametric",FALSE
"Comparator",300,"Asymmetric mixture",234,"Imai quasi-Bayes",TRUE
"Comparator",300,"Asymmetric mixture",234,"Imai bootstrap",TRUE
"Comparator",300,"Asymmetric mixture",234,"medflex NEM",TRUE
"Comparator",300,"Symmetric bimodal",234,"OLS",TRUE
"Comparator",300,"Symmetric bimodal",234,"Semiparametric",TRUE
"Comparator",300,"Symmetric bimodal",234,"Imai quasi-Bayes",TRUE
"Comparator",300,"Symmetric bimodal",234,"Imai bootstrap",TRUE
"Comparator",300,"Symmetric bimodal",234,"medflex NEM",TRUE
"Comparator",300,"Gaussian",235,"OLS",TRUE
"Comparator",300,"Gaussian",235,"Semiparametric",TRUE
"Comparator",300,"Gaussian",235,"Imai quasi-Bayes",TRUE
"Comparator",300,"Gaussian",235,"Imai bootstrap",TRUE
"Comparator",300,"Gaussian",235,"medflex NEM",TRUE
"Comparator",300,"Skew-normal",235,"OLS",TRUE
"Comparator",300,"Skew-normal",235,"Semiparametric",TRUE
"Comparator",300,"Skew-normal",235,"Imai quasi-Bayes",TRUE
"Comparator",300,"Skew-normal",235,"Imai bootstrap",TRUE
"Comparator",300,"Skew-normal",235,"medflex NEM",TRUE
"Comparator",300,"Asymmetric mixture",235,"OLS",TRUE
"Comparator",300,"Asymmetric mixture",235,"Semiparametric",TRUE
"Comparator",300,"Asymmetric mixture",235,"Imai quasi-Bayes",TRUE
"Comparator",300,"Asymmetric mixture",235,"Imai bootstrap",TRUE
"Comparator",300,"Asymmetric mixture",235,"medflex NEM",TRUE
"Comparator",300,"Symmetric bimodal",235,"OLS",TRUE
"Comparator",300,"Symmetric bimodal",235,"Semiparametric",TRUE
"Comparator",300,"Symmetric bimodal",235,"Imai quasi-Bayes",TRUE
"Comparator",300,"Symmetric bimodal",235,"Imai bootstrap",TRUE
"Comparator",300,"Symmetric bimodal",235,"medflex NEM",TRUE
"Comparator",300,"Gaussian",236,"OLS",TRUE
"Comparator",300,"Gaussian",236,"Semiparametric",TRUE
"Comparator",300,"Gaussian",236,"Imai quasi-Bayes",TRUE
"Comparator",300,"Gaussian",236,"Imai bootstrap",TRUE
"Comparator",300,"Gaussian",236,"medflex NEM",TRUE
"Comparator",300,"Skew-normal",236,"OLS",TRUE
"Comparator",300,"Skew-normal",236,"Semiparametric",TRUE
"Comparator",300,"Skew-normal",236,"Imai quasi-Bayes",TRUE
"Comparator",300,"Skew-normal",236,"Imai bootstrap",TRUE
"Comparator",300,"Skew-normal",236,"medflex NEM",TRUE
"Comparator",300,"Asymmetric mixture",236,"OLS",TRUE
"Comparator",300,"Asymmetric mixture",236,"Semiparametric",TRUE
"Comparator",300,"Asymmetric mixture",236,"Imai quasi-Bayes",TRUE
"Comparator",300,"Asymmetric mixture",236,"Imai bootstrap",TRUE
"Comparator",300,"Asymmetric mixture",236,"medflex NEM",TRUE
"Comparator",300,"Symmetric bimodal",236,"OLS",TRUE
"Comparator",300,"Symmetric bimodal",236,"Semiparametric",TRUE
"Comparator",300,"Symmetric bimodal",236,"Imai quasi-Bayes",TRUE
"Comparator",300,"Symmetric bimodal",236,"Imai bootstrap",TRUE
"Comparator",300,"Symmetric bimodal",236,"medflex NEM",TRUE
"Comparator",300,"Gaussian",237,"OLS",TRUE
"Comparator",300,"Gaussian",237,"Semiparametric",TRUE
"Comparator",300,"Gaussian",237,"Imai quasi-Bayes",TRUE
"Comparator",300,"Gaussian",237,"Imai bootstrap",TRUE
"Comparator",300,"Gaussian",237,"medflex NEM",TRUE
"Comparator",300,"Skew-normal",237,"OLS",TRUE
"Comparator",300,"Skew-normal",237,"Semiparametric",TRUE
"Comparator",300,"Skew-normal",237,"Imai quasi-Bayes",TRUE
"Comparator",300,"Skew-normal",237,"Imai bootstrap",TRUE
"Comparator",300,"Skew-normal",237,"medflex NEM",TRUE
"Comparator",300,"Asymmetric mixture",237,"OLS",TRUE
"Comparator",300,"Asymmetric mixture",237,"Semiparametric",TRUE
"Comparator",300,"Asymmetric mixture",237,"Imai quasi-Bayes",TRUE
"Comparator",300,"Asymmetric mixture",237,"Imai bootstrap",TRUE
"Comparator",300,"Asymmetric mixture",237,"medflex NEM",TRUE
"Comparator",300,"Symmetric bimodal",237,"OLS",TRUE
"Comparator",300,"Symmetric bimodal",237,"Semiparametric",TRUE
"Comparator",300,"Symmetric bimodal",237,"Imai quasi-Bayes",TRUE
"Comparator",300,"Symmetric bimodal",237,"Imai bootstrap",TRUE
"Comparator",300,"Symmetric bimodal",237,"medflex NEM",TRUE
"Comparator",300,"Gaussian",238,"OLS",TRUE
"Comparator",300,"Gaussian",238,"Semiparametric",TRUE
"Comparator",300,"Gaussian",238,"Imai quasi-Bayes",TRUE
"Comparator",300,"Gaussian",238,"Imai bootstrap",TRUE
"Comparator",300,"Gaussian",238,"medflex NEM",TRUE
"Comparator",300,"Skew-normal",238,"OLS",TRUE
"Comparator",300,"Skew-normal",238,"Semiparametric",TRUE
"Comparator",300,"Skew-normal",238,"Imai quasi-Bayes",TRUE
"Comparator",300,"Skew-normal",238,"Imai bootstrap",TRUE
"Comparator",300,"Skew-normal",238,"medflex NEM",TRUE
"Comparator",300,"Asymmetric mixture",238,"OLS",TRUE
"Comparator",300,"Asymmetric mixture",238,"Semiparametric",TRUE
"Comparator",300,"Asymmetric mixture",238,"Imai quasi-Bayes",TRUE
"Comparator",300,"Asymmetric mixture",238,"Imai bootstrap",TRUE
"Comparator",300,"Asymmetric mixture",238,"medflex NEM",TRUE
"Comparator",300,"Symmetric bimodal",238,"OLS",TRUE
"Comparator",300,"Symmetric bimodal",238,"Semiparametric",TRUE
"Comparator",300,"Symmetric bimodal",238,"Imai quasi-Bayes",TRUE
"Comparator",300,"Symmetric bimodal",238,"Imai bootstrap",TRUE
"Comparator",300,"Symmetric bimodal",238,"medflex NEM",TRUE
"Comparator",300,"Gaussian",239,"OLS",TRUE
"Comparator",300,"Gaussian",239,"Semiparametric",TRUE
"Comparator",300,"Gaussian",239,"Imai quasi-Bayes",TRUE
"Comparator",300,"Gaussian",239,"Imai bootstrap",TRUE
"Comparator",300,"Gaussian",239,"medflex NEM",TRUE
"Comparator",300,"Skew-normal",239,"OLS",TRUE
"Comparator",300,"Skew-normal",239,"Semiparametric",TRUE
"Comparator",300,"Skew-normal",239,"Imai quasi-Bayes",TRUE
"Comparator",300,"Skew-normal",239,"Imai bootstrap",TRUE
"Comparator",300,"Skew-normal",239,"medflex NEM",TRUE
"Comparator",300,"Asymmetric mixture",239,"OLS",TRUE
"Comparator",300,"Asymmetric mixture",239,"Semiparametric",TRUE
"Comparator",300,"Asymmetric mixture",239,"Imai quasi-Bayes",TRUE
"Comparator",300,"Asymmetric mixture",239,"Imai bootstrap",TRUE
"Comparator",300,"Asymmetric mixture",239,"medflex NEM",TRUE
"Comparator",300,"Symmetric bimodal",239,"OLS",TRUE
"Comparator",300,"Symmetric bimodal",239,"Semiparametric",TRUE
"Comparator",300,"Symmetric bimodal",239,"Imai quasi-Bayes",TRUE
"Comparator",300,"Symmetric bimodal",239,"Imai bootstrap",TRUE
"Comparator",300,"Symmetric bimodal",239,"medflex NEM",TRUE
"Comparator",300,"Gaussian",240,"OLS",TRUE
"Comparator",300,"Gaussian",240,"Semiparametric",TRUE
"Comparator",300,"Gaussian",240,"Imai quasi-Bayes",TRUE
"Comparator",300,"Gaussian",240,"Imai bootstrap",TRUE
"Comparator",300,"Gaussian",240,"medflex NEM",TRUE
"Comparator",300,"Skew-normal",240,"OLS",TRUE
"Comparator",300,"Skew-normal",240,"Semiparametric",TRUE
"Comparator",300,"Skew-normal",240,"Imai quasi-Bayes",TRUE
"Comparator",300,"Skew-normal",240,"Imai bootstrap",TRUE
"Comparator",300,"Skew-normal",240,"medflex NEM",TRUE
"Comparator",300,"Asymmetric mixture",240,"OLS",TRUE
"Comparator",300,"Asymmetric mixture",240,"Semiparametric",FALSE
"Comparator",300,"Asymmetric mixture",240,"Imai quasi-Bayes",TRUE
"Comparator",300,"Asymmetric mixture",240,"Imai bootstrap",TRUE
"Comparator",300,"Asymmetric mixture",240,"medflex NEM",TRUE
"Comparator",300,"Symmetric bimodal",240,"OLS",TRUE
"Comparator",300,"Symmetric bimodal",240,"Semiparametric",TRUE
"Comparator",300,"Symmetric bimodal",240,"Imai quasi-Bayes",TRUE
"Comparator",300,"Symmetric bimodal",240,"Imai bootstrap",TRUE
"Comparator",300,"Symmetric bimodal",240,"medflex NEM",TRUE
"Comparator",300,"Gaussian",241,"OLS",TRUE
"Comparator",300,"Gaussian",241,"Semiparametric",TRUE
"Comparator",300,"Gaussian",241,"Imai quasi-Bayes",TRUE
"Comparator",300,"Gaussian",241,"Imai bootstrap",TRUE
"Comparator",300,"Gaussian",241,"medflex NEM",TRUE
"Comparator",300,"Skew-normal",241,"OLS",TRUE
"Comparator",300,"Skew-normal",241,"Semiparametric",TRUE
"Comparator",300,"Skew-normal",241,"Imai quasi-Bayes",TRUE
"Comparator",300,"Skew-normal",241,"Imai bootstrap",TRUE
"Comparator",300,"Skew-normal",241,"medflex NEM",TRUE
"Comparator",300,"Asymmetric mixture",241,"OLS",TRUE
"Comparator",300,"Asymmetric mixture",241,"Semiparametric",TRUE
"Comparator",300,"Asymmetric mixture",241,"Imai quasi-Bayes",TRUE
"Comparator",300,"Asymmetric mixture",241,"Imai bootstrap",TRUE
"Comparator",300,"Asymmetric mixture",241,"medflex NEM",TRUE
"Comparator",300,"Symmetric bimodal",241,"OLS",TRUE
"Comparator",300,"Symmetric bimodal",241,"Semiparametric",TRUE
"Comparator",300,"Symmetric bimodal",241,"Imai quasi-Bayes",TRUE
"Comparator",300,"Symmetric bimodal",241,"Imai bootstrap",TRUE
"Comparator",300,"Symmetric bimodal",241,"medflex NEM",TRUE
"Comparator",300,"Gaussian",242,"OLS",TRUE
"Comparator",300,"Gaussian",242,"Semiparametric",TRUE
"Comparator",300,"Gaussian",242,"Imai quasi-Bayes",TRUE
"Comparator",300,"Gaussian",242,"Imai bootstrap",TRUE
"Comparator",300,"Gaussian",242,"medflex NEM",TRUE
"Comparator",300,"Skew-normal",242,"OLS",TRUE
"Comparator",300,"Skew-normal",242,"Semiparametric",TRUE
"Comparator",300,"Skew-normal",242,"Imai quasi-Bayes",TRUE
"Comparator",300,"Skew-normal",242,"Imai bootstrap",TRUE
"Comparator",300,"Skew-normal",242,"medflex NEM",TRUE
"Comparator",300,"Asymmetric mixture",242,"OLS",TRUE
"Comparator",300,"Asymmetric mixture",242,"Semiparametric",TRUE
"Comparator",300,"Asymmetric mixture",242,"Imai quasi-Bayes",TRUE
"Comparator",300,"Asymmetric mixture",242,"Imai bootstrap",TRUE
"Comparator",300,"Asymmetric mixture",242,"medflex NEM",TRUE
"Comparator",300,"Symmetric bimodal",242,"OLS",TRUE
"Comparator",300,"Symmetric bimodal",242,"Semiparametric",TRUE
"Comparator",300,"Symmetric bimodal",242,"Imai quasi-Bayes",TRUE
"Comparator",300,"Symmetric bimodal",242,"Imai bootstrap",TRUE
"Comparator",300,"Symmetric bimodal",242,"medflex NEM",TRUE
"Comparator",300,"Gaussian",243,"OLS",TRUE
"Comparator",300,"Gaussian",243,"Semiparametric",TRUE
"Comparator",300,"Gaussian",243,"Imai quasi-Bayes",TRUE
"Comparator",300,"Gaussian",243,"Imai bootstrap",TRUE
"Comparator",300,"Gaussian",243,"medflex NEM",TRUE
"Comparator",300,"Skew-normal",243,"OLS",TRUE
"Comparator",300,"Skew-normal",243,"Semiparametric",TRUE
"Comparator",300,"Skew-normal",243,"Imai quasi-Bayes",TRUE
"Comparator",300,"Skew-normal",243,"Imai bootstrap",TRUE
"Comparator",300,"Skew-normal",243,"medflex NEM",TRUE
"Comparator",300,"Asymmetric mixture",243,"OLS",TRUE
"Comparator",300,"Asymmetric mixture",243,"Semiparametric",TRUE
"Comparator",300,"Asymmetric mixture",243,"Imai quasi-Bayes",TRUE
"Comparator",300,"Asymmetric mixture",243,"Imai bootstrap",TRUE
"Comparator",300,"Asymmetric mixture",243,"medflex NEM",TRUE
"Comparator",300,"Symmetric bimodal",243,"OLS",TRUE
"Comparator",300,"Symmetric bimodal",243,"Semiparametric",TRUE
"Comparator",300,"Symmetric bimodal",243,"Imai quasi-Bayes",TRUE
"Comparator",300,"Symmetric bimodal",243,"Imai bootstrap",TRUE
"Comparator",300,"Symmetric bimodal",243,"medflex NEM",TRUE
"Comparator",300,"Gaussian",244,"OLS",TRUE
"Comparator",300,"Gaussian",244,"Semiparametric",TRUE
"Comparator",300,"Gaussian",244,"Imai quasi-Bayes",TRUE
"Comparator",300,"Gaussian",244,"Imai bootstrap",TRUE
"Comparator",300,"Gaussian",244,"medflex NEM",TRUE
"Comparator",300,"Skew-normal",244,"OLS",TRUE
"Comparator",300,"Skew-normal",244,"Semiparametric",TRUE
"Comparator",300,"Skew-normal",244,"Imai quasi-Bayes",TRUE
"Comparator",300,"Skew-normal",244,"Imai bootstrap",TRUE
"Comparator",300,"Skew-normal",244,"medflex NEM",TRUE
"Comparator",300,"Asymmetric mixture",244,"OLS",TRUE
"Comparator",300,"Asymmetric mixture",244,"Semiparametric",TRUE
"Comparator",300,"Asymmetric mixture",244,"Imai quasi-Bayes",TRUE
"Comparator",300,"Asymmetric mixture",244,"Imai bootstrap",TRUE
"Comparator",300,"Asymmetric mixture",244,"medflex NEM",TRUE
"Comparator",300,"Symmetric bimodal",244,"OLS",TRUE
"Comparator",300,"Symmetric bimodal",244,"Semiparametric",TRUE
"Comparator",300,"Symmetric bimodal",244,"Imai quasi-Bayes",TRUE
"Comparator",300,"Symmetric bimodal",244,"Imai bootstrap",TRUE
"Comparator",300,"Symmetric bimodal",244,"medflex NEM",TRUE
"Comparator",300,"Gaussian",245,"OLS",TRUE
"Comparator",300,"Gaussian",245,"Semiparametric",TRUE
"Comparator",300,"Gaussian",245,"Imai quasi-Bayes",TRUE
"Comparator",300,"Gaussian",245,"Imai bootstrap",TRUE
"Comparator",300,"Gaussian",245,"medflex NEM",TRUE
"Comparator",300,"Skew-normal",245,"OLS",TRUE
"Comparator",300,"Skew-normal",245,"Semiparametric",TRUE
"Comparator",300,"Skew-normal",245,"Imai quasi-Bayes",TRUE
"Comparator",300,"Skew-normal",245,"Imai bootstrap",TRUE
"Comparator",300,"Skew-normal",245,"medflex NEM",TRUE
"Comparator",300,"Asymmetric mixture",245,"OLS",TRUE
"Comparator",300,"Asymmetric mixture",245,"Semiparametric",TRUE
"Comparator",300,"Asymmetric mixture",245,"Imai quasi-Bayes",TRUE
"Comparator",300,"Asymmetric mixture",245,"Imai bootstrap",TRUE
"Comparator",300,"Asymmetric mixture",245,"medflex NEM",TRUE
"Comparator",300,"Symmetric bimodal",245,"OLS",TRUE
"Comparator",300,"Symmetric bimodal",245,"Semiparametric",TRUE
"Comparator",300,"Symmetric bimodal",245,"Imai quasi-Bayes",TRUE
"Comparator",300,"Symmetric bimodal",245,"Imai bootstrap",TRUE
"Comparator",300,"Symmetric bimodal",245,"medflex NEM",TRUE
"Comparator",300,"Gaussian",246,"OLS",TRUE
"Comparator",300,"Gaussian",246,"Semiparametric",TRUE
"Comparator",300,"Gaussian",246,"Imai quasi-Bayes",TRUE
"Comparator",300,"Gaussian",246,"Imai bootstrap",TRUE
"Comparator",300,"Gaussian",246,"medflex NEM",TRUE
"Comparator",300,"Skew-normal",246,"OLS",TRUE
"Comparator",300,"Skew-normal",246,"Semiparametric",TRUE
"Comparator",300,"Skew-normal",246,"Imai quasi-Bayes",TRUE
"Comparator",300,"Skew-normal",246,"Imai bootstrap",TRUE
"Comparator",300,"Skew-normal",246,"medflex NEM",TRUE
"Comparator",300,"Asymmetric mixture",246,"OLS",TRUE
"Comparator",300,"Asymmetric mixture",246,"Semiparametric",TRUE
"Comparator",300,"Asymmetric mixture",246,"Imai quasi-Bayes",TRUE
"Comparator",300,"Asymmetric mixture",246,"Imai bootstrap",TRUE
"Comparator",300,"Asymmetric mixture",246,"medflex NEM",TRUE
"Comparator",300,"Symmetric bimodal",246,"OLS",TRUE
"Comparator",300,"Symmetric bimodal",246,"Semiparametric",TRUE
"Comparator",300,"Symmetric bimodal",246,"Imai quasi-Bayes",TRUE
"Comparator",300,"Symmetric bimodal",246,"Imai bootstrap",TRUE
"Comparator",300,"Symmetric bimodal",246,"medflex NEM",TRUE
"Comparator",300,"Gaussian",247,"OLS",TRUE
"Comparator",300,"Gaussian",247,"Semiparametric",TRUE
"Comparator",300,"Gaussian",247,"Imai quasi-Bayes",TRUE
"Comparator",300,"Gaussian",247,"Imai bootstrap",TRUE
"Comparator",300,"Gaussian",247,"medflex NEM",TRUE
"Comparator",300,"Skew-normal",247,"OLS",TRUE
"Comparator",300,"Skew-normal",247,"Semiparametric",TRUE
"Comparator",300,"Skew-normal",247,"Imai quasi-Bayes",TRUE
"Comparator",300,"Skew-normal",247,"Imai bootstrap",TRUE
"Comparator",300,"Skew-normal",247,"medflex NEM",TRUE
"Comparator",300,"Asymmetric mixture",247,"OLS",TRUE
"Comparator",300,"Asymmetric mixture",247,"Semiparametric",TRUE
"Comparator",300,"Asymmetric mixture",247,"Imai quasi-Bayes",TRUE
"Comparator",300,"Asymmetric mixture",247,"Imai bootstrap",TRUE
"Comparator",300,"Asymmetric mixture",247,"medflex NEM",TRUE
"Comparator",300,"Symmetric bimodal",247,"OLS",TRUE
"Comparator",300,"Symmetric bimodal",247,"Semiparametric",TRUE
"Comparator",300,"Symmetric bimodal",247,"Imai quasi-Bayes",TRUE
"Comparator",300,"Symmetric bimodal",247,"Imai bootstrap",TRUE
"Comparator",300,"Symmetric bimodal",247,"medflex NEM",TRUE
"Comparator",300,"Gaussian",248,"OLS",TRUE
"Comparator",300,"Gaussian",248,"Semiparametric",TRUE
"Comparator",300,"Gaussian",248,"Imai quasi-Bayes",TRUE
"Comparator",300,"Gaussian",248,"Imai bootstrap",TRUE
"Comparator",300,"Gaussian",248,"medflex NEM",TRUE
"Comparator",300,"Skew-normal",248,"OLS",TRUE
"Comparator",300,"Skew-normal",248,"Semiparametric",TRUE
"Comparator",300,"Skew-normal",248,"Imai quasi-Bayes",TRUE
"Comparator",300,"Skew-normal",248,"Imai bootstrap",TRUE
"Comparator",300,"Skew-normal",248,"medflex NEM",TRUE
"Comparator",300,"Asymmetric mixture",248,"OLS",TRUE
"Comparator",300,"Asymmetric mixture",248,"Semiparametric",TRUE
"Comparator",300,"Asymmetric mixture",248,"Imai quasi-Bayes",TRUE
"Comparator",300,"Asymmetric mixture",248,"Imai bootstrap",TRUE
"Comparator",300,"Asymmetric mixture",248,"medflex NEM",TRUE
"Comparator",300,"Symmetric bimodal",248,"OLS",TRUE
"Comparator",300,"Symmetric bimodal",248,"Semiparametric",TRUE
"Comparator",300,"Symmetric bimodal",248,"Imai quasi-Bayes",TRUE
"Comparator",300,"Symmetric bimodal",248,"Imai bootstrap",TRUE
"Comparator",300,"Symmetric bimodal",248,"medflex NEM",TRUE
"Comparator",300,"Gaussian",249,"OLS",TRUE
"Comparator",300,"Gaussian",249,"Semiparametric",TRUE
"Comparator",300,"Gaussian",249,"Imai quasi-Bayes",TRUE
"Comparator",300,"Gaussian",249,"Imai bootstrap",TRUE
"Comparator",300,"Gaussian",249,"medflex NEM",TRUE
"Comparator",300,"Skew-normal",249,"OLS",TRUE
"Comparator",300,"Skew-normal",249,"Semiparametric",TRUE
"Comparator",300,"Skew-normal",249,"Imai quasi-Bayes",TRUE
"Comparator",300,"Skew-normal",249,"Imai bootstrap",TRUE
"Comparator",300,"Skew-normal",249,"medflex NEM",TRUE
"Comparator",300,"Asymmetric mixture",249,"OLS",TRUE
"Comparator",300,"Asymmetric mixture",249,"Semiparametric",TRUE
"Comparator",300,"Asymmetric mixture",249,"Imai quasi-Bayes",TRUE
"Comparator",300,"Asymmetric mixture",249,"Imai bootstrap",TRUE
"Comparator",300,"Asymmetric mixture",249,"medflex NEM",TRUE
"Comparator",300,"Symmetric bimodal",249,"OLS",TRUE
"Comparator",300,"Symmetric bimodal",249,"Semiparametric",TRUE
"Comparator",300,"Symmetric bimodal",249,"Imai quasi-Bayes",TRUE
"Comparator",300,"Symmetric bimodal",249,"Imai bootstrap",TRUE
"Comparator",300,"Symmetric bimodal",249,"medflex NEM",TRUE
"Comparator",300,"Gaussian",250,"OLS",TRUE
"Comparator",300,"Gaussian",250,"Semiparametric",TRUE
"Comparator",300,"Gaussian",250,"Imai quasi-Bayes",TRUE
"Comparator",300,"Gaussian",250,"Imai bootstrap",TRUE
"Comparator",300,"Gaussian",250,"medflex NEM",TRUE
"Comparator",300,"Skew-normal",250,"OLS",TRUE
"Comparator",300,"Skew-normal",250,"Semiparametric",TRUE
"Comparator",300,"Skew-normal",250,"Imai quasi-Bayes",TRUE
"Comparator",300,"Skew-normal",250,"Imai bootstrap",TRUE
"Comparator",300,"Skew-normal",250,"medflex NEM",TRUE
"Comparator",300,"Asymmetric mixture",250,"OLS",TRUE
"Comparator",300,"Asymmetric mixture",250,"Semiparametric",TRUE
"Comparator",300,"Asymmetric mixture",250,"Imai quasi-Bayes",TRUE
"Comparator",300,"Asymmetric mixture",250,"Imai bootstrap",TRUE
"Comparator",300,"Asymmetric mixture",250,"medflex NEM",TRUE
"Comparator",300,"Symmetric bimodal",250,"OLS",TRUE
"Comparator",300,"Symmetric bimodal",250,"Semiparametric",TRUE
"Comparator",300,"Symmetric bimodal",250,"Imai quasi-Bayes",TRUE
"Comparator",300,"Symmetric bimodal",250,"Imai bootstrap",TRUE
"Comparator",300,"Symmetric bimodal",250,"medflex NEM",TRUE
"Comparator",300,"Gaussian",251,"OLS",TRUE
"Comparator",300,"Gaussian",251,"Semiparametric",TRUE
"Comparator",300,"Gaussian",251,"Imai quasi-Bayes",TRUE
"Comparator",300,"Gaussian",251,"Imai bootstrap",TRUE
"Comparator",300,"Gaussian",251,"medflex NEM",TRUE
"Comparator",300,"Skew-normal",251,"OLS",TRUE
"Comparator",300,"Skew-normal",251,"Semiparametric",TRUE
"Comparator",300,"Skew-normal",251,"Imai quasi-Bayes",TRUE
"Comparator",300,"Skew-normal",251,"Imai bootstrap",TRUE
"Comparator",300,"Skew-normal",251,"medflex NEM",TRUE
"Comparator",300,"Asymmetric mixture",251,"OLS",TRUE
"Comparator",300,"Asymmetric mixture",251,"Semiparametric",FALSE
"Comparator",300,"Asymmetric mixture",251,"Imai quasi-Bayes",TRUE
"Comparator",300,"Asymmetric mixture",251,"Imai bootstrap",TRUE
"Comparator",300,"Asymmetric mixture",251,"medflex NEM",TRUE
"Comparator",300,"Symmetric bimodal",251,"OLS",TRUE
"Comparator",300,"Symmetric bimodal",251,"Semiparametric",FALSE
"Comparator",300,"Symmetric bimodal",251,"Imai quasi-Bayes",TRUE
"Comparator",300,"Symmetric bimodal",251,"Imai bootstrap",TRUE
"Comparator",300,"Symmetric bimodal",251,"medflex NEM",TRUE
"Comparator",300,"Gaussian",252,"OLS",TRUE
"Comparator",300,"Gaussian",252,"Semiparametric",TRUE
"Comparator",300,"Gaussian",252,"Imai quasi-Bayes",TRUE
"Comparator",300,"Gaussian",252,"Imai bootstrap",TRUE
"Comparator",300,"Gaussian",252,"medflex NEM",TRUE
"Comparator",300,"Skew-normal",252,"OLS",TRUE
"Comparator",300,"Skew-normal",252,"Semiparametric",TRUE
"Comparator",300,"Skew-normal",252,"Imai quasi-Bayes",TRUE
"Comparator",300,"Skew-normal",252,"Imai bootstrap",TRUE
"Comparator",300,"Skew-normal",252,"medflex NEM",TRUE
"Comparator",300,"Asymmetric mixture",252,"OLS",TRUE
"Comparator",300,"Asymmetric mixture",252,"Semiparametric",TRUE
"Comparator",300,"Asymmetric mixture",252,"Imai quasi-Bayes",TRUE
"Comparator",300,"Asymmetric mixture",252,"Imai bootstrap",TRUE
"Comparator",300,"Asymmetric mixture",252,"medflex NEM",TRUE
"Comparator",300,"Symmetric bimodal",252,"OLS",TRUE
"Comparator",300,"Symmetric bimodal",252,"Semiparametric",TRUE
"Comparator",300,"Symmetric bimodal",252,"Imai quasi-Bayes",TRUE
"Comparator",300,"Symmetric bimodal",252,"Imai bootstrap",TRUE
"Comparator",300,"Symmetric bimodal",252,"medflex NEM",TRUE
"Comparator",300,"Gaussian",253,"OLS",TRUE
"Comparator",300,"Gaussian",253,"Semiparametric",TRUE
"Comparator",300,"Gaussian",253,"Imai quasi-Bayes",TRUE
"Comparator",300,"Gaussian",253,"Imai bootstrap",TRUE
"Comparator",300,"Gaussian",253,"medflex NEM",TRUE
"Comparator",300,"Skew-normal",253,"OLS",TRUE
"Comparator",300,"Skew-normal",253,"Semiparametric",TRUE
"Comparator",300,"Skew-normal",253,"Imai quasi-Bayes",TRUE
"Comparator",300,"Skew-normal",253,"Imai bootstrap",TRUE
"Comparator",300,"Skew-normal",253,"medflex NEM",TRUE
"Comparator",300,"Asymmetric mixture",253,"OLS",TRUE
"Comparator",300,"Asymmetric mixture",253,"Semiparametric",TRUE
"Comparator",300,"Asymmetric mixture",253,"Imai quasi-Bayes",TRUE
"Comparator",300,"Asymmetric mixture",253,"Imai bootstrap",TRUE
"Comparator",300,"Asymmetric mixture",253,"medflex NEM",TRUE
"Comparator",300,"Symmetric bimodal",253,"OLS",TRUE
"Comparator",300,"Symmetric bimodal",253,"Semiparametric",TRUE
"Comparator",300,"Symmetric bimodal",253,"Imai quasi-Bayes",TRUE
"Comparator",300,"Symmetric bimodal",253,"Imai bootstrap",TRUE
"Comparator",300,"Symmetric bimodal",253,"medflex NEM",TRUE
"Comparator",300,"Gaussian",254,"OLS",TRUE
"Comparator",300,"Gaussian",254,"Semiparametric",TRUE
"Comparator",300,"Gaussian",254,"Imai quasi-Bayes",TRUE
"Comparator",300,"Gaussian",254,"Imai bootstrap",TRUE
"Comparator",300,"Gaussian",254,"medflex NEM",TRUE
"Comparator",300,"Skew-normal",254,"OLS",TRUE
"Comparator",300,"Skew-normal",254,"Semiparametric",TRUE
"Comparator",300,"Skew-normal",254,"Imai quasi-Bayes",TRUE
"Comparator",300,"Skew-normal",254,"Imai bootstrap",TRUE
"Comparator",300,"Skew-normal",254,"medflex NEM",TRUE
"Comparator",300,"Asymmetric mixture",254,"OLS",TRUE
"Comparator",300,"Asymmetric mixture",254,"Semiparametric",TRUE
"Comparator",300,"Asymmetric mixture",254,"Imai quasi-Bayes",TRUE
"Comparator",300,"Asymmetric mixture",254,"Imai bootstrap",TRUE
"Comparator",300,"Asymmetric mixture",254,"medflex NEM",TRUE
"Comparator",300,"Symmetric bimodal",254,"OLS",TRUE
"Comparator",300,"Symmetric bimodal",254,"Semiparametric",TRUE
"Comparator",300,"Symmetric bimodal",254,"Imai quasi-Bayes",TRUE
"Comparator",300,"Symmetric bimodal",254,"Imai bootstrap",TRUE
"Comparator",300,"Symmetric bimodal",254,"medflex NEM",TRUE
"Comparator",300,"Gaussian",255,"OLS",TRUE
"Comparator",300,"Gaussian",255,"Semiparametric",TRUE
"Comparator",300,"Gaussian",255,"Imai quasi-Bayes",TRUE
"Comparator",300,"Gaussian",255,"Imai bootstrap",TRUE
"Comparator",300,"Gaussian",255,"medflex NEM",TRUE
"Comparator",300,"Skew-normal",255,"OLS",TRUE
"Comparator",300,"Skew-normal",255,"Semiparametric",TRUE
"Comparator",300,"Skew-normal",255,"Imai quasi-Bayes",TRUE
"Comparator",300,"Skew-normal",255,"Imai bootstrap",TRUE
"Comparator",300,"Skew-normal",255,"medflex NEM",TRUE
"Comparator",300,"Asymmetric mixture",255,"OLS",TRUE
"Comparator",300,"Asymmetric mixture",255,"Semiparametric",TRUE
"Comparator",300,"Asymmetric mixture",255,"Imai quasi-Bayes",TRUE
"Comparator",300,"Asymmetric mixture",255,"Imai bootstrap",TRUE
"Comparator",300,"Asymmetric mixture",255,"medflex NEM",TRUE
"Comparator",300,"Symmetric bimodal",255,"OLS",TRUE
"Comparator",300,"Symmetric bimodal",255,"Semiparametric",TRUE
"Comparator",300,"Symmetric bimodal",255,"Imai quasi-Bayes",TRUE
"Comparator",300,"Symmetric bimodal",255,"Imai bootstrap",TRUE
"Comparator",300,"Symmetric bimodal",255,"medflex NEM",TRUE
"Comparator",300,"Gaussian",256,"OLS",TRUE
"Comparator",300,"Gaussian",256,"Semiparametric",TRUE
"Comparator",300,"Gaussian",256,"Imai quasi-Bayes",TRUE
"Comparator",300,"Gaussian",256,"Imai bootstrap",TRUE
"Comparator",300,"Gaussian",256,"medflex NEM",TRUE
"Comparator",300,"Skew-normal",256,"OLS",TRUE
"Comparator",300,"Skew-normal",256,"Semiparametric",TRUE
"Comparator",300,"Skew-normal",256,"Imai quasi-Bayes",TRUE
"Comparator",300,"Skew-normal",256,"Imai bootstrap",TRUE
"Comparator",300,"Skew-normal",256,"medflex NEM",TRUE
"Comparator",300,"Asymmetric mixture",256,"OLS",TRUE
"Comparator",300,"Asymmetric mixture",256,"Semiparametric",TRUE
"Comparator",300,"Asymmetric mixture",256,"Imai quasi-Bayes",TRUE
"Comparator",300,"Asymmetric mixture",256,"Imai bootstrap",TRUE
"Comparator",300,"Asymmetric mixture",256,"medflex NEM",TRUE
"Comparator",300,"Symmetric bimodal",256,"OLS",TRUE
"Comparator",300,"Symmetric bimodal",256,"Semiparametric",TRUE
"Comparator",300,"Symmetric bimodal",256,"Imai quasi-Bayes",TRUE
"Comparator",300,"Symmetric bimodal",256,"Imai bootstrap",TRUE
"Comparator",300,"Symmetric bimodal",256,"medflex NEM",TRUE
"Comparator",300,"Gaussian",257,"OLS",TRUE
"Comparator",300,"Gaussian",257,"Semiparametric",TRUE
"Comparator",300,"Gaussian",257,"Imai quasi-Bayes",TRUE
"Comparator",300,"Gaussian",257,"Imai bootstrap",TRUE
"Comparator",300,"Gaussian",257,"medflex NEM",TRUE
"Comparator",300,"Skew-normal",257,"OLS",TRUE
"Comparator",300,"Skew-normal",257,"Semiparametric",TRUE
"Comparator",300,"Skew-normal",257,"Imai quasi-Bayes",TRUE
"Comparator",300,"Skew-normal",257,"Imai bootstrap",TRUE
"Comparator",300,"Skew-normal",257,"medflex NEM",TRUE
"Comparator",300,"Asymmetric mixture",257,"OLS",TRUE
"Comparator",300,"Asymmetric mixture",257,"Semiparametric",TRUE
"Comparator",300,"Asymmetric mixture",257,"Imai quasi-Bayes",TRUE
"Comparator",300,"Asymmetric mixture",257,"Imai bootstrap",TRUE
"Comparator",300,"Asymmetric mixture",257,"medflex NEM",TRUE
"Comparator",300,"Symmetric bimodal",257,"OLS",TRUE
"Comparator",300,"Symmetric bimodal",257,"Semiparametric",TRUE
"Comparator",300,"Symmetric bimodal",257,"Imai quasi-Bayes",TRUE
"Comparator",300,"Symmetric bimodal",257,"Imai bootstrap",TRUE
"Comparator",300,"Symmetric bimodal",257,"medflex NEM",TRUE
"Comparator",300,"Gaussian",258,"OLS",TRUE
"Comparator",300,"Gaussian",258,"Semiparametric",TRUE
"Comparator",300,"Gaussian",258,"Imai quasi-Bayes",TRUE
"Comparator",300,"Gaussian",258,"Imai bootstrap",TRUE
"Comparator",300,"Gaussian",258,"medflex NEM",TRUE
"Comparator",300,"Skew-normal",258,"OLS",TRUE
"Comparator",300,"Skew-normal",258,"Semiparametric",TRUE
"Comparator",300,"Skew-normal",258,"Imai quasi-Bayes",TRUE
"Comparator",300,"Skew-normal",258,"Imai bootstrap",TRUE
"Comparator",300,"Skew-normal",258,"medflex NEM",TRUE
"Comparator",300,"Asymmetric mixture",258,"OLS",TRUE
"Comparator",300,"Asymmetric mixture",258,"Semiparametric",TRUE
"Comparator",300,"Asymmetric mixture",258,"Imai quasi-Bayes",TRUE
"Comparator",300,"Asymmetric mixture",258,"Imai bootstrap",TRUE
"Comparator",300,"Asymmetric mixture",258,"medflex NEM",TRUE
"Comparator",300,"Symmetric bimodal",258,"OLS",TRUE
"Comparator",300,"Symmetric bimodal",258,"Semiparametric",TRUE
"Comparator",300,"Symmetric bimodal",258,"Imai quasi-Bayes",TRUE
"Comparator",300,"Symmetric bimodal",258,"Imai bootstrap",TRUE
"Comparator",300,"Symmetric bimodal",258,"medflex NEM",TRUE
"Comparator",300,"Gaussian",259,"OLS",TRUE
"Comparator",300,"Gaussian",259,"Semiparametric",TRUE
"Comparator",300,"Gaussian",259,"Imai quasi-Bayes",TRUE
"Comparator",300,"Gaussian",259,"Imai bootstrap",TRUE
"Comparator",300,"Gaussian",259,"medflex NEM",TRUE
"Comparator",300,"Skew-normal",259,"OLS",TRUE
"Comparator",300,"Skew-normal",259,"Semiparametric",TRUE
"Comparator",300,"Skew-normal",259,"Imai quasi-Bayes",TRUE
"Comparator",300,"Skew-normal",259,"Imai bootstrap",TRUE
"Comparator",300,"Skew-normal",259,"medflex NEM",TRUE
"Comparator",300,"Asymmetric mixture",259,"OLS",TRUE
"Comparator",300,"Asymmetric mixture",259,"Semiparametric",TRUE
"Comparator",300,"Asymmetric mixture",259,"Imai quasi-Bayes",TRUE
"Comparator",300,"Asymmetric mixture",259,"Imai bootstrap",TRUE
"Comparator",300,"Asymmetric mixture",259,"medflex NEM",TRUE
"Comparator",300,"Symmetric bimodal",259,"OLS",TRUE
"Comparator",300,"Symmetric bimodal",259,"Semiparametric",TRUE
"Comparator",300,"Symmetric bimodal",259,"Imai quasi-Bayes",TRUE
"Comparator",300,"Symmetric bimodal",259,"Imai bootstrap",TRUE
"Comparator",300,"Symmetric bimodal",259,"medflex NEM",TRUE
"Comparator",300,"Gaussian",260,"OLS",TRUE
"Comparator",300,"Gaussian",260,"Semiparametric",TRUE
"Comparator",300,"Gaussian",260,"Imai quasi-Bayes",TRUE
"Comparator",300,"Gaussian",260,"Imai bootstrap",TRUE
"Comparator",300,"Gaussian",260,"medflex NEM",TRUE
"Comparator",300,"Skew-normal",260,"OLS",TRUE
"Comparator",300,"Skew-normal",260,"Semiparametric",TRUE
"Comparator",300,"Skew-normal",260,"Imai quasi-Bayes",TRUE
"Comparator",300,"Skew-normal",260,"Imai bootstrap",TRUE
"Comparator",300,"Skew-normal",260,"medflex NEM",TRUE
"Comparator",300,"Asymmetric mixture",260,"OLS",TRUE
"Comparator",300,"Asymmetric mixture",260,"Semiparametric",TRUE
"Comparator",300,"Asymmetric mixture",260,"Imai quasi-Bayes",TRUE
"Comparator",300,"Asymmetric mixture",260,"Imai bootstrap",TRUE
"Comparator",300,"Asymmetric mixture",260,"medflex NEM",TRUE
"Comparator",300,"Symmetric bimodal",260,"OLS",TRUE
"Comparator",300,"Symmetric bimodal",260,"Semiparametric",TRUE
"Comparator",300,"Symmetric bimodal",260,"Imai quasi-Bayes",TRUE
"Comparator",300,"Symmetric bimodal",260,"Imai bootstrap",TRUE
"Comparator",300,"Symmetric bimodal",260,"medflex NEM",TRUE
"Comparator",300,"Gaussian",261,"OLS",TRUE
"Comparator",300,"Gaussian",261,"Semiparametric",TRUE
"Comparator",300,"Gaussian",261,"Imai quasi-Bayes",TRUE
"Comparator",300,"Gaussian",261,"Imai bootstrap",TRUE
"Comparator",300,"Gaussian",261,"medflex NEM",TRUE
"Comparator",300,"Skew-normal",261,"OLS",TRUE
"Comparator",300,"Skew-normal",261,"Semiparametric",TRUE
"Comparator",300,"Skew-normal",261,"Imai quasi-Bayes",TRUE
"Comparator",300,"Skew-normal",261,"Imai bootstrap",TRUE
"Comparator",300,"Skew-normal",261,"medflex NEM",TRUE
"Comparator",300,"Asymmetric mixture",261,"OLS",TRUE
"Comparator",300,"Asymmetric mixture",261,"Semiparametric",TRUE
"Comparator",300,"Asymmetric mixture",261,"Imai quasi-Bayes",TRUE
"Comparator",300,"Asymmetric mixture",261,"Imai bootstrap",TRUE
"Comparator",300,"Asymmetric mixture",261,"medflex NEM",TRUE
"Comparator",300,"Symmetric bimodal",261,"OLS",TRUE
"Comparator",300,"Symmetric bimodal",261,"Semiparametric",TRUE
"Comparator",300,"Symmetric bimodal",261,"Imai quasi-Bayes",TRUE
"Comparator",300,"Symmetric bimodal",261,"Imai bootstrap",TRUE
"Comparator",300,"Symmetric bimodal",261,"medflex NEM",TRUE
"Comparator",300,"Gaussian",262,"OLS",TRUE
"Comparator",300,"Gaussian",262,"Semiparametric",TRUE
"Comparator",300,"Gaussian",262,"Imai quasi-Bayes",TRUE
"Comparator",300,"Gaussian",262,"Imai bootstrap",TRUE
"Comparator",300,"Gaussian",262,"medflex NEM",TRUE
"Comparator",300,"Skew-normal",262,"OLS",TRUE
"Comparator",300,"Skew-normal",262,"Semiparametric",TRUE
"Comparator",300,"Skew-normal",262,"Imai quasi-Bayes",TRUE
"Comparator",300,"Skew-normal",262,"Imai bootstrap",TRUE
"Comparator",300,"Skew-normal",262,"medflex NEM",TRUE
"Comparator",300,"Asymmetric mixture",262,"OLS",TRUE
"Comparator",300,"Asymmetric mixture",262,"Semiparametric",TRUE
"Comparator",300,"Asymmetric mixture",262,"Imai quasi-Bayes",TRUE
"Comparator",300,"Asymmetric mixture",262,"Imai bootstrap",TRUE
"Comparator",300,"Asymmetric mixture",262,"medflex NEM",TRUE
"Comparator",300,"Symmetric bimodal",262,"OLS",TRUE
"Comparator",300,"Symmetric bimodal",262,"Semiparametric",TRUE
"Comparator",300,"Symmetric bimodal",262,"Imai quasi-Bayes",TRUE
"Comparator",300,"Symmetric bimodal",262,"Imai bootstrap",TRUE
"Comparator",300,"Symmetric bimodal",262,"medflex NEM",TRUE
"Comparator",300,"Gaussian",263,"OLS",TRUE
"Comparator",300,"Gaussian",263,"Semiparametric",TRUE
"Comparator",300,"Gaussian",263,"Imai quasi-Bayes",TRUE
"Comparator",300,"Gaussian",263,"Imai bootstrap",TRUE
"Comparator",300,"Gaussian",263,"medflex NEM",TRUE
"Comparator",300,"Skew-normal",263,"OLS",TRUE
"Comparator",300,"Skew-normal",263,"Semiparametric",TRUE
"Comparator",300,"Skew-normal",263,"Imai quasi-Bayes",TRUE
"Comparator",300,"Skew-normal",263,"Imai bootstrap",TRUE
"Comparator",300,"Skew-normal",263,"medflex NEM",TRUE
"Comparator",300,"Asymmetric mixture",263,"OLS",TRUE
"Comparator",300,"Asymmetric mixture",263,"Semiparametric",TRUE
"Comparator",300,"Asymmetric mixture",263,"Imai quasi-Bayes",TRUE
"Comparator",300,"Asymmetric mixture",263,"Imai bootstrap",TRUE
"Comparator",300,"Asymmetric mixture",263,"medflex NEM",TRUE
"Comparator",300,"Symmetric bimodal",263,"OLS",TRUE
"Comparator",300,"Symmetric bimodal",263,"Semiparametric",TRUE
"Comparator",300,"Symmetric bimodal",263,"Imai quasi-Bayes",TRUE
"Comparator",300,"Symmetric bimodal",263,"Imai bootstrap",TRUE
"Comparator",300,"Symmetric bimodal",263,"medflex NEM",TRUE
"Comparator",300,"Gaussian",264,"OLS",TRUE
"Comparator",300,"Gaussian",264,"Semiparametric",TRUE
"Comparator",300,"Gaussian",264,"Imai quasi-Bayes",TRUE
"Comparator",300,"Gaussian",264,"Imai bootstrap",TRUE
"Comparator",300,"Gaussian",264,"medflex NEM",TRUE
"Comparator",300,"Skew-normal",264,"OLS",TRUE
"Comparator",300,"Skew-normal",264,"Semiparametric",TRUE
"Comparator",300,"Skew-normal",264,"Imai quasi-Bayes",TRUE
"Comparator",300,"Skew-normal",264,"Imai bootstrap",TRUE
"Comparator",300,"Skew-normal",264,"medflex NEM",TRUE
"Comparator",300,"Asymmetric mixture",264,"OLS",TRUE
"Comparator",300,"Asymmetric mixture",264,"Semiparametric",TRUE
"Comparator",300,"Asymmetric mixture",264,"Imai quasi-Bayes",TRUE
"Comparator",300,"Asymmetric mixture",264,"Imai bootstrap",TRUE
"Comparator",300,"Asymmetric mixture",264,"medflex NEM",TRUE
"Comparator",300,"Symmetric bimodal",264,"OLS",TRUE
"Comparator",300,"Symmetric bimodal",264,"Semiparametric",TRUE
"Comparator",300,"Symmetric bimodal",264,"Imai quasi-Bayes",TRUE
"Comparator",300,"Symmetric bimodal",264,"Imai bootstrap",TRUE
"Comparator",300,"Symmetric bimodal",264,"medflex NEM",TRUE
"Comparator",300,"Gaussian",265,"OLS",TRUE
"Comparator",300,"Gaussian",265,"Semiparametric",TRUE
"Comparator",300,"Gaussian",265,"Imai quasi-Bayes",TRUE
"Comparator",300,"Gaussian",265,"Imai bootstrap",TRUE
"Comparator",300,"Gaussian",265,"medflex NEM",TRUE
"Comparator",300,"Skew-normal",265,"OLS",TRUE
"Comparator",300,"Skew-normal",265,"Semiparametric",TRUE
"Comparator",300,"Skew-normal",265,"Imai quasi-Bayes",TRUE
"Comparator",300,"Skew-normal",265,"Imai bootstrap",TRUE
"Comparator",300,"Skew-normal",265,"medflex NEM",TRUE
"Comparator",300,"Asymmetric mixture",265,"OLS",TRUE
"Comparator",300,"Asymmetric mixture",265,"Semiparametric",TRUE
"Comparator",300,"Asymmetric mixture",265,"Imai quasi-Bayes",TRUE
"Comparator",300,"Asymmetric mixture",265,"Imai bootstrap",TRUE
"Comparator",300,"Asymmetric mixture",265,"medflex NEM",TRUE
"Comparator",300,"Symmetric bimodal",265,"OLS",TRUE
"Comparator",300,"Symmetric bimodal",265,"Semiparametric",TRUE
"Comparator",300,"Symmetric bimodal",265,"Imai quasi-Bayes",TRUE
"Comparator",300,"Symmetric bimodal",265,"Imai bootstrap",TRUE
"Comparator",300,"Symmetric bimodal",265,"medflex NEM",TRUE
"Comparator",300,"Gaussian",266,"OLS",TRUE
"Comparator",300,"Gaussian",266,"Semiparametric",TRUE
"Comparator",300,"Gaussian",266,"Imai quasi-Bayes",TRUE
"Comparator",300,"Gaussian",266,"Imai bootstrap",TRUE
"Comparator",300,"Gaussian",266,"medflex NEM",TRUE
"Comparator",300,"Skew-normal",266,"OLS",TRUE
"Comparator",300,"Skew-normal",266,"Semiparametric",TRUE
"Comparator",300,"Skew-normal",266,"Imai quasi-Bayes",TRUE
"Comparator",300,"Skew-normal",266,"Imai bootstrap",TRUE
"Comparator",300,"Skew-normal",266,"medflex NEM",TRUE
"Comparator",300,"Asymmetric mixture",266,"OLS",TRUE
"Comparator",300,"Asymmetric mixture",266,"Semiparametric",TRUE
"Comparator",300,"Asymmetric mixture",266,"Imai quasi-Bayes",TRUE
"Comparator",300,"Asymmetric mixture",266,"Imai bootstrap",TRUE
"Comparator",300,"Asymmetric mixture",266,"medflex NEM",TRUE
"Comparator",300,"Symmetric bimodal",266,"OLS",TRUE
"Comparator",300,"Symmetric bimodal",266,"Semiparametric",TRUE
"Comparator",300,"Symmetric bimodal",266,"Imai quasi-Bayes",TRUE
"Comparator",300,"Symmetric bimodal",266,"Imai bootstrap",TRUE
"Comparator",300,"Symmetric bimodal",266,"medflex NEM",TRUE
"Comparator",300,"Gaussian",267,"OLS",TRUE
"Comparator",300,"Gaussian",267,"Semiparametric",TRUE
"Comparator",300,"Gaussian",267,"Imai quasi-Bayes",TRUE
"Comparator",300,"Gaussian",267,"Imai bootstrap",TRUE
"Comparator",300,"Gaussian",267,"medflex NEM",TRUE
"Comparator",300,"Skew-normal",267,"OLS",TRUE
"Comparator",300,"Skew-normal",267,"Semiparametric",TRUE
"Comparator",300,"Skew-normal",267,"Imai quasi-Bayes",TRUE
"Comparator",300,"Skew-normal",267,"Imai bootstrap",TRUE
"Comparator",300,"Skew-normal",267,"medflex NEM",TRUE
"Comparator",300,"Asymmetric mixture",267,"OLS",TRUE
"Comparator",300,"Asymmetric mixture",267,"Semiparametric",TRUE
"Comparator",300,"Asymmetric mixture",267,"Imai quasi-Bayes",TRUE
"Comparator",300,"Asymmetric mixture",267,"Imai bootstrap",TRUE
"Comparator",300,"Asymmetric mixture",267,"medflex NEM",TRUE
"Comparator",300,"Symmetric bimodal",267,"OLS",TRUE
"Comparator",300,"Symmetric bimodal",267,"Semiparametric",TRUE
"Comparator",300,"Symmetric bimodal",267,"Imai quasi-Bayes",TRUE
"Comparator",300,"Symmetric bimodal",267,"Imai bootstrap",TRUE
"Comparator",300,"Symmetric bimodal",267,"medflex NEM",TRUE
"Comparator",300,"Gaussian",268,"OLS",TRUE
"Comparator",300,"Gaussian",268,"Semiparametric",TRUE
"Comparator",300,"Gaussian",268,"Imai quasi-Bayes",TRUE
"Comparator",300,"Gaussian",268,"Imai bootstrap",TRUE
"Comparator",300,"Gaussian",268,"medflex NEM",TRUE
"Comparator",300,"Skew-normal",268,"OLS",TRUE
"Comparator",300,"Skew-normal",268,"Semiparametric",TRUE
"Comparator",300,"Skew-normal",268,"Imai quasi-Bayes",TRUE
"Comparator",300,"Skew-normal",268,"Imai bootstrap",TRUE
"Comparator",300,"Skew-normal",268,"medflex NEM",TRUE
"Comparator",300,"Asymmetric mixture",268,"OLS",TRUE
"Comparator",300,"Asymmetric mixture",268,"Semiparametric",TRUE
"Comparator",300,"Asymmetric mixture",268,"Imai quasi-Bayes",TRUE
"Comparator",300,"Asymmetric mixture",268,"Imai bootstrap",TRUE
"Comparator",300,"Asymmetric mixture",268,"medflex NEM",TRUE
"Comparator",300,"Symmetric bimodal",268,"OLS",TRUE
"Comparator",300,"Symmetric bimodal",268,"Semiparametric",TRUE
"Comparator",300,"Symmetric bimodal",268,"Imai quasi-Bayes",TRUE
"Comparator",300,"Symmetric bimodal",268,"Imai bootstrap",TRUE
"Comparator",300,"Symmetric bimodal",268,"medflex NEM",TRUE
"Comparator",300,"Gaussian",269,"OLS",TRUE
"Comparator",300,"Gaussian",269,"Semiparametric",TRUE
"Comparator",300,"Gaussian",269,"Imai quasi-Bayes",TRUE
"Comparator",300,"Gaussian",269,"Imai bootstrap",TRUE
"Comparator",300,"Gaussian",269,"medflex NEM",TRUE
"Comparator",300,"Skew-normal",269,"OLS",TRUE
"Comparator",300,"Skew-normal",269,"Semiparametric",TRUE
"Comparator",300,"Skew-normal",269,"Imai quasi-Bayes",TRUE
"Comparator",300,"Skew-normal",269,"Imai bootstrap",TRUE
"Comparator",300,"Skew-normal",269,"medflex NEM",TRUE
"Comparator",300,"Asymmetric mixture",269,"OLS",TRUE
"Comparator",300,"Asymmetric mixture",269,"Semiparametric",TRUE
"Comparator",300,"Asymmetric mixture",269,"Imai quasi-Bayes",TRUE
"Comparator",300,"Asymmetric mixture",269,"Imai bootstrap",TRUE
"Comparator",300,"Asymmetric mixture",269,"medflex NEM",TRUE
"Comparator",300,"Symmetric bimodal",269,"OLS",TRUE
"Comparator",300,"Symmetric bimodal",269,"Semiparametric",TRUE
"Comparator",300,"Symmetric bimodal",269,"Imai quasi-Bayes",TRUE
"Comparator",300,"Symmetric bimodal",269,"Imai bootstrap",TRUE
"Comparator",300,"Symmetric bimodal",269,"medflex NEM",TRUE
"Comparator",300,"Gaussian",270,"OLS",TRUE
"Comparator",300,"Gaussian",270,"Semiparametric",TRUE
"Comparator",300,"Gaussian",270,"Imai quasi-Bayes",TRUE
"Comparator",300,"Gaussian",270,"Imai bootstrap",TRUE
"Comparator",300,"Gaussian",270,"medflex NEM",TRUE
"Comparator",300,"Skew-normal",270,"OLS",TRUE
"Comparator",300,"Skew-normal",270,"Semiparametric",TRUE
"Comparator",300,"Skew-normal",270,"Imai quasi-Bayes",TRUE
"Comparator",300,"Skew-normal",270,"Imai bootstrap",TRUE
"Comparator",300,"Skew-normal",270,"medflex NEM",TRUE
"Comparator",300,"Asymmetric mixture",270,"OLS",TRUE
"Comparator",300,"Asymmetric mixture",270,"Semiparametric",TRUE
"Comparator",300,"Asymmetric mixture",270,"Imai quasi-Bayes",TRUE
"Comparator",300,"Asymmetric mixture",270,"Imai bootstrap",TRUE
"Comparator",300,"Asymmetric mixture",270,"medflex NEM",TRUE
"Comparator",300,"Symmetric bimodal",270,"OLS",TRUE
"Comparator",300,"Symmetric bimodal",270,"Semiparametric",TRUE
"Comparator",300,"Symmetric bimodal",270,"Imai quasi-Bayes",TRUE
"Comparator",300,"Symmetric bimodal",270,"Imai bootstrap",TRUE
"Comparator",300,"Symmetric bimodal",270,"medflex NEM",TRUE
"Comparator",300,"Gaussian",271,"OLS",TRUE
"Comparator",300,"Gaussian",271,"Semiparametric",TRUE
"Comparator",300,"Gaussian",271,"Imai quasi-Bayes",TRUE
"Comparator",300,"Gaussian",271,"Imai bootstrap",TRUE
"Comparator",300,"Gaussian",271,"medflex NEM",TRUE
"Comparator",300,"Skew-normal",271,"OLS",TRUE
"Comparator",300,"Skew-normal",271,"Semiparametric",TRUE
"Comparator",300,"Skew-normal",271,"Imai quasi-Bayes",TRUE
"Comparator",300,"Skew-normal",271,"Imai bootstrap",TRUE
"Comparator",300,"Skew-normal",271,"medflex NEM",TRUE
"Comparator",300,"Asymmetric mixture",271,"OLS",TRUE
"Comparator",300,"Asymmetric mixture",271,"Semiparametric",TRUE
"Comparator",300,"Asymmetric mixture",271,"Imai quasi-Bayes",TRUE
"Comparator",300,"Asymmetric mixture",271,"Imai bootstrap",TRUE
"Comparator",300,"Asymmetric mixture",271,"medflex NEM",TRUE
"Comparator",300,"Symmetric bimodal",271,"OLS",TRUE
"Comparator",300,"Symmetric bimodal",271,"Semiparametric",TRUE
"Comparator",300,"Symmetric bimodal",271,"Imai quasi-Bayes",TRUE
"Comparator",300,"Symmetric bimodal",271,"Imai bootstrap",TRUE
"Comparator",300,"Symmetric bimodal",271,"medflex NEM",TRUE
"Comparator",300,"Gaussian",272,"OLS",TRUE
"Comparator",300,"Gaussian",272,"Semiparametric",TRUE
"Comparator",300,"Gaussian",272,"Imai quasi-Bayes",TRUE
"Comparator",300,"Gaussian",272,"Imai bootstrap",TRUE
"Comparator",300,"Gaussian",272,"medflex NEM",TRUE
"Comparator",300,"Skew-normal",272,"OLS",TRUE
"Comparator",300,"Skew-normal",272,"Semiparametric",TRUE
"Comparator",300,"Skew-normal",272,"Imai quasi-Bayes",TRUE
"Comparator",300,"Skew-normal",272,"Imai bootstrap",TRUE
"Comparator",300,"Skew-normal",272,"medflex NEM",TRUE
"Comparator",300,"Asymmetric mixture",272,"OLS",TRUE
"Comparator",300,"Asymmetric mixture",272,"Semiparametric",TRUE
"Comparator",300,"Asymmetric mixture",272,"Imai quasi-Bayes",TRUE
"Comparator",300,"Asymmetric mixture",272,"Imai bootstrap",TRUE
"Comparator",300,"Asymmetric mixture",272,"medflex NEM",TRUE
"Comparator",300,"Symmetric bimodal",272,"OLS",TRUE
"Comparator",300,"Symmetric bimodal",272,"Semiparametric",TRUE
"Comparator",300,"Symmetric bimodal",272,"Imai quasi-Bayes",TRUE
"Comparator",300,"Symmetric bimodal",272,"Imai bootstrap",TRUE
"Comparator",300,"Symmetric bimodal",272,"medflex NEM",TRUE
"Comparator",300,"Gaussian",273,"OLS",TRUE
"Comparator",300,"Gaussian",273,"Semiparametric",TRUE
"Comparator",300,"Gaussian",273,"Imai quasi-Bayes",TRUE
"Comparator",300,"Gaussian",273,"Imai bootstrap",TRUE
"Comparator",300,"Gaussian",273,"medflex NEM",TRUE
"Comparator",300,"Skew-normal",273,"OLS",TRUE
"Comparator",300,"Skew-normal",273,"Semiparametric",TRUE
"Comparator",300,"Skew-normal",273,"Imai quasi-Bayes",TRUE
"Comparator",300,"Skew-normal",273,"Imai bootstrap",TRUE
"Comparator",300,"Skew-normal",273,"medflex NEM",TRUE
"Comparator",300,"Asymmetric mixture",273,"OLS",TRUE
"Comparator",300,"Asymmetric mixture",273,"Semiparametric",TRUE
"Comparator",300,"Asymmetric mixture",273,"Imai quasi-Bayes",TRUE
"Comparator",300,"Asymmetric mixture",273,"Imai bootstrap",TRUE
"Comparator",300,"Asymmetric mixture",273,"medflex NEM",TRUE
"Comparator",300,"Symmetric bimodal",273,"OLS",TRUE
"Comparator",300,"Symmetric bimodal",273,"Semiparametric",TRUE
"Comparator",300,"Symmetric bimodal",273,"Imai quasi-Bayes",TRUE
"Comparator",300,"Symmetric bimodal",273,"Imai bootstrap",TRUE
"Comparator",300,"Symmetric bimodal",273,"medflex NEM",TRUE
"Comparator",300,"Gaussian",274,"OLS",TRUE
"Comparator",300,"Gaussian",274,"Semiparametric",TRUE
"Comparator",300,"Gaussian",274,"Imai quasi-Bayes",TRUE
"Comparator",300,"Gaussian",274,"Imai bootstrap",TRUE
"Comparator",300,"Gaussian",274,"medflex NEM",TRUE
"Comparator",300,"Skew-normal",274,"OLS",TRUE
"Comparator",300,"Skew-normal",274,"Semiparametric",TRUE
"Comparator",300,"Skew-normal",274,"Imai quasi-Bayes",TRUE
"Comparator",300,"Skew-normal",274,"Imai bootstrap",TRUE
"Comparator",300,"Skew-normal",274,"medflex NEM",TRUE
"Comparator",300,"Asymmetric mixture",274,"OLS",TRUE
"Comparator",300,"Asymmetric mixture",274,"Semiparametric",TRUE
"Comparator",300,"Asymmetric mixture",274,"Imai quasi-Bayes",TRUE
"Comparator",300,"Asymmetric mixture",274,"Imai bootstrap",TRUE
"Comparator",300,"Asymmetric mixture",274,"medflex NEM",TRUE
"Comparator",300,"Symmetric bimodal",274,"OLS",TRUE
"Comparator",300,"Symmetric bimodal",274,"Semiparametric",TRUE
"Comparator",300,"Symmetric bimodal",274,"Imai quasi-Bayes",TRUE
"Comparator",300,"Symmetric bimodal",274,"Imai bootstrap",TRUE
"Comparator",300,"Symmetric bimodal",274,"medflex NEM",TRUE
"Comparator",300,"Gaussian",275,"OLS",TRUE
"Comparator",300,"Gaussian",275,"Semiparametric",TRUE
"Comparator",300,"Gaussian",275,"Imai quasi-Bayes",TRUE
"Comparator",300,"Gaussian",275,"Imai bootstrap",TRUE
"Comparator",300,"Gaussian",275,"medflex NEM",TRUE
"Comparator",300,"Skew-normal",275,"OLS",TRUE
"Comparator",300,"Skew-normal",275,"Semiparametric",TRUE
"Comparator",300,"Skew-normal",275,"Imai quasi-Bayes",TRUE
"Comparator",300,"Skew-normal",275,"Imai bootstrap",TRUE
"Comparator",300,"Skew-normal",275,"medflex NEM",TRUE
"Comparator",300,"Asymmetric mixture",275,"OLS",TRUE
"Comparator",300,"Asymmetric mixture",275,"Semiparametric",TRUE
"Comparator",300,"Asymmetric mixture",275,"Imai quasi-Bayes",TRUE
"Comparator",300,"Asymmetric mixture",275,"Imai bootstrap",TRUE
"Comparator",300,"Asymmetric mixture",275,"medflex NEM",TRUE
"Comparator",300,"Symmetric bimodal",275,"OLS",TRUE
"Comparator",300,"Symmetric bimodal",275,"Semiparametric",TRUE
"Comparator",300,"Symmetric bimodal",275,"Imai quasi-Bayes",TRUE
"Comparator",300,"Symmetric bimodal",275,"Imai bootstrap",TRUE
"Comparator",300,"Symmetric bimodal",275,"medflex NEM",TRUE
"Comparator",300,"Gaussian",276,"OLS",TRUE
"Comparator",300,"Gaussian",276,"Semiparametric",TRUE
"Comparator",300,"Gaussian",276,"Imai quasi-Bayes",TRUE
"Comparator",300,"Gaussian",276,"Imai bootstrap",TRUE
"Comparator",300,"Gaussian",276,"medflex NEM",TRUE
"Comparator",300,"Skew-normal",276,"OLS",TRUE
"Comparator",300,"Skew-normal",276,"Semiparametric",TRUE
"Comparator",300,"Skew-normal",276,"Imai quasi-Bayes",TRUE
"Comparator",300,"Skew-normal",276,"Imai bootstrap",TRUE
"Comparator",300,"Skew-normal",276,"medflex NEM",TRUE
"Comparator",300,"Asymmetric mixture",276,"OLS",TRUE
"Comparator",300,"Asymmetric mixture",276,"Semiparametric",TRUE
"Comparator",300,"Asymmetric mixture",276,"Imai quasi-Bayes",TRUE
"Comparator",300,"Asymmetric mixture",276,"Imai bootstrap",TRUE
"Comparator",300,"Asymmetric mixture",276,"medflex NEM",TRUE
"Comparator",300,"Symmetric bimodal",276,"OLS",TRUE
"Comparator",300,"Symmetric bimodal",276,"Semiparametric",TRUE
"Comparator",300,"Symmetric bimodal",276,"Imai quasi-Bayes",TRUE
"Comparator",300,"Symmetric bimodal",276,"Imai bootstrap",TRUE
"Comparator",300,"Symmetric bimodal",276,"medflex NEM",TRUE
"Comparator",300,"Gaussian",277,"OLS",TRUE
"Comparator",300,"Gaussian",277,"Semiparametric",TRUE
"Comparator",300,"Gaussian",277,"Imai quasi-Bayes",TRUE
"Comparator",300,"Gaussian",277,"Imai bootstrap",TRUE
"Comparator",300,"Gaussian",277,"medflex NEM",TRUE
"Comparator",300,"Skew-normal",277,"OLS",TRUE
"Comparator",300,"Skew-normal",277,"Semiparametric",TRUE
"Comparator",300,"Skew-normal",277,"Imai quasi-Bayes",TRUE
"Comparator",300,"Skew-normal",277,"Imai bootstrap",TRUE
"Comparator",300,"Skew-normal",277,"medflex NEM",TRUE
"Comparator",300,"Asymmetric mixture",277,"OLS",TRUE
"Comparator",300,"Asymmetric mixture",277,"Semiparametric",TRUE
"Comparator",300,"Asymmetric mixture",277,"Imai quasi-Bayes",TRUE
"Comparator",300,"Asymmetric mixture",277,"Imai bootstrap",TRUE
"Comparator",300,"Asymmetric mixture",277,"medflex NEM",TRUE
"Comparator",300,"Symmetric bimodal",277,"OLS",TRUE
"Comparator",300,"Symmetric bimodal",277,"Semiparametric",TRUE
"Comparator",300,"Symmetric bimodal",277,"Imai quasi-Bayes",TRUE
"Comparator",300,"Symmetric bimodal",277,"Imai bootstrap",TRUE
"Comparator",300,"Symmetric bimodal",277,"medflex NEM",TRUE
"Comparator",300,"Gaussian",278,"OLS",TRUE
"Comparator",300,"Gaussian",278,"Semiparametric",TRUE
"Comparator",300,"Gaussian",278,"Imai quasi-Bayes",TRUE
"Comparator",300,"Gaussian",278,"Imai bootstrap",TRUE
"Comparator",300,"Gaussian",278,"medflex NEM",TRUE
"Comparator",300,"Skew-normal",278,"OLS",TRUE
"Comparator",300,"Skew-normal",278,"Semiparametric",TRUE
"Comparator",300,"Skew-normal",278,"Imai quasi-Bayes",TRUE
"Comparator",300,"Skew-normal",278,"Imai bootstrap",TRUE
"Comparator",300,"Skew-normal",278,"medflex NEM",TRUE
"Comparator",300,"Asymmetric mixture",278,"OLS",TRUE
"Comparator",300,"Asymmetric mixture",278,"Semiparametric",TRUE
"Comparator",300,"Asymmetric mixture",278,"Imai quasi-Bayes",TRUE
"Comparator",300,"Asymmetric mixture",278,"Imai bootstrap",TRUE
"Comparator",300,"Asymmetric mixture",278,"medflex NEM",TRUE
"Comparator",300,"Symmetric bimodal",278,"OLS",TRUE
"Comparator",300,"Symmetric bimodal",278,"Semiparametric",TRUE
"Comparator",300,"Symmetric bimodal",278,"Imai quasi-Bayes",TRUE
"Comparator",300,"Symmetric bimodal",278,"Imai bootstrap",TRUE
"Comparator",300,"Symmetric bimodal",278,"medflex NEM",TRUE
"Comparator",300,"Gaussian",279,"OLS",TRUE
"Comparator",300,"Gaussian",279,"Semiparametric",TRUE
"Comparator",300,"Gaussian",279,"Imai quasi-Bayes",TRUE
"Comparator",300,"Gaussian",279,"Imai bootstrap",TRUE
"Comparator",300,"Gaussian",279,"medflex NEM",TRUE
"Comparator",300,"Skew-normal",279,"OLS",TRUE
"Comparator",300,"Skew-normal",279,"Semiparametric",TRUE
"Comparator",300,"Skew-normal",279,"Imai quasi-Bayes",TRUE
"Comparator",300,"Skew-normal",279,"Imai bootstrap",TRUE
"Comparator",300,"Skew-normal",279,"medflex NEM",TRUE
"Comparator",300,"Asymmetric mixture",279,"OLS",TRUE
"Comparator",300,"Asymmetric mixture",279,"Semiparametric",TRUE
"Comparator",300,"Asymmetric mixture",279,"Imai quasi-Bayes",TRUE
"Comparator",300,"Asymmetric mixture",279,"Imai bootstrap",TRUE
"Comparator",300,"Asymmetric mixture",279,"medflex NEM",TRUE
"Comparator",300,"Symmetric bimodal",279,"OLS",TRUE
"Comparator",300,"Symmetric bimodal",279,"Semiparametric",TRUE
"Comparator",300,"Symmetric bimodal",279,"Imai quasi-Bayes",TRUE
"Comparator",300,"Symmetric bimodal",279,"Imai bootstrap",TRUE
"Comparator",300,"Symmetric bimodal",279,"medflex NEM",TRUE
"Comparator",300,"Gaussian",280,"OLS",TRUE
"Comparator",300,"Gaussian",280,"Semiparametric",TRUE
"Comparator",300,"Gaussian",280,"Imai quasi-Bayes",TRUE
"Comparator",300,"Gaussian",280,"Imai bootstrap",TRUE
"Comparator",300,"Gaussian",280,"medflex NEM",TRUE
"Comparator",300,"Skew-normal",280,"OLS",TRUE
"Comparator",300,"Skew-normal",280,"Semiparametric",TRUE
"Comparator",300,"Skew-normal",280,"Imai quasi-Bayes",TRUE
"Comparator",300,"Skew-normal",280,"Imai bootstrap",TRUE
"Comparator",300,"Skew-normal",280,"medflex NEM",TRUE
"Comparator",300,"Asymmetric mixture",280,"OLS",TRUE
"Comparator",300,"Asymmetric mixture",280,"Semiparametric",TRUE
"Comparator",300,"Asymmetric mixture",280,"Imai quasi-Bayes",TRUE
"Comparator",300,"Asymmetric mixture",280,"Imai bootstrap",TRUE
"Comparator",300,"Asymmetric mixture",280,"medflex NEM",TRUE
"Comparator",300,"Symmetric bimodal",280,"OLS",TRUE
"Comparator",300,"Symmetric bimodal",280,"Semiparametric",TRUE
"Comparator",300,"Symmetric bimodal",280,"Imai quasi-Bayes",TRUE
"Comparator",300,"Symmetric bimodal",280,"Imai bootstrap",TRUE
"Comparator",300,"Symmetric bimodal",280,"medflex NEM",TRUE
"Comparator",300,"Gaussian",281,"OLS",TRUE
"Comparator",300,"Gaussian",281,"Semiparametric",TRUE
"Comparator",300,"Gaussian",281,"Imai quasi-Bayes",TRUE
"Comparator",300,"Gaussian",281,"Imai bootstrap",TRUE
"Comparator",300,"Gaussian",281,"medflex NEM",TRUE
"Comparator",300,"Skew-normal",281,"OLS",TRUE
"Comparator",300,"Skew-normal",281,"Semiparametric",TRUE
"Comparator",300,"Skew-normal",281,"Imai quasi-Bayes",TRUE
"Comparator",300,"Skew-normal",281,"Imai bootstrap",TRUE
"Comparator",300,"Skew-normal",281,"medflex NEM",TRUE
"Comparator",300,"Asymmetric mixture",281,"OLS",TRUE
"Comparator",300,"Asymmetric mixture",281,"Semiparametric",TRUE
"Comparator",300,"Asymmetric mixture",281,"Imai quasi-Bayes",TRUE
"Comparator",300,"Asymmetric mixture",281,"Imai bootstrap",TRUE
"Comparator",300,"Asymmetric mixture",281,"medflex NEM",TRUE
"Comparator",300,"Symmetric bimodal",281,"OLS",TRUE
"Comparator",300,"Symmetric bimodal",281,"Semiparametric",TRUE
"Comparator",300,"Symmetric bimodal",281,"Imai quasi-Bayes",TRUE
"Comparator",300,"Symmetric bimodal",281,"Imai bootstrap",TRUE
"Comparator",300,"Symmetric bimodal",281,"medflex NEM",TRUE
"Comparator",300,"Gaussian",282,"OLS",TRUE
"Comparator",300,"Gaussian",282,"Semiparametric",TRUE
"Comparator",300,"Gaussian",282,"Imai quasi-Bayes",TRUE
"Comparator",300,"Gaussian",282,"Imai bootstrap",TRUE
"Comparator",300,"Gaussian",282,"medflex NEM",TRUE
"Comparator",300,"Skew-normal",282,"OLS",TRUE
"Comparator",300,"Skew-normal",282,"Semiparametric",TRUE
"Comparator",300,"Skew-normal",282,"Imai quasi-Bayes",TRUE
"Comparator",300,"Skew-normal",282,"Imai bootstrap",TRUE
"Comparator",300,"Skew-normal",282,"medflex NEM",TRUE
"Comparator",300,"Asymmetric mixture",282,"OLS",TRUE
"Comparator",300,"Asymmetric mixture",282,"Semiparametric",TRUE
"Comparator",300,"Asymmetric mixture",282,"Imai quasi-Bayes",TRUE
"Comparator",300,"Asymmetric mixture",282,"Imai bootstrap",TRUE
"Comparator",300,"Asymmetric mixture",282,"medflex NEM",TRUE
"Comparator",300,"Symmetric bimodal",282,"OLS",TRUE
"Comparator",300,"Symmetric bimodal",282,"Semiparametric",TRUE
"Comparator",300,"Symmetric bimodal",282,"Imai quasi-Bayes",TRUE
"Comparator",300,"Symmetric bimodal",282,"Imai bootstrap",TRUE
"Comparator",300,"Symmetric bimodal",282,"medflex NEM",TRUE
"Comparator",300,"Gaussian",283,"OLS",TRUE
"Comparator",300,"Gaussian",283,"Semiparametric",TRUE
"Comparator",300,"Gaussian",283,"Imai quasi-Bayes",TRUE
"Comparator",300,"Gaussian",283,"Imai bootstrap",TRUE
"Comparator",300,"Gaussian",283,"medflex NEM",TRUE
"Comparator",300,"Skew-normal",283,"OLS",TRUE
"Comparator",300,"Skew-normal",283,"Semiparametric",TRUE
"Comparator",300,"Skew-normal",283,"Imai quasi-Bayes",TRUE
"Comparator",300,"Skew-normal",283,"Imai bootstrap",TRUE
"Comparator",300,"Skew-normal",283,"medflex NEM",TRUE
"Comparator",300,"Asymmetric mixture",283,"OLS",TRUE
"Comparator",300,"Asymmetric mixture",283,"Semiparametric",TRUE
"Comparator",300,"Asymmetric mixture",283,"Imai quasi-Bayes",TRUE
"Comparator",300,"Asymmetric mixture",283,"Imai bootstrap",TRUE
"Comparator",300,"Asymmetric mixture",283,"medflex NEM",TRUE
"Comparator",300,"Symmetric bimodal",283,"OLS",TRUE
"Comparator",300,"Symmetric bimodal",283,"Semiparametric",TRUE
"Comparator",300,"Symmetric bimodal",283,"Imai quasi-Bayes",TRUE
"Comparator",300,"Symmetric bimodal",283,"Imai bootstrap",TRUE
"Comparator",300,"Symmetric bimodal",283,"medflex NEM",TRUE
"Comparator",300,"Gaussian",284,"OLS",TRUE
"Comparator",300,"Gaussian",284,"Semiparametric",TRUE
"Comparator",300,"Gaussian",284,"Imai quasi-Bayes",TRUE
"Comparator",300,"Gaussian",284,"Imai bootstrap",TRUE
"Comparator",300,"Gaussian",284,"medflex NEM",TRUE
"Comparator",300,"Skew-normal",284,"OLS",TRUE
"Comparator",300,"Skew-normal",284,"Semiparametric",TRUE
"Comparator",300,"Skew-normal",284,"Imai quasi-Bayes",TRUE
"Comparator",300,"Skew-normal",284,"Imai bootstrap",TRUE
"Comparator",300,"Skew-normal",284,"medflex NEM",TRUE
"Comparator",300,"Asymmetric mixture",284,"OLS",TRUE
"Comparator",300,"Asymmetric mixture",284,"Semiparametric",TRUE
"Comparator",300,"Asymmetric mixture",284,"Imai quasi-Bayes",TRUE
"Comparator",300,"Asymmetric mixture",284,"Imai bootstrap",TRUE
"Comparator",300,"Asymmetric mixture",284,"medflex NEM",TRUE
"Comparator",300,"Symmetric bimodal",284,"OLS",TRUE
"Comparator",300,"Symmetric bimodal",284,"Semiparametric",TRUE
"Comparator",300,"Symmetric bimodal",284,"Imai quasi-Bayes",TRUE
"Comparator",300,"Symmetric bimodal",284,"Imai bootstrap",TRUE
"Comparator",300,"Symmetric bimodal",284,"medflex NEM",TRUE
"Comparator",300,"Gaussian",285,"OLS",TRUE
"Comparator",300,"Gaussian",285,"Semiparametric",TRUE
"Comparator",300,"Gaussian",285,"Imai quasi-Bayes",TRUE
"Comparator",300,"Gaussian",285,"Imai bootstrap",TRUE
"Comparator",300,"Gaussian",285,"medflex NEM",TRUE
"Comparator",300,"Skew-normal",285,"OLS",TRUE
"Comparator",300,"Skew-normal",285,"Semiparametric",TRUE
"Comparator",300,"Skew-normal",285,"Imai quasi-Bayes",TRUE
"Comparator",300,"Skew-normal",285,"Imai bootstrap",TRUE
"Comparator",300,"Skew-normal",285,"medflex NEM",TRUE
"Comparator",300,"Asymmetric mixture",285,"OLS",TRUE
"Comparator",300,"Asymmetric mixture",285,"Semiparametric",TRUE
"Comparator",300,"Asymmetric mixture",285,"Imai quasi-Bayes",TRUE
"Comparator",300,"Asymmetric mixture",285,"Imai bootstrap",TRUE
"Comparator",300,"Asymmetric mixture",285,"medflex NEM",TRUE
"Comparator",300,"Symmetric bimodal",285,"OLS",TRUE
"Comparator",300,"Symmetric bimodal",285,"Semiparametric",TRUE
"Comparator",300,"Symmetric bimodal",285,"Imai quasi-Bayes",TRUE
"Comparator",300,"Symmetric bimodal",285,"Imai bootstrap",TRUE
"Comparator",300,"Symmetric bimodal",285,"medflex NEM",TRUE
"Comparator",300,"Gaussian",286,"OLS",TRUE
"Comparator",300,"Gaussian",286,"Semiparametric",TRUE
"Comparator",300,"Gaussian",286,"Imai quasi-Bayes",TRUE
"Comparator",300,"Gaussian",286,"Imai bootstrap",TRUE
"Comparator",300,"Gaussian",286,"medflex NEM",TRUE
"Comparator",300,"Skew-normal",286,"OLS",TRUE
"Comparator",300,"Skew-normal",286,"Semiparametric",TRUE
"Comparator",300,"Skew-normal",286,"Imai quasi-Bayes",TRUE
"Comparator",300,"Skew-normal",286,"Imai bootstrap",TRUE
"Comparator",300,"Skew-normal",286,"medflex NEM",TRUE
"Comparator",300,"Asymmetric mixture",286,"OLS",TRUE
"Comparator",300,"Asymmetric mixture",286,"Semiparametric",TRUE
"Comparator",300,"Asymmetric mixture",286,"Imai quasi-Bayes",TRUE
"Comparator",300,"Asymmetric mixture",286,"Imai bootstrap",TRUE
"Comparator",300,"Asymmetric mixture",286,"medflex NEM",TRUE
"Comparator",300,"Symmetric bimodal",286,"OLS",TRUE
"Comparator",300,"Symmetric bimodal",286,"Semiparametric",TRUE
"Comparator",300,"Symmetric bimodal",286,"Imai quasi-Bayes",TRUE
"Comparator",300,"Symmetric bimodal",286,"Imai bootstrap",TRUE
"Comparator",300,"Symmetric bimodal",286,"medflex NEM",TRUE
"Comparator",300,"Gaussian",287,"OLS",TRUE
"Comparator",300,"Gaussian",287,"Semiparametric",TRUE
"Comparator",300,"Gaussian",287,"Imai quasi-Bayes",TRUE
"Comparator",300,"Gaussian",287,"Imai bootstrap",TRUE
"Comparator",300,"Gaussian",287,"medflex NEM",TRUE
"Comparator",300,"Skew-normal",287,"OLS",TRUE
"Comparator",300,"Skew-normal",287,"Semiparametric",TRUE
"Comparator",300,"Skew-normal",287,"Imai quasi-Bayes",TRUE
"Comparator",300,"Skew-normal",287,"Imai bootstrap",TRUE
"Comparator",300,"Skew-normal",287,"medflex NEM",TRUE
"Comparator",300,"Asymmetric mixture",287,"OLS",TRUE
"Comparator",300,"Asymmetric mixture",287,"Semiparametric",TRUE
"Comparator",300,"Asymmetric mixture",287,"Imai quasi-Bayes",TRUE
"Comparator",300,"Asymmetric mixture",287,"Imai bootstrap",TRUE
"Comparator",300,"Asymmetric mixture",287,"medflex NEM",TRUE
"Comparator",300,"Symmetric bimodal",287,"OLS",TRUE
"Comparator",300,"Symmetric bimodal",287,"Semiparametric",TRUE
"Comparator",300,"Symmetric bimodal",287,"Imai quasi-Bayes",TRUE
"Comparator",300,"Symmetric bimodal",287,"Imai bootstrap",TRUE
"Comparator",300,"Symmetric bimodal",287,"medflex NEM",TRUE
"Comparator",300,"Gaussian",288,"OLS",TRUE
"Comparator",300,"Gaussian",288,"Semiparametric",TRUE
"Comparator",300,"Gaussian",288,"Imai quasi-Bayes",TRUE
"Comparator",300,"Gaussian",288,"Imai bootstrap",TRUE
"Comparator",300,"Gaussian",288,"medflex NEM",TRUE
"Comparator",300,"Skew-normal",288,"OLS",TRUE
"Comparator",300,"Skew-normal",288,"Semiparametric",TRUE
"Comparator",300,"Skew-normal",288,"Imai quasi-Bayes",TRUE
"Comparator",300,"Skew-normal",288,"Imai bootstrap",TRUE
"Comparator",300,"Skew-normal",288,"medflex NEM",TRUE
"Comparator",300,"Asymmetric mixture",288,"OLS",TRUE
"Comparator",300,"Asymmetric mixture",288,"Semiparametric",TRUE
"Comparator",300,"Asymmetric mixture",288,"Imai quasi-Bayes",TRUE
"Comparator",300,"Asymmetric mixture",288,"Imai bootstrap",TRUE
"Comparator",300,"Asymmetric mixture",288,"medflex NEM",TRUE
"Comparator",300,"Symmetric bimodal",288,"OLS",TRUE
"Comparator",300,"Symmetric bimodal",288,"Semiparametric",TRUE
"Comparator",300,"Symmetric bimodal",288,"Imai quasi-Bayes",TRUE
"Comparator",300,"Symmetric bimodal",288,"Imai bootstrap",TRUE
"Comparator",300,"Symmetric bimodal",288,"medflex NEM",TRUE
"Comparator",300,"Gaussian",289,"OLS",TRUE
"Comparator",300,"Gaussian",289,"Semiparametric",TRUE
"Comparator",300,"Gaussian",289,"Imai quasi-Bayes",TRUE
"Comparator",300,"Gaussian",289,"Imai bootstrap",TRUE
"Comparator",300,"Gaussian",289,"medflex NEM",TRUE
"Comparator",300,"Skew-normal",289,"OLS",TRUE
"Comparator",300,"Skew-normal",289,"Semiparametric",TRUE
"Comparator",300,"Skew-normal",289,"Imai quasi-Bayes",TRUE
"Comparator",300,"Skew-normal",289,"Imai bootstrap",TRUE
"Comparator",300,"Skew-normal",289,"medflex NEM",TRUE
"Comparator",300,"Asymmetric mixture",289,"OLS",TRUE
"Comparator",300,"Asymmetric mixture",289,"Semiparametric",TRUE
"Comparator",300,"Asymmetric mixture",289,"Imai quasi-Bayes",TRUE
"Comparator",300,"Asymmetric mixture",289,"Imai bootstrap",TRUE
"Comparator",300,"Asymmetric mixture",289,"medflex NEM",TRUE
"Comparator",300,"Symmetric bimodal",289,"OLS",TRUE
"Comparator",300,"Symmetric bimodal",289,"Semiparametric",TRUE
"Comparator",300,"Symmetric bimodal",289,"Imai quasi-Bayes",TRUE
"Comparator",300,"Symmetric bimodal",289,"Imai bootstrap",TRUE
"Comparator",300,"Symmetric bimodal",289,"medflex NEM",TRUE
"Comparator",300,"Gaussian",290,"OLS",TRUE
"Comparator",300,"Gaussian",290,"Semiparametric",TRUE
"Comparator",300,"Gaussian",290,"Imai quasi-Bayes",TRUE
"Comparator",300,"Gaussian",290,"Imai bootstrap",TRUE
"Comparator",300,"Gaussian",290,"medflex NEM",TRUE
"Comparator",300,"Skew-normal",290,"OLS",TRUE
"Comparator",300,"Skew-normal",290,"Semiparametric",TRUE
"Comparator",300,"Skew-normal",290,"Imai quasi-Bayes",TRUE
"Comparator",300,"Skew-normal",290,"Imai bootstrap",TRUE
"Comparator",300,"Skew-normal",290,"medflex NEM",TRUE
"Comparator",300,"Asymmetric mixture",290,"OLS",TRUE
"Comparator",300,"Asymmetric mixture",290,"Semiparametric",TRUE
"Comparator",300,"Asymmetric mixture",290,"Imai quasi-Bayes",TRUE
"Comparator",300,"Asymmetric mixture",290,"Imai bootstrap",TRUE
"Comparator",300,"Asymmetric mixture",290,"medflex NEM",TRUE
"Comparator",300,"Symmetric bimodal",290,"OLS",TRUE
"Comparator",300,"Symmetric bimodal",290,"Semiparametric",TRUE
"Comparator",300,"Symmetric bimodal",290,"Imai quasi-Bayes",TRUE
"Comparator",300,"Symmetric bimodal",290,"Imai bootstrap",TRUE
"Comparator",300,"Symmetric bimodal",290,"medflex NEM",TRUE
"Comparator",300,"Gaussian",291,"OLS",TRUE
"Comparator",300,"Gaussian",291,"Semiparametric",TRUE
"Comparator",300,"Gaussian",291,"Imai quasi-Bayes",TRUE
"Comparator",300,"Gaussian",291,"Imai bootstrap",TRUE
"Comparator",300,"Gaussian",291,"medflex NEM",TRUE
"Comparator",300,"Skew-normal",291,"OLS",TRUE
"Comparator",300,"Skew-normal",291,"Semiparametric",TRUE
"Comparator",300,"Skew-normal",291,"Imai quasi-Bayes",TRUE
"Comparator",300,"Skew-normal",291,"Imai bootstrap",TRUE
"Comparator",300,"Skew-normal",291,"medflex NEM",TRUE
"Comparator",300,"Asymmetric mixture",291,"OLS",TRUE
"Comparator",300,"Asymmetric mixture",291,"Semiparametric",TRUE
"Comparator",300,"Asymmetric mixture",291,"Imai quasi-Bayes",TRUE
"Comparator",300,"Asymmetric mixture",291,"Imai bootstrap",TRUE
"Comparator",300,"Asymmetric mixture",291,"medflex NEM",TRUE
"Comparator",300,"Symmetric bimodal",291,"OLS",TRUE
"Comparator",300,"Symmetric bimodal",291,"Semiparametric",TRUE
"Comparator",300,"Symmetric bimodal",291,"Imai quasi-Bayes",TRUE
"Comparator",300,"Symmetric bimodal",291,"Imai bootstrap",TRUE
"Comparator",300,"Symmetric bimodal",291,"medflex NEM",TRUE
"Comparator",300,"Gaussian",292,"OLS",TRUE
"Comparator",300,"Gaussian",292,"Semiparametric",TRUE
"Comparator",300,"Gaussian",292,"Imai quasi-Bayes",TRUE
"Comparator",300,"Gaussian",292,"Imai bootstrap",TRUE
"Comparator",300,"Gaussian",292,"medflex NEM",TRUE
"Comparator",300,"Skew-normal",292,"OLS",TRUE
"Comparator",300,"Skew-normal",292,"Semiparametric",TRUE
"Comparator",300,"Skew-normal",292,"Imai quasi-Bayes",TRUE
"Comparator",300,"Skew-normal",292,"Imai bootstrap",TRUE
"Comparator",300,"Skew-normal",292,"medflex NEM",TRUE
"Comparator",300,"Asymmetric mixture",292,"OLS",TRUE
"Comparator",300,"Asymmetric mixture",292,"Semiparametric",TRUE
"Comparator",300,"Asymmetric mixture",292,"Imai quasi-Bayes",TRUE
"Comparator",300,"Asymmetric mixture",292,"Imai bootstrap",TRUE
"Comparator",300,"Asymmetric mixture",292,"medflex NEM",TRUE
"Comparator",300,"Symmetric bimodal",292,"OLS",TRUE
"Comparator",300,"Symmetric bimodal",292,"Semiparametric",TRUE
"Comparator",300,"Symmetric bimodal",292,"Imai quasi-Bayes",TRUE
"Comparator",300,"Symmetric bimodal",292,"Imai bootstrap",TRUE
"Comparator",300,"Symmetric bimodal",292,"medflex NEM",TRUE
"Comparator",300,"Gaussian",293,"OLS",TRUE
"Comparator",300,"Gaussian",293,"Semiparametric",TRUE
"Comparator",300,"Gaussian",293,"Imai quasi-Bayes",TRUE
"Comparator",300,"Gaussian",293,"Imai bootstrap",TRUE
"Comparator",300,"Gaussian",293,"medflex NEM",TRUE
"Comparator",300,"Skew-normal",293,"OLS",TRUE
"Comparator",300,"Skew-normal",293,"Semiparametric",TRUE
"Comparator",300,"Skew-normal",293,"Imai quasi-Bayes",TRUE
"Comparator",300,"Skew-normal",293,"Imai bootstrap",TRUE
"Comparator",300,"Skew-normal",293,"medflex NEM",TRUE
"Comparator",300,"Asymmetric mixture",293,"OLS",TRUE
"Comparator",300,"Asymmetric mixture",293,"Semiparametric",TRUE
"Comparator",300,"Asymmetric mixture",293,"Imai quasi-Bayes",TRUE
"Comparator",300,"Asymmetric mixture",293,"Imai bootstrap",TRUE
"Comparator",300,"Asymmetric mixture",293,"medflex NEM",TRUE
"Comparator",300,"Symmetric bimodal",293,"OLS",TRUE
"Comparator",300,"Symmetric bimodal",293,"Semiparametric",TRUE
"Comparator",300,"Symmetric bimodal",293,"Imai quasi-Bayes",TRUE
"Comparator",300,"Symmetric bimodal",293,"Imai bootstrap",TRUE
"Comparator",300,"Symmetric bimodal",293,"medflex NEM",TRUE
"Comparator",300,"Gaussian",294,"OLS",TRUE
"Comparator",300,"Gaussian",294,"Semiparametric",TRUE
"Comparator",300,"Gaussian",294,"Imai quasi-Bayes",TRUE
"Comparator",300,"Gaussian",294,"Imai bootstrap",TRUE
"Comparator",300,"Gaussian",294,"medflex NEM",TRUE
"Comparator",300,"Skew-normal",294,"OLS",TRUE
"Comparator",300,"Skew-normal",294,"Semiparametric",TRUE
"Comparator",300,"Skew-normal",294,"Imai quasi-Bayes",TRUE
"Comparator",300,"Skew-normal",294,"Imai bootstrap",TRUE
"Comparator",300,"Skew-normal",294,"medflex NEM",TRUE
"Comparator",300,"Asymmetric mixture",294,"OLS",TRUE
"Comparator",300,"Asymmetric mixture",294,"Semiparametric",TRUE
"Comparator",300,"Asymmetric mixture",294,"Imai quasi-Bayes",TRUE
"Comparator",300,"Asymmetric mixture",294,"Imai bootstrap",TRUE
"Comparator",300,"Asymmetric mixture",294,"medflex NEM",TRUE
"Comparator",300,"Symmetric bimodal",294,"OLS",TRUE
"Comparator",300,"Symmetric bimodal",294,"Semiparametric",TRUE
"Comparator",300,"Symmetric bimodal",294,"Imai quasi-Bayes",TRUE
"Comparator",300,"Symmetric bimodal",294,"Imai bootstrap",TRUE
"Comparator",300,"Symmetric bimodal",294,"medflex NEM",TRUE
"Comparator",300,"Gaussian",295,"OLS",TRUE
"Comparator",300,"Gaussian",295,"Semiparametric",TRUE
"Comparator",300,"Gaussian",295,"Imai quasi-Bayes",TRUE
"Comparator",300,"Gaussian",295,"Imai bootstrap",TRUE
"Comparator",300,"Gaussian",295,"medflex NEM",TRUE
"Comparator",300,"Skew-normal",295,"OLS",TRUE
"Comparator",300,"Skew-normal",295,"Semiparametric",TRUE
"Comparator",300,"Skew-normal",295,"Imai quasi-Bayes",TRUE
"Comparator",300,"Skew-normal",295,"Imai bootstrap",TRUE
"Comparator",300,"Skew-normal",295,"medflex NEM",TRUE
"Comparator",300,"Asymmetric mixture",295,"OLS",TRUE
"Comparator",300,"Asymmetric mixture",295,"Semiparametric",TRUE
"Comparator",300,"Asymmetric mixture",295,"Imai quasi-Bayes",TRUE
"Comparator",300,"Asymmetric mixture",295,"Imai bootstrap",TRUE
"Comparator",300,"Asymmetric mixture",295,"medflex NEM",TRUE
"Comparator",300,"Symmetric bimodal",295,"OLS",TRUE
"Comparator",300,"Symmetric bimodal",295,"Semiparametric",FALSE
"Comparator",300,"Symmetric bimodal",295,"Imai quasi-Bayes",TRUE
"Comparator",300,"Symmetric bimodal",295,"Imai bootstrap",TRUE
"Comparator",300,"Symmetric bimodal",295,"medflex NEM",TRUE
"Comparator",300,"Gaussian",296,"OLS",TRUE
"Comparator",300,"Gaussian",296,"Semiparametric",TRUE
"Comparator",300,"Gaussian",296,"Imai quasi-Bayes",TRUE
"Comparator",300,"Gaussian",296,"Imai bootstrap",TRUE
"Comparator",300,"Gaussian",296,"medflex NEM",TRUE
"Comparator",300,"Skew-normal",296,"OLS",TRUE
"Comparator",300,"Skew-normal",296,"Semiparametric",TRUE
"Comparator",300,"Skew-normal",296,"Imai quasi-Bayes",TRUE
"Comparator",300,"Skew-normal",296,"Imai bootstrap",TRUE
"Comparator",300,"Skew-normal",296,"medflex NEM",TRUE
"Comparator",300,"Asymmetric mixture",296,"OLS",TRUE
"Comparator",300,"Asymmetric mixture",296,"Semiparametric",TRUE
"Comparator",300,"Asymmetric mixture",296,"Imai quasi-Bayes",TRUE
"Comparator",300,"Asymmetric mixture",296,"Imai bootstrap",TRUE
"Comparator",300,"Asymmetric mixture",296,"medflex NEM",TRUE
"Comparator",300,"Symmetric bimodal",296,"OLS",TRUE
"Comparator",300,"Symmetric bimodal",296,"Semiparametric",TRUE
"Comparator",300,"Symmetric bimodal",296,"Imai quasi-Bayes",TRUE
"Comparator",300,"Symmetric bimodal",296,"Imai bootstrap",TRUE
"Comparator",300,"Symmetric bimodal",296,"medflex NEM",TRUE
"Comparator",300,"Gaussian",297,"OLS",TRUE
"Comparator",300,"Gaussian",297,"Semiparametric",TRUE
"Comparator",300,"Gaussian",297,"Imai quasi-Bayes",TRUE
"Comparator",300,"Gaussian",297,"Imai bootstrap",TRUE
"Comparator",300,"Gaussian",297,"medflex NEM",TRUE
"Comparator",300,"Skew-normal",297,"OLS",TRUE
"Comparator",300,"Skew-normal",297,"Semiparametric",TRUE
"Comparator",300,"Skew-normal",297,"Imai quasi-Bayes",TRUE
"Comparator",300,"Skew-normal",297,"Imai bootstrap",TRUE
"Comparator",300,"Skew-normal",297,"medflex NEM",TRUE
"Comparator",300,"Asymmetric mixture",297,"OLS",TRUE
"Comparator",300,"Asymmetric mixture",297,"Semiparametric",TRUE
"Comparator",300,"Asymmetric mixture",297,"Imai quasi-Bayes",TRUE
"Comparator",300,"Asymmetric mixture",297,"Imai bootstrap",TRUE
"Comparator",300,"Asymmetric mixture",297,"medflex NEM",TRUE
"Comparator",300,"Symmetric bimodal",297,"OLS",TRUE
"Comparator",300,"Symmetric bimodal",297,"Semiparametric",TRUE
"Comparator",300,"Symmetric bimodal",297,"Imai quasi-Bayes",TRUE
"Comparator",300,"Symmetric bimodal",297,"Imai bootstrap",TRUE
"Comparator",300,"Symmetric bimodal",297,"medflex NEM",TRUE
"Comparator",300,"Gaussian",298,"OLS",TRUE
"Comparator",300,"Gaussian",298,"Semiparametric",TRUE
"Comparator",300,"Gaussian",298,"Imai quasi-Bayes",TRUE
"Comparator",300,"Gaussian",298,"Imai bootstrap",TRUE
"Comparator",300,"Gaussian",298,"medflex NEM",TRUE
"Comparator",300,"Skew-normal",298,"OLS",TRUE
"Comparator",300,"Skew-normal",298,"Semiparametric",TRUE
"Comparator",300,"Skew-normal",298,"Imai quasi-Bayes",TRUE
"Comparator",300,"Skew-normal",298,"Imai bootstrap",TRUE
"Comparator",300,"Skew-normal",298,"medflex NEM",TRUE
"Comparator",300,"Asymmetric mixture",298,"OLS",TRUE
"Comparator",300,"Asymmetric mixture",298,"Semiparametric",FALSE
"Comparator",300,"Asymmetric mixture",298,"Imai quasi-Bayes",TRUE
"Comparator",300,"Asymmetric mixture",298,"Imai bootstrap",TRUE
"Comparator",300,"Asymmetric mixture",298,"medflex NEM",TRUE
"Comparator",300,"Symmetric bimodal",298,"OLS",TRUE
"Comparator",300,"Symmetric bimodal",298,"Semiparametric",TRUE
"Comparator",300,"Symmetric bimodal",298,"Imai quasi-Bayes",TRUE
"Comparator",300,"Symmetric bimodal",298,"Imai bootstrap",TRUE
"Comparator",300,"Symmetric bimodal",298,"medflex NEM",TRUE
"Comparator",300,"Gaussian",299,"OLS",TRUE
"Comparator",300,"Gaussian",299,"Semiparametric",TRUE
"Comparator",300,"Gaussian",299,"Imai quasi-Bayes",TRUE
"Comparator",300,"Gaussian",299,"Imai bootstrap",TRUE
"Comparator",300,"Gaussian",299,"medflex NEM",TRUE
"Comparator",300,"Skew-normal",299,"OLS",TRUE
"Comparator",300,"Skew-normal",299,"Semiparametric",TRUE
"Comparator",300,"Skew-normal",299,"Imai quasi-Bayes",TRUE
"Comparator",300,"Skew-normal",299,"Imai bootstrap",TRUE
"Comparator",300,"Skew-normal",299,"medflex NEM",TRUE
"Comparator",300,"Asymmetric mixture",299,"OLS",TRUE
"Comparator",300,"Asymmetric mixture",299,"Semiparametric",TRUE
"Comparator",300,"Asymmetric mixture",299,"Imai quasi-Bayes",TRUE
"Comparator",300,"Asymmetric mixture",299,"Imai bootstrap",TRUE
"Comparator",300,"Asymmetric mixture",299,"medflex NEM",TRUE
"Comparator",300,"Symmetric bimodal",299,"OLS",TRUE
"Comparator",300,"Symmetric bimodal",299,"Semiparametric",TRUE
"Comparator",300,"Symmetric bimodal",299,"Imai quasi-Bayes",TRUE
"Comparator",300,"Symmetric bimodal",299,"Imai bootstrap",TRUE
"Comparator",300,"Symmetric bimodal",299,"medflex NEM",TRUE
"Comparator",300,"Gaussian",300,"OLS",TRUE
"Comparator",300,"Gaussian",300,"Semiparametric",TRUE
"Comparator",300,"Gaussian",300,"Imai quasi-Bayes",TRUE
"Comparator",300,"Gaussian",300,"Imai bootstrap",TRUE
"Comparator",300,"Gaussian",300,"medflex NEM",TRUE
"Comparator",300,"Skew-normal",300,"OLS",TRUE
"Comparator",300,"Skew-normal",300,"Semiparametric",TRUE
"Comparator",300,"Skew-normal",300,"Imai quasi-Bayes",TRUE
"Comparator",300,"Skew-normal",300,"Imai bootstrap",TRUE
"Comparator",300,"Skew-normal",300,"medflex NEM",TRUE
"Comparator",300,"Asymmetric mixture",300,"OLS",TRUE
"Comparator",300,"Asymmetric mixture",300,"Semiparametric",TRUE
"Comparator",300,"Asymmetric mixture",300,"Imai quasi-Bayes",TRUE
"Comparator",300,"Asymmetric mixture",300,"Imai bootstrap",TRUE
"Comparator",300,"Asymmetric mixture",300,"medflex NEM",TRUE
"Comparator",300,"Symmetric bimodal",300,"OLS",TRUE
"Comparator",300,"Symmetric bimodal",300,"Semiparametric",TRUE
"Comparator",300,"Symmetric bimodal",300,"Imai quasi-Bayes",TRUE
"Comparator",300,"Symmetric bimodal",300,"Imai bootstrap",TRUE
"Comparator",300,"Symmetric bimodal",300,"medflex NEM",TRUE
"Comparator",300,"Gaussian",301,"OLS",TRUE
"Comparator",300,"Gaussian",301,"Semiparametric",TRUE
"Comparator",300,"Gaussian",301,"Imai quasi-Bayes",TRUE
"Comparator",300,"Gaussian",301,"Imai bootstrap",TRUE
"Comparator",300,"Gaussian",301,"medflex NEM",TRUE
"Comparator",300,"Skew-normal",301,"OLS",TRUE
"Comparator",300,"Skew-normal",301,"Semiparametric",TRUE
"Comparator",300,"Skew-normal",301,"Imai quasi-Bayes",TRUE
"Comparator",300,"Skew-normal",301,"Imai bootstrap",TRUE
"Comparator",300,"Skew-normal",301,"medflex NEM",TRUE
"Comparator",300,"Asymmetric mixture",301,"OLS",TRUE
"Comparator",300,"Asymmetric mixture",301,"Semiparametric",TRUE
"Comparator",300,"Asymmetric mixture",301,"Imai quasi-Bayes",TRUE
"Comparator",300,"Asymmetric mixture",301,"Imai bootstrap",TRUE
"Comparator",300,"Asymmetric mixture",301,"medflex NEM",TRUE
"Comparator",300,"Symmetric bimodal",301,"OLS",TRUE
"Comparator",300,"Symmetric bimodal",301,"Semiparametric",TRUE
"Comparator",300,"Symmetric bimodal",301,"Imai quasi-Bayes",TRUE
"Comparator",300,"Symmetric bimodal",301,"Imai bootstrap",TRUE
"Comparator",300,"Symmetric bimodal",301,"medflex NEM",TRUE
"Comparator",300,"Gaussian",302,"OLS",TRUE
"Comparator",300,"Gaussian",302,"Semiparametric",TRUE
"Comparator",300,"Gaussian",302,"Imai quasi-Bayes",TRUE
"Comparator",300,"Gaussian",302,"Imai bootstrap",TRUE
"Comparator",300,"Gaussian",302,"medflex NEM",TRUE
"Comparator",300,"Skew-normal",302,"OLS",TRUE
"Comparator",300,"Skew-normal",302,"Semiparametric",TRUE
"Comparator",300,"Skew-normal",302,"Imai quasi-Bayes",TRUE
"Comparator",300,"Skew-normal",302,"Imai bootstrap",TRUE
"Comparator",300,"Skew-normal",302,"medflex NEM",TRUE
"Comparator",300,"Asymmetric mixture",302,"OLS",TRUE
"Comparator",300,"Asymmetric mixture",302,"Semiparametric",TRUE
"Comparator",300,"Asymmetric mixture",302,"Imai quasi-Bayes",TRUE
"Comparator",300,"Asymmetric mixture",302,"Imai bootstrap",TRUE
"Comparator",300,"Asymmetric mixture",302,"medflex NEM",TRUE
"Comparator",300,"Symmetric bimodal",302,"OLS",TRUE
"Comparator",300,"Symmetric bimodal",302,"Semiparametric",TRUE
"Comparator",300,"Symmetric bimodal",302,"Imai quasi-Bayes",TRUE
"Comparator",300,"Symmetric bimodal",302,"Imai bootstrap",TRUE
"Comparator",300,"Symmetric bimodal",302,"medflex NEM",TRUE
"Comparator",300,"Gaussian",303,"OLS",TRUE
"Comparator",300,"Gaussian",303,"Semiparametric",TRUE
"Comparator",300,"Gaussian",303,"Imai quasi-Bayes",TRUE
"Comparator",300,"Gaussian",303,"Imai bootstrap",TRUE
"Comparator",300,"Gaussian",303,"medflex NEM",TRUE
"Comparator",300,"Skew-normal",303,"OLS",TRUE
"Comparator",300,"Skew-normal",303,"Semiparametric",TRUE
"Comparator",300,"Skew-normal",303,"Imai quasi-Bayes",TRUE
"Comparator",300,"Skew-normal",303,"Imai bootstrap",TRUE
"Comparator",300,"Skew-normal",303,"medflex NEM",TRUE
"Comparator",300,"Asymmetric mixture",303,"OLS",TRUE
"Comparator",300,"Asymmetric mixture",303,"Semiparametric",TRUE
"Comparator",300,"Asymmetric mixture",303,"Imai quasi-Bayes",TRUE
"Comparator",300,"Asymmetric mixture",303,"Imai bootstrap",TRUE
"Comparator",300,"Asymmetric mixture",303,"medflex NEM",TRUE
"Comparator",300,"Symmetric bimodal",303,"OLS",TRUE
"Comparator",300,"Symmetric bimodal",303,"Semiparametric",TRUE
"Comparator",300,"Symmetric bimodal",303,"Imai quasi-Bayes",TRUE
"Comparator",300,"Symmetric bimodal",303,"Imai bootstrap",TRUE
"Comparator",300,"Symmetric bimodal",303,"medflex NEM",TRUE
"Comparator",300,"Gaussian",304,"OLS",TRUE
"Comparator",300,"Gaussian",304,"Semiparametric",TRUE
"Comparator",300,"Gaussian",304,"Imai quasi-Bayes",TRUE
"Comparator",300,"Gaussian",304,"Imai bootstrap",TRUE
"Comparator",300,"Gaussian",304,"medflex NEM",TRUE
"Comparator",300,"Skew-normal",304,"OLS",TRUE
"Comparator",300,"Skew-normal",304,"Semiparametric",TRUE
"Comparator",300,"Skew-normal",304,"Imai quasi-Bayes",TRUE
"Comparator",300,"Skew-normal",304,"Imai bootstrap",TRUE
"Comparator",300,"Skew-normal",304,"medflex NEM",TRUE
"Comparator",300,"Asymmetric mixture",304,"OLS",TRUE
"Comparator",300,"Asymmetric mixture",304,"Semiparametric",TRUE
"Comparator",300,"Asymmetric mixture",304,"Imai quasi-Bayes",TRUE
"Comparator",300,"Asymmetric mixture",304,"Imai bootstrap",TRUE
"Comparator",300,"Asymmetric mixture",304,"medflex NEM",TRUE
"Comparator",300,"Symmetric bimodal",304,"OLS",TRUE
"Comparator",300,"Symmetric bimodal",304,"Semiparametric",TRUE
"Comparator",300,"Symmetric bimodal",304,"Imai quasi-Bayes",TRUE
"Comparator",300,"Symmetric bimodal",304,"Imai bootstrap",TRUE
"Comparator",300,"Symmetric bimodal",304,"medflex NEM",TRUE
"Comparator",300,"Gaussian",305,"OLS",TRUE
"Comparator",300,"Gaussian",305,"Semiparametric",TRUE
"Comparator",300,"Gaussian",305,"Imai quasi-Bayes",TRUE
"Comparator",300,"Gaussian",305,"Imai bootstrap",TRUE
"Comparator",300,"Gaussian",305,"medflex NEM",TRUE
"Comparator",300,"Skew-normal",305,"OLS",TRUE
"Comparator",300,"Skew-normal",305,"Semiparametric",TRUE
"Comparator",300,"Skew-normal",305,"Imai quasi-Bayes",TRUE
"Comparator",300,"Skew-normal",305,"Imai bootstrap",TRUE
"Comparator",300,"Skew-normal",305,"medflex NEM",TRUE
"Comparator",300,"Asymmetric mixture",305,"OLS",TRUE
"Comparator",300,"Asymmetric mixture",305,"Semiparametric",FALSE
"Comparator",300,"Asymmetric mixture",305,"Imai quasi-Bayes",TRUE
"Comparator",300,"Asymmetric mixture",305,"Imai bootstrap",TRUE
"Comparator",300,"Asymmetric mixture",305,"medflex NEM",TRUE
"Comparator",300,"Symmetric bimodal",305,"OLS",TRUE
"Comparator",300,"Symmetric bimodal",305,"Semiparametric",TRUE
"Comparator",300,"Symmetric bimodal",305,"Imai quasi-Bayes",TRUE
"Comparator",300,"Symmetric bimodal",305,"Imai bootstrap",TRUE
"Comparator",300,"Symmetric bimodal",305,"medflex NEM",TRUE
"Comparator",300,"Gaussian",306,"OLS",TRUE
"Comparator",300,"Gaussian",306,"Semiparametric",TRUE
"Comparator",300,"Gaussian",306,"Imai quasi-Bayes",TRUE
"Comparator",300,"Gaussian",306,"Imai bootstrap",TRUE
"Comparator",300,"Gaussian",306,"medflex NEM",TRUE
"Comparator",300,"Skew-normal",306,"OLS",TRUE
"Comparator",300,"Skew-normal",306,"Semiparametric",TRUE
"Comparator",300,"Skew-normal",306,"Imai quasi-Bayes",TRUE
"Comparator",300,"Skew-normal",306,"Imai bootstrap",TRUE
"Comparator",300,"Skew-normal",306,"medflex NEM",TRUE
"Comparator",300,"Asymmetric mixture",306,"OLS",TRUE
"Comparator",300,"Asymmetric mixture",306,"Semiparametric",TRUE
"Comparator",300,"Asymmetric mixture",306,"Imai quasi-Bayes",TRUE
"Comparator",300,"Asymmetric mixture",306,"Imai bootstrap",TRUE
"Comparator",300,"Asymmetric mixture",306,"medflex NEM",TRUE
"Comparator",300,"Symmetric bimodal",306,"OLS",TRUE
"Comparator",300,"Symmetric bimodal",306,"Semiparametric",TRUE
"Comparator",300,"Symmetric bimodal",306,"Imai quasi-Bayes",TRUE
"Comparator",300,"Symmetric bimodal",306,"Imai bootstrap",TRUE
"Comparator",300,"Symmetric bimodal",306,"medflex NEM",TRUE
"Comparator",300,"Gaussian",307,"OLS",TRUE
"Comparator",300,"Gaussian",307,"Semiparametric",TRUE
"Comparator",300,"Gaussian",307,"Imai quasi-Bayes",TRUE
"Comparator",300,"Gaussian",307,"Imai bootstrap",TRUE
"Comparator",300,"Gaussian",307,"medflex NEM",TRUE
"Comparator",300,"Skew-normal",307,"OLS",TRUE
"Comparator",300,"Skew-normal",307,"Semiparametric",TRUE
"Comparator",300,"Skew-normal",307,"Imai quasi-Bayes",TRUE
"Comparator",300,"Skew-normal",307,"Imai bootstrap",TRUE
"Comparator",300,"Skew-normal",307,"medflex NEM",TRUE
"Comparator",300,"Asymmetric mixture",307,"OLS",TRUE
"Comparator",300,"Asymmetric mixture",307,"Semiparametric",TRUE
"Comparator",300,"Asymmetric mixture",307,"Imai quasi-Bayes",TRUE
"Comparator",300,"Asymmetric mixture",307,"Imai bootstrap",TRUE
"Comparator",300,"Asymmetric mixture",307,"medflex NEM",TRUE
"Comparator",300,"Symmetric bimodal",307,"OLS",TRUE
"Comparator",300,"Symmetric bimodal",307,"Semiparametric",TRUE
"Comparator",300,"Symmetric bimodal",307,"Imai quasi-Bayes",TRUE
"Comparator",300,"Symmetric bimodal",307,"Imai bootstrap",TRUE
"Comparator",300,"Symmetric bimodal",307,"medflex NEM",TRUE
"Comparator",300,"Gaussian",308,"OLS",TRUE
"Comparator",300,"Gaussian",308,"Semiparametric",TRUE
"Comparator",300,"Gaussian",308,"Imai quasi-Bayes",TRUE
"Comparator",300,"Gaussian",308,"Imai bootstrap",TRUE
"Comparator",300,"Gaussian",308,"medflex NEM",TRUE
"Comparator",300,"Skew-normal",308,"OLS",TRUE
"Comparator",300,"Skew-normal",308,"Semiparametric",TRUE
"Comparator",300,"Skew-normal",308,"Imai quasi-Bayes",TRUE
"Comparator",300,"Skew-normal",308,"Imai bootstrap",TRUE
"Comparator",300,"Skew-normal",308,"medflex NEM",TRUE
"Comparator",300,"Asymmetric mixture",308,"OLS",TRUE
"Comparator",300,"Asymmetric mixture",308,"Semiparametric",TRUE
"Comparator",300,"Asymmetric mixture",308,"Imai quasi-Bayes",TRUE
"Comparator",300,"Asymmetric mixture",308,"Imai bootstrap",TRUE
"Comparator",300,"Asymmetric mixture",308,"medflex NEM",TRUE
"Comparator",300,"Symmetric bimodal",308,"OLS",TRUE
"Comparator",300,"Symmetric bimodal",308,"Semiparametric",TRUE
"Comparator",300,"Symmetric bimodal",308,"Imai quasi-Bayes",TRUE
"Comparator",300,"Symmetric bimodal",308,"Imai bootstrap",TRUE
"Comparator",300,"Symmetric bimodal",308,"medflex NEM",TRUE
"Comparator",300,"Gaussian",309,"OLS",TRUE
"Comparator",300,"Gaussian",309,"Semiparametric",TRUE
"Comparator",300,"Gaussian",309,"Imai quasi-Bayes",TRUE
"Comparator",300,"Gaussian",309,"Imai bootstrap",TRUE
"Comparator",300,"Gaussian",309,"medflex NEM",TRUE
"Comparator",300,"Skew-normal",309,"OLS",TRUE
"Comparator",300,"Skew-normal",309,"Semiparametric",TRUE
"Comparator",300,"Skew-normal",309,"Imai quasi-Bayes",TRUE
"Comparator",300,"Skew-normal",309,"Imai bootstrap",TRUE
"Comparator",300,"Skew-normal",309,"medflex NEM",TRUE
"Comparator",300,"Asymmetric mixture",309,"OLS",TRUE
"Comparator",300,"Asymmetric mixture",309,"Semiparametric",TRUE
"Comparator",300,"Asymmetric mixture",309,"Imai quasi-Bayes",TRUE
"Comparator",300,"Asymmetric mixture",309,"Imai bootstrap",TRUE
"Comparator",300,"Asymmetric mixture",309,"medflex NEM",TRUE
"Comparator",300,"Symmetric bimodal",309,"OLS",TRUE
"Comparator",300,"Symmetric bimodal",309,"Semiparametric",TRUE
"Comparator",300,"Symmetric bimodal",309,"Imai quasi-Bayes",TRUE
"Comparator",300,"Symmetric bimodal",309,"Imai bootstrap",TRUE
"Comparator",300,"Symmetric bimodal",309,"medflex NEM",TRUE
"Comparator",300,"Gaussian",310,"OLS",TRUE
"Comparator",300,"Gaussian",310,"Semiparametric",TRUE
"Comparator",300,"Gaussian",310,"Imai quasi-Bayes",TRUE
"Comparator",300,"Gaussian",310,"Imai bootstrap",TRUE
"Comparator",300,"Gaussian",310,"medflex NEM",TRUE
"Comparator",300,"Skew-normal",310,"OLS",TRUE
"Comparator",300,"Skew-normal",310,"Semiparametric",TRUE
"Comparator",300,"Skew-normal",310,"Imai quasi-Bayes",TRUE
"Comparator",300,"Skew-normal",310,"Imai bootstrap",TRUE
"Comparator",300,"Skew-normal",310,"medflex NEM",TRUE
"Comparator",300,"Asymmetric mixture",310,"OLS",TRUE
"Comparator",300,"Asymmetric mixture",310,"Semiparametric",TRUE
"Comparator",300,"Asymmetric mixture",310,"Imai quasi-Bayes",TRUE
"Comparator",300,"Asymmetric mixture",310,"Imai bootstrap",TRUE
"Comparator",300,"Asymmetric mixture",310,"medflex NEM",TRUE
"Comparator",300,"Symmetric bimodal",310,"OLS",TRUE
"Comparator",300,"Symmetric bimodal",310,"Semiparametric",TRUE
"Comparator",300,"Symmetric bimodal",310,"Imai quasi-Bayes",TRUE
"Comparator",300,"Symmetric bimodal",310,"Imai bootstrap",TRUE
"Comparator",300,"Symmetric bimodal",310,"medflex NEM",TRUE
"Comparator",300,"Gaussian",311,"OLS",TRUE
"Comparator",300,"Gaussian",311,"Semiparametric",TRUE
"Comparator",300,"Gaussian",311,"Imai quasi-Bayes",TRUE
"Comparator",300,"Gaussian",311,"Imai bootstrap",TRUE
"Comparator",300,"Gaussian",311,"medflex NEM",TRUE
"Comparator",300,"Skew-normal",311,"OLS",TRUE
"Comparator",300,"Skew-normal",311,"Semiparametric",TRUE
"Comparator",300,"Skew-normal",311,"Imai quasi-Bayes",TRUE
"Comparator",300,"Skew-normal",311,"Imai bootstrap",TRUE
"Comparator",300,"Skew-normal",311,"medflex NEM",TRUE
"Comparator",300,"Asymmetric mixture",311,"OLS",TRUE
"Comparator",300,"Asymmetric mixture",311,"Semiparametric",TRUE
"Comparator",300,"Asymmetric mixture",311,"Imai quasi-Bayes",TRUE
"Comparator",300,"Asymmetric mixture",311,"Imai bootstrap",TRUE
"Comparator",300,"Asymmetric mixture",311,"medflex NEM",TRUE
"Comparator",300,"Symmetric bimodal",311,"OLS",TRUE
"Comparator",300,"Symmetric bimodal",311,"Semiparametric",TRUE
"Comparator",300,"Symmetric bimodal",311,"Imai quasi-Bayes",TRUE
"Comparator",300,"Symmetric bimodal",311,"Imai bootstrap",TRUE
"Comparator",300,"Symmetric bimodal",311,"medflex NEM",TRUE
"Comparator",300,"Gaussian",312,"OLS",TRUE
"Comparator",300,"Gaussian",312,"Semiparametric",TRUE
"Comparator",300,"Gaussian",312,"Imai quasi-Bayes",TRUE
"Comparator",300,"Gaussian",312,"Imai bootstrap",TRUE
"Comparator",300,"Gaussian",312,"medflex NEM",TRUE
"Comparator",300,"Skew-normal",312,"OLS",TRUE
"Comparator",300,"Skew-normal",312,"Semiparametric",TRUE
"Comparator",300,"Skew-normal",312,"Imai quasi-Bayes",TRUE
"Comparator",300,"Skew-normal",312,"Imai bootstrap",TRUE
"Comparator",300,"Skew-normal",312,"medflex NEM",TRUE
"Comparator",300,"Asymmetric mixture",312,"OLS",TRUE
"Comparator",300,"Asymmetric mixture",312,"Semiparametric",TRUE
"Comparator",300,"Asymmetric mixture",312,"Imai quasi-Bayes",TRUE
"Comparator",300,"Asymmetric mixture",312,"Imai bootstrap",TRUE
"Comparator",300,"Asymmetric mixture",312,"medflex NEM",TRUE
"Comparator",300,"Symmetric bimodal",312,"OLS",TRUE
"Comparator",300,"Symmetric bimodal",312,"Semiparametric",TRUE
"Comparator",300,"Symmetric bimodal",312,"Imai quasi-Bayes",TRUE
"Comparator",300,"Symmetric bimodal",312,"Imai bootstrap",TRUE
"Comparator",300,"Symmetric bimodal",312,"medflex NEM",TRUE
"Comparator",300,"Gaussian",313,"OLS",TRUE
"Comparator",300,"Gaussian",313,"Semiparametric",TRUE
"Comparator",300,"Gaussian",313,"Imai quasi-Bayes",TRUE
"Comparator",300,"Gaussian",313,"Imai bootstrap",TRUE
"Comparator",300,"Gaussian",313,"medflex NEM",TRUE
"Comparator",300,"Skew-normal",313,"OLS",TRUE
"Comparator",300,"Skew-normal",313,"Semiparametric",TRUE
"Comparator",300,"Skew-normal",313,"Imai quasi-Bayes",TRUE
"Comparator",300,"Skew-normal",313,"Imai bootstrap",TRUE
"Comparator",300,"Skew-normal",313,"medflex NEM",TRUE
"Comparator",300,"Asymmetric mixture",313,"OLS",TRUE
"Comparator",300,"Asymmetric mixture",313,"Semiparametric",TRUE
"Comparator",300,"Asymmetric mixture",313,"Imai quasi-Bayes",TRUE
"Comparator",300,"Asymmetric mixture",313,"Imai bootstrap",TRUE
"Comparator",300,"Asymmetric mixture",313,"medflex NEM",TRUE
"Comparator",300,"Symmetric bimodal",313,"OLS",TRUE
"Comparator",300,"Symmetric bimodal",313,"Semiparametric",TRUE
"Comparator",300,"Symmetric bimodal",313,"Imai quasi-Bayes",TRUE
"Comparator",300,"Symmetric bimodal",313,"Imai bootstrap",TRUE
"Comparator",300,"Symmetric bimodal",313,"medflex NEM",TRUE
"Comparator",300,"Gaussian",314,"OLS",TRUE
"Comparator",300,"Gaussian",314,"Semiparametric",TRUE
"Comparator",300,"Gaussian",314,"Imai quasi-Bayes",TRUE
"Comparator",300,"Gaussian",314,"Imai bootstrap",TRUE
"Comparator",300,"Gaussian",314,"medflex NEM",TRUE
"Comparator",300,"Skew-normal",314,"OLS",TRUE
"Comparator",300,"Skew-normal",314,"Semiparametric",TRUE
"Comparator",300,"Skew-normal",314,"Imai quasi-Bayes",TRUE
"Comparator",300,"Skew-normal",314,"Imai bootstrap",TRUE
"Comparator",300,"Skew-normal",314,"medflex NEM",TRUE
"Comparator",300,"Asymmetric mixture",314,"OLS",TRUE
"Comparator",300,"Asymmetric mixture",314,"Semiparametric",TRUE
"Comparator",300,"Asymmetric mixture",314,"Imai quasi-Bayes",TRUE
"Comparator",300,"Asymmetric mixture",314,"Imai bootstrap",TRUE
"Comparator",300,"Asymmetric mixture",314,"medflex NEM",TRUE
"Comparator",300,"Symmetric bimodal",314,"OLS",TRUE
"Comparator",300,"Symmetric bimodal",314,"Semiparametric",TRUE
"Comparator",300,"Symmetric bimodal",314,"Imai quasi-Bayes",TRUE
"Comparator",300,"Symmetric bimodal",314,"Imai bootstrap",TRUE
"Comparator",300,"Symmetric bimodal",314,"medflex NEM",TRUE
"Comparator",300,"Gaussian",315,"OLS",TRUE
"Comparator",300,"Gaussian",315,"Semiparametric",TRUE
"Comparator",300,"Gaussian",315,"Imai quasi-Bayes",TRUE
"Comparator",300,"Gaussian",315,"Imai bootstrap",TRUE
"Comparator",300,"Gaussian",315,"medflex NEM",TRUE
"Comparator",300,"Skew-normal",315,"OLS",TRUE
"Comparator",300,"Skew-normal",315,"Semiparametric",TRUE
"Comparator",300,"Skew-normal",315,"Imai quasi-Bayes",TRUE
"Comparator",300,"Skew-normal",315,"Imai bootstrap",TRUE
"Comparator",300,"Skew-normal",315,"medflex NEM",TRUE
"Comparator",300,"Asymmetric mixture",315,"OLS",TRUE
"Comparator",300,"Asymmetric mixture",315,"Semiparametric",TRUE
"Comparator",300,"Asymmetric mixture",315,"Imai quasi-Bayes",TRUE
"Comparator",300,"Asymmetric mixture",315,"Imai bootstrap",TRUE
"Comparator",300,"Asymmetric mixture",315,"medflex NEM",TRUE
"Comparator",300,"Symmetric bimodal",315,"OLS",TRUE
"Comparator",300,"Symmetric bimodal",315,"Semiparametric",TRUE
"Comparator",300,"Symmetric bimodal",315,"Imai quasi-Bayes",TRUE
"Comparator",300,"Symmetric bimodal",315,"Imai bootstrap",TRUE
"Comparator",300,"Symmetric bimodal",315,"medflex NEM",TRUE
"Comparator",300,"Gaussian",316,"OLS",TRUE
"Comparator",300,"Gaussian",316,"Semiparametric",TRUE
"Comparator",300,"Gaussian",316,"Imai quasi-Bayes",TRUE
"Comparator",300,"Gaussian",316,"Imai bootstrap",TRUE
"Comparator",300,"Gaussian",316,"medflex NEM",TRUE
"Comparator",300,"Skew-normal",316,"OLS",TRUE
"Comparator",300,"Skew-normal",316,"Semiparametric",TRUE
"Comparator",300,"Skew-normal",316,"Imai quasi-Bayes",TRUE
"Comparator",300,"Skew-normal",316,"Imai bootstrap",TRUE
"Comparator",300,"Skew-normal",316,"medflex NEM",TRUE
"Comparator",300,"Asymmetric mixture",316,"OLS",TRUE
"Comparator",300,"Asymmetric mixture",316,"Semiparametric",TRUE
"Comparator",300,"Asymmetric mixture",316,"Imai quasi-Bayes",TRUE
"Comparator",300,"Asymmetric mixture",316,"Imai bootstrap",TRUE
"Comparator",300,"Asymmetric mixture",316,"medflex NEM",TRUE
"Comparator",300,"Symmetric bimodal",316,"OLS",TRUE
"Comparator",300,"Symmetric bimodal",316,"Semiparametric",TRUE
"Comparator",300,"Symmetric bimodal",316,"Imai quasi-Bayes",TRUE
"Comparator",300,"Symmetric bimodal",316,"Imai bootstrap",TRUE
"Comparator",300,"Symmetric bimodal",316,"medflex NEM",TRUE
"Comparator",300,"Gaussian",317,"OLS",TRUE
"Comparator",300,"Gaussian",317,"Semiparametric",TRUE
"Comparator",300,"Gaussian",317,"Imai quasi-Bayes",TRUE
"Comparator",300,"Gaussian",317,"Imai bootstrap",TRUE
"Comparator",300,"Gaussian",317,"medflex NEM",TRUE
"Comparator",300,"Skew-normal",317,"OLS",TRUE
"Comparator",300,"Skew-normal",317,"Semiparametric",TRUE
"Comparator",300,"Skew-normal",317,"Imai quasi-Bayes",TRUE
"Comparator",300,"Skew-normal",317,"Imai bootstrap",TRUE
"Comparator",300,"Skew-normal",317,"medflex NEM",TRUE
"Comparator",300,"Asymmetric mixture",317,"OLS",TRUE
"Comparator",300,"Asymmetric mixture",317,"Semiparametric",TRUE
"Comparator",300,"Asymmetric mixture",317,"Imai quasi-Bayes",TRUE
"Comparator",300,"Asymmetric mixture",317,"Imai bootstrap",TRUE
"Comparator",300,"Asymmetric mixture",317,"medflex NEM",TRUE
"Comparator",300,"Symmetric bimodal",317,"OLS",TRUE
"Comparator",300,"Symmetric bimodal",317,"Semiparametric",TRUE
"Comparator",300,"Symmetric bimodal",317,"Imai quasi-Bayes",TRUE
"Comparator",300,"Symmetric bimodal",317,"Imai bootstrap",TRUE
"Comparator",300,"Symmetric bimodal",317,"medflex NEM",TRUE
"Comparator",300,"Gaussian",318,"OLS",TRUE
"Comparator",300,"Gaussian",318,"Semiparametric",TRUE
"Comparator",300,"Gaussian",318,"Imai quasi-Bayes",TRUE
"Comparator",300,"Gaussian",318,"Imai bootstrap",TRUE
"Comparator",300,"Gaussian",318,"medflex NEM",TRUE
"Comparator",300,"Skew-normal",318,"OLS",TRUE
"Comparator",300,"Skew-normal",318,"Semiparametric",TRUE
"Comparator",300,"Skew-normal",318,"Imai quasi-Bayes",TRUE
"Comparator",300,"Skew-normal",318,"Imai bootstrap",TRUE
"Comparator",300,"Skew-normal",318,"medflex NEM",TRUE
"Comparator",300,"Asymmetric mixture",318,"OLS",TRUE
"Comparator",300,"Asymmetric mixture",318,"Semiparametric",TRUE
"Comparator",300,"Asymmetric mixture",318,"Imai quasi-Bayes",TRUE
"Comparator",300,"Asymmetric mixture",318,"Imai bootstrap",TRUE
"Comparator",300,"Asymmetric mixture",318,"medflex NEM",TRUE
"Comparator",300,"Symmetric bimodal",318,"OLS",TRUE
"Comparator",300,"Symmetric bimodal",318,"Semiparametric",TRUE
"Comparator",300,"Symmetric bimodal",318,"Imai quasi-Bayes",TRUE
"Comparator",300,"Symmetric bimodal",318,"Imai bootstrap",TRUE
"Comparator",300,"Symmetric bimodal",318,"medflex NEM",TRUE
"Comparator",300,"Gaussian",319,"OLS",TRUE
"Comparator",300,"Gaussian",319,"Semiparametric",TRUE
"Comparator",300,"Gaussian",319,"Imai quasi-Bayes",TRUE
"Comparator",300,"Gaussian",319,"Imai bootstrap",TRUE
"Comparator",300,"Gaussian",319,"medflex NEM",TRUE
"Comparator",300,"Skew-normal",319,"OLS",TRUE
"Comparator",300,"Skew-normal",319,"Semiparametric",TRUE
"Comparator",300,"Skew-normal",319,"Imai quasi-Bayes",TRUE
"Comparator",300,"Skew-normal",319,"Imai bootstrap",TRUE
"Comparator",300,"Skew-normal",319,"medflex NEM",TRUE
"Comparator",300,"Asymmetric mixture",319,"OLS",TRUE
"Comparator",300,"Asymmetric mixture",319,"Semiparametric",TRUE
"Comparator",300,"Asymmetric mixture",319,"Imai quasi-Bayes",TRUE
"Comparator",300,"Asymmetric mixture",319,"Imai bootstrap",TRUE
"Comparator",300,"Asymmetric mixture",319,"medflex NEM",TRUE
"Comparator",300,"Symmetric bimodal",319,"OLS",TRUE
"Comparator",300,"Symmetric bimodal",319,"Semiparametric",TRUE
"Comparator",300,"Symmetric bimodal",319,"Imai quasi-Bayes",TRUE
"Comparator",300,"Symmetric bimodal",319,"Imai bootstrap",TRUE
"Comparator",300,"Symmetric bimodal",319,"medflex NEM",TRUE
"Comparator",300,"Gaussian",320,"OLS",TRUE
"Comparator",300,"Gaussian",320,"Semiparametric",TRUE
"Comparator",300,"Gaussian",320,"Imai quasi-Bayes",TRUE
"Comparator",300,"Gaussian",320,"Imai bootstrap",TRUE
"Comparator",300,"Gaussian",320,"medflex NEM",TRUE
"Comparator",300,"Skew-normal",320,"OLS",TRUE
"Comparator",300,"Skew-normal",320,"Semiparametric",TRUE
"Comparator",300,"Skew-normal",320,"Imai quasi-Bayes",TRUE
"Comparator",300,"Skew-normal",320,"Imai bootstrap",TRUE
"Comparator",300,"Skew-normal",320,"medflex NEM",TRUE
"Comparator",300,"Asymmetric mixture",320,"OLS",TRUE
"Comparator",300,"Asymmetric mixture",320,"Semiparametric",TRUE
"Comparator",300,"Asymmetric mixture",320,"Imai quasi-Bayes",TRUE
"Comparator",300,"Asymmetric mixture",320,"Imai bootstrap",TRUE
"Comparator",300,"Asymmetric mixture",320,"medflex NEM",TRUE
"Comparator",300,"Symmetric bimodal",320,"OLS",TRUE
"Comparator",300,"Symmetric bimodal",320,"Semiparametric",FALSE
"Comparator",300,"Symmetric bimodal",320,"Imai quasi-Bayes",TRUE
"Comparator",300,"Symmetric bimodal",320,"Imai bootstrap",TRUE
"Comparator",300,"Symmetric bimodal",320,"medflex NEM",TRUE
"Comparator",300,"Gaussian",321,"OLS",TRUE
"Comparator",300,"Gaussian",321,"Semiparametric",TRUE
"Comparator",300,"Gaussian",321,"Imai quasi-Bayes",TRUE
"Comparator",300,"Gaussian",321,"Imai bootstrap",TRUE
"Comparator",300,"Gaussian",321,"medflex NEM",TRUE
"Comparator",300,"Skew-normal",321,"OLS",TRUE
"Comparator",300,"Skew-normal",321,"Semiparametric",TRUE
"Comparator",300,"Skew-normal",321,"Imai quasi-Bayes",TRUE
"Comparator",300,"Skew-normal",321,"Imai bootstrap",TRUE
"Comparator",300,"Skew-normal",321,"medflex NEM",TRUE
"Comparator",300,"Asymmetric mixture",321,"OLS",TRUE
"Comparator",300,"Asymmetric mixture",321,"Semiparametric",TRUE
"Comparator",300,"Asymmetric mixture",321,"Imai quasi-Bayes",TRUE
"Comparator",300,"Asymmetric mixture",321,"Imai bootstrap",TRUE
"Comparator",300,"Asymmetric mixture",321,"medflex NEM",TRUE
"Comparator",300,"Symmetric bimodal",321,"OLS",TRUE
"Comparator",300,"Symmetric bimodal",321,"Semiparametric",TRUE
"Comparator",300,"Symmetric bimodal",321,"Imai quasi-Bayes",TRUE
"Comparator",300,"Symmetric bimodal",321,"Imai bootstrap",TRUE
"Comparator",300,"Symmetric bimodal",321,"medflex NEM",TRUE
"Comparator",300,"Gaussian",322,"OLS",TRUE
"Comparator",300,"Gaussian",322,"Semiparametric",TRUE
"Comparator",300,"Gaussian",322,"Imai quasi-Bayes",TRUE
"Comparator",300,"Gaussian",322,"Imai bootstrap",TRUE
"Comparator",300,"Gaussian",322,"medflex NEM",TRUE
"Comparator",300,"Skew-normal",322,"OLS",TRUE
"Comparator",300,"Skew-normal",322,"Semiparametric",TRUE
"Comparator",300,"Skew-normal",322,"Imai quasi-Bayes",TRUE
"Comparator",300,"Skew-normal",322,"Imai bootstrap",TRUE
"Comparator",300,"Skew-normal",322,"medflex NEM",TRUE
"Comparator",300,"Asymmetric mixture",322,"OLS",TRUE
"Comparator",300,"Asymmetric mixture",322,"Semiparametric",TRUE
"Comparator",300,"Asymmetric mixture",322,"Imai quasi-Bayes",TRUE
"Comparator",300,"Asymmetric mixture",322,"Imai bootstrap",TRUE
"Comparator",300,"Asymmetric mixture",322,"medflex NEM",TRUE
"Comparator",300,"Symmetric bimodal",322,"OLS",TRUE
"Comparator",300,"Symmetric bimodal",322,"Semiparametric",TRUE
"Comparator",300,"Symmetric bimodal",322,"Imai quasi-Bayes",TRUE
"Comparator",300,"Symmetric bimodal",322,"Imai bootstrap",TRUE
"Comparator",300,"Symmetric bimodal",322,"medflex NEM",TRUE
"Comparator",300,"Gaussian",323,"OLS",TRUE
"Comparator",300,"Gaussian",323,"Semiparametric",TRUE
"Comparator",300,"Gaussian",323,"Imai quasi-Bayes",TRUE
"Comparator",300,"Gaussian",323,"Imai bootstrap",TRUE
"Comparator",300,"Gaussian",323,"medflex NEM",TRUE
"Comparator",300,"Skew-normal",323,"OLS",TRUE
"Comparator",300,"Skew-normal",323,"Semiparametric",TRUE
"Comparator",300,"Skew-normal",323,"Imai quasi-Bayes",TRUE
"Comparator",300,"Skew-normal",323,"Imai bootstrap",TRUE
"Comparator",300,"Skew-normal",323,"medflex NEM",TRUE
"Comparator",300,"Asymmetric mixture",323,"OLS",TRUE
"Comparator",300,"Asymmetric mixture",323,"Semiparametric",TRUE
"Comparator",300,"Asymmetric mixture",323,"Imai quasi-Bayes",TRUE
"Comparator",300,"Asymmetric mixture",323,"Imai bootstrap",TRUE
"Comparator",300,"Asymmetric mixture",323,"medflex NEM",TRUE
"Comparator",300,"Symmetric bimodal",323,"OLS",TRUE
"Comparator",300,"Symmetric bimodal",323,"Semiparametric",TRUE
"Comparator",300,"Symmetric bimodal",323,"Imai quasi-Bayes",TRUE
"Comparator",300,"Symmetric bimodal",323,"Imai bootstrap",TRUE
"Comparator",300,"Symmetric bimodal",323,"medflex NEM",TRUE
"Comparator",300,"Gaussian",324,"OLS",TRUE
"Comparator",300,"Gaussian",324,"Semiparametric",TRUE
"Comparator",300,"Gaussian",324,"Imai quasi-Bayes",TRUE
"Comparator",300,"Gaussian",324,"Imai bootstrap",TRUE
"Comparator",300,"Gaussian",324,"medflex NEM",TRUE
"Comparator",300,"Skew-normal",324,"OLS",TRUE
"Comparator",300,"Skew-normal",324,"Semiparametric",TRUE
"Comparator",300,"Skew-normal",324,"Imai quasi-Bayes",TRUE
"Comparator",300,"Skew-normal",324,"Imai bootstrap",TRUE
"Comparator",300,"Skew-normal",324,"medflex NEM",TRUE
"Comparator",300,"Asymmetric mixture",324,"OLS",TRUE
"Comparator",300,"Asymmetric mixture",324,"Semiparametric",TRUE
"Comparator",300,"Asymmetric mixture",324,"Imai quasi-Bayes",TRUE
"Comparator",300,"Asymmetric mixture",324,"Imai bootstrap",TRUE
"Comparator",300,"Asymmetric mixture",324,"medflex NEM",TRUE
"Comparator",300,"Symmetric bimodal",324,"OLS",TRUE
"Comparator",300,"Symmetric bimodal",324,"Semiparametric",TRUE
"Comparator",300,"Symmetric bimodal",324,"Imai quasi-Bayes",TRUE
"Comparator",300,"Symmetric bimodal",324,"Imai bootstrap",TRUE
"Comparator",300,"Symmetric bimodal",324,"medflex NEM",TRUE
"Comparator",300,"Gaussian",325,"OLS",TRUE
"Comparator",300,"Gaussian",325,"Semiparametric",TRUE
"Comparator",300,"Gaussian",325,"Imai quasi-Bayes",TRUE
"Comparator",300,"Gaussian",325,"Imai bootstrap",TRUE
"Comparator",300,"Gaussian",325,"medflex NEM",TRUE
"Comparator",300,"Skew-normal",325,"OLS",TRUE
"Comparator",300,"Skew-normal",325,"Semiparametric",TRUE
"Comparator",300,"Skew-normal",325,"Imai quasi-Bayes",TRUE
"Comparator",300,"Skew-normal",325,"Imai bootstrap",TRUE
"Comparator",300,"Skew-normal",325,"medflex NEM",TRUE
"Comparator",300,"Asymmetric mixture",325,"OLS",TRUE
"Comparator",300,"Asymmetric mixture",325,"Semiparametric",TRUE
"Comparator",300,"Asymmetric mixture",325,"Imai quasi-Bayes",TRUE
"Comparator",300,"Asymmetric mixture",325,"Imai bootstrap",TRUE
"Comparator",300,"Asymmetric mixture",325,"medflex NEM",TRUE
"Comparator",300,"Symmetric bimodal",325,"OLS",TRUE
"Comparator",300,"Symmetric bimodal",325,"Semiparametric",TRUE
"Comparator",300,"Symmetric bimodal",325,"Imai quasi-Bayes",TRUE
"Comparator",300,"Symmetric bimodal",325,"Imai bootstrap",TRUE
"Comparator",300,"Symmetric bimodal",325,"medflex NEM",TRUE
"Comparator",300,"Gaussian",326,"OLS",TRUE
"Comparator",300,"Gaussian",326,"Semiparametric",TRUE
"Comparator",300,"Gaussian",326,"Imai quasi-Bayes",TRUE
"Comparator",300,"Gaussian",326,"Imai bootstrap",TRUE
"Comparator",300,"Gaussian",326,"medflex NEM",TRUE
"Comparator",300,"Skew-normal",326,"OLS",TRUE
"Comparator",300,"Skew-normal",326,"Semiparametric",TRUE
"Comparator",300,"Skew-normal",326,"Imai quasi-Bayes",TRUE
"Comparator",300,"Skew-normal",326,"Imai bootstrap",TRUE
"Comparator",300,"Skew-normal",326,"medflex NEM",TRUE
"Comparator",300,"Asymmetric mixture",326,"OLS",TRUE
"Comparator",300,"Asymmetric mixture",326,"Semiparametric",TRUE
"Comparator",300,"Asymmetric mixture",326,"Imai quasi-Bayes",TRUE
"Comparator",300,"Asymmetric mixture",326,"Imai bootstrap",TRUE
"Comparator",300,"Asymmetric mixture",326,"medflex NEM",TRUE
"Comparator",300,"Symmetric bimodal",326,"OLS",TRUE
"Comparator",300,"Symmetric bimodal",326,"Semiparametric",TRUE
"Comparator",300,"Symmetric bimodal",326,"Imai quasi-Bayes",TRUE
"Comparator",300,"Symmetric bimodal",326,"Imai bootstrap",TRUE
"Comparator",300,"Symmetric bimodal",326,"medflex NEM",TRUE
"Comparator",300,"Gaussian",327,"OLS",TRUE
"Comparator",300,"Gaussian",327,"Semiparametric",TRUE
"Comparator",300,"Gaussian",327,"Imai quasi-Bayes",TRUE
"Comparator",300,"Gaussian",327,"Imai bootstrap",TRUE
"Comparator",300,"Gaussian",327,"medflex NEM",TRUE
"Comparator",300,"Skew-normal",327,"OLS",TRUE
"Comparator",300,"Skew-normal",327,"Semiparametric",TRUE
"Comparator",300,"Skew-normal",327,"Imai quasi-Bayes",TRUE
"Comparator",300,"Skew-normal",327,"Imai bootstrap",TRUE
"Comparator",300,"Skew-normal",327,"medflex NEM",TRUE
"Comparator",300,"Asymmetric mixture",327,"OLS",TRUE
"Comparator",300,"Asymmetric mixture",327,"Semiparametric",TRUE
"Comparator",300,"Asymmetric mixture",327,"Imai quasi-Bayes",TRUE
"Comparator",300,"Asymmetric mixture",327,"Imai bootstrap",TRUE
"Comparator",300,"Asymmetric mixture",327,"medflex NEM",TRUE
"Comparator",300,"Symmetric bimodal",327,"OLS",TRUE
"Comparator",300,"Symmetric bimodal",327,"Semiparametric",TRUE
"Comparator",300,"Symmetric bimodal",327,"Imai quasi-Bayes",TRUE
"Comparator",300,"Symmetric bimodal",327,"Imai bootstrap",TRUE
"Comparator",300,"Symmetric bimodal",327,"medflex NEM",TRUE
"Comparator",300,"Gaussian",328,"OLS",TRUE
"Comparator",300,"Gaussian",328,"Semiparametric",TRUE
"Comparator",300,"Gaussian",328,"Imai quasi-Bayes",TRUE
"Comparator",300,"Gaussian",328,"Imai bootstrap",TRUE
"Comparator",300,"Gaussian",328,"medflex NEM",TRUE
"Comparator",300,"Skew-normal",328,"OLS",TRUE
"Comparator",300,"Skew-normal",328,"Semiparametric",TRUE
"Comparator",300,"Skew-normal",328,"Imai quasi-Bayes",TRUE
"Comparator",300,"Skew-normal",328,"Imai bootstrap",TRUE
"Comparator",300,"Skew-normal",328,"medflex NEM",TRUE
"Comparator",300,"Asymmetric mixture",328,"OLS",TRUE
"Comparator",300,"Asymmetric mixture",328,"Semiparametric",TRUE
"Comparator",300,"Asymmetric mixture",328,"Imai quasi-Bayes",TRUE
"Comparator",300,"Asymmetric mixture",328,"Imai bootstrap",TRUE
"Comparator",300,"Asymmetric mixture",328,"medflex NEM",TRUE
"Comparator",300,"Symmetric bimodal",328,"OLS",TRUE
"Comparator",300,"Symmetric bimodal",328,"Semiparametric",TRUE
"Comparator",300,"Symmetric bimodal",328,"Imai quasi-Bayes",TRUE
"Comparator",300,"Symmetric bimodal",328,"Imai bootstrap",TRUE
"Comparator",300,"Symmetric bimodal",328,"medflex NEM",TRUE
"Comparator",300,"Gaussian",329,"OLS",TRUE
"Comparator",300,"Gaussian",329,"Semiparametric",TRUE
"Comparator",300,"Gaussian",329,"Imai quasi-Bayes",TRUE
"Comparator",300,"Gaussian",329,"Imai bootstrap",TRUE
"Comparator",300,"Gaussian",329,"medflex NEM",TRUE
"Comparator",300,"Skew-normal",329,"OLS",TRUE
"Comparator",300,"Skew-normal",329,"Semiparametric",TRUE
"Comparator",300,"Skew-normal",329,"Imai quasi-Bayes",TRUE
"Comparator",300,"Skew-normal",329,"Imai bootstrap",TRUE
"Comparator",300,"Skew-normal",329,"medflex NEM",TRUE
"Comparator",300,"Asymmetric mixture",329,"OLS",TRUE
"Comparator",300,"Asymmetric mixture",329,"Semiparametric",TRUE
"Comparator",300,"Asymmetric mixture",329,"Imai quasi-Bayes",TRUE
"Comparator",300,"Asymmetric mixture",329,"Imai bootstrap",TRUE
"Comparator",300,"Asymmetric mixture",329,"medflex NEM",TRUE
"Comparator",300,"Symmetric bimodal",329,"OLS",TRUE
"Comparator",300,"Symmetric bimodal",329,"Semiparametric",TRUE
"Comparator",300,"Symmetric bimodal",329,"Imai quasi-Bayes",TRUE
"Comparator",300,"Symmetric bimodal",329,"Imai bootstrap",TRUE
"Comparator",300,"Symmetric bimodal",329,"medflex NEM",TRUE
"Comparator",300,"Gaussian",330,"OLS",TRUE
"Comparator",300,"Gaussian",330,"Semiparametric",TRUE
"Comparator",300,"Gaussian",330,"Imai quasi-Bayes",TRUE
"Comparator",300,"Gaussian",330,"Imai bootstrap",TRUE
"Comparator",300,"Gaussian",330,"medflex NEM",TRUE
"Comparator",300,"Skew-normal",330,"OLS",TRUE
"Comparator",300,"Skew-normal",330,"Semiparametric",TRUE
"Comparator",300,"Skew-normal",330,"Imai quasi-Bayes",TRUE
"Comparator",300,"Skew-normal",330,"Imai bootstrap",TRUE
"Comparator",300,"Skew-normal",330,"medflex NEM",TRUE
"Comparator",300,"Asymmetric mixture",330,"OLS",TRUE
"Comparator",300,"Asymmetric mixture",330,"Semiparametric",TRUE
"Comparator",300,"Asymmetric mixture",330,"Imai quasi-Bayes",TRUE
"Comparator",300,"Asymmetric mixture",330,"Imai bootstrap",TRUE
"Comparator",300,"Asymmetric mixture",330,"medflex NEM",TRUE
"Comparator",300,"Symmetric bimodal",330,"OLS",TRUE
"Comparator",300,"Symmetric bimodal",330,"Semiparametric",TRUE
"Comparator",300,"Symmetric bimodal",330,"Imai quasi-Bayes",TRUE
"Comparator",300,"Symmetric bimodal",330,"Imai bootstrap",TRUE
"Comparator",300,"Symmetric bimodal",330,"medflex NEM",TRUE
"Comparator",300,"Gaussian",331,"OLS",TRUE
"Comparator",300,"Gaussian",331,"Semiparametric",TRUE
"Comparator",300,"Gaussian",331,"Imai quasi-Bayes",TRUE
"Comparator",300,"Gaussian",331,"Imai bootstrap",TRUE
"Comparator",300,"Gaussian",331,"medflex NEM",TRUE
"Comparator",300,"Skew-normal",331,"OLS",TRUE
"Comparator",300,"Skew-normal",331,"Semiparametric",TRUE
"Comparator",300,"Skew-normal",331,"Imai quasi-Bayes",TRUE
"Comparator",300,"Skew-normal",331,"Imai bootstrap",TRUE
"Comparator",300,"Skew-normal",331,"medflex NEM",TRUE
"Comparator",300,"Asymmetric mixture",331,"OLS",TRUE
"Comparator",300,"Asymmetric mixture",331,"Semiparametric",TRUE
"Comparator",300,"Asymmetric mixture",331,"Imai quasi-Bayes",TRUE
"Comparator",300,"Asymmetric mixture",331,"Imai bootstrap",TRUE
"Comparator",300,"Asymmetric mixture",331,"medflex NEM",TRUE
"Comparator",300,"Symmetric bimodal",331,"OLS",TRUE
"Comparator",300,"Symmetric bimodal",331,"Semiparametric",TRUE
"Comparator",300,"Symmetric bimodal",331,"Imai quasi-Bayes",TRUE
"Comparator",300,"Symmetric bimodal",331,"Imai bootstrap",TRUE
"Comparator",300,"Symmetric bimodal",331,"medflex NEM",TRUE
"Comparator",300,"Gaussian",332,"OLS",TRUE
"Comparator",300,"Gaussian",332,"Semiparametric",TRUE
"Comparator",300,"Gaussian",332,"Imai quasi-Bayes",TRUE
"Comparator",300,"Gaussian",332,"Imai bootstrap",TRUE
"Comparator",300,"Gaussian",332,"medflex NEM",TRUE
"Comparator",300,"Skew-normal",332,"OLS",TRUE
"Comparator",300,"Skew-normal",332,"Semiparametric",TRUE
"Comparator",300,"Skew-normal",332,"Imai quasi-Bayes",TRUE
"Comparator",300,"Skew-normal",332,"Imai bootstrap",TRUE
"Comparator",300,"Skew-normal",332,"medflex NEM",TRUE
"Comparator",300,"Asymmetric mixture",332,"OLS",TRUE
"Comparator",300,"Asymmetric mixture",332,"Semiparametric",TRUE
"Comparator",300,"Asymmetric mixture",332,"Imai quasi-Bayes",TRUE
"Comparator",300,"Asymmetric mixture",332,"Imai bootstrap",TRUE
"Comparator",300,"Asymmetric mixture",332,"medflex NEM",TRUE
"Comparator",300,"Symmetric bimodal",332,"OLS",TRUE
"Comparator",300,"Symmetric bimodal",332,"Semiparametric",TRUE
"Comparator",300,"Symmetric bimodal",332,"Imai quasi-Bayes",TRUE
"Comparator",300,"Symmetric bimodal",332,"Imai bootstrap",TRUE
"Comparator",300,"Symmetric bimodal",332,"medflex NEM",TRUE
"Comparator",300,"Gaussian",333,"OLS",TRUE
"Comparator",300,"Gaussian",333,"Semiparametric",TRUE
"Comparator",300,"Gaussian",333,"Imai quasi-Bayes",TRUE
"Comparator",300,"Gaussian",333,"Imai bootstrap",TRUE
"Comparator",300,"Gaussian",333,"medflex NEM",TRUE
"Comparator",300,"Skew-normal",333,"OLS",TRUE
"Comparator",300,"Skew-normal",333,"Semiparametric",TRUE
"Comparator",300,"Skew-normal",333,"Imai quasi-Bayes",TRUE
"Comparator",300,"Skew-normal",333,"Imai bootstrap",TRUE
"Comparator",300,"Skew-normal",333,"medflex NEM",TRUE
"Comparator",300,"Asymmetric mixture",333,"OLS",TRUE
"Comparator",300,"Asymmetric mixture",333,"Semiparametric",TRUE
"Comparator",300,"Asymmetric mixture",333,"Imai quasi-Bayes",TRUE
"Comparator",300,"Asymmetric mixture",333,"Imai bootstrap",TRUE
"Comparator",300,"Asymmetric mixture",333,"medflex NEM",TRUE
"Comparator",300,"Symmetric bimodal",333,"OLS",TRUE
"Comparator",300,"Symmetric bimodal",333,"Semiparametric",TRUE
"Comparator",300,"Symmetric bimodal",333,"Imai quasi-Bayes",TRUE
"Comparator",300,"Symmetric bimodal",333,"Imai bootstrap",TRUE
"Comparator",300,"Symmetric bimodal",333,"medflex NEM",TRUE
"Comparator",300,"Gaussian",334,"OLS",TRUE
"Comparator",300,"Gaussian",334,"Semiparametric",TRUE
"Comparator",300,"Gaussian",334,"Imai quasi-Bayes",TRUE
"Comparator",300,"Gaussian",334,"Imai bootstrap",TRUE
"Comparator",300,"Gaussian",334,"medflex NEM",TRUE
"Comparator",300,"Skew-normal",334,"OLS",TRUE
"Comparator",300,"Skew-normal",334,"Semiparametric",TRUE
"Comparator",300,"Skew-normal",334,"Imai quasi-Bayes",TRUE
"Comparator",300,"Skew-normal",334,"Imai bootstrap",TRUE
"Comparator",300,"Skew-normal",334,"medflex NEM",TRUE
"Comparator",300,"Asymmetric mixture",334,"OLS",TRUE
"Comparator",300,"Asymmetric mixture",334,"Semiparametric",TRUE
"Comparator",300,"Asymmetric mixture",334,"Imai quasi-Bayes",TRUE
"Comparator",300,"Asymmetric mixture",334,"Imai bootstrap",TRUE
"Comparator",300,"Asymmetric mixture",334,"medflex NEM",TRUE
"Comparator",300,"Symmetric bimodal",334,"OLS",TRUE
"Comparator",300,"Symmetric bimodal",334,"Semiparametric",TRUE
"Comparator",300,"Symmetric bimodal",334,"Imai quasi-Bayes",TRUE
"Comparator",300,"Symmetric bimodal",334,"Imai bootstrap",TRUE
"Comparator",300,"Symmetric bimodal",334,"medflex NEM",TRUE
"Comparator",300,"Gaussian",335,"OLS",TRUE
"Comparator",300,"Gaussian",335,"Semiparametric",TRUE
"Comparator",300,"Gaussian",335,"Imai quasi-Bayes",TRUE
"Comparator",300,"Gaussian",335,"Imai bootstrap",TRUE
"Comparator",300,"Gaussian",335,"medflex NEM",TRUE
"Comparator",300,"Skew-normal",335,"OLS",TRUE
"Comparator",300,"Skew-normal",335,"Semiparametric",TRUE
"Comparator",300,"Skew-normal",335,"Imai quasi-Bayes",TRUE
"Comparator",300,"Skew-normal",335,"Imai bootstrap",TRUE
"Comparator",300,"Skew-normal",335,"medflex NEM",TRUE
"Comparator",300,"Asymmetric mixture",335,"OLS",TRUE
"Comparator",300,"Asymmetric mixture",335,"Semiparametric",TRUE
"Comparator",300,"Asymmetric mixture",335,"Imai quasi-Bayes",TRUE
"Comparator",300,"Asymmetric mixture",335,"Imai bootstrap",TRUE
"Comparator",300,"Asymmetric mixture",335,"medflex NEM",TRUE
"Comparator",300,"Symmetric bimodal",335,"OLS",TRUE
"Comparator",300,"Symmetric bimodal",335,"Semiparametric",TRUE
"Comparator",300,"Symmetric bimodal",335,"Imai quasi-Bayes",TRUE
"Comparator",300,"Symmetric bimodal",335,"Imai bootstrap",TRUE
"Comparator",300,"Symmetric bimodal",335,"medflex NEM",TRUE
"Comparator",300,"Gaussian",336,"OLS",TRUE
"Comparator",300,"Gaussian",336,"Semiparametric",TRUE
"Comparator",300,"Gaussian",336,"Imai quasi-Bayes",TRUE
"Comparator",300,"Gaussian",336,"Imai bootstrap",TRUE
"Comparator",300,"Gaussian",336,"medflex NEM",TRUE
"Comparator",300,"Skew-normal",336,"OLS",TRUE
"Comparator",300,"Skew-normal",336,"Semiparametric",TRUE
"Comparator",300,"Skew-normal",336,"Imai quasi-Bayes",TRUE
"Comparator",300,"Skew-normal",336,"Imai bootstrap",TRUE
"Comparator",300,"Skew-normal",336,"medflex NEM",TRUE
"Comparator",300,"Asymmetric mixture",336,"OLS",TRUE
"Comparator",300,"Asymmetric mixture",336,"Semiparametric",TRUE
"Comparator",300,"Asymmetric mixture",336,"Imai quasi-Bayes",TRUE
"Comparator",300,"Asymmetric mixture",336,"Imai bootstrap",TRUE
"Comparator",300,"Asymmetric mixture",336,"medflex NEM",TRUE
"Comparator",300,"Symmetric bimodal",336,"OLS",TRUE
"Comparator",300,"Symmetric bimodal",336,"Semiparametric",TRUE
"Comparator",300,"Symmetric bimodal",336,"Imai quasi-Bayes",TRUE
"Comparator",300,"Symmetric bimodal",336,"Imai bootstrap",TRUE
"Comparator",300,"Symmetric bimodal",336,"medflex NEM",TRUE
"Comparator",300,"Gaussian",337,"OLS",TRUE
"Comparator",300,"Gaussian",337,"Semiparametric",TRUE
"Comparator",300,"Gaussian",337,"Imai quasi-Bayes",TRUE
"Comparator",300,"Gaussian",337,"Imai bootstrap",TRUE
"Comparator",300,"Gaussian",337,"medflex NEM",TRUE
"Comparator",300,"Skew-normal",337,"OLS",TRUE
"Comparator",300,"Skew-normal",337,"Semiparametric",TRUE
"Comparator",300,"Skew-normal",337,"Imai quasi-Bayes",TRUE
"Comparator",300,"Skew-normal",337,"Imai bootstrap",TRUE
"Comparator",300,"Skew-normal",337,"medflex NEM",TRUE
"Comparator",300,"Asymmetric mixture",337,"OLS",TRUE
"Comparator",300,"Asymmetric mixture",337,"Semiparametric",TRUE
"Comparator",300,"Asymmetric mixture",337,"Imai quasi-Bayes",TRUE
"Comparator",300,"Asymmetric mixture",337,"Imai bootstrap",TRUE
"Comparator",300,"Asymmetric mixture",337,"medflex NEM",TRUE
"Comparator",300,"Symmetric bimodal",337,"OLS",TRUE
"Comparator",300,"Symmetric bimodal",337,"Semiparametric",TRUE
"Comparator",300,"Symmetric bimodal",337,"Imai quasi-Bayes",TRUE
"Comparator",300,"Symmetric bimodal",337,"Imai bootstrap",TRUE
"Comparator",300,"Symmetric bimodal",337,"medflex NEM",TRUE
"Comparator",300,"Gaussian",338,"OLS",TRUE
"Comparator",300,"Gaussian",338,"Semiparametric",TRUE
"Comparator",300,"Gaussian",338,"Imai quasi-Bayes",TRUE
"Comparator",300,"Gaussian",338,"Imai bootstrap",TRUE
"Comparator",300,"Gaussian",338,"medflex NEM",TRUE
"Comparator",300,"Skew-normal",338,"OLS",TRUE
"Comparator",300,"Skew-normal",338,"Semiparametric",TRUE
"Comparator",300,"Skew-normal",338,"Imai quasi-Bayes",TRUE
"Comparator",300,"Skew-normal",338,"Imai bootstrap",TRUE
"Comparator",300,"Skew-normal",338,"medflex NEM",TRUE
"Comparator",300,"Asymmetric mixture",338,"OLS",TRUE
"Comparator",300,"Asymmetric mixture",338,"Semiparametric",TRUE
"Comparator",300,"Asymmetric mixture",338,"Imai quasi-Bayes",TRUE
"Comparator",300,"Asymmetric mixture",338,"Imai bootstrap",TRUE
"Comparator",300,"Asymmetric mixture",338,"medflex NEM",TRUE
"Comparator",300,"Symmetric bimodal",338,"OLS",TRUE
"Comparator",300,"Symmetric bimodal",338,"Semiparametric",TRUE
"Comparator",300,"Symmetric bimodal",338,"Imai quasi-Bayes",TRUE
"Comparator",300,"Symmetric bimodal",338,"Imai bootstrap",TRUE
"Comparator",300,"Symmetric bimodal",338,"medflex NEM",TRUE
"Comparator",300,"Gaussian",339,"OLS",TRUE
"Comparator",300,"Gaussian",339,"Semiparametric",TRUE
"Comparator",300,"Gaussian",339,"Imai quasi-Bayes",TRUE
"Comparator",300,"Gaussian",339,"Imai bootstrap",TRUE
"Comparator",300,"Gaussian",339,"medflex NEM",TRUE
"Comparator",300,"Skew-normal",339,"OLS",TRUE
"Comparator",300,"Skew-normal",339,"Semiparametric",TRUE
"Comparator",300,"Skew-normal",339,"Imai quasi-Bayes",TRUE
"Comparator",300,"Skew-normal",339,"Imai bootstrap",TRUE
"Comparator",300,"Skew-normal",339,"medflex NEM",TRUE
"Comparator",300,"Asymmetric mixture",339,"OLS",TRUE
"Comparator",300,"Asymmetric mixture",339,"Semiparametric",TRUE
"Comparator",300,"Asymmetric mixture",339,"Imai quasi-Bayes",TRUE
"Comparator",300,"Asymmetric mixture",339,"Imai bootstrap",TRUE
"Comparator",300,"Asymmetric mixture",339,"medflex NEM",TRUE
"Comparator",300,"Symmetric bimodal",339,"OLS",TRUE
"Comparator",300,"Symmetric bimodal",339,"Semiparametric",TRUE
"Comparator",300,"Symmetric bimodal",339,"Imai quasi-Bayes",TRUE
"Comparator",300,"Symmetric bimodal",339,"Imai bootstrap",TRUE
"Comparator",300,"Symmetric bimodal",339,"medflex NEM",TRUE
"Comparator",300,"Gaussian",340,"OLS",TRUE
"Comparator",300,"Gaussian",340,"Semiparametric",TRUE
"Comparator",300,"Gaussian",340,"Imai quasi-Bayes",TRUE
"Comparator",300,"Gaussian",340,"Imai bootstrap",TRUE
"Comparator",300,"Gaussian",340,"medflex NEM",TRUE
"Comparator",300,"Skew-normal",340,"OLS",TRUE
"Comparator",300,"Skew-normal",340,"Semiparametric",TRUE
"Comparator",300,"Skew-normal",340,"Imai quasi-Bayes",TRUE
"Comparator",300,"Skew-normal",340,"Imai bootstrap",TRUE
"Comparator",300,"Skew-normal",340,"medflex NEM",TRUE
"Comparator",300,"Asymmetric mixture",340,"OLS",TRUE
"Comparator",300,"Asymmetric mixture",340,"Semiparametric",TRUE
"Comparator",300,"Asymmetric mixture",340,"Imai quasi-Bayes",TRUE
"Comparator",300,"Asymmetric mixture",340,"Imai bootstrap",TRUE
"Comparator",300,"Asymmetric mixture",340,"medflex NEM",TRUE
"Comparator",300,"Symmetric bimodal",340,"OLS",TRUE
"Comparator",300,"Symmetric bimodal",340,"Semiparametric",TRUE
"Comparator",300,"Symmetric bimodal",340,"Imai quasi-Bayes",TRUE
"Comparator",300,"Symmetric bimodal",340,"Imai bootstrap",TRUE
"Comparator",300,"Symmetric bimodal",340,"medflex NEM",TRUE
"Comparator",300,"Gaussian",341,"OLS",TRUE
"Comparator",300,"Gaussian",341,"Semiparametric",TRUE
"Comparator",300,"Gaussian",341,"Imai quasi-Bayes",TRUE
"Comparator",300,"Gaussian",341,"Imai bootstrap",TRUE
"Comparator",300,"Gaussian",341,"medflex NEM",TRUE
"Comparator",300,"Skew-normal",341,"OLS",TRUE
"Comparator",300,"Skew-normal",341,"Semiparametric",TRUE
"Comparator",300,"Skew-normal",341,"Imai quasi-Bayes",TRUE
"Comparator",300,"Skew-normal",341,"Imai bootstrap",TRUE
"Comparator",300,"Skew-normal",341,"medflex NEM",TRUE
"Comparator",300,"Asymmetric mixture",341,"OLS",TRUE
"Comparator",300,"Asymmetric mixture",341,"Semiparametric",TRUE
"Comparator",300,"Asymmetric mixture",341,"Imai quasi-Bayes",TRUE
"Comparator",300,"Asymmetric mixture",341,"Imai bootstrap",TRUE
"Comparator",300,"Asymmetric mixture",341,"medflex NEM",TRUE
"Comparator",300,"Symmetric bimodal",341,"OLS",TRUE
"Comparator",300,"Symmetric bimodal",341,"Semiparametric",TRUE
"Comparator",300,"Symmetric bimodal",341,"Imai quasi-Bayes",TRUE
"Comparator",300,"Symmetric bimodal",341,"Imai bootstrap",TRUE
"Comparator",300,"Symmetric bimodal",341,"medflex NEM",TRUE
"Comparator",300,"Gaussian",342,"OLS",TRUE
"Comparator",300,"Gaussian",342,"Semiparametric",TRUE
"Comparator",300,"Gaussian",342,"Imai quasi-Bayes",TRUE
"Comparator",300,"Gaussian",342,"Imai bootstrap",TRUE
"Comparator",300,"Gaussian",342,"medflex NEM",TRUE
"Comparator",300,"Skew-normal",342,"OLS",TRUE
"Comparator",300,"Skew-normal",342,"Semiparametric",TRUE
"Comparator",300,"Skew-normal",342,"Imai quasi-Bayes",TRUE
"Comparator",300,"Skew-normal",342,"Imai bootstrap",TRUE
"Comparator",300,"Skew-normal",342,"medflex NEM",TRUE
"Comparator",300,"Asymmetric mixture",342,"OLS",TRUE
"Comparator",300,"Asymmetric mixture",342,"Semiparametric",TRUE
"Comparator",300,"Asymmetric mixture",342,"Imai quasi-Bayes",TRUE
"Comparator",300,"Asymmetric mixture",342,"Imai bootstrap",TRUE
"Comparator",300,"Asymmetric mixture",342,"medflex NEM",TRUE
"Comparator",300,"Symmetric bimodal",342,"OLS",TRUE
"Comparator",300,"Symmetric bimodal",342,"Semiparametric",TRUE
"Comparator",300,"Symmetric bimodal",342,"Imai quasi-Bayes",TRUE
"Comparator",300,"Symmetric bimodal",342,"Imai bootstrap",TRUE
"Comparator",300,"Symmetric bimodal",342,"medflex NEM",TRUE
"Comparator",300,"Gaussian",343,"OLS",TRUE
"Comparator",300,"Gaussian",343,"Semiparametric",TRUE
"Comparator",300,"Gaussian",343,"Imai quasi-Bayes",TRUE
"Comparator",300,"Gaussian",343,"Imai bootstrap",TRUE
"Comparator",300,"Gaussian",343,"medflex NEM",TRUE
"Comparator",300,"Skew-normal",343,"OLS",TRUE
"Comparator",300,"Skew-normal",343,"Semiparametric",TRUE
"Comparator",300,"Skew-normal",343,"Imai quasi-Bayes",TRUE
"Comparator",300,"Skew-normal",343,"Imai bootstrap",TRUE
"Comparator",300,"Skew-normal",343,"medflex NEM",TRUE
"Comparator",300,"Asymmetric mixture",343,"OLS",TRUE
"Comparator",300,"Asymmetric mixture",343,"Semiparametric",TRUE
"Comparator",300,"Asymmetric mixture",343,"Imai quasi-Bayes",TRUE
"Comparator",300,"Asymmetric mixture",343,"Imai bootstrap",TRUE
"Comparator",300,"Asymmetric mixture",343,"medflex NEM",TRUE
"Comparator",300,"Symmetric bimodal",343,"OLS",TRUE
"Comparator",300,"Symmetric bimodal",343,"Semiparametric",TRUE
"Comparator",300,"Symmetric bimodal",343,"Imai quasi-Bayes",TRUE
"Comparator",300,"Symmetric bimodal",343,"Imai bootstrap",TRUE
"Comparator",300,"Symmetric bimodal",343,"medflex NEM",TRUE
"Comparator",300,"Gaussian",344,"OLS",TRUE
"Comparator",300,"Gaussian",344,"Semiparametric",TRUE
"Comparator",300,"Gaussian",344,"Imai quasi-Bayes",TRUE
"Comparator",300,"Gaussian",344,"Imai bootstrap",TRUE
"Comparator",300,"Gaussian",344,"medflex NEM",TRUE
"Comparator",300,"Skew-normal",344,"OLS",TRUE
"Comparator",300,"Skew-normal",344,"Semiparametric",TRUE
"Comparator",300,"Skew-normal",344,"Imai quasi-Bayes",TRUE
"Comparator",300,"Skew-normal",344,"Imai bootstrap",TRUE
"Comparator",300,"Skew-normal",344,"medflex NEM",TRUE
"Comparator",300,"Asymmetric mixture",344,"OLS",TRUE
"Comparator",300,"Asymmetric mixture",344,"Semiparametric",TRUE
"Comparator",300,"Asymmetric mixture",344,"Imai quasi-Bayes",TRUE
"Comparator",300,"Asymmetric mixture",344,"Imai bootstrap",TRUE
"Comparator",300,"Asymmetric mixture",344,"medflex NEM",TRUE
"Comparator",300,"Symmetric bimodal",344,"OLS",TRUE
"Comparator",300,"Symmetric bimodal",344,"Semiparametric",TRUE
"Comparator",300,"Symmetric bimodal",344,"Imai quasi-Bayes",TRUE
"Comparator",300,"Symmetric bimodal",344,"Imai bootstrap",TRUE
"Comparator",300,"Symmetric bimodal",344,"medflex NEM",TRUE
"Comparator",300,"Gaussian",345,"OLS",TRUE
"Comparator",300,"Gaussian",345,"Semiparametric",TRUE
"Comparator",300,"Gaussian",345,"Imai quasi-Bayes",TRUE
"Comparator",300,"Gaussian",345,"Imai bootstrap",TRUE
"Comparator",300,"Gaussian",345,"medflex NEM",TRUE
"Comparator",300,"Skew-normal",345,"OLS",TRUE
"Comparator",300,"Skew-normal",345,"Semiparametric",TRUE
"Comparator",300,"Skew-normal",345,"Imai quasi-Bayes",TRUE
"Comparator",300,"Skew-normal",345,"Imai bootstrap",TRUE
"Comparator",300,"Skew-normal",345,"medflex NEM",TRUE
"Comparator",300,"Asymmetric mixture",345,"OLS",TRUE
"Comparator",300,"Asymmetric mixture",345,"Semiparametric",TRUE
"Comparator",300,"Asymmetric mixture",345,"Imai quasi-Bayes",TRUE
"Comparator",300,"Asymmetric mixture",345,"Imai bootstrap",TRUE
"Comparator",300,"Asymmetric mixture",345,"medflex NEM",TRUE
"Comparator",300,"Symmetric bimodal",345,"OLS",TRUE
"Comparator",300,"Symmetric bimodal",345,"Semiparametric",TRUE
"Comparator",300,"Symmetric bimodal",345,"Imai quasi-Bayes",TRUE
"Comparator",300,"Symmetric bimodal",345,"Imai bootstrap",TRUE
"Comparator",300,"Symmetric bimodal",345,"medflex NEM",TRUE
"Comparator",300,"Gaussian",346,"OLS",TRUE
"Comparator",300,"Gaussian",346,"Semiparametric",TRUE
"Comparator",300,"Gaussian",346,"Imai quasi-Bayes",TRUE
"Comparator",300,"Gaussian",346,"Imai bootstrap",TRUE
"Comparator",300,"Gaussian",346,"medflex NEM",TRUE
"Comparator",300,"Skew-normal",346,"OLS",TRUE
"Comparator",300,"Skew-normal",346,"Semiparametric",TRUE
"Comparator",300,"Skew-normal",346,"Imai quasi-Bayes",TRUE
"Comparator",300,"Skew-normal",346,"Imai bootstrap",TRUE
"Comparator",300,"Skew-normal",346,"medflex NEM",TRUE
"Comparator",300,"Asymmetric mixture",346,"OLS",TRUE
"Comparator",300,"Asymmetric mixture",346,"Semiparametric",TRUE
"Comparator",300,"Asymmetric mixture",346,"Imai quasi-Bayes",TRUE
"Comparator",300,"Asymmetric mixture",346,"Imai bootstrap",TRUE
"Comparator",300,"Asymmetric mixture",346,"medflex NEM",TRUE
"Comparator",300,"Symmetric bimodal",346,"OLS",TRUE
"Comparator",300,"Symmetric bimodal",346,"Semiparametric",TRUE
"Comparator",300,"Symmetric bimodal",346,"Imai quasi-Bayes",TRUE
"Comparator",300,"Symmetric bimodal",346,"Imai bootstrap",TRUE
"Comparator",300,"Symmetric bimodal",346,"medflex NEM",TRUE
"Comparator",300,"Gaussian",347,"OLS",TRUE
"Comparator",300,"Gaussian",347,"Semiparametric",TRUE
"Comparator",300,"Gaussian",347,"Imai quasi-Bayes",TRUE
"Comparator",300,"Gaussian",347,"Imai bootstrap",TRUE
"Comparator",300,"Gaussian",347,"medflex NEM",TRUE
"Comparator",300,"Skew-normal",347,"OLS",TRUE
"Comparator",300,"Skew-normal",347,"Semiparametric",TRUE
"Comparator",300,"Skew-normal",347,"Imai quasi-Bayes",TRUE
"Comparator",300,"Skew-normal",347,"Imai bootstrap",TRUE
"Comparator",300,"Skew-normal",347,"medflex NEM",TRUE
"Comparator",300,"Asymmetric mixture",347,"OLS",TRUE
"Comparator",300,"Asymmetric mixture",347,"Semiparametric",TRUE
"Comparator",300,"Asymmetric mixture",347,"Imai quasi-Bayes",TRUE
"Comparator",300,"Asymmetric mixture",347,"Imai bootstrap",TRUE
"Comparator",300,"Asymmetric mixture",347,"medflex NEM",TRUE
"Comparator",300,"Symmetric bimodal",347,"OLS",TRUE
"Comparator",300,"Symmetric bimodal",347,"Semiparametric",TRUE
"Comparator",300,"Symmetric bimodal",347,"Imai quasi-Bayes",TRUE
"Comparator",300,"Symmetric bimodal",347,"Imai bootstrap",TRUE
"Comparator",300,"Symmetric bimodal",347,"medflex NEM",TRUE
"Comparator",300,"Gaussian",348,"OLS",TRUE
"Comparator",300,"Gaussian",348,"Semiparametric",TRUE
"Comparator",300,"Gaussian",348,"Imai quasi-Bayes",TRUE
"Comparator",300,"Gaussian",348,"Imai bootstrap",TRUE
"Comparator",300,"Gaussian",348,"medflex NEM",TRUE
"Comparator",300,"Skew-normal",348,"OLS",TRUE
"Comparator",300,"Skew-normal",348,"Semiparametric",TRUE
"Comparator",300,"Skew-normal",348,"Imai quasi-Bayes",TRUE
"Comparator",300,"Skew-normal",348,"Imai bootstrap",TRUE
"Comparator",300,"Skew-normal",348,"medflex NEM",TRUE
"Comparator",300,"Asymmetric mixture",348,"OLS",TRUE
"Comparator",300,"Asymmetric mixture",348,"Semiparametric",TRUE
"Comparator",300,"Asymmetric mixture",348,"Imai quasi-Bayes",TRUE
"Comparator",300,"Asymmetric mixture",348,"Imai bootstrap",TRUE
"Comparator",300,"Asymmetric mixture",348,"medflex NEM",TRUE
"Comparator",300,"Symmetric bimodal",348,"OLS",TRUE
"Comparator",300,"Symmetric bimodal",348,"Semiparametric",TRUE
"Comparator",300,"Symmetric bimodal",348,"Imai quasi-Bayes",TRUE
"Comparator",300,"Symmetric bimodal",348,"Imai bootstrap",TRUE
"Comparator",300,"Symmetric bimodal",348,"medflex NEM",TRUE
"Comparator",300,"Gaussian",349,"OLS",TRUE
"Comparator",300,"Gaussian",349,"Semiparametric",TRUE
"Comparator",300,"Gaussian",349,"Imai quasi-Bayes",TRUE
"Comparator",300,"Gaussian",349,"Imai bootstrap",TRUE
"Comparator",300,"Gaussian",349,"medflex NEM",TRUE
"Comparator",300,"Skew-normal",349,"OLS",TRUE
"Comparator",300,"Skew-normal",349,"Semiparametric",TRUE
"Comparator",300,"Skew-normal",349,"Imai quasi-Bayes",TRUE
"Comparator",300,"Skew-normal",349,"Imai bootstrap",TRUE
"Comparator",300,"Skew-normal",349,"medflex NEM",TRUE
"Comparator",300,"Asymmetric mixture",349,"OLS",TRUE
"Comparator",300,"Asymmetric mixture",349,"Semiparametric",TRUE
"Comparator",300,"Asymmetric mixture",349,"Imai quasi-Bayes",TRUE
"Comparator",300,"Asymmetric mixture",349,"Imai bootstrap",TRUE
"Comparator",300,"Asymmetric mixture",349,"medflex NEM",TRUE
"Comparator",300,"Symmetric bimodal",349,"OLS",TRUE
"Comparator",300,"Symmetric bimodal",349,"Semiparametric",TRUE
"Comparator",300,"Symmetric bimodal",349,"Imai quasi-Bayes",TRUE
"Comparator",300,"Symmetric bimodal",349,"Imai bootstrap",TRUE
"Comparator",300,"Symmetric bimodal",349,"medflex NEM",TRUE
"Comparator",300,"Gaussian",350,"OLS",TRUE
"Comparator",300,"Gaussian",350,"Semiparametric",TRUE
"Comparator",300,"Gaussian",350,"Imai quasi-Bayes",TRUE
"Comparator",300,"Gaussian",350,"Imai bootstrap",TRUE
"Comparator",300,"Gaussian",350,"medflex NEM",TRUE
"Comparator",300,"Skew-normal",350,"OLS",TRUE
"Comparator",300,"Skew-normal",350,"Semiparametric",TRUE
"Comparator",300,"Skew-normal",350,"Imai quasi-Bayes",TRUE
"Comparator",300,"Skew-normal",350,"Imai bootstrap",TRUE
"Comparator",300,"Skew-normal",350,"medflex NEM",TRUE
"Comparator",300,"Asymmetric mixture",350,"OLS",TRUE
"Comparator",300,"Asymmetric mixture",350,"Semiparametric",TRUE
"Comparator",300,"Asymmetric mixture",350,"Imai quasi-Bayes",TRUE
"Comparator",300,"Asymmetric mixture",350,"Imai bootstrap",TRUE
"Comparator",300,"Asymmetric mixture",350,"medflex NEM",TRUE
"Comparator",300,"Symmetric bimodal",350,"OLS",TRUE
"Comparator",300,"Symmetric bimodal",350,"Semiparametric",TRUE
"Comparator",300,"Symmetric bimodal",350,"Imai quasi-Bayes",TRUE
"Comparator",300,"Symmetric bimodal",350,"Imai bootstrap",TRUE
"Comparator",300,"Symmetric bimodal",350,"medflex NEM",TRUE
"Comparator",300,"Gaussian",351,"OLS",TRUE
"Comparator",300,"Gaussian",351,"Semiparametric",TRUE
"Comparator",300,"Gaussian",351,"Imai quasi-Bayes",TRUE
"Comparator",300,"Gaussian",351,"Imai bootstrap",TRUE
"Comparator",300,"Gaussian",351,"medflex NEM",TRUE
"Comparator",300,"Skew-normal",351,"OLS",TRUE
"Comparator",300,"Skew-normal",351,"Semiparametric",TRUE
"Comparator",300,"Skew-normal",351,"Imai quasi-Bayes",TRUE
"Comparator",300,"Skew-normal",351,"Imai bootstrap",TRUE
"Comparator",300,"Skew-normal",351,"medflex NEM",TRUE
"Comparator",300,"Asymmetric mixture",351,"OLS",TRUE
"Comparator",300,"Asymmetric mixture",351,"Semiparametric",TRUE
"Comparator",300,"Asymmetric mixture",351,"Imai quasi-Bayes",TRUE
"Comparator",300,"Asymmetric mixture",351,"Imai bootstrap",TRUE
"Comparator",300,"Asymmetric mixture",351,"medflex NEM",TRUE
"Comparator",300,"Symmetric bimodal",351,"OLS",TRUE
"Comparator",300,"Symmetric bimodal",351,"Semiparametric",TRUE
"Comparator",300,"Symmetric bimodal",351,"Imai quasi-Bayes",TRUE
"Comparator",300,"Symmetric bimodal",351,"Imai bootstrap",TRUE
"Comparator",300,"Symmetric bimodal",351,"medflex NEM",TRUE
"Comparator",300,"Gaussian",352,"OLS",TRUE
"Comparator",300,"Gaussian",352,"Semiparametric",TRUE
"Comparator",300,"Gaussian",352,"Imai quasi-Bayes",TRUE
"Comparator",300,"Gaussian",352,"Imai bootstrap",TRUE
"Comparator",300,"Gaussian",352,"medflex NEM",TRUE
"Comparator",300,"Skew-normal",352,"OLS",TRUE
"Comparator",300,"Skew-normal",352,"Semiparametric",TRUE
"Comparator",300,"Skew-normal",352,"Imai quasi-Bayes",TRUE
"Comparator",300,"Skew-normal",352,"Imai bootstrap",TRUE
"Comparator",300,"Skew-normal",352,"medflex NEM",TRUE
"Comparator",300,"Asymmetric mixture",352,"OLS",TRUE
"Comparator",300,"Asymmetric mixture",352,"Semiparametric",TRUE
"Comparator",300,"Asymmetric mixture",352,"Imai quasi-Bayes",TRUE
"Comparator",300,"Asymmetric mixture",352,"Imai bootstrap",TRUE
"Comparator",300,"Asymmetric mixture",352,"medflex NEM",TRUE
"Comparator",300,"Symmetric bimodal",352,"OLS",TRUE
"Comparator",300,"Symmetric bimodal",352,"Semiparametric",TRUE
"Comparator",300,"Symmetric bimodal",352,"Imai quasi-Bayes",TRUE
"Comparator",300,"Symmetric bimodal",352,"Imai bootstrap",TRUE
"Comparator",300,"Symmetric bimodal",352,"medflex NEM",TRUE
"Comparator",300,"Gaussian",353,"OLS",TRUE
"Comparator",300,"Gaussian",353,"Semiparametric",TRUE
"Comparator",300,"Gaussian",353,"Imai quasi-Bayes",TRUE
"Comparator",300,"Gaussian",353,"Imai bootstrap",TRUE
"Comparator",300,"Gaussian",353,"medflex NEM",TRUE
"Comparator",300,"Skew-normal",353,"OLS",TRUE
"Comparator",300,"Skew-normal",353,"Semiparametric",TRUE
"Comparator",300,"Skew-normal",353,"Imai quasi-Bayes",TRUE
"Comparator",300,"Skew-normal",353,"Imai bootstrap",TRUE
"Comparator",300,"Skew-normal",353,"medflex NEM",TRUE
"Comparator",300,"Asymmetric mixture",353,"OLS",TRUE
"Comparator",300,"Asymmetric mixture",353,"Semiparametric",TRUE
"Comparator",300,"Asymmetric mixture",353,"Imai quasi-Bayes",TRUE
"Comparator",300,"Asymmetric mixture",353,"Imai bootstrap",TRUE
"Comparator",300,"Asymmetric mixture",353,"medflex NEM",TRUE
"Comparator",300,"Symmetric bimodal",353,"OLS",TRUE
"Comparator",300,"Symmetric bimodal",353,"Semiparametric",TRUE
"Comparator",300,"Symmetric bimodal",353,"Imai quasi-Bayes",TRUE
"Comparator",300,"Symmetric bimodal",353,"Imai bootstrap",TRUE
"Comparator",300,"Symmetric bimodal",353,"medflex NEM",TRUE
"Comparator",300,"Gaussian",354,"OLS",TRUE
"Comparator",300,"Gaussian",354,"Semiparametric",TRUE
"Comparator",300,"Gaussian",354,"Imai quasi-Bayes",TRUE
"Comparator",300,"Gaussian",354,"Imai bootstrap",TRUE
"Comparator",300,"Gaussian",354,"medflex NEM",TRUE
"Comparator",300,"Skew-normal",354,"OLS",TRUE
"Comparator",300,"Skew-normal",354,"Semiparametric",TRUE
"Comparator",300,"Skew-normal",354,"Imai quasi-Bayes",TRUE
"Comparator",300,"Skew-normal",354,"Imai bootstrap",TRUE
"Comparator",300,"Skew-normal",354,"medflex NEM",TRUE
"Comparator",300,"Asymmetric mixture",354,"OLS",TRUE
"Comparator",300,"Asymmetric mixture",354,"Semiparametric",TRUE
"Comparator",300,"Asymmetric mixture",354,"Imai quasi-Bayes",TRUE
"Comparator",300,"Asymmetric mixture",354,"Imai bootstrap",TRUE
"Comparator",300,"Asymmetric mixture",354,"medflex NEM",TRUE
"Comparator",300,"Symmetric bimodal",354,"OLS",TRUE
"Comparator",300,"Symmetric bimodal",354,"Semiparametric",TRUE
"Comparator",300,"Symmetric bimodal",354,"Imai quasi-Bayes",TRUE
"Comparator",300,"Symmetric bimodal",354,"Imai bootstrap",TRUE
"Comparator",300,"Symmetric bimodal",354,"medflex NEM",TRUE
"Comparator",300,"Gaussian",355,"OLS",TRUE
"Comparator",300,"Gaussian",355,"Semiparametric",TRUE
"Comparator",300,"Gaussian",355,"Imai quasi-Bayes",TRUE
"Comparator",300,"Gaussian",355,"Imai bootstrap",TRUE
"Comparator",300,"Gaussian",355,"medflex NEM",TRUE
"Comparator",300,"Skew-normal",355,"OLS",TRUE
"Comparator",300,"Skew-normal",355,"Semiparametric",TRUE
"Comparator",300,"Skew-normal",355,"Imai quasi-Bayes",TRUE
"Comparator",300,"Skew-normal",355,"Imai bootstrap",TRUE
"Comparator",300,"Skew-normal",355,"medflex NEM",TRUE
"Comparator",300,"Asymmetric mixture",355,"OLS",TRUE
"Comparator",300,"Asymmetric mixture",355,"Semiparametric",TRUE
"Comparator",300,"Asymmetric mixture",355,"Imai quasi-Bayes",TRUE
"Comparator",300,"Asymmetric mixture",355,"Imai bootstrap",TRUE
"Comparator",300,"Asymmetric mixture",355,"medflex NEM",TRUE
"Comparator",300,"Symmetric bimodal",355,"OLS",TRUE
"Comparator",300,"Symmetric bimodal",355,"Semiparametric",TRUE
"Comparator",300,"Symmetric bimodal",355,"Imai quasi-Bayes",TRUE
"Comparator",300,"Symmetric bimodal",355,"Imai bootstrap",TRUE
"Comparator",300,"Symmetric bimodal",355,"medflex NEM",TRUE
"Comparator",300,"Gaussian",356,"OLS",TRUE
"Comparator",300,"Gaussian",356,"Semiparametric",TRUE
"Comparator",300,"Gaussian",356,"Imai quasi-Bayes",TRUE
"Comparator",300,"Gaussian",356,"Imai bootstrap",TRUE
"Comparator",300,"Gaussian",356,"medflex NEM",TRUE
"Comparator",300,"Skew-normal",356,"OLS",TRUE
"Comparator",300,"Skew-normal",356,"Semiparametric",TRUE
"Comparator",300,"Skew-normal",356,"Imai quasi-Bayes",TRUE
"Comparator",300,"Skew-normal",356,"Imai bootstrap",TRUE
"Comparator",300,"Skew-normal",356,"medflex NEM",TRUE
"Comparator",300,"Asymmetric mixture",356,"OLS",TRUE
"Comparator",300,"Asymmetric mixture",356,"Semiparametric",TRUE
"Comparator",300,"Asymmetric mixture",356,"Imai quasi-Bayes",TRUE
"Comparator",300,"Asymmetric mixture",356,"Imai bootstrap",TRUE
"Comparator",300,"Asymmetric mixture",356,"medflex NEM",TRUE
"Comparator",300,"Symmetric bimodal",356,"OLS",TRUE
"Comparator",300,"Symmetric bimodal",356,"Semiparametric",TRUE
"Comparator",300,"Symmetric bimodal",356,"Imai quasi-Bayes",TRUE
"Comparator",300,"Symmetric bimodal",356,"Imai bootstrap",TRUE
"Comparator",300,"Symmetric bimodal",356,"medflex NEM",TRUE
"Comparator",300,"Gaussian",357,"OLS",TRUE
"Comparator",300,"Gaussian",357,"Semiparametric",TRUE
"Comparator",300,"Gaussian",357,"Imai quasi-Bayes",TRUE
"Comparator",300,"Gaussian",357,"Imai bootstrap",TRUE
"Comparator",300,"Gaussian",357,"medflex NEM",TRUE
"Comparator",300,"Skew-normal",357,"OLS",TRUE
"Comparator",300,"Skew-normal",357,"Semiparametric",TRUE
"Comparator",300,"Skew-normal",357,"Imai quasi-Bayes",TRUE
"Comparator",300,"Skew-normal",357,"Imai bootstrap",TRUE
"Comparator",300,"Skew-normal",357,"medflex NEM",TRUE
"Comparator",300,"Asymmetric mixture",357,"OLS",TRUE
"Comparator",300,"Asymmetric mixture",357,"Semiparametric",TRUE
"Comparator",300,"Asymmetric mixture",357,"Imai quasi-Bayes",TRUE
"Comparator",300,"Asymmetric mixture",357,"Imai bootstrap",TRUE
"Comparator",300,"Asymmetric mixture",357,"medflex NEM",TRUE
"Comparator",300,"Symmetric bimodal",357,"OLS",TRUE
"Comparator",300,"Symmetric bimodal",357,"Semiparametric",TRUE
"Comparator",300,"Symmetric bimodal",357,"Imai quasi-Bayes",TRUE
"Comparator",300,"Symmetric bimodal",357,"Imai bootstrap",TRUE
"Comparator",300,"Symmetric bimodal",357,"medflex NEM",TRUE
"Comparator",300,"Gaussian",358,"OLS",TRUE
"Comparator",300,"Gaussian",358,"Semiparametric",TRUE
"Comparator",300,"Gaussian",358,"Imai quasi-Bayes",TRUE
"Comparator",300,"Gaussian",358,"Imai bootstrap",TRUE
"Comparator",300,"Gaussian",358,"medflex NEM",TRUE
"Comparator",300,"Skew-normal",358,"OLS",TRUE
"Comparator",300,"Skew-normal",358,"Semiparametric",TRUE
"Comparator",300,"Skew-normal",358,"Imai quasi-Bayes",TRUE
"Comparator",300,"Skew-normal",358,"Imai bootstrap",TRUE
"Comparator",300,"Skew-normal",358,"medflex NEM",TRUE
"Comparator",300,"Asymmetric mixture",358,"OLS",TRUE
"Comparator",300,"Asymmetric mixture",358,"Semiparametric",TRUE
"Comparator",300,"Asymmetric mixture",358,"Imai quasi-Bayes",TRUE
"Comparator",300,"Asymmetric mixture",358,"Imai bootstrap",TRUE
"Comparator",300,"Asymmetric mixture",358,"medflex NEM",TRUE
"Comparator",300,"Symmetric bimodal",358,"OLS",TRUE
"Comparator",300,"Symmetric bimodal",358,"Semiparametric",TRUE
"Comparator",300,"Symmetric bimodal",358,"Imai quasi-Bayes",TRUE
"Comparator",300,"Symmetric bimodal",358,"Imai bootstrap",TRUE
"Comparator",300,"Symmetric bimodal",358,"medflex NEM",TRUE
"Comparator",300,"Gaussian",359,"OLS",TRUE
"Comparator",300,"Gaussian",359,"Semiparametric",TRUE
"Comparator",300,"Gaussian",359,"Imai quasi-Bayes",TRUE
"Comparator",300,"Gaussian",359,"Imai bootstrap",TRUE
"Comparator",300,"Gaussian",359,"medflex NEM",TRUE
"Comparator",300,"Skew-normal",359,"OLS",TRUE
"Comparator",300,"Skew-normal",359,"Semiparametric",TRUE
"Comparator",300,"Skew-normal",359,"Imai quasi-Bayes",TRUE
"Comparator",300,"Skew-normal",359,"Imai bootstrap",TRUE
"Comparator",300,"Skew-normal",359,"medflex NEM",TRUE
"Comparator",300,"Asymmetric mixture",359,"OLS",TRUE
"Comparator",300,"Asymmetric mixture",359,"Semiparametric",TRUE
"Comparator",300,"Asymmetric mixture",359,"Imai quasi-Bayes",TRUE
"Comparator",300,"Asymmetric mixture",359,"Imai bootstrap",TRUE
"Comparator",300,"Asymmetric mixture",359,"medflex NEM",TRUE
"Comparator",300,"Symmetric bimodal",359,"OLS",TRUE
"Comparator",300,"Symmetric bimodal",359,"Semiparametric",TRUE
"Comparator",300,"Symmetric bimodal",359,"Imai quasi-Bayes",TRUE
"Comparator",300,"Symmetric bimodal",359,"Imai bootstrap",TRUE
"Comparator",300,"Symmetric bimodal",359,"medflex NEM",TRUE
"Comparator",300,"Gaussian",360,"OLS",TRUE
"Comparator",300,"Gaussian",360,"Semiparametric",TRUE
"Comparator",300,"Gaussian",360,"Imai quasi-Bayes",TRUE
"Comparator",300,"Gaussian",360,"Imai bootstrap",TRUE
"Comparator",300,"Gaussian",360,"medflex NEM",TRUE
"Comparator",300,"Skew-normal",360,"OLS",TRUE
"Comparator",300,"Skew-normal",360,"Semiparametric",TRUE
"Comparator",300,"Skew-normal",360,"Imai quasi-Bayes",TRUE
"Comparator",300,"Skew-normal",360,"Imai bootstrap",TRUE
"Comparator",300,"Skew-normal",360,"medflex NEM",TRUE
"Comparator",300,"Asymmetric mixture",360,"OLS",TRUE
"Comparator",300,"Asymmetric mixture",360,"Semiparametric",TRUE
"Comparator",300,"Asymmetric mixture",360,"Imai quasi-Bayes",TRUE
"Comparator",300,"Asymmetric mixture",360,"Imai bootstrap",TRUE
"Comparator",300,"Asymmetric mixture",360,"medflex NEM",TRUE
"Comparator",300,"Symmetric bimodal",360,"OLS",TRUE
"Comparator",300,"Symmetric bimodal",360,"Semiparametric",TRUE
"Comparator",300,"Symmetric bimodal",360,"Imai quasi-Bayes",TRUE
"Comparator",300,"Symmetric bimodal",360,"Imai bootstrap",TRUE
"Comparator",300,"Symmetric bimodal",360,"medflex NEM",TRUE
"Comparator",300,"Gaussian",361,"OLS",TRUE
"Comparator",300,"Gaussian",361,"Semiparametric",TRUE
"Comparator",300,"Gaussian",361,"Imai quasi-Bayes",TRUE
"Comparator",300,"Gaussian",361,"Imai bootstrap",TRUE
"Comparator",300,"Gaussian",361,"medflex NEM",TRUE
"Comparator",300,"Skew-normal",361,"OLS",TRUE
"Comparator",300,"Skew-normal",361,"Semiparametric",TRUE
"Comparator",300,"Skew-normal",361,"Imai quasi-Bayes",TRUE
"Comparator",300,"Skew-normal",361,"Imai bootstrap",TRUE
"Comparator",300,"Skew-normal",361,"medflex NEM",TRUE
"Comparator",300,"Asymmetric mixture",361,"OLS",TRUE
"Comparator",300,"Asymmetric mixture",361,"Semiparametric",TRUE
"Comparator",300,"Asymmetric mixture",361,"Imai quasi-Bayes",TRUE
"Comparator",300,"Asymmetric mixture",361,"Imai bootstrap",TRUE
"Comparator",300,"Asymmetric mixture",361,"medflex NEM",TRUE
"Comparator",300,"Symmetric bimodal",361,"OLS",TRUE
"Comparator",300,"Symmetric bimodal",361,"Semiparametric",TRUE
"Comparator",300,"Symmetric bimodal",361,"Imai quasi-Bayes",TRUE
"Comparator",300,"Symmetric bimodal",361,"Imai bootstrap",TRUE
"Comparator",300,"Symmetric bimodal",361,"medflex NEM",TRUE
"Comparator",300,"Gaussian",362,"OLS",TRUE
"Comparator",300,"Gaussian",362,"Semiparametric",TRUE
"Comparator",300,"Gaussian",362,"Imai quasi-Bayes",TRUE
"Comparator",300,"Gaussian",362,"Imai bootstrap",TRUE
"Comparator",300,"Gaussian",362,"medflex NEM",TRUE
"Comparator",300,"Skew-normal",362,"OLS",TRUE
"Comparator",300,"Skew-normal",362,"Semiparametric",TRUE
"Comparator",300,"Skew-normal",362,"Imai quasi-Bayes",TRUE
"Comparator",300,"Skew-normal",362,"Imai bootstrap",TRUE
"Comparator",300,"Skew-normal",362,"medflex NEM",TRUE
"Comparator",300,"Asymmetric mixture",362,"OLS",TRUE
"Comparator",300,"Asymmetric mixture",362,"Semiparametric",TRUE
"Comparator",300,"Asymmetric mixture",362,"Imai quasi-Bayes",TRUE
"Comparator",300,"Asymmetric mixture",362,"Imai bootstrap",TRUE
"Comparator",300,"Asymmetric mixture",362,"medflex NEM",TRUE
"Comparator",300,"Symmetric bimodal",362,"OLS",TRUE
"Comparator",300,"Symmetric bimodal",362,"Semiparametric",TRUE
"Comparator",300,"Symmetric bimodal",362,"Imai quasi-Bayes",TRUE
"Comparator",300,"Symmetric bimodal",362,"Imai bootstrap",TRUE
"Comparator",300,"Symmetric bimodal",362,"medflex NEM",TRUE
"Comparator",300,"Gaussian",363,"OLS",TRUE
"Comparator",300,"Gaussian",363,"Semiparametric",TRUE
"Comparator",300,"Gaussian",363,"Imai quasi-Bayes",TRUE
"Comparator",300,"Gaussian",363,"Imai bootstrap",TRUE
"Comparator",300,"Gaussian",363,"medflex NEM",TRUE
"Comparator",300,"Skew-normal",363,"OLS",TRUE
"Comparator",300,"Skew-normal",363,"Semiparametric",TRUE
"Comparator",300,"Skew-normal",363,"Imai quasi-Bayes",TRUE
"Comparator",300,"Skew-normal",363,"Imai bootstrap",TRUE
"Comparator",300,"Skew-normal",363,"medflex NEM",TRUE
"Comparator",300,"Asymmetric mixture",363,"OLS",TRUE
"Comparator",300,"Asymmetric mixture",363,"Semiparametric",TRUE
"Comparator",300,"Asymmetric mixture",363,"Imai quasi-Bayes",TRUE
"Comparator",300,"Asymmetric mixture",363,"Imai bootstrap",TRUE
"Comparator",300,"Asymmetric mixture",363,"medflex NEM",TRUE
"Comparator",300,"Symmetric bimodal",363,"OLS",TRUE
"Comparator",300,"Symmetric bimodal",363,"Semiparametric",TRUE
"Comparator",300,"Symmetric bimodal",363,"Imai quasi-Bayes",TRUE
"Comparator",300,"Symmetric bimodal",363,"Imai bootstrap",TRUE
"Comparator",300,"Symmetric bimodal",363,"medflex NEM",TRUE
"Comparator",300,"Gaussian",364,"OLS",TRUE
"Comparator",300,"Gaussian",364,"Semiparametric",TRUE
"Comparator",300,"Gaussian",364,"Imai quasi-Bayes",TRUE
"Comparator",300,"Gaussian",364,"Imai bootstrap",TRUE
"Comparator",300,"Gaussian",364,"medflex NEM",TRUE
"Comparator",300,"Skew-normal",364,"OLS",TRUE
"Comparator",300,"Skew-normal",364,"Semiparametric",TRUE
"Comparator",300,"Skew-normal",364,"Imai quasi-Bayes",TRUE
"Comparator",300,"Skew-normal",364,"Imai bootstrap",TRUE
"Comparator",300,"Skew-normal",364,"medflex NEM",TRUE
"Comparator",300,"Asymmetric mixture",364,"OLS",TRUE
"Comparator",300,"Asymmetric mixture",364,"Semiparametric",TRUE
"Comparator",300,"Asymmetric mixture",364,"Imai quasi-Bayes",TRUE
"Comparator",300,"Asymmetric mixture",364,"Imai bootstrap",TRUE
"Comparator",300,"Asymmetric mixture",364,"medflex NEM",TRUE
"Comparator",300,"Symmetric bimodal",364,"OLS",TRUE
"Comparator",300,"Symmetric bimodal",364,"Semiparametric",TRUE
"Comparator",300,"Symmetric bimodal",364,"Imai quasi-Bayes",TRUE
"Comparator",300,"Symmetric bimodal",364,"Imai bootstrap",TRUE
"Comparator",300,"Symmetric bimodal",364,"medflex NEM",TRUE
"Comparator",300,"Gaussian",365,"OLS",TRUE
"Comparator",300,"Gaussian",365,"Semiparametric",TRUE
"Comparator",300,"Gaussian",365,"Imai quasi-Bayes",TRUE
"Comparator",300,"Gaussian",365,"Imai bootstrap",TRUE
"Comparator",300,"Gaussian",365,"medflex NEM",TRUE
"Comparator",300,"Skew-normal",365,"OLS",TRUE
"Comparator",300,"Skew-normal",365,"Semiparametric",TRUE
"Comparator",300,"Skew-normal",365,"Imai quasi-Bayes",TRUE
"Comparator",300,"Skew-normal",365,"Imai bootstrap",TRUE
"Comparator",300,"Skew-normal",365,"medflex NEM",TRUE
"Comparator",300,"Asymmetric mixture",365,"OLS",TRUE
"Comparator",300,"Asymmetric mixture",365,"Semiparametric",TRUE
"Comparator",300,"Asymmetric mixture",365,"Imai quasi-Bayes",TRUE
"Comparator",300,"Asymmetric mixture",365,"Imai bootstrap",TRUE
"Comparator",300,"Asymmetric mixture",365,"medflex NEM",TRUE
"Comparator",300,"Symmetric bimodal",365,"OLS",TRUE
"Comparator",300,"Symmetric bimodal",365,"Semiparametric",TRUE
"Comparator",300,"Symmetric bimodal",365,"Imai quasi-Bayes",TRUE
"Comparator",300,"Symmetric bimodal",365,"Imai bootstrap",TRUE
"Comparator",300,"Symmetric bimodal",365,"medflex NEM",TRUE
"Comparator",300,"Gaussian",366,"OLS",TRUE
"Comparator",300,"Gaussian",366,"Semiparametric",TRUE
"Comparator",300,"Gaussian",366,"Imai quasi-Bayes",TRUE
"Comparator",300,"Gaussian",366,"Imai bootstrap",TRUE
"Comparator",300,"Gaussian",366,"medflex NEM",TRUE
"Comparator",300,"Skew-normal",366,"OLS",TRUE
"Comparator",300,"Skew-normal",366,"Semiparametric",TRUE
"Comparator",300,"Skew-normal",366,"Imai quasi-Bayes",TRUE
"Comparator",300,"Skew-normal",366,"Imai bootstrap",TRUE
"Comparator",300,"Skew-normal",366,"medflex NEM",TRUE
"Comparator",300,"Asymmetric mixture",366,"OLS",TRUE
"Comparator",300,"Asymmetric mixture",366,"Semiparametric",TRUE
"Comparator",300,"Asymmetric mixture",366,"Imai quasi-Bayes",TRUE
"Comparator",300,"Asymmetric mixture",366,"Imai bootstrap",TRUE
"Comparator",300,"Asymmetric mixture",366,"medflex NEM",TRUE
"Comparator",300,"Symmetric bimodal",366,"OLS",TRUE
"Comparator",300,"Symmetric bimodal",366,"Semiparametric",TRUE
"Comparator",300,"Symmetric bimodal",366,"Imai quasi-Bayes",TRUE
"Comparator",300,"Symmetric bimodal",366,"Imai bootstrap",TRUE
"Comparator",300,"Symmetric bimodal",366,"medflex NEM",TRUE
"Comparator",300,"Gaussian",367,"OLS",TRUE
"Comparator",300,"Gaussian",367,"Semiparametric",TRUE
"Comparator",300,"Gaussian",367,"Imai quasi-Bayes",TRUE
"Comparator",300,"Gaussian",367,"Imai bootstrap",TRUE
"Comparator",300,"Gaussian",367,"medflex NEM",TRUE
"Comparator",300,"Skew-normal",367,"OLS",TRUE
"Comparator",300,"Skew-normal",367,"Semiparametric",TRUE
"Comparator",300,"Skew-normal",367,"Imai quasi-Bayes",TRUE
"Comparator",300,"Skew-normal",367,"Imai bootstrap",TRUE
"Comparator",300,"Skew-normal",367,"medflex NEM",TRUE
"Comparator",300,"Asymmetric mixture",367,"OLS",TRUE
"Comparator",300,"Asymmetric mixture",367,"Semiparametric",TRUE
"Comparator",300,"Asymmetric mixture",367,"Imai quasi-Bayes",TRUE
"Comparator",300,"Asymmetric mixture",367,"Imai bootstrap",TRUE
"Comparator",300,"Asymmetric mixture",367,"medflex NEM",TRUE
"Comparator",300,"Symmetric bimodal",367,"OLS",TRUE
"Comparator",300,"Symmetric bimodal",367,"Semiparametric",TRUE
"Comparator",300,"Symmetric bimodal",367,"Imai quasi-Bayes",TRUE
"Comparator",300,"Symmetric bimodal",367,"Imai bootstrap",TRUE
"Comparator",300,"Symmetric bimodal",367,"medflex NEM",TRUE
"Comparator",300,"Gaussian",368,"OLS",TRUE
"Comparator",300,"Gaussian",368,"Semiparametric",TRUE
"Comparator",300,"Gaussian",368,"Imai quasi-Bayes",TRUE
"Comparator",300,"Gaussian",368,"Imai bootstrap",TRUE
"Comparator",300,"Gaussian",368,"medflex NEM",TRUE
"Comparator",300,"Skew-normal",368,"OLS",TRUE
"Comparator",300,"Skew-normal",368,"Semiparametric",TRUE
"Comparator",300,"Skew-normal",368,"Imai quasi-Bayes",TRUE
"Comparator",300,"Skew-normal",368,"Imai bootstrap",TRUE
"Comparator",300,"Skew-normal",368,"medflex NEM",TRUE
"Comparator",300,"Asymmetric mixture",368,"OLS",TRUE
"Comparator",300,"Asymmetric mixture",368,"Semiparametric",TRUE
"Comparator",300,"Asymmetric mixture",368,"Imai quasi-Bayes",TRUE
"Comparator",300,"Asymmetric mixture",368,"Imai bootstrap",TRUE
"Comparator",300,"Asymmetric mixture",368,"medflex NEM",TRUE
"Comparator",300,"Symmetric bimodal",368,"OLS",TRUE
"Comparator",300,"Symmetric bimodal",368,"Semiparametric",TRUE
"Comparator",300,"Symmetric bimodal",368,"Imai quasi-Bayes",TRUE
"Comparator",300,"Symmetric bimodal",368,"Imai bootstrap",TRUE
"Comparator",300,"Symmetric bimodal",368,"medflex NEM",TRUE
"Comparator",300,"Gaussian",369,"OLS",TRUE
"Comparator",300,"Gaussian",369,"Semiparametric",TRUE
"Comparator",300,"Gaussian",369,"Imai quasi-Bayes",TRUE
"Comparator",300,"Gaussian",369,"Imai bootstrap",TRUE
"Comparator",300,"Gaussian",369,"medflex NEM",TRUE
"Comparator",300,"Skew-normal",369,"OLS",TRUE
"Comparator",300,"Skew-normal",369,"Semiparametric",TRUE
"Comparator",300,"Skew-normal",369,"Imai quasi-Bayes",TRUE
"Comparator",300,"Skew-normal",369,"Imai bootstrap",TRUE
"Comparator",300,"Skew-normal",369,"medflex NEM",TRUE
"Comparator",300,"Asymmetric mixture",369,"OLS",TRUE
"Comparator",300,"Asymmetric mixture",369,"Semiparametric",TRUE
"Comparator",300,"Asymmetric mixture",369,"Imai quasi-Bayes",TRUE
"Comparator",300,"Asymmetric mixture",369,"Imai bootstrap",TRUE
"Comparator",300,"Asymmetric mixture",369,"medflex NEM",TRUE
"Comparator",300,"Symmetric bimodal",369,"OLS",TRUE
"Comparator",300,"Symmetric bimodal",369,"Semiparametric",TRUE
"Comparator",300,"Symmetric bimodal",369,"Imai quasi-Bayes",TRUE
"Comparator",300,"Symmetric bimodal",369,"Imai bootstrap",TRUE
"Comparator",300,"Symmetric bimodal",369,"medflex NEM",TRUE
"Comparator",300,"Gaussian",370,"OLS",TRUE
"Comparator",300,"Gaussian",370,"Semiparametric",TRUE
"Comparator",300,"Gaussian",370,"Imai quasi-Bayes",TRUE
"Comparator",300,"Gaussian",370,"Imai bootstrap",TRUE
"Comparator",300,"Gaussian",370,"medflex NEM",TRUE
"Comparator",300,"Skew-normal",370,"OLS",TRUE
"Comparator",300,"Skew-normal",370,"Semiparametric",TRUE
"Comparator",300,"Skew-normal",370,"Imai quasi-Bayes",TRUE
"Comparator",300,"Skew-normal",370,"Imai bootstrap",TRUE
"Comparator",300,"Skew-normal",370,"medflex NEM",TRUE
"Comparator",300,"Asymmetric mixture",370,"OLS",TRUE
"Comparator",300,"Asymmetric mixture",370,"Semiparametric",TRUE
"Comparator",300,"Asymmetric mixture",370,"Imai quasi-Bayes",TRUE
"Comparator",300,"Asymmetric mixture",370,"Imai bootstrap",TRUE
"Comparator",300,"Asymmetric mixture",370,"medflex NEM",TRUE
"Comparator",300,"Symmetric bimodal",370,"OLS",TRUE
"Comparator",300,"Symmetric bimodal",370,"Semiparametric",TRUE
"Comparator",300,"Symmetric bimodal",370,"Imai quasi-Bayes",TRUE
"Comparator",300,"Symmetric bimodal",370,"Imai bootstrap",TRUE
"Comparator",300,"Symmetric bimodal",370,"medflex NEM",TRUE
"Comparator",300,"Gaussian",371,"OLS",TRUE
"Comparator",300,"Gaussian",371,"Semiparametric",TRUE
"Comparator",300,"Gaussian",371,"Imai quasi-Bayes",TRUE
"Comparator",300,"Gaussian",371,"Imai bootstrap",TRUE
"Comparator",300,"Gaussian",371,"medflex NEM",TRUE
"Comparator",300,"Skew-normal",371,"OLS",TRUE
"Comparator",300,"Skew-normal",371,"Semiparametric",TRUE
"Comparator",300,"Skew-normal",371,"Imai quasi-Bayes",TRUE
"Comparator",300,"Skew-normal",371,"Imai bootstrap",TRUE
"Comparator",300,"Skew-normal",371,"medflex NEM",TRUE
"Comparator",300,"Asymmetric mixture",371,"OLS",TRUE
"Comparator",300,"Asymmetric mixture",371,"Semiparametric",TRUE
"Comparator",300,"Asymmetric mixture",371,"Imai quasi-Bayes",TRUE
"Comparator",300,"Asymmetric mixture",371,"Imai bootstrap",TRUE
"Comparator",300,"Asymmetric mixture",371,"medflex NEM",TRUE
"Comparator",300,"Symmetric bimodal",371,"OLS",TRUE
"Comparator",300,"Symmetric bimodal",371,"Semiparametric",TRUE
"Comparator",300,"Symmetric bimodal",371,"Imai quasi-Bayes",TRUE
"Comparator",300,"Symmetric bimodal",371,"Imai bootstrap",TRUE
"Comparator",300,"Symmetric bimodal",371,"medflex NEM",TRUE
"Comparator",300,"Gaussian",372,"OLS",TRUE
"Comparator",300,"Gaussian",372,"Semiparametric",TRUE
"Comparator",300,"Gaussian",372,"Imai quasi-Bayes",TRUE
"Comparator",300,"Gaussian",372,"Imai bootstrap",TRUE
"Comparator",300,"Gaussian",372,"medflex NEM",TRUE
"Comparator",300,"Skew-normal",372,"OLS",TRUE
"Comparator",300,"Skew-normal",372,"Semiparametric",TRUE
"Comparator",300,"Skew-normal",372,"Imai quasi-Bayes",TRUE
"Comparator",300,"Skew-normal",372,"Imai bootstrap",TRUE
"Comparator",300,"Skew-normal",372,"medflex NEM",TRUE
"Comparator",300,"Asymmetric mixture",372,"OLS",TRUE
"Comparator",300,"Asymmetric mixture",372,"Semiparametric",TRUE
"Comparator",300,"Asymmetric mixture",372,"Imai quasi-Bayes",TRUE
"Comparator",300,"Asymmetric mixture",372,"Imai bootstrap",TRUE
"Comparator",300,"Asymmetric mixture",372,"medflex NEM",TRUE
"Comparator",300,"Symmetric bimodal",372,"OLS",TRUE
"Comparator",300,"Symmetric bimodal",372,"Semiparametric",TRUE
"Comparator",300,"Symmetric bimodal",372,"Imai quasi-Bayes",TRUE
"Comparator",300,"Symmetric bimodal",372,"Imai bootstrap",TRUE
"Comparator",300,"Symmetric bimodal",372,"medflex NEM",TRUE
"Comparator",300,"Gaussian",373,"OLS",TRUE
"Comparator",300,"Gaussian",373,"Semiparametric",TRUE
"Comparator",300,"Gaussian",373,"Imai quasi-Bayes",TRUE
"Comparator",300,"Gaussian",373,"Imai bootstrap",TRUE
"Comparator",300,"Gaussian",373,"medflex NEM",TRUE
"Comparator",300,"Skew-normal",373,"OLS",TRUE
"Comparator",300,"Skew-normal",373,"Semiparametric",TRUE
"Comparator",300,"Skew-normal",373,"Imai quasi-Bayes",TRUE
"Comparator",300,"Skew-normal",373,"Imai bootstrap",TRUE
"Comparator",300,"Skew-normal",373,"medflex NEM",TRUE
"Comparator",300,"Asymmetric mixture",373,"OLS",TRUE
"Comparator",300,"Asymmetric mixture",373,"Semiparametric",TRUE
"Comparator",300,"Asymmetric mixture",373,"Imai quasi-Bayes",TRUE
"Comparator",300,"Asymmetric mixture",373,"Imai bootstrap",TRUE
"Comparator",300,"Asymmetric mixture",373,"medflex NEM",TRUE
"Comparator",300,"Symmetric bimodal",373,"OLS",TRUE
"Comparator",300,"Symmetric bimodal",373,"Semiparametric",TRUE
"Comparator",300,"Symmetric bimodal",373,"Imai quasi-Bayes",TRUE
"Comparator",300,"Symmetric bimodal",373,"Imai bootstrap",TRUE
"Comparator",300,"Symmetric bimodal",373,"medflex NEM",TRUE
"Comparator",300,"Gaussian",374,"OLS",TRUE
"Comparator",300,"Gaussian",374,"Semiparametric",TRUE
"Comparator",300,"Gaussian",374,"Imai quasi-Bayes",TRUE
"Comparator",300,"Gaussian",374,"Imai bootstrap",TRUE
"Comparator",300,"Gaussian",374,"medflex NEM",TRUE
"Comparator",300,"Skew-normal",374,"OLS",TRUE
"Comparator",300,"Skew-normal",374,"Semiparametric",TRUE
"Comparator",300,"Skew-normal",374,"Imai quasi-Bayes",TRUE
"Comparator",300,"Skew-normal",374,"Imai bootstrap",TRUE
"Comparator",300,"Skew-normal",374,"medflex NEM",TRUE
"Comparator",300,"Asymmetric mixture",374,"OLS",TRUE
"Comparator",300,"Asymmetric mixture",374,"Semiparametric",FALSE
"Comparator",300,"Asymmetric mixture",374,"Imai quasi-Bayes",TRUE
"Comparator",300,"Asymmetric mixture",374,"Imai bootstrap",TRUE
"Comparator",300,"Asymmetric mixture",374,"medflex NEM",TRUE
"Comparator",300,"Symmetric bimodal",374,"OLS",TRUE
"Comparator",300,"Symmetric bimodal",374,"Semiparametric",TRUE
"Comparator",300,"Symmetric bimodal",374,"Imai quasi-Bayes",TRUE
"Comparator",300,"Symmetric bimodal",374,"Imai bootstrap",TRUE
"Comparator",300,"Symmetric bimodal",374,"medflex NEM",TRUE
"Comparator",300,"Gaussian",375,"OLS",TRUE
"Comparator",300,"Gaussian",375,"Semiparametric",TRUE
"Comparator",300,"Gaussian",375,"Imai quasi-Bayes",TRUE
"Comparator",300,"Gaussian",375,"Imai bootstrap",TRUE
"Comparator",300,"Gaussian",375,"medflex NEM",TRUE
"Comparator",300,"Skew-normal",375,"OLS",TRUE
"Comparator",300,"Skew-normal",375,"Semiparametric",TRUE
"Comparator",300,"Skew-normal",375,"Imai quasi-Bayes",TRUE
"Comparator",300,"Skew-normal",375,"Imai bootstrap",TRUE
"Comparator",300,"Skew-normal",375,"medflex NEM",TRUE
"Comparator",300,"Asymmetric mixture",375,"OLS",TRUE
"Comparator",300,"Asymmetric mixture",375,"Semiparametric",TRUE
"Comparator",300,"Asymmetric mixture",375,"Imai quasi-Bayes",TRUE
"Comparator",300,"Asymmetric mixture",375,"Imai bootstrap",TRUE
"Comparator",300,"Asymmetric mixture",375,"medflex NEM",TRUE
"Comparator",300,"Symmetric bimodal",375,"OLS",TRUE
"Comparator",300,"Symmetric bimodal",375,"Semiparametric",TRUE
"Comparator",300,"Symmetric bimodal",375,"Imai quasi-Bayes",TRUE
"Comparator",300,"Symmetric bimodal",375,"Imai bootstrap",TRUE
"Comparator",300,"Symmetric bimodal",375,"medflex NEM",TRUE
"Comparator",300,"Gaussian",376,"OLS",TRUE
"Comparator",300,"Gaussian",376,"Semiparametric",TRUE
"Comparator",300,"Gaussian",376,"Imai quasi-Bayes",TRUE
"Comparator",300,"Gaussian",376,"Imai bootstrap",TRUE
"Comparator",300,"Gaussian",376,"medflex NEM",TRUE
"Comparator",300,"Skew-normal",376,"OLS",TRUE
"Comparator",300,"Skew-normal",376,"Semiparametric",TRUE
"Comparator",300,"Skew-normal",376,"Imai quasi-Bayes",TRUE
"Comparator",300,"Skew-normal",376,"Imai bootstrap",TRUE
"Comparator",300,"Skew-normal",376,"medflex NEM",TRUE
"Comparator",300,"Asymmetric mixture",376,"OLS",TRUE
"Comparator",300,"Asymmetric mixture",376,"Semiparametric",TRUE
"Comparator",300,"Asymmetric mixture",376,"Imai quasi-Bayes",TRUE
"Comparator",300,"Asymmetric mixture",376,"Imai bootstrap",TRUE
"Comparator",300,"Asymmetric mixture",376,"medflex NEM",TRUE
"Comparator",300,"Symmetric bimodal",376,"OLS",TRUE
"Comparator",300,"Symmetric bimodal",376,"Semiparametric",TRUE
"Comparator",300,"Symmetric bimodal",376,"Imai quasi-Bayes",TRUE
"Comparator",300,"Symmetric bimodal",376,"Imai bootstrap",TRUE
"Comparator",300,"Symmetric bimodal",376,"medflex NEM",TRUE
"Comparator",300,"Gaussian",377,"OLS",TRUE
"Comparator",300,"Gaussian",377,"Semiparametric",TRUE
"Comparator",300,"Gaussian",377,"Imai quasi-Bayes",TRUE
"Comparator",300,"Gaussian",377,"Imai bootstrap",TRUE
"Comparator",300,"Gaussian",377,"medflex NEM",TRUE
"Comparator",300,"Skew-normal",377,"OLS",TRUE
"Comparator",300,"Skew-normal",377,"Semiparametric",TRUE
"Comparator",300,"Skew-normal",377,"Imai quasi-Bayes",TRUE
"Comparator",300,"Skew-normal",377,"Imai bootstrap",TRUE
"Comparator",300,"Skew-normal",377,"medflex NEM",TRUE
"Comparator",300,"Asymmetric mixture",377,"OLS",TRUE
"Comparator",300,"Asymmetric mixture",377,"Semiparametric",TRUE
"Comparator",300,"Asymmetric mixture",377,"Imai quasi-Bayes",TRUE
"Comparator",300,"Asymmetric mixture",377,"Imai bootstrap",TRUE
"Comparator",300,"Asymmetric mixture",377,"medflex NEM",TRUE
"Comparator",300,"Symmetric bimodal",377,"OLS",TRUE
"Comparator",300,"Symmetric bimodal",377,"Semiparametric",TRUE
"Comparator",300,"Symmetric bimodal",377,"Imai quasi-Bayes",TRUE
"Comparator",300,"Symmetric bimodal",377,"Imai bootstrap",TRUE
"Comparator",300,"Symmetric bimodal",377,"medflex NEM",TRUE
"Comparator",300,"Gaussian",378,"OLS",TRUE
"Comparator",300,"Gaussian",378,"Semiparametric",TRUE
"Comparator",300,"Gaussian",378,"Imai quasi-Bayes",TRUE
"Comparator",300,"Gaussian",378,"Imai bootstrap",TRUE
"Comparator",300,"Gaussian",378,"medflex NEM",TRUE
"Comparator",300,"Skew-normal",378,"OLS",TRUE
"Comparator",300,"Skew-normal",378,"Semiparametric",TRUE
"Comparator",300,"Skew-normal",378,"Imai quasi-Bayes",TRUE
"Comparator",300,"Skew-normal",378,"Imai bootstrap",TRUE
"Comparator",300,"Skew-normal",378,"medflex NEM",TRUE
"Comparator",300,"Asymmetric mixture",378,"OLS",TRUE
"Comparator",300,"Asymmetric mixture",378,"Semiparametric",FALSE
"Comparator",300,"Asymmetric mixture",378,"Imai quasi-Bayes",TRUE
"Comparator",300,"Asymmetric mixture",378,"Imai bootstrap",TRUE
"Comparator",300,"Asymmetric mixture",378,"medflex NEM",TRUE
"Comparator",300,"Symmetric bimodal",378,"OLS",TRUE
"Comparator",300,"Symmetric bimodal",378,"Semiparametric",TRUE
"Comparator",300,"Symmetric bimodal",378,"Imai quasi-Bayes",TRUE
"Comparator",300,"Symmetric bimodal",378,"Imai bootstrap",TRUE
"Comparator",300,"Symmetric bimodal",378,"medflex NEM",TRUE
"Comparator",300,"Gaussian",379,"OLS",TRUE
"Comparator",300,"Gaussian",379,"Semiparametric",TRUE
"Comparator",300,"Gaussian",379,"Imai quasi-Bayes",TRUE
"Comparator",300,"Gaussian",379,"Imai bootstrap",TRUE
"Comparator",300,"Gaussian",379,"medflex NEM",TRUE
"Comparator",300,"Skew-normal",379,"OLS",TRUE
"Comparator",300,"Skew-normal",379,"Semiparametric",TRUE
"Comparator",300,"Skew-normal",379,"Imai quasi-Bayes",TRUE
"Comparator",300,"Skew-normal",379,"Imai bootstrap",TRUE
"Comparator",300,"Skew-normal",379,"medflex NEM",TRUE
"Comparator",300,"Asymmetric mixture",379,"OLS",TRUE
"Comparator",300,"Asymmetric mixture",379,"Semiparametric",TRUE
"Comparator",300,"Asymmetric mixture",379,"Imai quasi-Bayes",TRUE
"Comparator",300,"Asymmetric mixture",379,"Imai bootstrap",TRUE
"Comparator",300,"Asymmetric mixture",379,"medflex NEM",TRUE
"Comparator",300,"Symmetric bimodal",379,"OLS",TRUE
"Comparator",300,"Symmetric bimodal",379,"Semiparametric",TRUE
"Comparator",300,"Symmetric bimodal",379,"Imai quasi-Bayes",TRUE
"Comparator",300,"Symmetric bimodal",379,"Imai bootstrap",TRUE
"Comparator",300,"Symmetric bimodal",379,"medflex NEM",TRUE
"Comparator",300,"Gaussian",380,"OLS",TRUE
"Comparator",300,"Gaussian",380,"Semiparametric",TRUE
"Comparator",300,"Gaussian",380,"Imai quasi-Bayes",TRUE
"Comparator",300,"Gaussian",380,"Imai bootstrap",TRUE
"Comparator",300,"Gaussian",380,"medflex NEM",TRUE
"Comparator",300,"Skew-normal",380,"OLS",TRUE
"Comparator",300,"Skew-normal",380,"Semiparametric",TRUE
"Comparator",300,"Skew-normal",380,"Imai quasi-Bayes",TRUE
"Comparator",300,"Skew-normal",380,"Imai bootstrap",TRUE
"Comparator",300,"Skew-normal",380,"medflex NEM",TRUE
"Comparator",300,"Asymmetric mixture",380,"OLS",TRUE
"Comparator",300,"Asymmetric mixture",380,"Semiparametric",TRUE
"Comparator",300,"Asymmetric mixture",380,"Imai quasi-Bayes",TRUE
"Comparator",300,"Asymmetric mixture",380,"Imai bootstrap",TRUE
"Comparator",300,"Asymmetric mixture",380,"medflex NEM",TRUE
"Comparator",300,"Symmetric bimodal",380,"OLS",TRUE
"Comparator",300,"Symmetric bimodal",380,"Semiparametric",TRUE
"Comparator",300,"Symmetric bimodal",380,"Imai quasi-Bayes",TRUE
"Comparator",300,"Symmetric bimodal",380,"Imai bootstrap",TRUE
"Comparator",300,"Symmetric bimodal",380,"medflex NEM",TRUE
"Comparator",300,"Gaussian",381,"OLS",TRUE
"Comparator",300,"Gaussian",381,"Semiparametric",TRUE
"Comparator",300,"Gaussian",381,"Imai quasi-Bayes",TRUE
"Comparator",300,"Gaussian",381,"Imai bootstrap",TRUE
"Comparator",300,"Gaussian",381,"medflex NEM",TRUE
"Comparator",300,"Skew-normal",381,"OLS",TRUE
"Comparator",300,"Skew-normal",381,"Semiparametric",TRUE
"Comparator",300,"Skew-normal",381,"Imai quasi-Bayes",TRUE
"Comparator",300,"Skew-normal",381,"Imai bootstrap",TRUE
"Comparator",300,"Skew-normal",381,"medflex NEM",TRUE
"Comparator",300,"Asymmetric mixture",381,"OLS",TRUE
"Comparator",300,"Asymmetric mixture",381,"Semiparametric",TRUE
"Comparator",300,"Asymmetric mixture",381,"Imai quasi-Bayes",TRUE
"Comparator",300,"Asymmetric mixture",381,"Imai bootstrap",TRUE
"Comparator",300,"Asymmetric mixture",381,"medflex NEM",TRUE
"Comparator",300,"Symmetric bimodal",381,"OLS",TRUE
"Comparator",300,"Symmetric bimodal",381,"Semiparametric",TRUE
"Comparator",300,"Symmetric bimodal",381,"Imai quasi-Bayes",TRUE
"Comparator",300,"Symmetric bimodal",381,"Imai bootstrap",TRUE
"Comparator",300,"Symmetric bimodal",381,"medflex NEM",TRUE
"Comparator",300,"Gaussian",382,"OLS",TRUE
"Comparator",300,"Gaussian",382,"Semiparametric",TRUE
"Comparator",300,"Gaussian",382,"Imai quasi-Bayes",TRUE
"Comparator",300,"Gaussian",382,"Imai bootstrap",TRUE
"Comparator",300,"Gaussian",382,"medflex NEM",TRUE
"Comparator",300,"Skew-normal",382,"OLS",TRUE
"Comparator",300,"Skew-normal",382,"Semiparametric",TRUE
"Comparator",300,"Skew-normal",382,"Imai quasi-Bayes",TRUE
"Comparator",300,"Skew-normal",382,"Imai bootstrap",TRUE
"Comparator",300,"Skew-normal",382,"medflex NEM",TRUE
"Comparator",300,"Asymmetric mixture",382,"OLS",TRUE
"Comparator",300,"Asymmetric mixture",382,"Semiparametric",TRUE
"Comparator",300,"Asymmetric mixture",382,"Imai quasi-Bayes",TRUE
"Comparator",300,"Asymmetric mixture",382,"Imai bootstrap",TRUE
"Comparator",300,"Asymmetric mixture",382,"medflex NEM",TRUE
"Comparator",300,"Symmetric bimodal",382,"OLS",TRUE
"Comparator",300,"Symmetric bimodal",382,"Semiparametric",TRUE
"Comparator",300,"Symmetric bimodal",382,"Imai quasi-Bayes",TRUE
"Comparator",300,"Symmetric bimodal",382,"Imai bootstrap",TRUE
"Comparator",300,"Symmetric bimodal",382,"medflex NEM",TRUE
"Comparator",300,"Gaussian",383,"OLS",TRUE
"Comparator",300,"Gaussian",383,"Semiparametric",TRUE
"Comparator",300,"Gaussian",383,"Imai quasi-Bayes",TRUE
"Comparator",300,"Gaussian",383,"Imai bootstrap",TRUE
"Comparator",300,"Gaussian",383,"medflex NEM",TRUE
"Comparator",300,"Skew-normal",383,"OLS",TRUE
"Comparator",300,"Skew-normal",383,"Semiparametric",TRUE
"Comparator",300,"Skew-normal",383,"Imai quasi-Bayes",TRUE
"Comparator",300,"Skew-normal",383,"Imai bootstrap",TRUE
"Comparator",300,"Skew-normal",383,"medflex NEM",TRUE
"Comparator",300,"Asymmetric mixture",383,"OLS",TRUE
"Comparator",300,"Asymmetric mixture",383,"Semiparametric",TRUE
"Comparator",300,"Asymmetric mixture",383,"Imai quasi-Bayes",TRUE
"Comparator",300,"Asymmetric mixture",383,"Imai bootstrap",TRUE
"Comparator",300,"Asymmetric mixture",383,"medflex NEM",TRUE
"Comparator",300,"Symmetric bimodal",383,"OLS",TRUE
"Comparator",300,"Symmetric bimodal",383,"Semiparametric",TRUE
"Comparator",300,"Symmetric bimodal",383,"Imai quasi-Bayes",TRUE
"Comparator",300,"Symmetric bimodal",383,"Imai bootstrap",TRUE
"Comparator",300,"Symmetric bimodal",383,"medflex NEM",TRUE
"Comparator",300,"Gaussian",384,"OLS",TRUE
"Comparator",300,"Gaussian",384,"Semiparametric",TRUE
"Comparator",300,"Gaussian",384,"Imai quasi-Bayes",TRUE
"Comparator",300,"Gaussian",384,"Imai bootstrap",TRUE
"Comparator",300,"Gaussian",384,"medflex NEM",TRUE
"Comparator",300,"Skew-normal",384,"OLS",TRUE
"Comparator",300,"Skew-normal",384,"Semiparametric",TRUE
"Comparator",300,"Skew-normal",384,"Imai quasi-Bayes",TRUE
"Comparator",300,"Skew-normal",384,"Imai bootstrap",TRUE
"Comparator",300,"Skew-normal",384,"medflex NEM",TRUE
"Comparator",300,"Asymmetric mixture",384,"OLS",TRUE
"Comparator",300,"Asymmetric mixture",384,"Semiparametric",TRUE
"Comparator",300,"Asymmetric mixture",384,"Imai quasi-Bayes",TRUE
"Comparator",300,"Asymmetric mixture",384,"Imai bootstrap",TRUE
"Comparator",300,"Asymmetric mixture",384,"medflex NEM",TRUE
"Comparator",300,"Symmetric bimodal",384,"OLS",TRUE
"Comparator",300,"Symmetric bimodal",384,"Semiparametric",TRUE
"Comparator",300,"Symmetric bimodal",384,"Imai quasi-Bayes",TRUE
"Comparator",300,"Symmetric bimodal",384,"Imai bootstrap",TRUE
"Comparator",300,"Symmetric bimodal",384,"medflex NEM",TRUE
"Comparator",300,"Gaussian",385,"OLS",TRUE
"Comparator",300,"Gaussian",385,"Semiparametric",TRUE
"Comparator",300,"Gaussian",385,"Imai quasi-Bayes",TRUE
"Comparator",300,"Gaussian",385,"Imai bootstrap",TRUE
"Comparator",300,"Gaussian",385,"medflex NEM",TRUE
"Comparator",300,"Skew-normal",385,"OLS",TRUE
"Comparator",300,"Skew-normal",385,"Semiparametric",TRUE
"Comparator",300,"Skew-normal",385,"Imai quasi-Bayes",TRUE
"Comparator",300,"Skew-normal",385,"Imai bootstrap",TRUE
"Comparator",300,"Skew-normal",385,"medflex NEM",TRUE
"Comparator",300,"Asymmetric mixture",385,"OLS",TRUE
"Comparator",300,"Asymmetric mixture",385,"Semiparametric",TRUE
"Comparator",300,"Asymmetric mixture",385,"Imai quasi-Bayes",TRUE
"Comparator",300,"Asymmetric mixture",385,"Imai bootstrap",TRUE
"Comparator",300,"Asymmetric mixture",385,"medflex NEM",TRUE
"Comparator",300,"Symmetric bimodal",385,"OLS",TRUE
"Comparator",300,"Symmetric bimodal",385,"Semiparametric",TRUE
"Comparator",300,"Symmetric bimodal",385,"Imai quasi-Bayes",TRUE
"Comparator",300,"Symmetric bimodal",385,"Imai bootstrap",TRUE
"Comparator",300,"Symmetric bimodal",385,"medflex NEM",TRUE
"Comparator",300,"Gaussian",386,"OLS",TRUE
"Comparator",300,"Gaussian",386,"Semiparametric",TRUE
"Comparator",300,"Gaussian",386,"Imai quasi-Bayes",TRUE
"Comparator",300,"Gaussian",386,"Imai bootstrap",TRUE
"Comparator",300,"Gaussian",386,"medflex NEM",TRUE
"Comparator",300,"Skew-normal",386,"OLS",TRUE
"Comparator",300,"Skew-normal",386,"Semiparametric",TRUE
"Comparator",300,"Skew-normal",386,"Imai quasi-Bayes",TRUE
"Comparator",300,"Skew-normal",386,"Imai bootstrap",TRUE
"Comparator",300,"Skew-normal",386,"medflex NEM",TRUE
"Comparator",300,"Asymmetric mixture",386,"OLS",TRUE
"Comparator",300,"Asymmetric mixture",386,"Semiparametric",TRUE
"Comparator",300,"Asymmetric mixture",386,"Imai quasi-Bayes",TRUE
"Comparator",300,"Asymmetric mixture",386,"Imai bootstrap",TRUE
"Comparator",300,"Asymmetric mixture",386,"medflex NEM",TRUE
"Comparator",300,"Symmetric bimodal",386,"OLS",TRUE
"Comparator",300,"Symmetric bimodal",386,"Semiparametric",TRUE
"Comparator",300,"Symmetric bimodal",386,"Imai quasi-Bayes",TRUE
"Comparator",300,"Symmetric bimodal",386,"Imai bootstrap",TRUE
"Comparator",300,"Symmetric bimodal",386,"medflex NEM",TRUE
"Comparator",300,"Gaussian",387,"OLS",TRUE
"Comparator",300,"Gaussian",387,"Semiparametric",TRUE
"Comparator",300,"Gaussian",387,"Imai quasi-Bayes",TRUE
"Comparator",300,"Gaussian",387,"Imai bootstrap",TRUE
"Comparator",300,"Gaussian",387,"medflex NEM",TRUE
"Comparator",300,"Skew-normal",387,"OLS",TRUE
"Comparator",300,"Skew-normal",387,"Semiparametric",TRUE
"Comparator",300,"Skew-normal",387,"Imai quasi-Bayes",TRUE
"Comparator",300,"Skew-normal",387,"Imai bootstrap",TRUE
"Comparator",300,"Skew-normal",387,"medflex NEM",TRUE
"Comparator",300,"Asymmetric mixture",387,"OLS",TRUE
"Comparator",300,"Asymmetric mixture",387,"Semiparametric",TRUE
"Comparator",300,"Asymmetric mixture",387,"Imai quasi-Bayes",TRUE
"Comparator",300,"Asymmetric mixture",387,"Imai bootstrap",TRUE
"Comparator",300,"Asymmetric mixture",387,"medflex NEM",TRUE
"Comparator",300,"Symmetric bimodal",387,"OLS",TRUE
"Comparator",300,"Symmetric bimodal",387,"Semiparametric",TRUE
"Comparator",300,"Symmetric bimodal",387,"Imai quasi-Bayes",TRUE
"Comparator",300,"Symmetric bimodal",387,"Imai bootstrap",TRUE
"Comparator",300,"Symmetric bimodal",387,"medflex NEM",TRUE
"Comparator",300,"Gaussian",388,"OLS",TRUE
"Comparator",300,"Gaussian",388,"Semiparametric",TRUE
"Comparator",300,"Gaussian",388,"Imai quasi-Bayes",TRUE
"Comparator",300,"Gaussian",388,"Imai bootstrap",TRUE
"Comparator",300,"Gaussian",388,"medflex NEM",TRUE
"Comparator",300,"Skew-normal",388,"OLS",TRUE
"Comparator",300,"Skew-normal",388,"Semiparametric",TRUE
"Comparator",300,"Skew-normal",388,"Imai quasi-Bayes",TRUE
"Comparator",300,"Skew-normal",388,"Imai bootstrap",TRUE
"Comparator",300,"Skew-normal",388,"medflex NEM",TRUE
"Comparator",300,"Asymmetric mixture",388,"OLS",TRUE
"Comparator",300,"Asymmetric mixture",388,"Semiparametric",TRUE
"Comparator",300,"Asymmetric mixture",388,"Imai quasi-Bayes",TRUE
"Comparator",300,"Asymmetric mixture",388,"Imai bootstrap",TRUE
"Comparator",300,"Asymmetric mixture",388,"medflex NEM",TRUE
"Comparator",300,"Symmetric bimodal",388,"OLS",TRUE
"Comparator",300,"Symmetric bimodal",388,"Semiparametric",TRUE
"Comparator",300,"Symmetric bimodal",388,"Imai quasi-Bayes",TRUE
"Comparator",300,"Symmetric bimodal",388,"Imai bootstrap",TRUE
"Comparator",300,"Symmetric bimodal",388,"medflex NEM",TRUE
"Comparator",300,"Gaussian",389,"OLS",TRUE
"Comparator",300,"Gaussian",389,"Semiparametric",TRUE
"Comparator",300,"Gaussian",389,"Imai quasi-Bayes",TRUE
"Comparator",300,"Gaussian",389,"Imai bootstrap",TRUE
"Comparator",300,"Gaussian",389,"medflex NEM",TRUE
"Comparator",300,"Skew-normal",389,"OLS",TRUE
"Comparator",300,"Skew-normal",389,"Semiparametric",TRUE
"Comparator",300,"Skew-normal",389,"Imai quasi-Bayes",TRUE
"Comparator",300,"Skew-normal",389,"Imai bootstrap",TRUE
"Comparator",300,"Skew-normal",389,"medflex NEM",TRUE
"Comparator",300,"Asymmetric mixture",389,"OLS",TRUE
"Comparator",300,"Asymmetric mixture",389,"Semiparametric",TRUE
"Comparator",300,"Asymmetric mixture",389,"Imai quasi-Bayes",TRUE
"Comparator",300,"Asymmetric mixture",389,"Imai bootstrap",TRUE
"Comparator",300,"Asymmetric mixture",389,"medflex NEM",TRUE
"Comparator",300,"Symmetric bimodal",389,"OLS",TRUE
"Comparator",300,"Symmetric bimodal",389,"Semiparametric",TRUE
"Comparator",300,"Symmetric bimodal",389,"Imai quasi-Bayes",TRUE
"Comparator",300,"Symmetric bimodal",389,"Imai bootstrap",TRUE
"Comparator",300,"Symmetric bimodal",389,"medflex NEM",TRUE
"Comparator",300,"Gaussian",390,"OLS",TRUE
"Comparator",300,"Gaussian",390,"Semiparametric",TRUE
"Comparator",300,"Gaussian",390,"Imai quasi-Bayes",TRUE
"Comparator",300,"Gaussian",390,"Imai bootstrap",TRUE
"Comparator",300,"Gaussian",390,"medflex NEM",TRUE
"Comparator",300,"Skew-normal",390,"OLS",TRUE
"Comparator",300,"Skew-normal",390,"Semiparametric",TRUE
"Comparator",300,"Skew-normal",390,"Imai quasi-Bayes",TRUE
"Comparator",300,"Skew-normal",390,"Imai bootstrap",TRUE
"Comparator",300,"Skew-normal",390,"medflex NEM",TRUE
"Comparator",300,"Asymmetric mixture",390,"OLS",TRUE
"Comparator",300,"Asymmetric mixture",390,"Semiparametric",TRUE
"Comparator",300,"Asymmetric mixture",390,"Imai quasi-Bayes",TRUE
"Comparator",300,"Asymmetric mixture",390,"Imai bootstrap",TRUE
"Comparator",300,"Asymmetric mixture",390,"medflex NEM",TRUE
"Comparator",300,"Symmetric bimodal",390,"OLS",TRUE
"Comparator",300,"Symmetric bimodal",390,"Semiparametric",TRUE
"Comparator",300,"Symmetric bimodal",390,"Imai quasi-Bayes",TRUE
"Comparator",300,"Symmetric bimodal",390,"Imai bootstrap",TRUE
"Comparator",300,"Symmetric bimodal",390,"medflex NEM",TRUE
"Comparator",300,"Gaussian",391,"OLS",TRUE
"Comparator",300,"Gaussian",391,"Semiparametric",TRUE
"Comparator",300,"Gaussian",391,"Imai quasi-Bayes",TRUE
"Comparator",300,"Gaussian",391,"Imai bootstrap",TRUE
"Comparator",300,"Gaussian",391,"medflex NEM",TRUE
"Comparator",300,"Skew-normal",391,"OLS",TRUE
"Comparator",300,"Skew-normal",391,"Semiparametric",TRUE
"Comparator",300,"Skew-normal",391,"Imai quasi-Bayes",TRUE
"Comparator",300,"Skew-normal",391,"Imai bootstrap",TRUE
"Comparator",300,"Skew-normal",391,"medflex NEM",TRUE
"Comparator",300,"Asymmetric mixture",391,"OLS",TRUE
"Comparator",300,"Asymmetric mixture",391,"Semiparametric",TRUE
"Comparator",300,"Asymmetric mixture",391,"Imai quasi-Bayes",TRUE
"Comparator",300,"Asymmetric mixture",391,"Imai bootstrap",TRUE
"Comparator",300,"Asymmetric mixture",391,"medflex NEM",TRUE
"Comparator",300,"Symmetric bimodal",391,"OLS",TRUE
"Comparator",300,"Symmetric bimodal",391,"Semiparametric",TRUE
"Comparator",300,"Symmetric bimodal",391,"Imai quasi-Bayes",TRUE
"Comparator",300,"Symmetric bimodal",391,"Imai bootstrap",TRUE
"Comparator",300,"Symmetric bimodal",391,"medflex NEM",TRUE
"Comparator",300,"Gaussian",392,"OLS",TRUE
"Comparator",300,"Gaussian",392,"Semiparametric",TRUE
"Comparator",300,"Gaussian",392,"Imai quasi-Bayes",TRUE
"Comparator",300,"Gaussian",392,"Imai bootstrap",TRUE
"Comparator",300,"Gaussian",392,"medflex NEM",TRUE
"Comparator",300,"Skew-normal",392,"OLS",TRUE
"Comparator",300,"Skew-normal",392,"Semiparametric",TRUE
"Comparator",300,"Skew-normal",392,"Imai quasi-Bayes",TRUE
"Comparator",300,"Skew-normal",392,"Imai bootstrap",TRUE
"Comparator",300,"Skew-normal",392,"medflex NEM",TRUE
"Comparator",300,"Asymmetric mixture",392,"OLS",TRUE
"Comparator",300,"Asymmetric mixture",392,"Semiparametric",TRUE
"Comparator",300,"Asymmetric mixture",392,"Imai quasi-Bayes",TRUE
"Comparator",300,"Asymmetric mixture",392,"Imai bootstrap",TRUE
"Comparator",300,"Asymmetric mixture",392,"medflex NEM",TRUE
"Comparator",300,"Symmetric bimodal",392,"OLS",TRUE
"Comparator",300,"Symmetric bimodal",392,"Semiparametric",TRUE
"Comparator",300,"Symmetric bimodal",392,"Imai quasi-Bayes",TRUE
"Comparator",300,"Symmetric bimodal",392,"Imai bootstrap",TRUE
"Comparator",300,"Symmetric bimodal",392,"medflex NEM",TRUE
"Comparator",300,"Gaussian",393,"OLS",TRUE
"Comparator",300,"Gaussian",393,"Semiparametric",TRUE
"Comparator",300,"Gaussian",393,"Imai quasi-Bayes",TRUE
"Comparator",300,"Gaussian",393,"Imai bootstrap",TRUE
"Comparator",300,"Gaussian",393,"medflex NEM",TRUE
"Comparator",300,"Skew-normal",393,"OLS",TRUE
"Comparator",300,"Skew-normal",393,"Semiparametric",TRUE
"Comparator",300,"Skew-normal",393,"Imai quasi-Bayes",TRUE
"Comparator",300,"Skew-normal",393,"Imai bootstrap",TRUE
"Comparator",300,"Skew-normal",393,"medflex NEM",TRUE
"Comparator",300,"Asymmetric mixture",393,"OLS",TRUE
"Comparator",300,"Asymmetric mixture",393,"Semiparametric",TRUE
"Comparator",300,"Asymmetric mixture",393,"Imai quasi-Bayes",TRUE
"Comparator",300,"Asymmetric mixture",393,"Imai bootstrap",TRUE
"Comparator",300,"Asymmetric mixture",393,"medflex NEM",TRUE
"Comparator",300,"Symmetric bimodal",393,"OLS",TRUE
"Comparator",300,"Symmetric bimodal",393,"Semiparametric",TRUE
"Comparator",300,"Symmetric bimodal",393,"Imai quasi-Bayes",TRUE
"Comparator",300,"Symmetric bimodal",393,"Imai bootstrap",TRUE
"Comparator",300,"Symmetric bimodal",393,"medflex NEM",TRUE
"Comparator",300,"Gaussian",394,"OLS",TRUE
"Comparator",300,"Gaussian",394,"Semiparametric",TRUE
"Comparator",300,"Gaussian",394,"Imai quasi-Bayes",TRUE
"Comparator",300,"Gaussian",394,"Imai bootstrap",TRUE
"Comparator",300,"Gaussian",394,"medflex NEM",TRUE
"Comparator",300,"Skew-normal",394,"OLS",TRUE
"Comparator",300,"Skew-normal",394,"Semiparametric",TRUE
"Comparator",300,"Skew-normal",394,"Imai quasi-Bayes",TRUE
"Comparator",300,"Skew-normal",394,"Imai bootstrap",TRUE
"Comparator",300,"Skew-normal",394,"medflex NEM",TRUE
"Comparator",300,"Asymmetric mixture",394,"OLS",TRUE
"Comparator",300,"Asymmetric mixture",394,"Semiparametric",TRUE
"Comparator",300,"Asymmetric mixture",394,"Imai quasi-Bayes",TRUE
"Comparator",300,"Asymmetric mixture",394,"Imai bootstrap",TRUE
"Comparator",300,"Asymmetric mixture",394,"medflex NEM",TRUE
"Comparator",300,"Symmetric bimodal",394,"OLS",TRUE
"Comparator",300,"Symmetric bimodal",394,"Semiparametric",TRUE
"Comparator",300,"Symmetric bimodal",394,"Imai quasi-Bayes",TRUE
"Comparator",300,"Symmetric bimodal",394,"Imai bootstrap",TRUE
"Comparator",300,"Symmetric bimodal",394,"medflex NEM",TRUE
"Comparator",300,"Gaussian",395,"OLS",TRUE
"Comparator",300,"Gaussian",395,"Semiparametric",TRUE
"Comparator",300,"Gaussian",395,"Imai quasi-Bayes",TRUE
"Comparator",300,"Gaussian",395,"Imai bootstrap",TRUE
"Comparator",300,"Gaussian",395,"medflex NEM",TRUE
"Comparator",300,"Skew-normal",395,"OLS",TRUE
"Comparator",300,"Skew-normal",395,"Semiparametric",TRUE
"Comparator",300,"Skew-normal",395,"Imai quasi-Bayes",TRUE
"Comparator",300,"Skew-normal",395,"Imai bootstrap",TRUE
"Comparator",300,"Skew-normal",395,"medflex NEM",TRUE
"Comparator",300,"Asymmetric mixture",395,"OLS",TRUE
"Comparator",300,"Asymmetric mixture",395,"Semiparametric",TRUE
"Comparator",300,"Asymmetric mixture",395,"Imai quasi-Bayes",TRUE
"Comparator",300,"Asymmetric mixture",395,"Imai bootstrap",TRUE
"Comparator",300,"Asymmetric mixture",395,"medflex NEM",TRUE
"Comparator",300,"Symmetric bimodal",395,"OLS",TRUE
"Comparator",300,"Symmetric bimodal",395,"Semiparametric",TRUE
"Comparator",300,"Symmetric bimodal",395,"Imai quasi-Bayes",TRUE
"Comparator",300,"Symmetric bimodal",395,"Imai bootstrap",TRUE
"Comparator",300,"Symmetric bimodal",395,"medflex NEM",TRUE
"Comparator",300,"Gaussian",396,"OLS",TRUE
"Comparator",300,"Gaussian",396,"Semiparametric",TRUE
"Comparator",300,"Gaussian",396,"Imai quasi-Bayes",TRUE
"Comparator",300,"Gaussian",396,"Imai bootstrap",TRUE
"Comparator",300,"Gaussian",396,"medflex NEM",TRUE
"Comparator",300,"Skew-normal",396,"OLS",TRUE
"Comparator",300,"Skew-normal",396,"Semiparametric",TRUE
"Comparator",300,"Skew-normal",396,"Imai quasi-Bayes",TRUE
"Comparator",300,"Skew-normal",396,"Imai bootstrap",TRUE
"Comparator",300,"Skew-normal",396,"medflex NEM",TRUE
"Comparator",300,"Asymmetric mixture",396,"OLS",TRUE
"Comparator",300,"Asymmetric mixture",396,"Semiparametric",TRUE
"Comparator",300,"Asymmetric mixture",396,"Imai quasi-Bayes",TRUE
"Comparator",300,"Asymmetric mixture",396,"Imai bootstrap",TRUE
"Comparator",300,"Asymmetric mixture",396,"medflex NEM",TRUE
"Comparator",300,"Symmetric bimodal",396,"OLS",TRUE
"Comparator",300,"Symmetric bimodal",396,"Semiparametric",TRUE
"Comparator",300,"Symmetric bimodal",396,"Imai quasi-Bayes",TRUE
"Comparator",300,"Symmetric bimodal",396,"Imai bootstrap",TRUE
"Comparator",300,"Symmetric bimodal",396,"medflex NEM",TRUE
"Comparator",300,"Gaussian",397,"OLS",TRUE
"Comparator",300,"Gaussian",397,"Semiparametric",TRUE
"Comparator",300,"Gaussian",397,"Imai quasi-Bayes",TRUE
"Comparator",300,"Gaussian",397,"Imai bootstrap",TRUE
"Comparator",300,"Gaussian",397,"medflex NEM",TRUE
"Comparator",300,"Skew-normal",397,"OLS",TRUE
"Comparator",300,"Skew-normal",397,"Semiparametric",TRUE
"Comparator",300,"Skew-normal",397,"Imai quasi-Bayes",TRUE
"Comparator",300,"Skew-normal",397,"Imai bootstrap",TRUE
"Comparator",300,"Skew-normal",397,"medflex NEM",TRUE
"Comparator",300,"Asymmetric mixture",397,"OLS",TRUE
"Comparator",300,"Asymmetric mixture",397,"Semiparametric",TRUE
"Comparator",300,"Asymmetric mixture",397,"Imai quasi-Bayes",TRUE
"Comparator",300,"Asymmetric mixture",397,"Imai bootstrap",TRUE
"Comparator",300,"Asymmetric mixture",397,"medflex NEM",TRUE
"Comparator",300,"Symmetric bimodal",397,"OLS",TRUE
"Comparator",300,"Symmetric bimodal",397,"Semiparametric",TRUE
"Comparator",300,"Symmetric bimodal",397,"Imai quasi-Bayes",TRUE
"Comparator",300,"Symmetric bimodal",397,"Imai bootstrap",TRUE
"Comparator",300,"Symmetric bimodal",397,"medflex NEM",TRUE
"Comparator",300,"Gaussian",398,"OLS",TRUE
"Comparator",300,"Gaussian",398,"Semiparametric",TRUE
"Comparator",300,"Gaussian",398,"Imai quasi-Bayes",TRUE
"Comparator",300,"Gaussian",398,"Imai bootstrap",TRUE
"Comparator",300,"Gaussian",398,"medflex NEM",TRUE
"Comparator",300,"Skew-normal",398,"OLS",TRUE
"Comparator",300,"Skew-normal",398,"Semiparametric",TRUE
"Comparator",300,"Skew-normal",398,"Imai quasi-Bayes",TRUE
"Comparator",300,"Skew-normal",398,"Imai bootstrap",TRUE
"Comparator",300,"Skew-normal",398,"medflex NEM",TRUE
"Comparator",300,"Asymmetric mixture",398,"OLS",TRUE
"Comparator",300,"Asymmetric mixture",398,"Semiparametric",TRUE
"Comparator",300,"Asymmetric mixture",398,"Imai quasi-Bayes",TRUE
"Comparator",300,"Asymmetric mixture",398,"Imai bootstrap",TRUE
"Comparator",300,"Asymmetric mixture",398,"medflex NEM",TRUE
"Comparator",300,"Symmetric bimodal",398,"OLS",TRUE
"Comparator",300,"Symmetric bimodal",398,"Semiparametric",TRUE
"Comparator",300,"Symmetric bimodal",398,"Imai quasi-Bayes",TRUE
"Comparator",300,"Symmetric bimodal",398,"Imai bootstrap",TRUE
"Comparator",300,"Symmetric bimodal",398,"medflex NEM",TRUE
"Comparator",300,"Gaussian",399,"OLS",TRUE
"Comparator",300,"Gaussian",399,"Semiparametric",TRUE
"Comparator",300,"Gaussian",399,"Imai quasi-Bayes",TRUE
"Comparator",300,"Gaussian",399,"Imai bootstrap",TRUE
"Comparator",300,"Gaussian",399,"medflex NEM",TRUE
"Comparator",300,"Skew-normal",399,"OLS",TRUE
"Comparator",300,"Skew-normal",399,"Semiparametric",TRUE
"Comparator",300,"Skew-normal",399,"Imai quasi-Bayes",TRUE
"Comparator",300,"Skew-normal",399,"Imai bootstrap",TRUE
"Comparator",300,"Skew-normal",399,"medflex NEM",TRUE
"Comparator",300,"Asymmetric mixture",399,"OLS",TRUE
"Comparator",300,"Asymmetric mixture",399,"Semiparametric",TRUE
"Comparator",300,"Asymmetric mixture",399,"Imai quasi-Bayes",TRUE
"Comparator",300,"Asymmetric mixture",399,"Imai bootstrap",TRUE
"Comparator",300,"Asymmetric mixture",399,"medflex NEM",TRUE
"Comparator",300,"Symmetric bimodal",399,"OLS",TRUE
"Comparator",300,"Symmetric bimodal",399,"Semiparametric",TRUE
"Comparator",300,"Symmetric bimodal",399,"Imai quasi-Bayes",TRUE
"Comparator",300,"Symmetric bimodal",399,"Imai bootstrap",TRUE
"Comparator",300,"Symmetric bimodal",399,"medflex NEM",TRUE
"Comparator",300,"Gaussian",400,"OLS",TRUE
"Comparator",300,"Gaussian",400,"Semiparametric",TRUE
"Comparator",300,"Gaussian",400,"Imai quasi-Bayes",TRUE
"Comparator",300,"Gaussian",400,"Imai bootstrap",TRUE
"Comparator",300,"Gaussian",400,"medflex NEM",TRUE
"Comparator",300,"Skew-normal",400,"OLS",TRUE
"Comparator",300,"Skew-normal",400,"Semiparametric",TRUE
"Comparator",300,"Skew-normal",400,"Imai quasi-Bayes",TRUE
"Comparator",300,"Skew-normal",400,"Imai bootstrap",TRUE
"Comparator",300,"Skew-normal",400,"medflex NEM",TRUE
"Comparator",300,"Asymmetric mixture",400,"OLS",TRUE
"Comparator",300,"Asymmetric mixture",400,"Semiparametric",FALSE
"Comparator",300,"Asymmetric mixture",400,"Imai quasi-Bayes",TRUE
"Comparator",300,"Asymmetric mixture",400,"Imai bootstrap",TRUE
"Comparator",300,"Asymmetric mixture",400,"medflex NEM",TRUE
"Comparator",300,"Symmetric bimodal",400,"OLS",TRUE
"Comparator",300,"Symmetric bimodal",400,"Semiparametric",TRUE
"Comparator",300,"Symmetric bimodal",400,"Imai quasi-Bayes",TRUE
"Comparator",300,"Symmetric bimodal",400,"Imai bootstrap",TRUE
"Comparator",300,"Symmetric bimodal",400,"medflex NEM",TRUE
"Comparator",300,"Gaussian",401,"OLS",TRUE
"Comparator",300,"Gaussian",401,"Semiparametric",TRUE
"Comparator",300,"Gaussian",401,"Imai quasi-Bayes",TRUE
"Comparator",300,"Gaussian",401,"Imai bootstrap",TRUE
"Comparator",300,"Gaussian",401,"medflex NEM",TRUE
"Comparator",300,"Skew-normal",401,"OLS",TRUE
"Comparator",300,"Skew-normal",401,"Semiparametric",TRUE
"Comparator",300,"Skew-normal",401,"Imai quasi-Bayes",TRUE
"Comparator",300,"Skew-normal",401,"Imai bootstrap",TRUE
"Comparator",300,"Skew-normal",401,"medflex NEM",TRUE
"Comparator",300,"Asymmetric mixture",401,"OLS",TRUE
"Comparator",300,"Asymmetric mixture",401,"Semiparametric",TRUE
"Comparator",300,"Asymmetric mixture",401,"Imai quasi-Bayes",TRUE
"Comparator",300,"Asymmetric mixture",401,"Imai bootstrap",TRUE
"Comparator",300,"Asymmetric mixture",401,"medflex NEM",TRUE
"Comparator",300,"Symmetric bimodal",401,"OLS",TRUE
"Comparator",300,"Symmetric bimodal",401,"Semiparametric",TRUE
"Comparator",300,"Symmetric bimodal",401,"Imai quasi-Bayes",TRUE
"Comparator",300,"Symmetric bimodal",401,"Imai bootstrap",TRUE
"Comparator",300,"Symmetric bimodal",401,"medflex NEM",TRUE
"Comparator",300,"Gaussian",402,"OLS",TRUE
"Comparator",300,"Gaussian",402,"Semiparametric",TRUE
"Comparator",300,"Gaussian",402,"Imai quasi-Bayes",TRUE
"Comparator",300,"Gaussian",402,"Imai bootstrap",TRUE
"Comparator",300,"Gaussian",402,"medflex NEM",TRUE
"Comparator",300,"Skew-normal",402,"OLS",TRUE
"Comparator",300,"Skew-normal",402,"Semiparametric",TRUE
"Comparator",300,"Skew-normal",402,"Imai quasi-Bayes",TRUE
"Comparator",300,"Skew-normal",402,"Imai bootstrap",TRUE
"Comparator",300,"Skew-normal",402,"medflex NEM",TRUE
"Comparator",300,"Asymmetric mixture",402,"OLS",TRUE
"Comparator",300,"Asymmetric mixture",402,"Semiparametric",TRUE
"Comparator",300,"Asymmetric mixture",402,"Imai quasi-Bayes",TRUE
"Comparator",300,"Asymmetric mixture",402,"Imai bootstrap",TRUE
"Comparator",300,"Asymmetric mixture",402,"medflex NEM",TRUE
"Comparator",300,"Symmetric bimodal",402,"OLS",TRUE
"Comparator",300,"Symmetric bimodal",402,"Semiparametric",TRUE
"Comparator",300,"Symmetric bimodal",402,"Imai quasi-Bayes",TRUE
"Comparator",300,"Symmetric bimodal",402,"Imai bootstrap",TRUE
"Comparator",300,"Symmetric bimodal",402,"medflex NEM",TRUE
"Comparator",300,"Gaussian",403,"OLS",TRUE
"Comparator",300,"Gaussian",403,"Semiparametric",TRUE
"Comparator",300,"Gaussian",403,"Imai quasi-Bayes",TRUE
"Comparator",300,"Gaussian",403,"Imai bootstrap",TRUE
"Comparator",300,"Gaussian",403,"medflex NEM",TRUE
"Comparator",300,"Skew-normal",403,"OLS",TRUE
"Comparator",300,"Skew-normal",403,"Semiparametric",TRUE
"Comparator",300,"Skew-normal",403,"Imai quasi-Bayes",TRUE
"Comparator",300,"Skew-normal",403,"Imai bootstrap",TRUE
"Comparator",300,"Skew-normal",403,"medflex NEM",TRUE
"Comparator",300,"Asymmetric mixture",403,"OLS",TRUE
"Comparator",300,"Asymmetric mixture",403,"Semiparametric",TRUE
"Comparator",300,"Asymmetric mixture",403,"Imai quasi-Bayes",TRUE
"Comparator",300,"Asymmetric mixture",403,"Imai bootstrap",TRUE
"Comparator",300,"Asymmetric mixture",403,"medflex NEM",TRUE
"Comparator",300,"Symmetric bimodal",403,"OLS",TRUE
"Comparator",300,"Symmetric bimodal",403,"Semiparametric",TRUE
"Comparator",300,"Symmetric bimodal",403,"Imai quasi-Bayes",TRUE
"Comparator",300,"Symmetric bimodal",403,"Imai bootstrap",TRUE
"Comparator",300,"Symmetric bimodal",403,"medflex NEM",TRUE
"Comparator",300,"Gaussian",404,"OLS",TRUE
"Comparator",300,"Gaussian",404,"Semiparametric",TRUE
"Comparator",300,"Gaussian",404,"Imai quasi-Bayes",TRUE
"Comparator",300,"Gaussian",404,"Imai bootstrap",TRUE
"Comparator",300,"Gaussian",404,"medflex NEM",TRUE
"Comparator",300,"Skew-normal",404,"OLS",TRUE
"Comparator",300,"Skew-normal",404,"Semiparametric",TRUE
"Comparator",300,"Skew-normal",404,"Imai quasi-Bayes",TRUE
"Comparator",300,"Skew-normal",404,"Imai bootstrap",TRUE
"Comparator",300,"Skew-normal",404,"medflex NEM",TRUE
"Comparator",300,"Asymmetric mixture",404,"OLS",TRUE
"Comparator",300,"Asymmetric mixture",404,"Semiparametric",TRUE
"Comparator",300,"Asymmetric mixture",404,"Imai quasi-Bayes",TRUE
"Comparator",300,"Asymmetric mixture",404,"Imai bootstrap",TRUE
"Comparator",300,"Asymmetric mixture",404,"medflex NEM",TRUE
"Comparator",300,"Symmetric bimodal",404,"OLS",TRUE
"Comparator",300,"Symmetric bimodal",404,"Semiparametric",TRUE
"Comparator",300,"Symmetric bimodal",404,"Imai quasi-Bayes",TRUE
"Comparator",300,"Symmetric bimodal",404,"Imai bootstrap",TRUE
"Comparator",300,"Symmetric bimodal",404,"medflex NEM",TRUE
"Comparator",300,"Gaussian",405,"OLS",TRUE
"Comparator",300,"Gaussian",405,"Semiparametric",TRUE
"Comparator",300,"Gaussian",405,"Imai quasi-Bayes",TRUE
"Comparator",300,"Gaussian",405,"Imai bootstrap",TRUE
"Comparator",300,"Gaussian",405,"medflex NEM",TRUE
"Comparator",300,"Skew-normal",405,"OLS",TRUE
"Comparator",300,"Skew-normal",405,"Semiparametric",TRUE
"Comparator",300,"Skew-normal",405,"Imai quasi-Bayes",TRUE
"Comparator",300,"Skew-normal",405,"Imai bootstrap",TRUE
"Comparator",300,"Skew-normal",405,"medflex NEM",TRUE
"Comparator",300,"Asymmetric mixture",405,"OLS",TRUE
"Comparator",300,"Asymmetric mixture",405,"Semiparametric",TRUE
"Comparator",300,"Asymmetric mixture",405,"Imai quasi-Bayes",TRUE
"Comparator",300,"Asymmetric mixture",405,"Imai bootstrap",TRUE
"Comparator",300,"Asymmetric mixture",405,"medflex NEM",TRUE
"Comparator",300,"Symmetric bimodal",405,"OLS",TRUE
"Comparator",300,"Symmetric bimodal",405,"Semiparametric",TRUE
"Comparator",300,"Symmetric bimodal",405,"Imai quasi-Bayes",TRUE
"Comparator",300,"Symmetric bimodal",405,"Imai bootstrap",TRUE
"Comparator",300,"Symmetric bimodal",405,"medflex NEM",TRUE
"Comparator",300,"Gaussian",406,"OLS",TRUE
"Comparator",300,"Gaussian",406,"Semiparametric",TRUE
"Comparator",300,"Gaussian",406,"Imai quasi-Bayes",TRUE
"Comparator",300,"Gaussian",406,"Imai bootstrap",TRUE
"Comparator",300,"Gaussian",406,"medflex NEM",TRUE
"Comparator",300,"Skew-normal",406,"OLS",TRUE
"Comparator",300,"Skew-normal",406,"Semiparametric",TRUE
"Comparator",300,"Skew-normal",406,"Imai quasi-Bayes",TRUE
"Comparator",300,"Skew-normal",406,"Imai bootstrap",TRUE
"Comparator",300,"Skew-normal",406,"medflex NEM",TRUE
"Comparator",300,"Asymmetric mixture",406,"OLS",TRUE
"Comparator",300,"Asymmetric mixture",406,"Semiparametric",TRUE
"Comparator",300,"Asymmetric mixture",406,"Imai quasi-Bayes",TRUE
"Comparator",300,"Asymmetric mixture",406,"Imai bootstrap",TRUE
"Comparator",300,"Asymmetric mixture",406,"medflex NEM",TRUE
"Comparator",300,"Symmetric bimodal",406,"OLS",TRUE
"Comparator",300,"Symmetric bimodal",406,"Semiparametric",TRUE
"Comparator",300,"Symmetric bimodal",406,"Imai quasi-Bayes",TRUE
"Comparator",300,"Symmetric bimodal",406,"Imai bootstrap",TRUE
"Comparator",300,"Symmetric bimodal",406,"medflex NEM",TRUE
"Comparator",300,"Gaussian",407,"OLS",TRUE
"Comparator",300,"Gaussian",407,"Semiparametric",TRUE
"Comparator",300,"Gaussian",407,"Imai quasi-Bayes",TRUE
"Comparator",300,"Gaussian",407,"Imai bootstrap",TRUE
"Comparator",300,"Gaussian",407,"medflex NEM",TRUE
"Comparator",300,"Skew-normal",407,"OLS",TRUE
"Comparator",300,"Skew-normal",407,"Semiparametric",TRUE
"Comparator",300,"Skew-normal",407,"Imai quasi-Bayes",TRUE
"Comparator",300,"Skew-normal",407,"Imai bootstrap",TRUE
"Comparator",300,"Skew-normal",407,"medflex NEM",TRUE
"Comparator",300,"Asymmetric mixture",407,"OLS",TRUE
"Comparator",300,"Asymmetric mixture",407,"Semiparametric",TRUE
"Comparator",300,"Asymmetric mixture",407,"Imai quasi-Bayes",TRUE
"Comparator",300,"Asymmetric mixture",407,"Imai bootstrap",TRUE
"Comparator",300,"Asymmetric mixture",407,"medflex NEM",TRUE
"Comparator",300,"Symmetric bimodal",407,"OLS",TRUE
"Comparator",300,"Symmetric bimodal",407,"Semiparametric",TRUE
"Comparator",300,"Symmetric bimodal",407,"Imai quasi-Bayes",TRUE
"Comparator",300,"Symmetric bimodal",407,"Imai bootstrap",TRUE
"Comparator",300,"Symmetric bimodal",407,"medflex NEM",TRUE
"Comparator",300,"Gaussian",408,"OLS",TRUE
"Comparator",300,"Gaussian",408,"Semiparametric",TRUE
"Comparator",300,"Gaussian",408,"Imai quasi-Bayes",TRUE
"Comparator",300,"Gaussian",408,"Imai bootstrap",TRUE
"Comparator",300,"Gaussian",408,"medflex NEM",TRUE
"Comparator",300,"Skew-normal",408,"OLS",TRUE
"Comparator",300,"Skew-normal",408,"Semiparametric",TRUE
"Comparator",300,"Skew-normal",408,"Imai quasi-Bayes",TRUE
"Comparator",300,"Skew-normal",408,"Imai bootstrap",TRUE
"Comparator",300,"Skew-normal",408,"medflex NEM",TRUE
"Comparator",300,"Asymmetric mixture",408,"OLS",TRUE
"Comparator",300,"Asymmetric mixture",408,"Semiparametric",TRUE
"Comparator",300,"Asymmetric mixture",408,"Imai quasi-Bayes",TRUE
"Comparator",300,"Asymmetric mixture",408,"Imai bootstrap",TRUE
"Comparator",300,"Asymmetric mixture",408,"medflex NEM",TRUE
"Comparator",300,"Symmetric bimodal",408,"OLS",TRUE
"Comparator",300,"Symmetric bimodal",408,"Semiparametric",TRUE
"Comparator",300,"Symmetric bimodal",408,"Imai quasi-Bayes",TRUE
"Comparator",300,"Symmetric bimodal",408,"Imai bootstrap",TRUE
"Comparator",300,"Symmetric bimodal",408,"medflex NEM",TRUE
"Comparator",300,"Gaussian",409,"OLS",TRUE
"Comparator",300,"Gaussian",409,"Semiparametric",TRUE
"Comparator",300,"Gaussian",409,"Imai quasi-Bayes",TRUE
"Comparator",300,"Gaussian",409,"Imai bootstrap",TRUE
"Comparator",300,"Gaussian",409,"medflex NEM",TRUE
"Comparator",300,"Skew-normal",409,"OLS",TRUE
"Comparator",300,"Skew-normal",409,"Semiparametric",TRUE
"Comparator",300,"Skew-normal",409,"Imai quasi-Bayes",TRUE
"Comparator",300,"Skew-normal",409,"Imai bootstrap",TRUE
"Comparator",300,"Skew-normal",409,"medflex NEM",TRUE
"Comparator",300,"Asymmetric mixture",409,"OLS",TRUE
"Comparator",300,"Asymmetric mixture",409,"Semiparametric",TRUE
"Comparator",300,"Asymmetric mixture",409,"Imai quasi-Bayes",TRUE
"Comparator",300,"Asymmetric mixture",409,"Imai bootstrap",TRUE
"Comparator",300,"Asymmetric mixture",409,"medflex NEM",TRUE
"Comparator",300,"Symmetric bimodal",409,"OLS",TRUE
"Comparator",300,"Symmetric bimodal",409,"Semiparametric",TRUE
"Comparator",300,"Symmetric bimodal",409,"Imai quasi-Bayes",TRUE
"Comparator",300,"Symmetric bimodal",409,"Imai bootstrap",TRUE
"Comparator",300,"Symmetric bimodal",409,"medflex NEM",TRUE
"Comparator",300,"Gaussian",410,"OLS",TRUE
"Comparator",300,"Gaussian",410,"Semiparametric",TRUE
"Comparator",300,"Gaussian",410,"Imai quasi-Bayes",TRUE
"Comparator",300,"Gaussian",410,"Imai bootstrap",TRUE
"Comparator",300,"Gaussian",410,"medflex NEM",TRUE
"Comparator",300,"Skew-normal",410,"OLS",TRUE
"Comparator",300,"Skew-normal",410,"Semiparametric",TRUE
"Comparator",300,"Skew-normal",410,"Imai quasi-Bayes",TRUE
"Comparator",300,"Skew-normal",410,"Imai bootstrap",TRUE
"Comparator",300,"Skew-normal",410,"medflex NEM",TRUE
"Comparator",300,"Asymmetric mixture",410,"OLS",TRUE
"Comparator",300,"Asymmetric mixture",410,"Semiparametric",TRUE
"Comparator",300,"Asymmetric mixture",410,"Imai quasi-Bayes",TRUE
"Comparator",300,"Asymmetric mixture",410,"Imai bootstrap",TRUE
"Comparator",300,"Asymmetric mixture",410,"medflex NEM",TRUE
"Comparator",300,"Symmetric bimodal",410,"OLS",TRUE
"Comparator",300,"Symmetric bimodal",410,"Semiparametric",TRUE
"Comparator",300,"Symmetric bimodal",410,"Imai quasi-Bayes",TRUE
"Comparator",300,"Symmetric bimodal",410,"Imai bootstrap",TRUE
"Comparator",300,"Symmetric bimodal",410,"medflex NEM",TRUE
"Comparator",300,"Gaussian",411,"OLS",TRUE
"Comparator",300,"Gaussian",411,"Semiparametric",TRUE
"Comparator",300,"Gaussian",411,"Imai quasi-Bayes",TRUE
"Comparator",300,"Gaussian",411,"Imai bootstrap",TRUE
"Comparator",300,"Gaussian",411,"medflex NEM",TRUE
"Comparator",300,"Skew-normal",411,"OLS",TRUE
"Comparator",300,"Skew-normal",411,"Semiparametric",TRUE
"Comparator",300,"Skew-normal",411,"Imai quasi-Bayes",TRUE
"Comparator",300,"Skew-normal",411,"Imai bootstrap",TRUE
"Comparator",300,"Skew-normal",411,"medflex NEM",TRUE
"Comparator",300,"Asymmetric mixture",411,"OLS",TRUE
"Comparator",300,"Asymmetric mixture",411,"Semiparametric",TRUE
"Comparator",300,"Asymmetric mixture",411,"Imai quasi-Bayes",TRUE
"Comparator",300,"Asymmetric mixture",411,"Imai bootstrap",TRUE
"Comparator",300,"Asymmetric mixture",411,"medflex NEM",TRUE
"Comparator",300,"Symmetric bimodal",411,"OLS",TRUE
"Comparator",300,"Symmetric bimodal",411,"Semiparametric",TRUE
"Comparator",300,"Symmetric bimodal",411,"Imai quasi-Bayes",TRUE
"Comparator",300,"Symmetric bimodal",411,"Imai bootstrap",TRUE
"Comparator",300,"Symmetric bimodal",411,"medflex NEM",TRUE
"Comparator",300,"Gaussian",412,"OLS",TRUE
"Comparator",300,"Gaussian",412,"Semiparametric",TRUE
"Comparator",300,"Gaussian",412,"Imai quasi-Bayes",TRUE
"Comparator",300,"Gaussian",412,"Imai bootstrap",TRUE
"Comparator",300,"Gaussian",412,"medflex NEM",TRUE
"Comparator",300,"Skew-normal",412,"OLS",TRUE
"Comparator",300,"Skew-normal",412,"Semiparametric",TRUE
"Comparator",300,"Skew-normal",412,"Imai quasi-Bayes",TRUE
"Comparator",300,"Skew-normal",412,"Imai bootstrap",TRUE
"Comparator",300,"Skew-normal",412,"medflex NEM",TRUE
"Comparator",300,"Asymmetric mixture",412,"OLS",TRUE
"Comparator",300,"Asymmetric mixture",412,"Semiparametric",TRUE
"Comparator",300,"Asymmetric mixture",412,"Imai quasi-Bayes",TRUE
"Comparator",300,"Asymmetric mixture",412,"Imai bootstrap",TRUE
"Comparator",300,"Asymmetric mixture",412,"medflex NEM",TRUE
"Comparator",300,"Symmetric bimodal",412,"OLS",TRUE
"Comparator",300,"Symmetric bimodal",412,"Semiparametric",TRUE
"Comparator",300,"Symmetric bimodal",412,"Imai quasi-Bayes",TRUE
"Comparator",300,"Symmetric bimodal",412,"Imai bootstrap",TRUE
"Comparator",300,"Symmetric bimodal",412,"medflex NEM",TRUE
"Comparator",300,"Gaussian",413,"OLS",TRUE
"Comparator",300,"Gaussian",413,"Semiparametric",TRUE
"Comparator",300,"Gaussian",413,"Imai quasi-Bayes",TRUE
"Comparator",300,"Gaussian",413,"Imai bootstrap",TRUE
"Comparator",300,"Gaussian",413,"medflex NEM",TRUE
"Comparator",300,"Skew-normal",413,"OLS",TRUE
"Comparator",300,"Skew-normal",413,"Semiparametric",TRUE
"Comparator",300,"Skew-normal",413,"Imai quasi-Bayes",TRUE
"Comparator",300,"Skew-normal",413,"Imai bootstrap",TRUE
"Comparator",300,"Skew-normal",413,"medflex NEM",TRUE
"Comparator",300,"Asymmetric mixture",413,"OLS",TRUE
"Comparator",300,"Asymmetric mixture",413,"Semiparametric",TRUE
"Comparator",300,"Asymmetric mixture",413,"Imai quasi-Bayes",TRUE
"Comparator",300,"Asymmetric mixture",413,"Imai bootstrap",TRUE
"Comparator",300,"Asymmetric mixture",413,"medflex NEM",TRUE
"Comparator",300,"Symmetric bimodal",413,"OLS",TRUE
"Comparator",300,"Symmetric bimodal",413,"Semiparametric",TRUE
"Comparator",300,"Symmetric bimodal",413,"Imai quasi-Bayes",TRUE
"Comparator",300,"Symmetric bimodal",413,"Imai bootstrap",TRUE
"Comparator",300,"Symmetric bimodal",413,"medflex NEM",TRUE
"Comparator",300,"Gaussian",414,"OLS",TRUE
"Comparator",300,"Gaussian",414,"Semiparametric",TRUE
"Comparator",300,"Gaussian",414,"Imai quasi-Bayes",TRUE
"Comparator",300,"Gaussian",414,"Imai bootstrap",TRUE
"Comparator",300,"Gaussian",414,"medflex NEM",TRUE
"Comparator",300,"Skew-normal",414,"OLS",TRUE
"Comparator",300,"Skew-normal",414,"Semiparametric",TRUE
"Comparator",300,"Skew-normal",414,"Imai quasi-Bayes",TRUE
"Comparator",300,"Skew-normal",414,"Imai bootstrap",TRUE
"Comparator",300,"Skew-normal",414,"medflex NEM",TRUE
"Comparator",300,"Asymmetric mixture",414,"OLS",TRUE
"Comparator",300,"Asymmetric mixture",414,"Semiparametric",TRUE
"Comparator",300,"Asymmetric mixture",414,"Imai quasi-Bayes",TRUE
"Comparator",300,"Asymmetric mixture",414,"Imai bootstrap",TRUE
"Comparator",300,"Asymmetric mixture",414,"medflex NEM",TRUE
"Comparator",300,"Symmetric bimodal",414,"OLS",TRUE
"Comparator",300,"Symmetric bimodal",414,"Semiparametric",TRUE
"Comparator",300,"Symmetric bimodal",414,"Imai quasi-Bayes",TRUE
"Comparator",300,"Symmetric bimodal",414,"Imai bootstrap",TRUE
"Comparator",300,"Symmetric bimodal",414,"medflex NEM",TRUE
"Comparator",300,"Gaussian",415,"OLS",TRUE
"Comparator",300,"Gaussian",415,"Semiparametric",TRUE
"Comparator",300,"Gaussian",415,"Imai quasi-Bayes",TRUE
"Comparator",300,"Gaussian",415,"Imai bootstrap",TRUE
"Comparator",300,"Gaussian",415,"medflex NEM",TRUE
"Comparator",300,"Skew-normal",415,"OLS",TRUE
"Comparator",300,"Skew-normal",415,"Semiparametric",TRUE
"Comparator",300,"Skew-normal",415,"Imai quasi-Bayes",TRUE
"Comparator",300,"Skew-normal",415,"Imai bootstrap",TRUE
"Comparator",300,"Skew-normal",415,"medflex NEM",TRUE
"Comparator",300,"Asymmetric mixture",415,"OLS",TRUE
"Comparator",300,"Asymmetric mixture",415,"Semiparametric",TRUE
"Comparator",300,"Asymmetric mixture",415,"Imai quasi-Bayes",TRUE
"Comparator",300,"Asymmetric mixture",415,"Imai bootstrap",TRUE
"Comparator",300,"Asymmetric mixture",415,"medflex NEM",TRUE
"Comparator",300,"Symmetric bimodal",415,"OLS",TRUE
"Comparator",300,"Symmetric bimodal",415,"Semiparametric",TRUE
"Comparator",300,"Symmetric bimodal",415,"Imai quasi-Bayes",TRUE
"Comparator",300,"Symmetric bimodal",415,"Imai bootstrap",TRUE
"Comparator",300,"Symmetric bimodal",415,"medflex NEM",TRUE
"Comparator",300,"Gaussian",416,"OLS",TRUE
"Comparator",300,"Gaussian",416,"Semiparametric",TRUE
"Comparator",300,"Gaussian",416,"Imai quasi-Bayes",TRUE
"Comparator",300,"Gaussian",416,"Imai bootstrap",TRUE
"Comparator",300,"Gaussian",416,"medflex NEM",TRUE
"Comparator",300,"Skew-normal",416,"OLS",TRUE
"Comparator",300,"Skew-normal",416,"Semiparametric",TRUE
"Comparator",300,"Skew-normal",416,"Imai quasi-Bayes",TRUE
"Comparator",300,"Skew-normal",416,"Imai bootstrap",TRUE
"Comparator",300,"Skew-normal",416,"medflex NEM",TRUE
"Comparator",300,"Asymmetric mixture",416,"OLS",TRUE
"Comparator",300,"Asymmetric mixture",416,"Semiparametric",TRUE
"Comparator",300,"Asymmetric mixture",416,"Imai quasi-Bayes",TRUE
"Comparator",300,"Asymmetric mixture",416,"Imai bootstrap",TRUE
"Comparator",300,"Asymmetric mixture",416,"medflex NEM",TRUE
"Comparator",300,"Symmetric bimodal",416,"OLS",TRUE
"Comparator",300,"Symmetric bimodal",416,"Semiparametric",TRUE
"Comparator",300,"Symmetric bimodal",416,"Imai quasi-Bayes",TRUE
"Comparator",300,"Symmetric bimodal",416,"Imai bootstrap",TRUE
"Comparator",300,"Symmetric bimodal",416,"medflex NEM",TRUE
"Comparator",300,"Gaussian",417,"OLS",TRUE
"Comparator",300,"Gaussian",417,"Semiparametric",TRUE
"Comparator",300,"Gaussian",417,"Imai quasi-Bayes",TRUE
"Comparator",300,"Gaussian",417,"Imai bootstrap",TRUE
"Comparator",300,"Gaussian",417,"medflex NEM",TRUE
"Comparator",300,"Skew-normal",417,"OLS",TRUE
"Comparator",300,"Skew-normal",417,"Semiparametric",TRUE
"Comparator",300,"Skew-normal",417,"Imai quasi-Bayes",TRUE
"Comparator",300,"Skew-normal",417,"Imai bootstrap",TRUE
"Comparator",300,"Skew-normal",417,"medflex NEM",TRUE
"Comparator",300,"Asymmetric mixture",417,"OLS",TRUE
"Comparator",300,"Asymmetric mixture",417,"Semiparametric",TRUE
"Comparator",300,"Asymmetric mixture",417,"Imai quasi-Bayes",TRUE
"Comparator",300,"Asymmetric mixture",417,"Imai bootstrap",TRUE
"Comparator",300,"Asymmetric mixture",417,"medflex NEM",TRUE
"Comparator",300,"Symmetric bimodal",417,"OLS",TRUE
"Comparator",300,"Symmetric bimodal",417,"Semiparametric",TRUE
"Comparator",300,"Symmetric bimodal",417,"Imai quasi-Bayes",TRUE
"Comparator",300,"Symmetric bimodal",417,"Imai bootstrap",TRUE
"Comparator",300,"Symmetric bimodal",417,"medflex NEM",TRUE
"Comparator",300,"Gaussian",418,"OLS",TRUE
"Comparator",300,"Gaussian",418,"Semiparametric",TRUE
"Comparator",300,"Gaussian",418,"Imai quasi-Bayes",TRUE
"Comparator",300,"Gaussian",418,"Imai bootstrap",TRUE
"Comparator",300,"Gaussian",418,"medflex NEM",TRUE
"Comparator",300,"Skew-normal",418,"OLS",TRUE
"Comparator",300,"Skew-normal",418,"Semiparametric",TRUE
"Comparator",300,"Skew-normal",418,"Imai quasi-Bayes",TRUE
"Comparator",300,"Skew-normal",418,"Imai bootstrap",TRUE
"Comparator",300,"Skew-normal",418,"medflex NEM",TRUE
"Comparator",300,"Asymmetric mixture",418,"OLS",TRUE
"Comparator",300,"Asymmetric mixture",418,"Semiparametric",TRUE
"Comparator",300,"Asymmetric mixture",418,"Imai quasi-Bayes",TRUE
"Comparator",300,"Asymmetric mixture",418,"Imai bootstrap",TRUE
"Comparator",300,"Asymmetric mixture",418,"medflex NEM",TRUE
"Comparator",300,"Symmetric bimodal",418,"OLS",TRUE
"Comparator",300,"Symmetric bimodal",418,"Semiparametric",TRUE
"Comparator",300,"Symmetric bimodal",418,"Imai quasi-Bayes",TRUE
"Comparator",300,"Symmetric bimodal",418,"Imai bootstrap",TRUE
"Comparator",300,"Symmetric bimodal",418,"medflex NEM",TRUE
"Comparator",300,"Gaussian",419,"OLS",TRUE
"Comparator",300,"Gaussian",419,"Semiparametric",TRUE
"Comparator",300,"Gaussian",419,"Imai quasi-Bayes",TRUE
"Comparator",300,"Gaussian",419,"Imai bootstrap",TRUE
"Comparator",300,"Gaussian",419,"medflex NEM",TRUE
"Comparator",300,"Skew-normal",419,"OLS",TRUE
"Comparator",300,"Skew-normal",419,"Semiparametric",TRUE
"Comparator",300,"Skew-normal",419,"Imai quasi-Bayes",TRUE
"Comparator",300,"Skew-normal",419,"Imai bootstrap",TRUE
"Comparator",300,"Skew-normal",419,"medflex NEM",TRUE
"Comparator",300,"Asymmetric mixture",419,"OLS",TRUE
"Comparator",300,"Asymmetric mixture",419,"Semiparametric",TRUE
"Comparator",300,"Asymmetric mixture",419,"Imai quasi-Bayes",TRUE
"Comparator",300,"Asymmetric mixture",419,"Imai bootstrap",TRUE
"Comparator",300,"Asymmetric mixture",419,"medflex NEM",TRUE
"Comparator",300,"Symmetric bimodal",419,"OLS",TRUE
"Comparator",300,"Symmetric bimodal",419,"Semiparametric",TRUE
"Comparator",300,"Symmetric bimodal",419,"Imai quasi-Bayes",TRUE
"Comparator",300,"Symmetric bimodal",419,"Imai bootstrap",TRUE
"Comparator",300,"Symmetric bimodal",419,"medflex NEM",TRUE
"Comparator",300,"Gaussian",420,"OLS",TRUE
"Comparator",300,"Gaussian",420,"Semiparametric",TRUE
"Comparator",300,"Gaussian",420,"Imai quasi-Bayes",TRUE
"Comparator",300,"Gaussian",420,"Imai bootstrap",TRUE
"Comparator",300,"Gaussian",420,"medflex NEM",TRUE
"Comparator",300,"Skew-normal",420,"OLS",TRUE
"Comparator",300,"Skew-normal",420,"Semiparametric",TRUE
"Comparator",300,"Skew-normal",420,"Imai quasi-Bayes",TRUE
"Comparator",300,"Skew-normal",420,"Imai bootstrap",TRUE
"Comparator",300,"Skew-normal",420,"medflex NEM",TRUE
"Comparator",300,"Asymmetric mixture",420,"OLS",TRUE
"Comparator",300,"Asymmetric mixture",420,"Semiparametric",TRUE
"Comparator",300,"Asymmetric mixture",420,"Imai quasi-Bayes",TRUE
"Comparator",300,"Asymmetric mixture",420,"Imai bootstrap",TRUE
"Comparator",300,"Asymmetric mixture",420,"medflex NEM",TRUE
"Comparator",300,"Symmetric bimodal",420,"OLS",TRUE
"Comparator",300,"Symmetric bimodal",420,"Semiparametric",TRUE
"Comparator",300,"Symmetric bimodal",420,"Imai quasi-Bayes",TRUE
"Comparator",300,"Symmetric bimodal",420,"Imai bootstrap",TRUE
"Comparator",300,"Symmetric bimodal",420,"medflex NEM",TRUE
"Comparator",300,"Gaussian",421,"OLS",TRUE
"Comparator",300,"Gaussian",421,"Semiparametric",TRUE
"Comparator",300,"Gaussian",421,"Imai quasi-Bayes",TRUE
"Comparator",300,"Gaussian",421,"Imai bootstrap",TRUE
"Comparator",300,"Gaussian",421,"medflex NEM",TRUE
"Comparator",300,"Skew-normal",421,"OLS",TRUE
"Comparator",300,"Skew-normal",421,"Semiparametric",TRUE
"Comparator",300,"Skew-normal",421,"Imai quasi-Bayes",TRUE
"Comparator",300,"Skew-normal",421,"Imai bootstrap",TRUE
"Comparator",300,"Skew-normal",421,"medflex NEM",TRUE
"Comparator",300,"Asymmetric mixture",421,"OLS",TRUE
"Comparator",300,"Asymmetric mixture",421,"Semiparametric",TRUE
"Comparator",300,"Asymmetric mixture",421,"Imai quasi-Bayes",TRUE
"Comparator",300,"Asymmetric mixture",421,"Imai bootstrap",TRUE
"Comparator",300,"Asymmetric mixture",421,"medflex NEM",TRUE
"Comparator",300,"Symmetric bimodal",421,"OLS",TRUE
"Comparator",300,"Symmetric bimodal",421,"Semiparametric",TRUE
"Comparator",300,"Symmetric bimodal",421,"Imai quasi-Bayes",TRUE
"Comparator",300,"Symmetric bimodal",421,"Imai bootstrap",TRUE
"Comparator",300,"Symmetric bimodal",421,"medflex NEM",TRUE
"Comparator",300,"Gaussian",422,"OLS",TRUE
"Comparator",300,"Gaussian",422,"Semiparametric",TRUE
"Comparator",300,"Gaussian",422,"Imai quasi-Bayes",TRUE
"Comparator",300,"Gaussian",422,"Imai bootstrap",TRUE
"Comparator",300,"Gaussian",422,"medflex NEM",TRUE
"Comparator",300,"Skew-normal",422,"OLS",TRUE
"Comparator",300,"Skew-normal",422,"Semiparametric",TRUE
"Comparator",300,"Skew-normal",422,"Imai quasi-Bayes",TRUE
"Comparator",300,"Skew-normal",422,"Imai bootstrap",TRUE
"Comparator",300,"Skew-normal",422,"medflex NEM",TRUE
"Comparator",300,"Asymmetric mixture",422,"OLS",TRUE
"Comparator",300,"Asymmetric mixture",422,"Semiparametric",TRUE
"Comparator",300,"Asymmetric mixture",422,"Imai quasi-Bayes",TRUE
"Comparator",300,"Asymmetric mixture",422,"Imai bootstrap",TRUE
"Comparator",300,"Asymmetric mixture",422,"medflex NEM",TRUE
"Comparator",300,"Symmetric bimodal",422,"OLS",TRUE
"Comparator",300,"Symmetric bimodal",422,"Semiparametric",TRUE
"Comparator",300,"Symmetric bimodal",422,"Imai quasi-Bayes",TRUE
"Comparator",300,"Symmetric bimodal",422,"Imai bootstrap",TRUE
"Comparator",300,"Symmetric bimodal",422,"medflex NEM",TRUE
"Comparator",300,"Gaussian",423,"OLS",TRUE
"Comparator",300,"Gaussian",423,"Semiparametric",TRUE
"Comparator",300,"Gaussian",423,"Imai quasi-Bayes",TRUE
"Comparator",300,"Gaussian",423,"Imai bootstrap",TRUE
"Comparator",300,"Gaussian",423,"medflex NEM",TRUE
"Comparator",300,"Skew-normal",423,"OLS",TRUE
"Comparator",300,"Skew-normal",423,"Semiparametric",TRUE
"Comparator",300,"Skew-normal",423,"Imai quasi-Bayes",TRUE
"Comparator",300,"Skew-normal",423,"Imai bootstrap",TRUE
"Comparator",300,"Skew-normal",423,"medflex NEM",TRUE
"Comparator",300,"Asymmetric mixture",423,"OLS",TRUE
"Comparator",300,"Asymmetric mixture",423,"Semiparametric",TRUE
"Comparator",300,"Asymmetric mixture",423,"Imai quasi-Bayes",TRUE
"Comparator",300,"Asymmetric mixture",423,"Imai bootstrap",TRUE
"Comparator",300,"Asymmetric mixture",423,"medflex NEM",TRUE
"Comparator",300,"Symmetric bimodal",423,"OLS",TRUE
"Comparator",300,"Symmetric bimodal",423,"Semiparametric",TRUE
"Comparator",300,"Symmetric bimodal",423,"Imai quasi-Bayes",TRUE
"Comparator",300,"Symmetric bimodal",423,"Imai bootstrap",TRUE
"Comparator",300,"Symmetric bimodal",423,"medflex NEM",TRUE
"Comparator",300,"Gaussian",424,"OLS",TRUE
"Comparator",300,"Gaussian",424,"Semiparametric",TRUE
"Comparator",300,"Gaussian",424,"Imai quasi-Bayes",TRUE
"Comparator",300,"Gaussian",424,"Imai bootstrap",TRUE
"Comparator",300,"Gaussian",424,"medflex NEM",TRUE
"Comparator",300,"Skew-normal",424,"OLS",TRUE
"Comparator",300,"Skew-normal",424,"Semiparametric",TRUE
"Comparator",300,"Skew-normal",424,"Imai quasi-Bayes",TRUE
"Comparator",300,"Skew-normal",424,"Imai bootstrap",TRUE
"Comparator",300,"Skew-normal",424,"medflex NEM",TRUE
"Comparator",300,"Asymmetric mixture",424,"OLS",TRUE
"Comparator",300,"Asymmetric mixture",424,"Semiparametric",TRUE
"Comparator",300,"Asymmetric mixture",424,"Imai quasi-Bayes",TRUE
"Comparator",300,"Asymmetric mixture",424,"Imai bootstrap",TRUE
"Comparator",300,"Asymmetric mixture",424,"medflex NEM",TRUE
"Comparator",300,"Symmetric bimodal",424,"OLS",TRUE
"Comparator",300,"Symmetric bimodal",424,"Semiparametric",TRUE
"Comparator",300,"Symmetric bimodal",424,"Imai quasi-Bayes",TRUE
"Comparator",300,"Symmetric bimodal",424,"Imai bootstrap",TRUE
"Comparator",300,"Symmetric bimodal",424,"medflex NEM",TRUE
"Comparator",300,"Gaussian",425,"OLS",TRUE
"Comparator",300,"Gaussian",425,"Semiparametric",TRUE
"Comparator",300,"Gaussian",425,"Imai quasi-Bayes",TRUE
"Comparator",300,"Gaussian",425,"Imai bootstrap",TRUE
"Comparator",300,"Gaussian",425,"medflex NEM",TRUE
"Comparator",300,"Skew-normal",425,"OLS",TRUE
"Comparator",300,"Skew-normal",425,"Semiparametric",TRUE
"Comparator",300,"Skew-normal",425,"Imai quasi-Bayes",TRUE
"Comparator",300,"Skew-normal",425,"Imai bootstrap",TRUE
"Comparator",300,"Skew-normal",425,"medflex NEM",TRUE
"Comparator",300,"Asymmetric mixture",425,"OLS",TRUE
"Comparator",300,"Asymmetric mixture",425,"Semiparametric",TRUE
"Comparator",300,"Asymmetric mixture",425,"Imai quasi-Bayes",TRUE
"Comparator",300,"Asymmetric mixture",425,"Imai bootstrap",TRUE
"Comparator",300,"Asymmetric mixture",425,"medflex NEM",TRUE
"Comparator",300,"Symmetric bimodal",425,"OLS",TRUE
"Comparator",300,"Symmetric bimodal",425,"Semiparametric",TRUE
"Comparator",300,"Symmetric bimodal",425,"Imai quasi-Bayes",TRUE
"Comparator",300,"Symmetric bimodal",425,"Imai bootstrap",TRUE
"Comparator",300,"Symmetric bimodal",425,"medflex NEM",TRUE
"Comparator",300,"Gaussian",426,"OLS",TRUE
"Comparator",300,"Gaussian",426,"Semiparametric",TRUE
"Comparator",300,"Gaussian",426,"Imai quasi-Bayes",TRUE
"Comparator",300,"Gaussian",426,"Imai bootstrap",TRUE
"Comparator",300,"Gaussian",426,"medflex NEM",TRUE
"Comparator",300,"Skew-normal",426,"OLS",TRUE
"Comparator",300,"Skew-normal",426,"Semiparametric",TRUE
"Comparator",300,"Skew-normal",426,"Imai quasi-Bayes",TRUE
"Comparator",300,"Skew-normal",426,"Imai bootstrap",TRUE
"Comparator",300,"Skew-normal",426,"medflex NEM",TRUE
"Comparator",300,"Asymmetric mixture",426,"OLS",TRUE
"Comparator",300,"Asymmetric mixture",426,"Semiparametric",TRUE
"Comparator",300,"Asymmetric mixture",426,"Imai quasi-Bayes",TRUE
"Comparator",300,"Asymmetric mixture",426,"Imai bootstrap",TRUE
"Comparator",300,"Asymmetric mixture",426,"medflex NEM",TRUE
"Comparator",300,"Symmetric bimodal",426,"OLS",TRUE
"Comparator",300,"Symmetric bimodal",426,"Semiparametric",TRUE
"Comparator",300,"Symmetric bimodal",426,"Imai quasi-Bayes",TRUE
"Comparator",300,"Symmetric bimodal",426,"Imai bootstrap",TRUE
"Comparator",300,"Symmetric bimodal",426,"medflex NEM",TRUE
"Comparator",300,"Gaussian",427,"OLS",TRUE
"Comparator",300,"Gaussian",427,"Semiparametric",TRUE
"Comparator",300,"Gaussian",427,"Imai quasi-Bayes",TRUE
"Comparator",300,"Gaussian",427,"Imai bootstrap",TRUE
"Comparator",300,"Gaussian",427,"medflex NEM",TRUE
"Comparator",300,"Skew-normal",427,"OLS",TRUE
"Comparator",300,"Skew-normal",427,"Semiparametric",TRUE
"Comparator",300,"Skew-normal",427,"Imai quasi-Bayes",TRUE
"Comparator",300,"Skew-normal",427,"Imai bootstrap",TRUE
"Comparator",300,"Skew-normal",427,"medflex NEM",TRUE
"Comparator",300,"Asymmetric mixture",427,"OLS",TRUE
"Comparator",300,"Asymmetric mixture",427,"Semiparametric",TRUE
"Comparator",300,"Asymmetric mixture",427,"Imai quasi-Bayes",TRUE
"Comparator",300,"Asymmetric mixture",427,"Imai bootstrap",TRUE
"Comparator",300,"Asymmetric mixture",427,"medflex NEM",TRUE
"Comparator",300,"Symmetric bimodal",427,"OLS",TRUE
"Comparator",300,"Symmetric bimodal",427,"Semiparametric",TRUE
"Comparator",300,"Symmetric bimodal",427,"Imai quasi-Bayes",TRUE
"Comparator",300,"Symmetric bimodal",427,"Imai bootstrap",TRUE
"Comparator",300,"Symmetric bimodal",427,"medflex NEM",TRUE
"Comparator",300,"Gaussian",428,"OLS",TRUE
"Comparator",300,"Gaussian",428,"Semiparametric",TRUE
"Comparator",300,"Gaussian",428,"Imai quasi-Bayes",TRUE
"Comparator",300,"Gaussian",428,"Imai bootstrap",TRUE
"Comparator",300,"Gaussian",428,"medflex NEM",TRUE
"Comparator",300,"Skew-normal",428,"OLS",TRUE
"Comparator",300,"Skew-normal",428,"Semiparametric",TRUE
"Comparator",300,"Skew-normal",428,"Imai quasi-Bayes",TRUE
"Comparator",300,"Skew-normal",428,"Imai bootstrap",TRUE
"Comparator",300,"Skew-normal",428,"medflex NEM",TRUE
"Comparator",300,"Asymmetric mixture",428,"OLS",TRUE
"Comparator",300,"Asymmetric mixture",428,"Semiparametric",TRUE
"Comparator",300,"Asymmetric mixture",428,"Imai quasi-Bayes",TRUE
"Comparator",300,"Asymmetric mixture",428,"Imai bootstrap",TRUE
"Comparator",300,"Asymmetric mixture",428,"medflex NEM",TRUE
"Comparator",300,"Symmetric bimodal",428,"OLS",TRUE
"Comparator",300,"Symmetric bimodal",428,"Semiparametric",TRUE
"Comparator",300,"Symmetric bimodal",428,"Imai quasi-Bayes",TRUE
"Comparator",300,"Symmetric bimodal",428,"Imai bootstrap",TRUE
"Comparator",300,"Symmetric bimodal",428,"medflex NEM",TRUE
"Comparator",300,"Gaussian",429,"OLS",TRUE
"Comparator",300,"Gaussian",429,"Semiparametric",TRUE
"Comparator",300,"Gaussian",429,"Imai quasi-Bayes",TRUE
"Comparator",300,"Gaussian",429,"Imai bootstrap",TRUE
"Comparator",300,"Gaussian",429,"medflex NEM",TRUE
"Comparator",300,"Skew-normal",429,"OLS",TRUE
"Comparator",300,"Skew-normal",429,"Semiparametric",TRUE
"Comparator",300,"Skew-normal",429,"Imai quasi-Bayes",TRUE
"Comparator",300,"Skew-normal",429,"Imai bootstrap",TRUE
"Comparator",300,"Skew-normal",429,"medflex NEM",TRUE
"Comparator",300,"Asymmetric mixture",429,"OLS",TRUE
"Comparator",300,"Asymmetric mixture",429,"Semiparametric",TRUE
"Comparator",300,"Asymmetric mixture",429,"Imai quasi-Bayes",TRUE
"Comparator",300,"Asymmetric mixture",429,"Imai bootstrap",TRUE
"Comparator",300,"Asymmetric mixture",429,"medflex NEM",TRUE
"Comparator",300,"Symmetric bimodal",429,"OLS",TRUE
"Comparator",300,"Symmetric bimodal",429,"Semiparametric",TRUE
"Comparator",300,"Symmetric bimodal",429,"Imai quasi-Bayes",TRUE
"Comparator",300,"Symmetric bimodal",429,"Imai bootstrap",TRUE
"Comparator",300,"Symmetric bimodal",429,"medflex NEM",TRUE
"Comparator",300,"Gaussian",430,"OLS",TRUE
"Comparator",300,"Gaussian",430,"Semiparametric",TRUE
"Comparator",300,"Gaussian",430,"Imai quasi-Bayes",TRUE
"Comparator",300,"Gaussian",430,"Imai bootstrap",TRUE
"Comparator",300,"Gaussian",430,"medflex NEM",TRUE
"Comparator",300,"Skew-normal",430,"OLS",TRUE
"Comparator",300,"Skew-normal",430,"Semiparametric",TRUE
"Comparator",300,"Skew-normal",430,"Imai quasi-Bayes",TRUE
"Comparator",300,"Skew-normal",430,"Imai bootstrap",TRUE
"Comparator",300,"Skew-normal",430,"medflex NEM",TRUE
"Comparator",300,"Asymmetric mixture",430,"OLS",TRUE
"Comparator",300,"Asymmetric mixture",430,"Semiparametric",TRUE
"Comparator",300,"Asymmetric mixture",430,"Imai quasi-Bayes",TRUE
"Comparator",300,"Asymmetric mixture",430,"Imai bootstrap",TRUE
"Comparator",300,"Asymmetric mixture",430,"medflex NEM",TRUE
"Comparator",300,"Symmetric bimodal",430,"OLS",TRUE
"Comparator",300,"Symmetric bimodal",430,"Semiparametric",TRUE
"Comparator",300,"Symmetric bimodal",430,"Imai quasi-Bayes",TRUE
"Comparator",300,"Symmetric bimodal",430,"Imai bootstrap",TRUE
"Comparator",300,"Symmetric bimodal",430,"medflex NEM",TRUE
"Comparator",300,"Gaussian",431,"OLS",TRUE
"Comparator",300,"Gaussian",431,"Semiparametric",TRUE
"Comparator",300,"Gaussian",431,"Imai quasi-Bayes",TRUE
"Comparator",300,"Gaussian",431,"Imai bootstrap",TRUE
"Comparator",300,"Gaussian",431,"medflex NEM",TRUE
"Comparator",300,"Skew-normal",431,"OLS",TRUE
"Comparator",300,"Skew-normal",431,"Semiparametric",TRUE
"Comparator",300,"Skew-normal",431,"Imai quasi-Bayes",TRUE
"Comparator",300,"Skew-normal",431,"Imai bootstrap",TRUE
"Comparator",300,"Skew-normal",431,"medflex NEM",TRUE
"Comparator",300,"Asymmetric mixture",431,"OLS",TRUE
"Comparator",300,"Asymmetric mixture",431,"Semiparametric",TRUE
"Comparator",300,"Asymmetric mixture",431,"Imai quasi-Bayes",TRUE
"Comparator",300,"Asymmetric mixture",431,"Imai bootstrap",TRUE
"Comparator",300,"Asymmetric mixture",431,"medflex NEM",TRUE
"Comparator",300,"Symmetric bimodal",431,"OLS",TRUE
"Comparator",300,"Symmetric bimodal",431,"Semiparametric",TRUE
"Comparator",300,"Symmetric bimodal",431,"Imai quasi-Bayes",TRUE
"Comparator",300,"Symmetric bimodal",431,"Imai bootstrap",TRUE
"Comparator",300,"Symmetric bimodal",431,"medflex NEM",TRUE
"Comparator",300,"Gaussian",432,"OLS",TRUE
"Comparator",300,"Gaussian",432,"Semiparametric",TRUE
"Comparator",300,"Gaussian",432,"Imai quasi-Bayes",TRUE
"Comparator",300,"Gaussian",432,"Imai bootstrap",TRUE
"Comparator",300,"Gaussian",432,"medflex NEM",TRUE
"Comparator",300,"Skew-normal",432,"OLS",TRUE
"Comparator",300,"Skew-normal",432,"Semiparametric",TRUE
"Comparator",300,"Skew-normal",432,"Imai quasi-Bayes",TRUE
"Comparator",300,"Skew-normal",432,"Imai bootstrap",TRUE
"Comparator",300,"Skew-normal",432,"medflex NEM",TRUE
"Comparator",300,"Asymmetric mixture",432,"OLS",TRUE
"Comparator",300,"Asymmetric mixture",432,"Semiparametric",TRUE
"Comparator",300,"Asymmetric mixture",432,"Imai quasi-Bayes",TRUE
"Comparator",300,"Asymmetric mixture",432,"Imai bootstrap",TRUE
"Comparator",300,"Asymmetric mixture",432,"medflex NEM",TRUE
"Comparator",300,"Symmetric bimodal",432,"OLS",TRUE
"Comparator",300,"Symmetric bimodal",432,"Semiparametric",TRUE
"Comparator",300,"Symmetric bimodal",432,"Imai quasi-Bayes",TRUE
"Comparator",300,"Symmetric bimodal",432,"Imai bootstrap",TRUE
"Comparator",300,"Symmetric bimodal",432,"medflex NEM",TRUE
"Comparator",300,"Gaussian",433,"OLS",TRUE
"Comparator",300,"Gaussian",433,"Semiparametric",TRUE
"Comparator",300,"Gaussian",433,"Imai quasi-Bayes",TRUE
"Comparator",300,"Gaussian",433,"Imai bootstrap",TRUE
"Comparator",300,"Gaussian",433,"medflex NEM",TRUE
"Comparator",300,"Skew-normal",433,"OLS",TRUE
"Comparator",300,"Skew-normal",433,"Semiparametric",TRUE
"Comparator",300,"Skew-normal",433,"Imai quasi-Bayes",TRUE
"Comparator",300,"Skew-normal",433,"Imai bootstrap",TRUE
"Comparator",300,"Skew-normal",433,"medflex NEM",TRUE
"Comparator",300,"Asymmetric mixture",433,"OLS",TRUE
"Comparator",300,"Asymmetric mixture",433,"Semiparametric",TRUE
"Comparator",300,"Asymmetric mixture",433,"Imai quasi-Bayes",TRUE
"Comparator",300,"Asymmetric mixture",433,"Imai bootstrap",TRUE
"Comparator",300,"Asymmetric mixture",433,"medflex NEM",TRUE
"Comparator",300,"Symmetric bimodal",433,"OLS",TRUE
"Comparator",300,"Symmetric bimodal",433,"Semiparametric",TRUE
"Comparator",300,"Symmetric bimodal",433,"Imai quasi-Bayes",TRUE
"Comparator",300,"Symmetric bimodal",433,"Imai bootstrap",TRUE
"Comparator",300,"Symmetric bimodal",433,"medflex NEM",TRUE
"Comparator",300,"Gaussian",434,"OLS",TRUE
"Comparator",300,"Gaussian",434,"Semiparametric",TRUE
"Comparator",300,"Gaussian",434,"Imai quasi-Bayes",TRUE
"Comparator",300,"Gaussian",434,"Imai bootstrap",TRUE
"Comparator",300,"Gaussian",434,"medflex NEM",TRUE
"Comparator",300,"Skew-normal",434,"OLS",TRUE
"Comparator",300,"Skew-normal",434,"Semiparametric",TRUE
"Comparator",300,"Skew-normal",434,"Imai quasi-Bayes",TRUE
"Comparator",300,"Skew-normal",434,"Imai bootstrap",TRUE
"Comparator",300,"Skew-normal",434,"medflex NEM",TRUE
"Comparator",300,"Asymmetric mixture",434,"OLS",TRUE
"Comparator",300,"Asymmetric mixture",434,"Semiparametric",TRUE
"Comparator",300,"Asymmetric mixture",434,"Imai quasi-Bayes",TRUE
"Comparator",300,"Asymmetric mixture",434,"Imai bootstrap",TRUE
"Comparator",300,"Asymmetric mixture",434,"medflex NEM",TRUE
"Comparator",300,"Symmetric bimodal",434,"OLS",TRUE
"Comparator",300,"Symmetric bimodal",434,"Semiparametric",TRUE
"Comparator",300,"Symmetric bimodal",434,"Imai quasi-Bayes",TRUE
"Comparator",300,"Symmetric bimodal",434,"Imai bootstrap",TRUE
"Comparator",300,"Symmetric bimodal",434,"medflex NEM",TRUE
"Comparator",300,"Gaussian",435,"OLS",TRUE
"Comparator",300,"Gaussian",435,"Semiparametric",TRUE
"Comparator",300,"Gaussian",435,"Imai quasi-Bayes",TRUE
"Comparator",300,"Gaussian",435,"Imai bootstrap",TRUE
"Comparator",300,"Gaussian",435,"medflex NEM",TRUE
"Comparator",300,"Skew-normal",435,"OLS",TRUE
"Comparator",300,"Skew-normal",435,"Semiparametric",TRUE
"Comparator",300,"Skew-normal",435,"Imai quasi-Bayes",TRUE
"Comparator",300,"Skew-normal",435,"Imai bootstrap",TRUE
"Comparator",300,"Skew-normal",435,"medflex NEM",TRUE
"Comparator",300,"Asymmetric mixture",435,"OLS",TRUE
"Comparator",300,"Asymmetric mixture",435,"Semiparametric",TRUE
"Comparator",300,"Asymmetric mixture",435,"Imai quasi-Bayes",TRUE
"Comparator",300,"Asymmetric mixture",435,"Imai bootstrap",TRUE
"Comparator",300,"Asymmetric mixture",435,"medflex NEM",TRUE
"Comparator",300,"Symmetric bimodal",435,"OLS",TRUE
"Comparator",300,"Symmetric bimodal",435,"Semiparametric",TRUE
"Comparator",300,"Symmetric bimodal",435,"Imai quasi-Bayes",TRUE
"Comparator",300,"Symmetric bimodal",435,"Imai bootstrap",TRUE
"Comparator",300,"Symmetric bimodal",435,"medflex NEM",TRUE
"Comparator",300,"Gaussian",436,"OLS",TRUE
"Comparator",300,"Gaussian",436,"Semiparametric",TRUE
"Comparator",300,"Gaussian",436,"Imai quasi-Bayes",TRUE
"Comparator",300,"Gaussian",436,"Imai bootstrap",TRUE
"Comparator",300,"Gaussian",436,"medflex NEM",TRUE
"Comparator",300,"Skew-normal",436,"OLS",TRUE
"Comparator",300,"Skew-normal",436,"Semiparametric",TRUE
"Comparator",300,"Skew-normal",436,"Imai quasi-Bayes",TRUE
"Comparator",300,"Skew-normal",436,"Imai bootstrap",TRUE
"Comparator",300,"Skew-normal",436,"medflex NEM",TRUE
"Comparator",300,"Asymmetric mixture",436,"OLS",TRUE
"Comparator",300,"Asymmetric mixture",436,"Semiparametric",TRUE
"Comparator",300,"Asymmetric mixture",436,"Imai quasi-Bayes",TRUE
"Comparator",300,"Asymmetric mixture",436,"Imai bootstrap",TRUE
"Comparator",300,"Asymmetric mixture",436,"medflex NEM",TRUE
"Comparator",300,"Symmetric bimodal",436,"OLS",TRUE
"Comparator",300,"Symmetric bimodal",436,"Semiparametric",TRUE
"Comparator",300,"Symmetric bimodal",436,"Imai quasi-Bayes",TRUE
"Comparator",300,"Symmetric bimodal",436,"Imai bootstrap",TRUE
"Comparator",300,"Symmetric bimodal",436,"medflex NEM",TRUE
"Comparator",300,"Gaussian",437,"OLS",TRUE
"Comparator",300,"Gaussian",437,"Semiparametric",TRUE
"Comparator",300,"Gaussian",437,"Imai quasi-Bayes",TRUE
"Comparator",300,"Gaussian",437,"Imai bootstrap",TRUE
"Comparator",300,"Gaussian",437,"medflex NEM",TRUE
"Comparator",300,"Skew-normal",437,"OLS",TRUE
"Comparator",300,"Skew-normal",437,"Semiparametric",TRUE
"Comparator",300,"Skew-normal",437,"Imai quasi-Bayes",TRUE
"Comparator",300,"Skew-normal",437,"Imai bootstrap",TRUE
"Comparator",300,"Skew-normal",437,"medflex NEM",TRUE
"Comparator",300,"Asymmetric mixture",437,"OLS",TRUE
"Comparator",300,"Asymmetric mixture",437,"Semiparametric",TRUE
"Comparator",300,"Asymmetric mixture",437,"Imai quasi-Bayes",TRUE
"Comparator",300,"Asymmetric mixture",437,"Imai bootstrap",TRUE
"Comparator",300,"Asymmetric mixture",437,"medflex NEM",TRUE
"Comparator",300,"Symmetric bimodal",437,"OLS",TRUE
"Comparator",300,"Symmetric bimodal",437,"Semiparametric",TRUE
"Comparator",300,"Symmetric bimodal",437,"Imai quasi-Bayes",TRUE
"Comparator",300,"Symmetric bimodal",437,"Imai bootstrap",TRUE
"Comparator",300,"Symmetric bimodal",437,"medflex NEM",TRUE
"Comparator",300,"Gaussian",438,"OLS",TRUE
"Comparator",300,"Gaussian",438,"Semiparametric",TRUE
"Comparator",300,"Gaussian",438,"Imai quasi-Bayes",TRUE
"Comparator",300,"Gaussian",438,"Imai bootstrap",TRUE
"Comparator",300,"Gaussian",438,"medflex NEM",TRUE
"Comparator",300,"Skew-normal",438,"OLS",TRUE
"Comparator",300,"Skew-normal",438,"Semiparametric",TRUE
"Comparator",300,"Skew-normal",438,"Imai quasi-Bayes",TRUE
"Comparator",300,"Skew-normal",438,"Imai bootstrap",TRUE
"Comparator",300,"Skew-normal",438,"medflex NEM",TRUE
"Comparator",300,"Asymmetric mixture",438,"OLS",TRUE
"Comparator",300,"Asymmetric mixture",438,"Semiparametric",TRUE
"Comparator",300,"Asymmetric mixture",438,"Imai quasi-Bayes",TRUE
"Comparator",300,"Asymmetric mixture",438,"Imai bootstrap",TRUE
"Comparator",300,"Asymmetric mixture",438,"medflex NEM",TRUE
"Comparator",300,"Symmetric bimodal",438,"OLS",TRUE
"Comparator",300,"Symmetric bimodal",438,"Semiparametric",TRUE
"Comparator",300,"Symmetric bimodal",438,"Imai quasi-Bayes",TRUE
"Comparator",300,"Symmetric bimodal",438,"Imai bootstrap",TRUE
"Comparator",300,"Symmetric bimodal",438,"medflex NEM",TRUE
"Comparator",300,"Gaussian",439,"OLS",TRUE
"Comparator",300,"Gaussian",439,"Semiparametric",TRUE
"Comparator",300,"Gaussian",439,"Imai quasi-Bayes",TRUE
"Comparator",300,"Gaussian",439,"Imai bootstrap",TRUE
"Comparator",300,"Gaussian",439,"medflex NEM",TRUE
"Comparator",300,"Skew-normal",439,"OLS",TRUE
"Comparator",300,"Skew-normal",439,"Semiparametric",TRUE
"Comparator",300,"Skew-normal",439,"Imai quasi-Bayes",TRUE
"Comparator",300,"Skew-normal",439,"Imai bootstrap",TRUE
"Comparator",300,"Skew-normal",439,"medflex NEM",TRUE
"Comparator",300,"Asymmetric mixture",439,"OLS",TRUE
"Comparator",300,"Asymmetric mixture",439,"Semiparametric",TRUE
"Comparator",300,"Asymmetric mixture",439,"Imai quasi-Bayes",TRUE
"Comparator",300,"Asymmetric mixture",439,"Imai bootstrap",TRUE
"Comparator",300,"Asymmetric mixture",439,"medflex NEM",TRUE
"Comparator",300,"Symmetric bimodal",439,"OLS",TRUE
"Comparator",300,"Symmetric bimodal",439,"Semiparametric",TRUE
"Comparator",300,"Symmetric bimodal",439,"Imai quasi-Bayes",TRUE
"Comparator",300,"Symmetric bimodal",439,"Imai bootstrap",TRUE
"Comparator",300,"Symmetric bimodal",439,"medflex NEM",TRUE
"Comparator",300,"Gaussian",440,"OLS",TRUE
"Comparator",300,"Gaussian",440,"Semiparametric",TRUE
"Comparator",300,"Gaussian",440,"Imai quasi-Bayes",TRUE
"Comparator",300,"Gaussian",440,"Imai bootstrap",TRUE
"Comparator",300,"Gaussian",440,"medflex NEM",TRUE
"Comparator",300,"Skew-normal",440,"OLS",TRUE
"Comparator",300,"Skew-normal",440,"Semiparametric",TRUE
"Comparator",300,"Skew-normal",440,"Imai quasi-Bayes",TRUE
"Comparator",300,"Skew-normal",440,"Imai bootstrap",TRUE
"Comparator",300,"Skew-normal",440,"medflex NEM",TRUE
"Comparator",300,"Asymmetric mixture",440,"OLS",TRUE
"Comparator",300,"Asymmetric mixture",440,"Semiparametric",TRUE
"Comparator",300,"Asymmetric mixture",440,"Imai quasi-Bayes",TRUE
"Comparator",300,"Asymmetric mixture",440,"Imai bootstrap",TRUE
"Comparator",300,"Asymmetric mixture",440,"medflex NEM",TRUE
"Comparator",300,"Symmetric bimodal",440,"OLS",TRUE
"Comparator",300,"Symmetric bimodal",440,"Semiparametric",TRUE
"Comparator",300,"Symmetric bimodal",440,"Imai quasi-Bayes",TRUE
"Comparator",300,"Symmetric bimodal",440,"Imai bootstrap",TRUE
"Comparator",300,"Symmetric bimodal",440,"medflex NEM",TRUE
"Comparator",300,"Gaussian",441,"OLS",TRUE
"Comparator",300,"Gaussian",441,"Semiparametric",TRUE
"Comparator",300,"Gaussian",441,"Imai quasi-Bayes",TRUE
"Comparator",300,"Gaussian",441,"Imai bootstrap",TRUE
"Comparator",300,"Gaussian",441,"medflex NEM",TRUE
"Comparator",300,"Skew-normal",441,"OLS",TRUE
"Comparator",300,"Skew-normal",441,"Semiparametric",TRUE
"Comparator",300,"Skew-normal",441,"Imai quasi-Bayes",TRUE
"Comparator",300,"Skew-normal",441,"Imai bootstrap",TRUE
"Comparator",300,"Skew-normal",441,"medflex NEM",TRUE
"Comparator",300,"Asymmetric mixture",441,"OLS",TRUE
"Comparator",300,"Asymmetric mixture",441,"Semiparametric",TRUE
"Comparator",300,"Asymmetric mixture",441,"Imai quasi-Bayes",TRUE
"Comparator",300,"Asymmetric mixture",441,"Imai bootstrap",TRUE
"Comparator",300,"Asymmetric mixture",441,"medflex NEM",TRUE
"Comparator",300,"Symmetric bimodal",441,"OLS",TRUE
"Comparator",300,"Symmetric bimodal",441,"Semiparametric",TRUE
"Comparator",300,"Symmetric bimodal",441,"Imai quasi-Bayes",TRUE
"Comparator",300,"Symmetric bimodal",441,"Imai bootstrap",TRUE
"Comparator",300,"Symmetric bimodal",441,"medflex NEM",TRUE
"Comparator",300,"Gaussian",442,"OLS",TRUE
"Comparator",300,"Gaussian",442,"Semiparametric",TRUE
"Comparator",300,"Gaussian",442,"Imai quasi-Bayes",TRUE
"Comparator",300,"Gaussian",442,"Imai bootstrap",TRUE
"Comparator",300,"Gaussian",442,"medflex NEM",TRUE
"Comparator",300,"Skew-normal",442,"OLS",TRUE
"Comparator",300,"Skew-normal",442,"Semiparametric",TRUE
"Comparator",300,"Skew-normal",442,"Imai quasi-Bayes",TRUE
"Comparator",300,"Skew-normal",442,"Imai bootstrap",TRUE
"Comparator",300,"Skew-normal",442,"medflex NEM",TRUE
"Comparator",300,"Asymmetric mixture",442,"OLS",TRUE
"Comparator",300,"Asymmetric mixture",442,"Semiparametric",TRUE
"Comparator",300,"Asymmetric mixture",442,"Imai quasi-Bayes",TRUE
"Comparator",300,"Asymmetric mixture",442,"Imai bootstrap",TRUE
"Comparator",300,"Asymmetric mixture",442,"medflex NEM",TRUE
"Comparator",300,"Symmetric bimodal",442,"OLS",TRUE
"Comparator",300,"Symmetric bimodal",442,"Semiparametric",TRUE
"Comparator",300,"Symmetric bimodal",442,"Imai quasi-Bayes",TRUE
"Comparator",300,"Symmetric bimodal",442,"Imai bootstrap",TRUE
"Comparator",300,"Symmetric bimodal",442,"medflex NEM",TRUE
"Comparator",300,"Gaussian",443,"OLS",TRUE
"Comparator",300,"Gaussian",443,"Semiparametric",TRUE
"Comparator",300,"Gaussian",443,"Imai quasi-Bayes",TRUE
"Comparator",300,"Gaussian",443,"Imai bootstrap",TRUE
"Comparator",300,"Gaussian",443,"medflex NEM",TRUE
"Comparator",300,"Skew-normal",443,"OLS",TRUE
"Comparator",300,"Skew-normal",443,"Semiparametric",TRUE
"Comparator",300,"Skew-normal",443,"Imai quasi-Bayes",TRUE
"Comparator",300,"Skew-normal",443,"Imai bootstrap",TRUE
"Comparator",300,"Skew-normal",443,"medflex NEM",TRUE
"Comparator",300,"Asymmetric mixture",443,"OLS",TRUE
"Comparator",300,"Asymmetric mixture",443,"Semiparametric",TRUE
"Comparator",300,"Asymmetric mixture",443,"Imai quasi-Bayes",TRUE
"Comparator",300,"Asymmetric mixture",443,"Imai bootstrap",TRUE
"Comparator",300,"Asymmetric mixture",443,"medflex NEM",TRUE
"Comparator",300,"Symmetric bimodal",443,"OLS",TRUE
"Comparator",300,"Symmetric bimodal",443,"Semiparametric",TRUE
"Comparator",300,"Symmetric bimodal",443,"Imai quasi-Bayes",TRUE
"Comparator",300,"Symmetric bimodal",443,"Imai bootstrap",TRUE
"Comparator",300,"Symmetric bimodal",443,"medflex NEM",TRUE
"Comparator",300,"Gaussian",444,"OLS",TRUE
"Comparator",300,"Gaussian",444,"Semiparametric",TRUE
"Comparator",300,"Gaussian",444,"Imai quasi-Bayes",TRUE
"Comparator",300,"Gaussian",444,"Imai bootstrap",TRUE
"Comparator",300,"Gaussian",444,"medflex NEM",TRUE
"Comparator",300,"Skew-normal",444,"OLS",TRUE
"Comparator",300,"Skew-normal",444,"Semiparametric",TRUE
"Comparator",300,"Skew-normal",444,"Imai quasi-Bayes",TRUE
"Comparator",300,"Skew-normal",444,"Imai bootstrap",TRUE
"Comparator",300,"Skew-normal",444,"medflex NEM",TRUE
"Comparator",300,"Asymmetric mixture",444,"OLS",TRUE
"Comparator",300,"Asymmetric mixture",444,"Semiparametric",TRUE
"Comparator",300,"Asymmetric mixture",444,"Imai quasi-Bayes",TRUE
"Comparator",300,"Asymmetric mixture",444,"Imai bootstrap",TRUE
"Comparator",300,"Asymmetric mixture",444,"medflex NEM",TRUE
"Comparator",300,"Symmetric bimodal",444,"OLS",TRUE
"Comparator",300,"Symmetric bimodal",444,"Semiparametric",FALSE
"Comparator",300,"Symmetric bimodal",444,"Imai quasi-Bayes",TRUE
"Comparator",300,"Symmetric bimodal",444,"Imai bootstrap",TRUE
"Comparator",300,"Symmetric bimodal",444,"medflex NEM",TRUE
"Comparator",300,"Gaussian",445,"OLS",TRUE
"Comparator",300,"Gaussian",445,"Semiparametric",TRUE
"Comparator",300,"Gaussian",445,"Imai quasi-Bayes",TRUE
"Comparator",300,"Gaussian",445,"Imai bootstrap",TRUE
"Comparator",300,"Gaussian",445,"medflex NEM",TRUE
"Comparator",300,"Skew-normal",445,"OLS",TRUE
"Comparator",300,"Skew-normal",445,"Semiparametric",TRUE
"Comparator",300,"Skew-normal",445,"Imai quasi-Bayes",TRUE
"Comparator",300,"Skew-normal",445,"Imai bootstrap",TRUE
"Comparator",300,"Skew-normal",445,"medflex NEM",TRUE
"Comparator",300,"Asymmetric mixture",445,"OLS",TRUE
"Comparator",300,"Asymmetric mixture",445,"Semiparametric",TRUE
"Comparator",300,"Asymmetric mixture",445,"Imai quasi-Bayes",TRUE
"Comparator",300,"Asymmetric mixture",445,"Imai bootstrap",TRUE
"Comparator",300,"Asymmetric mixture",445,"medflex NEM",TRUE
"Comparator",300,"Symmetric bimodal",445,"OLS",TRUE
"Comparator",300,"Symmetric bimodal",445,"Semiparametric",TRUE
"Comparator",300,"Symmetric bimodal",445,"Imai quasi-Bayes",TRUE
"Comparator",300,"Symmetric bimodal",445,"Imai bootstrap",TRUE
"Comparator",300,"Symmetric bimodal",445,"medflex NEM",TRUE
"Comparator",300,"Gaussian",446,"OLS",TRUE
"Comparator",300,"Gaussian",446,"Semiparametric",TRUE
"Comparator",300,"Gaussian",446,"Imai quasi-Bayes",TRUE
"Comparator",300,"Gaussian",446,"Imai bootstrap",TRUE
"Comparator",300,"Gaussian",446,"medflex NEM",TRUE
"Comparator",300,"Skew-normal",446,"OLS",TRUE
"Comparator",300,"Skew-normal",446,"Semiparametric",TRUE
"Comparator",300,"Skew-normal",446,"Imai quasi-Bayes",TRUE
"Comparator",300,"Skew-normal",446,"Imai bootstrap",TRUE
"Comparator",300,"Skew-normal",446,"medflex NEM",TRUE
"Comparator",300,"Asymmetric mixture",446,"OLS",TRUE
"Comparator",300,"Asymmetric mixture",446,"Semiparametric",TRUE
"Comparator",300,"Asymmetric mixture",446,"Imai quasi-Bayes",TRUE
"Comparator",300,"Asymmetric mixture",446,"Imai bootstrap",TRUE
"Comparator",300,"Asymmetric mixture",446,"medflex NEM",TRUE
"Comparator",300,"Symmetric bimodal",446,"OLS",TRUE
"Comparator",300,"Symmetric bimodal",446,"Semiparametric",TRUE
"Comparator",300,"Symmetric bimodal",446,"Imai quasi-Bayes",TRUE
"Comparator",300,"Symmetric bimodal",446,"Imai bootstrap",TRUE
"Comparator",300,"Symmetric bimodal",446,"medflex NEM",TRUE
"Comparator",300,"Gaussian",447,"OLS",TRUE
"Comparator",300,"Gaussian",447,"Semiparametric",TRUE
"Comparator",300,"Gaussian",447,"Imai quasi-Bayes",TRUE
"Comparator",300,"Gaussian",447,"Imai bootstrap",TRUE
"Comparator",300,"Gaussian",447,"medflex NEM",TRUE
"Comparator",300,"Skew-normal",447,"OLS",TRUE
"Comparator",300,"Skew-normal",447,"Semiparametric",TRUE
"Comparator",300,"Skew-normal",447,"Imai quasi-Bayes",TRUE
"Comparator",300,"Skew-normal",447,"Imai bootstrap",TRUE
"Comparator",300,"Skew-normal",447,"medflex NEM",TRUE
"Comparator",300,"Asymmetric mixture",447,"OLS",TRUE
"Comparator",300,"Asymmetric mixture",447,"Semiparametric",TRUE
"Comparator",300,"Asymmetric mixture",447,"Imai quasi-Bayes",TRUE
"Comparator",300,"Asymmetric mixture",447,"Imai bootstrap",TRUE
"Comparator",300,"Asymmetric mixture",447,"medflex NEM",TRUE
"Comparator",300,"Symmetric bimodal",447,"OLS",TRUE
"Comparator",300,"Symmetric bimodal",447,"Semiparametric",TRUE
"Comparator",300,"Symmetric bimodal",447,"Imai quasi-Bayes",TRUE
"Comparator",300,"Symmetric bimodal",447,"Imai bootstrap",TRUE
"Comparator",300,"Symmetric bimodal",447,"medflex NEM",TRUE
"Comparator",300,"Gaussian",448,"OLS",TRUE
"Comparator",300,"Gaussian",448,"Semiparametric",TRUE
"Comparator",300,"Gaussian",448,"Imai quasi-Bayes",TRUE
"Comparator",300,"Gaussian",448,"Imai bootstrap",TRUE
"Comparator",300,"Gaussian",448,"medflex NEM",TRUE
"Comparator",300,"Skew-normal",448,"OLS",TRUE
"Comparator",300,"Skew-normal",448,"Semiparametric",TRUE
"Comparator",300,"Skew-normal",448,"Imai quasi-Bayes",TRUE
"Comparator",300,"Skew-normal",448,"Imai bootstrap",TRUE
"Comparator",300,"Skew-normal",448,"medflex NEM",TRUE
"Comparator",300,"Asymmetric mixture",448,"OLS",TRUE
"Comparator",300,"Asymmetric mixture",448,"Semiparametric",TRUE
"Comparator",300,"Asymmetric mixture",448,"Imai quasi-Bayes",TRUE
"Comparator",300,"Asymmetric mixture",448,"Imai bootstrap",TRUE
"Comparator",300,"Asymmetric mixture",448,"medflex NEM",TRUE
"Comparator",300,"Symmetric bimodal",448,"OLS",TRUE
"Comparator",300,"Symmetric bimodal",448,"Semiparametric",TRUE
"Comparator",300,"Symmetric bimodal",448,"Imai quasi-Bayes",TRUE
"Comparator",300,"Symmetric bimodal",448,"Imai bootstrap",TRUE
"Comparator",300,"Symmetric bimodal",448,"medflex NEM",TRUE
"Comparator",300,"Gaussian",449,"OLS",TRUE
"Comparator",300,"Gaussian",449,"Semiparametric",TRUE
"Comparator",300,"Gaussian",449,"Imai quasi-Bayes",TRUE
"Comparator",300,"Gaussian",449,"Imai bootstrap",TRUE
"Comparator",300,"Gaussian",449,"medflex NEM",TRUE
"Comparator",300,"Skew-normal",449,"OLS",TRUE
"Comparator",300,"Skew-normal",449,"Semiparametric",TRUE
"Comparator",300,"Skew-normal",449,"Imai quasi-Bayes",TRUE
"Comparator",300,"Skew-normal",449,"Imai bootstrap",TRUE
"Comparator",300,"Skew-normal",449,"medflex NEM",TRUE
"Comparator",300,"Asymmetric mixture",449,"OLS",TRUE
"Comparator",300,"Asymmetric mixture",449,"Semiparametric",TRUE
"Comparator",300,"Asymmetric mixture",449,"Imai quasi-Bayes",TRUE
"Comparator",300,"Asymmetric mixture",449,"Imai bootstrap",TRUE
"Comparator",300,"Asymmetric mixture",449,"medflex NEM",TRUE
"Comparator",300,"Symmetric bimodal",449,"OLS",TRUE
"Comparator",300,"Symmetric bimodal",449,"Semiparametric",TRUE
"Comparator",300,"Symmetric bimodal",449,"Imai quasi-Bayes",TRUE
"Comparator",300,"Symmetric bimodal",449,"Imai bootstrap",TRUE
"Comparator",300,"Symmetric bimodal",449,"medflex NEM",TRUE
"Comparator",300,"Gaussian",450,"OLS",TRUE
"Comparator",300,"Gaussian",450,"Semiparametric",TRUE
"Comparator",300,"Gaussian",450,"Imai quasi-Bayes",TRUE
"Comparator",300,"Gaussian",450,"Imai bootstrap",TRUE
"Comparator",300,"Gaussian",450,"medflex NEM",TRUE
"Comparator",300,"Skew-normal",450,"OLS",TRUE
"Comparator",300,"Skew-normal",450,"Semiparametric",TRUE
"Comparator",300,"Skew-normal",450,"Imai quasi-Bayes",TRUE
"Comparator",300,"Skew-normal",450,"Imai bootstrap",TRUE
"Comparator",300,"Skew-normal",450,"medflex NEM",TRUE
"Comparator",300,"Asymmetric mixture",450,"OLS",TRUE
"Comparator",300,"Asymmetric mixture",450,"Semiparametric",TRUE
"Comparator",300,"Asymmetric mixture",450,"Imai quasi-Bayes",TRUE
"Comparator",300,"Asymmetric mixture",450,"Imai bootstrap",TRUE
"Comparator",300,"Asymmetric mixture",450,"medflex NEM",TRUE
"Comparator",300,"Symmetric bimodal",450,"OLS",TRUE
"Comparator",300,"Symmetric bimodal",450,"Semiparametric",TRUE
"Comparator",300,"Symmetric bimodal",450,"Imai quasi-Bayes",TRUE
"Comparator",300,"Symmetric bimodal",450,"Imai bootstrap",TRUE
"Comparator",300,"Symmetric bimodal",450,"medflex NEM",TRUE
"Comparator",300,"Gaussian",451,"OLS",TRUE
"Comparator",300,"Gaussian",451,"Semiparametric",TRUE
"Comparator",300,"Gaussian",451,"Imai quasi-Bayes",TRUE
"Comparator",300,"Gaussian",451,"Imai bootstrap",TRUE
"Comparator",300,"Gaussian",451,"medflex NEM",TRUE
"Comparator",300,"Skew-normal",451,"OLS",TRUE
"Comparator",300,"Skew-normal",451,"Semiparametric",TRUE
"Comparator",300,"Skew-normal",451,"Imai quasi-Bayes",TRUE
"Comparator",300,"Skew-normal",451,"Imai bootstrap",TRUE
"Comparator",300,"Skew-normal",451,"medflex NEM",TRUE
"Comparator",300,"Asymmetric mixture",451,"OLS",TRUE
"Comparator",300,"Asymmetric mixture",451,"Semiparametric",TRUE
"Comparator",300,"Asymmetric mixture",451,"Imai quasi-Bayes",TRUE
"Comparator",300,"Asymmetric mixture",451,"Imai bootstrap",TRUE
"Comparator",300,"Asymmetric mixture",451,"medflex NEM",TRUE
"Comparator",300,"Symmetric bimodal",451,"OLS",TRUE
"Comparator",300,"Symmetric bimodal",451,"Semiparametric",TRUE
"Comparator",300,"Symmetric bimodal",451,"Imai quasi-Bayes",TRUE
"Comparator",300,"Symmetric bimodal",451,"Imai bootstrap",TRUE
"Comparator",300,"Symmetric bimodal",451,"medflex NEM",TRUE
"Comparator",300,"Gaussian",452,"OLS",TRUE
"Comparator",300,"Gaussian",452,"Semiparametric",TRUE
"Comparator",300,"Gaussian",452,"Imai quasi-Bayes",TRUE
"Comparator",300,"Gaussian",452,"Imai bootstrap",TRUE
"Comparator",300,"Gaussian",452,"medflex NEM",TRUE
"Comparator",300,"Skew-normal",452,"OLS",TRUE
"Comparator",300,"Skew-normal",452,"Semiparametric",TRUE
"Comparator",300,"Skew-normal",452,"Imai quasi-Bayes",TRUE
"Comparator",300,"Skew-normal",452,"Imai bootstrap",TRUE
"Comparator",300,"Skew-normal",452,"medflex NEM",TRUE
"Comparator",300,"Asymmetric mixture",452,"OLS",TRUE
"Comparator",300,"Asymmetric mixture",452,"Semiparametric",TRUE
"Comparator",300,"Asymmetric mixture",452,"Imai quasi-Bayes",TRUE
"Comparator",300,"Asymmetric mixture",452,"Imai bootstrap",TRUE
"Comparator",300,"Asymmetric mixture",452,"medflex NEM",TRUE
"Comparator",300,"Symmetric bimodal",452,"OLS",TRUE
"Comparator",300,"Symmetric bimodal",452,"Semiparametric",TRUE
"Comparator",300,"Symmetric bimodal",452,"Imai quasi-Bayes",TRUE
"Comparator",300,"Symmetric bimodal",452,"Imai bootstrap",TRUE
"Comparator",300,"Symmetric bimodal",452,"medflex NEM",TRUE
"Comparator",300,"Gaussian",453,"OLS",TRUE
"Comparator",300,"Gaussian",453,"Semiparametric",TRUE
"Comparator",300,"Gaussian",453,"Imai quasi-Bayes",TRUE
"Comparator",300,"Gaussian",453,"Imai bootstrap",TRUE
"Comparator",300,"Gaussian",453,"medflex NEM",TRUE
"Comparator",300,"Skew-normal",453,"OLS",TRUE
"Comparator",300,"Skew-normal",453,"Semiparametric",TRUE
"Comparator",300,"Skew-normal",453,"Imai quasi-Bayes",TRUE
"Comparator",300,"Skew-normal",453,"Imai bootstrap",TRUE
"Comparator",300,"Skew-normal",453,"medflex NEM",TRUE
"Comparator",300,"Asymmetric mixture",453,"OLS",TRUE
"Comparator",300,"Asymmetric mixture",453,"Semiparametric",TRUE
"Comparator",300,"Asymmetric mixture",453,"Imai quasi-Bayes",TRUE
"Comparator",300,"Asymmetric mixture",453,"Imai bootstrap",TRUE
"Comparator",300,"Asymmetric mixture",453,"medflex NEM",TRUE
"Comparator",300,"Symmetric bimodal",453,"OLS",TRUE
"Comparator",300,"Symmetric bimodal",453,"Semiparametric",TRUE
"Comparator",300,"Symmetric bimodal",453,"Imai quasi-Bayes",TRUE
"Comparator",300,"Symmetric bimodal",453,"Imai bootstrap",TRUE
"Comparator",300,"Symmetric bimodal",453,"medflex NEM",TRUE
"Comparator",300,"Gaussian",454,"OLS",TRUE
"Comparator",300,"Gaussian",454,"Semiparametric",TRUE
"Comparator",300,"Gaussian",454,"Imai quasi-Bayes",TRUE
"Comparator",300,"Gaussian",454,"Imai bootstrap",TRUE
"Comparator",300,"Gaussian",454,"medflex NEM",TRUE
"Comparator",300,"Skew-normal",454,"OLS",TRUE
"Comparator",300,"Skew-normal",454,"Semiparametric",TRUE
"Comparator",300,"Skew-normal",454,"Imai quasi-Bayes",TRUE
"Comparator",300,"Skew-normal",454,"Imai bootstrap",TRUE
"Comparator",300,"Skew-normal",454,"medflex NEM",TRUE
"Comparator",300,"Asymmetric mixture",454,"OLS",TRUE
"Comparator",300,"Asymmetric mixture",454,"Semiparametric",TRUE
"Comparator",300,"Asymmetric mixture",454,"Imai quasi-Bayes",TRUE
"Comparator",300,"Asymmetric mixture",454,"Imai bootstrap",TRUE
"Comparator",300,"Asymmetric mixture",454,"medflex NEM",TRUE
"Comparator",300,"Symmetric bimodal",454,"OLS",TRUE
"Comparator",300,"Symmetric bimodal",454,"Semiparametric",TRUE
"Comparator",300,"Symmetric bimodal",454,"Imai quasi-Bayes",TRUE
"Comparator",300,"Symmetric bimodal",454,"Imai bootstrap",TRUE
"Comparator",300,"Symmetric bimodal",454,"medflex NEM",TRUE
"Comparator",300,"Gaussian",455,"OLS",TRUE
"Comparator",300,"Gaussian",455,"Semiparametric",TRUE
"Comparator",300,"Gaussian",455,"Imai quasi-Bayes",TRUE
"Comparator",300,"Gaussian",455,"Imai bootstrap",TRUE
"Comparator",300,"Gaussian",455,"medflex NEM",TRUE
"Comparator",300,"Skew-normal",455,"OLS",TRUE
"Comparator",300,"Skew-normal",455,"Semiparametric",TRUE
"Comparator",300,"Skew-normal",455,"Imai quasi-Bayes",TRUE
"Comparator",300,"Skew-normal",455,"Imai bootstrap",TRUE
"Comparator",300,"Skew-normal",455,"medflex NEM",TRUE
"Comparator",300,"Asymmetric mixture",455,"OLS",TRUE
"Comparator",300,"Asymmetric mixture",455,"Semiparametric",TRUE
"Comparator",300,"Asymmetric mixture",455,"Imai quasi-Bayes",TRUE
"Comparator",300,"Asymmetric mixture",455,"Imai bootstrap",TRUE
"Comparator",300,"Asymmetric mixture",455,"medflex NEM",TRUE
"Comparator",300,"Symmetric bimodal",455,"OLS",TRUE
"Comparator",300,"Symmetric bimodal",455,"Semiparametric",TRUE
"Comparator",300,"Symmetric bimodal",455,"Imai quasi-Bayes",TRUE
"Comparator",300,"Symmetric bimodal",455,"Imai bootstrap",TRUE
"Comparator",300,"Symmetric bimodal",455,"medflex NEM",TRUE
"Comparator",300,"Gaussian",456,"OLS",TRUE
"Comparator",300,"Gaussian",456,"Semiparametric",TRUE
"Comparator",300,"Gaussian",456,"Imai quasi-Bayes",TRUE
"Comparator",300,"Gaussian",456,"Imai bootstrap",TRUE
"Comparator",300,"Gaussian",456,"medflex NEM",TRUE
"Comparator",300,"Skew-normal",456,"OLS",TRUE
"Comparator",300,"Skew-normal",456,"Semiparametric",TRUE
"Comparator",300,"Skew-normal",456,"Imai quasi-Bayes",TRUE
"Comparator",300,"Skew-normal",456,"Imai bootstrap",TRUE
"Comparator",300,"Skew-normal",456,"medflex NEM",TRUE
"Comparator",300,"Asymmetric mixture",456,"OLS",TRUE
"Comparator",300,"Asymmetric mixture",456,"Semiparametric",TRUE
"Comparator",300,"Asymmetric mixture",456,"Imai quasi-Bayes",TRUE
"Comparator",300,"Asymmetric mixture",456,"Imai bootstrap",TRUE
"Comparator",300,"Asymmetric mixture",456,"medflex NEM",TRUE
"Comparator",300,"Symmetric bimodal",456,"OLS",TRUE
"Comparator",300,"Symmetric bimodal",456,"Semiparametric",TRUE
"Comparator",300,"Symmetric bimodal",456,"Imai quasi-Bayes",TRUE
"Comparator",300,"Symmetric bimodal",456,"Imai bootstrap",TRUE
"Comparator",300,"Symmetric bimodal",456,"medflex NEM",TRUE
"Comparator",300,"Gaussian",457,"OLS",TRUE
"Comparator",300,"Gaussian",457,"Semiparametric",TRUE
"Comparator",300,"Gaussian",457,"Imai quasi-Bayes",TRUE
"Comparator",300,"Gaussian",457,"Imai bootstrap",TRUE
"Comparator",300,"Gaussian",457,"medflex NEM",TRUE
"Comparator",300,"Skew-normal",457,"OLS",TRUE
"Comparator",300,"Skew-normal",457,"Semiparametric",TRUE
"Comparator",300,"Skew-normal",457,"Imai quasi-Bayes",TRUE
"Comparator",300,"Skew-normal",457,"Imai bootstrap",TRUE
"Comparator",300,"Skew-normal",457,"medflex NEM",TRUE
"Comparator",300,"Asymmetric mixture",457,"OLS",TRUE
"Comparator",300,"Asymmetric mixture",457,"Semiparametric",TRUE
"Comparator",300,"Asymmetric mixture",457,"Imai quasi-Bayes",TRUE
"Comparator",300,"Asymmetric mixture",457,"Imai bootstrap",TRUE
"Comparator",300,"Asymmetric mixture",457,"medflex NEM",TRUE
"Comparator",300,"Symmetric bimodal",457,"OLS",TRUE
"Comparator",300,"Symmetric bimodal",457,"Semiparametric",TRUE
"Comparator",300,"Symmetric bimodal",457,"Imai quasi-Bayes",TRUE
"Comparator",300,"Symmetric bimodal",457,"Imai bootstrap",TRUE
"Comparator",300,"Symmetric bimodal",457,"medflex NEM",TRUE
"Comparator",300,"Gaussian",458,"OLS",TRUE
"Comparator",300,"Gaussian",458,"Semiparametric",TRUE
"Comparator",300,"Gaussian",458,"Imai quasi-Bayes",TRUE
"Comparator",300,"Gaussian",458,"Imai bootstrap",TRUE
"Comparator",300,"Gaussian",458,"medflex NEM",TRUE
"Comparator",300,"Skew-normal",458,"OLS",TRUE
"Comparator",300,"Skew-normal",458,"Semiparametric",TRUE
"Comparator",300,"Skew-normal",458,"Imai quasi-Bayes",TRUE
"Comparator",300,"Skew-normal",458,"Imai bootstrap",TRUE
"Comparator",300,"Skew-normal",458,"medflex NEM",TRUE
"Comparator",300,"Asymmetric mixture",458,"OLS",TRUE
"Comparator",300,"Asymmetric mixture",458,"Semiparametric",TRUE
"Comparator",300,"Asymmetric mixture",458,"Imai quasi-Bayes",TRUE
"Comparator",300,"Asymmetric mixture",458,"Imai bootstrap",TRUE
"Comparator",300,"Asymmetric mixture",458,"medflex NEM",TRUE
"Comparator",300,"Symmetric bimodal",458,"OLS",TRUE
"Comparator",300,"Symmetric bimodal",458,"Semiparametric",TRUE
"Comparator",300,"Symmetric bimodal",458,"Imai quasi-Bayes",TRUE
"Comparator",300,"Symmetric bimodal",458,"Imai bootstrap",TRUE
"Comparator",300,"Symmetric bimodal",458,"medflex NEM",TRUE
"Comparator",300,"Gaussian",459,"OLS",TRUE
"Comparator",300,"Gaussian",459,"Semiparametric",TRUE
"Comparator",300,"Gaussian",459,"Imai quasi-Bayes",TRUE
"Comparator",300,"Gaussian",459,"Imai bootstrap",TRUE
"Comparator",300,"Gaussian",459,"medflex NEM",TRUE
"Comparator",300,"Skew-normal",459,"OLS",TRUE
"Comparator",300,"Skew-normal",459,"Semiparametric",TRUE
"Comparator",300,"Skew-normal",459,"Imai quasi-Bayes",TRUE
"Comparator",300,"Skew-normal",459,"Imai bootstrap",TRUE
"Comparator",300,"Skew-normal",459,"medflex NEM",TRUE
"Comparator",300,"Asymmetric mixture",459,"OLS",TRUE
"Comparator",300,"Asymmetric mixture",459,"Semiparametric",TRUE
"Comparator",300,"Asymmetric mixture",459,"Imai quasi-Bayes",TRUE
"Comparator",300,"Asymmetric mixture",459,"Imai bootstrap",TRUE
"Comparator",300,"Asymmetric mixture",459,"medflex NEM",TRUE
"Comparator",300,"Symmetric bimodal",459,"OLS",TRUE
"Comparator",300,"Symmetric bimodal",459,"Semiparametric",TRUE
"Comparator",300,"Symmetric bimodal",459,"Imai quasi-Bayes",TRUE
"Comparator",300,"Symmetric bimodal",459,"Imai bootstrap",TRUE
"Comparator",300,"Symmetric bimodal",459,"medflex NEM",TRUE
"Comparator",300,"Gaussian",460,"OLS",TRUE
"Comparator",300,"Gaussian",460,"Semiparametric",TRUE
"Comparator",300,"Gaussian",460,"Imai quasi-Bayes",TRUE
"Comparator",300,"Gaussian",460,"Imai bootstrap",TRUE
"Comparator",300,"Gaussian",460,"medflex NEM",TRUE
"Comparator",300,"Skew-normal",460,"OLS",TRUE
"Comparator",300,"Skew-normal",460,"Semiparametric",TRUE
"Comparator",300,"Skew-normal",460,"Imai quasi-Bayes",TRUE
"Comparator",300,"Skew-normal",460,"Imai bootstrap",TRUE
"Comparator",300,"Skew-normal",460,"medflex NEM",TRUE
"Comparator",300,"Asymmetric mixture",460,"OLS",TRUE
"Comparator",300,"Asymmetric mixture",460,"Semiparametric",TRUE
"Comparator",300,"Asymmetric mixture",460,"Imai quasi-Bayes",TRUE
"Comparator",300,"Asymmetric mixture",460,"Imai bootstrap",TRUE
"Comparator",300,"Asymmetric mixture",460,"medflex NEM",TRUE
"Comparator",300,"Symmetric bimodal",460,"OLS",TRUE
"Comparator",300,"Symmetric bimodal",460,"Semiparametric",TRUE
"Comparator",300,"Symmetric bimodal",460,"Imai quasi-Bayes",TRUE
"Comparator",300,"Symmetric bimodal",460,"Imai bootstrap",TRUE
"Comparator",300,"Symmetric bimodal",460,"medflex NEM",TRUE
"Comparator",300,"Gaussian",461,"OLS",TRUE
"Comparator",300,"Gaussian",461,"Semiparametric",TRUE
"Comparator",300,"Gaussian",461,"Imai quasi-Bayes",TRUE
"Comparator",300,"Gaussian",461,"Imai bootstrap",TRUE
"Comparator",300,"Gaussian",461,"medflex NEM",TRUE
"Comparator",300,"Skew-normal",461,"OLS",TRUE
"Comparator",300,"Skew-normal",461,"Semiparametric",TRUE
"Comparator",300,"Skew-normal",461,"Imai quasi-Bayes",TRUE
"Comparator",300,"Skew-normal",461,"Imai bootstrap",TRUE
"Comparator",300,"Skew-normal",461,"medflex NEM",TRUE
"Comparator",300,"Asymmetric mixture",461,"OLS",TRUE
"Comparator",300,"Asymmetric mixture",461,"Semiparametric",TRUE
"Comparator",300,"Asymmetric mixture",461,"Imai quasi-Bayes",TRUE
"Comparator",300,"Asymmetric mixture",461,"Imai bootstrap",TRUE
"Comparator",300,"Asymmetric mixture",461,"medflex NEM",TRUE
"Comparator",300,"Symmetric bimodal",461,"OLS",TRUE
"Comparator",300,"Symmetric bimodal",461,"Semiparametric",TRUE
"Comparator",300,"Symmetric bimodal",461,"Imai quasi-Bayes",TRUE
"Comparator",300,"Symmetric bimodal",461,"Imai bootstrap",TRUE
"Comparator",300,"Symmetric bimodal",461,"medflex NEM",TRUE
"Comparator",300,"Gaussian",462,"OLS",TRUE
"Comparator",300,"Gaussian",462,"Semiparametric",TRUE
"Comparator",300,"Gaussian",462,"Imai quasi-Bayes",TRUE
"Comparator",300,"Gaussian",462,"Imai bootstrap",TRUE
"Comparator",300,"Gaussian",462,"medflex NEM",TRUE
"Comparator",300,"Skew-normal",462,"OLS",TRUE
"Comparator",300,"Skew-normal",462,"Semiparametric",TRUE
"Comparator",300,"Skew-normal",462,"Imai quasi-Bayes",TRUE
"Comparator",300,"Skew-normal",462,"Imai bootstrap",TRUE
"Comparator",300,"Skew-normal",462,"medflex NEM",TRUE
"Comparator",300,"Asymmetric mixture",462,"OLS",TRUE
"Comparator",300,"Asymmetric mixture",462,"Semiparametric",TRUE
"Comparator",300,"Asymmetric mixture",462,"Imai quasi-Bayes",TRUE
"Comparator",300,"Asymmetric mixture",462,"Imai bootstrap",TRUE
"Comparator",300,"Asymmetric mixture",462,"medflex NEM",TRUE
"Comparator",300,"Symmetric bimodal",462,"OLS",TRUE
"Comparator",300,"Symmetric bimodal",462,"Semiparametric",TRUE
"Comparator",300,"Symmetric bimodal",462,"Imai quasi-Bayes",TRUE
"Comparator",300,"Symmetric bimodal",462,"Imai bootstrap",TRUE
"Comparator",300,"Symmetric bimodal",462,"medflex NEM",TRUE
"Comparator",300,"Gaussian",463,"OLS",TRUE
"Comparator",300,"Gaussian",463,"Semiparametric",TRUE
"Comparator",300,"Gaussian",463,"Imai quasi-Bayes",TRUE
"Comparator",300,"Gaussian",463,"Imai bootstrap",TRUE
"Comparator",300,"Gaussian",463,"medflex NEM",TRUE
"Comparator",300,"Skew-normal",463,"OLS",TRUE
"Comparator",300,"Skew-normal",463,"Semiparametric",TRUE
"Comparator",300,"Skew-normal",463,"Imai quasi-Bayes",TRUE
"Comparator",300,"Skew-normal",463,"Imai bootstrap",TRUE
"Comparator",300,"Skew-normal",463,"medflex NEM",TRUE
"Comparator",300,"Asymmetric mixture",463,"OLS",TRUE
"Comparator",300,"Asymmetric mixture",463,"Semiparametric",TRUE
"Comparator",300,"Asymmetric mixture",463,"Imai quasi-Bayes",TRUE
"Comparator",300,"Asymmetric mixture",463,"Imai bootstrap",TRUE
"Comparator",300,"Asymmetric mixture",463,"medflex NEM",TRUE
"Comparator",300,"Symmetric bimodal",463,"OLS",TRUE
"Comparator",300,"Symmetric bimodal",463,"Semiparametric",TRUE
"Comparator",300,"Symmetric bimodal",463,"Imai quasi-Bayes",TRUE
"Comparator",300,"Symmetric bimodal",463,"Imai bootstrap",TRUE
"Comparator",300,"Symmetric bimodal",463,"medflex NEM",TRUE
"Comparator",300,"Gaussian",464,"OLS",TRUE
"Comparator",300,"Gaussian",464,"Semiparametric",TRUE
"Comparator",300,"Gaussian",464,"Imai quasi-Bayes",TRUE
"Comparator",300,"Gaussian",464,"Imai bootstrap",TRUE
"Comparator",300,"Gaussian",464,"medflex NEM",TRUE
"Comparator",300,"Skew-normal",464,"OLS",TRUE
"Comparator",300,"Skew-normal",464,"Semiparametric",TRUE
"Comparator",300,"Skew-normal",464,"Imai quasi-Bayes",TRUE
"Comparator",300,"Skew-normal",464,"Imai bootstrap",TRUE
"Comparator",300,"Skew-normal",464,"medflex NEM",TRUE
"Comparator",300,"Asymmetric mixture",464,"OLS",TRUE
"Comparator",300,"Asymmetric mixture",464,"Semiparametric",TRUE
"Comparator",300,"Asymmetric mixture",464,"Imai quasi-Bayes",TRUE
"Comparator",300,"Asymmetric mixture",464,"Imai bootstrap",TRUE
"Comparator",300,"Asymmetric mixture",464,"medflex NEM",TRUE
"Comparator",300,"Symmetric bimodal",464,"OLS",TRUE
"Comparator",300,"Symmetric bimodal",464,"Semiparametric",TRUE
"Comparator",300,"Symmetric bimodal",464,"Imai quasi-Bayes",TRUE
"Comparator",300,"Symmetric bimodal",464,"Imai bootstrap",TRUE
"Comparator",300,"Symmetric bimodal",464,"medflex NEM",TRUE
"Comparator",300,"Gaussian",465,"OLS",TRUE
"Comparator",300,"Gaussian",465,"Semiparametric",TRUE
"Comparator",300,"Gaussian",465,"Imai quasi-Bayes",TRUE
"Comparator",300,"Gaussian",465,"Imai bootstrap",TRUE
"Comparator",300,"Gaussian",465,"medflex NEM",TRUE
"Comparator",300,"Skew-normal",465,"OLS",TRUE
"Comparator",300,"Skew-normal",465,"Semiparametric",TRUE
"Comparator",300,"Skew-normal",465,"Imai quasi-Bayes",TRUE
"Comparator",300,"Skew-normal",465,"Imai bootstrap",TRUE
"Comparator",300,"Skew-normal",465,"medflex NEM",TRUE
"Comparator",300,"Asymmetric mixture",465,"OLS",TRUE
"Comparator",300,"Asymmetric mixture",465,"Semiparametric",TRUE
"Comparator",300,"Asymmetric mixture",465,"Imai quasi-Bayes",TRUE
"Comparator",300,"Asymmetric mixture",465,"Imai bootstrap",TRUE
"Comparator",300,"Asymmetric mixture",465,"medflex NEM",TRUE
"Comparator",300,"Symmetric bimodal",465,"OLS",TRUE
"Comparator",300,"Symmetric bimodal",465,"Semiparametric",TRUE
"Comparator",300,"Symmetric bimodal",465,"Imai quasi-Bayes",TRUE
"Comparator",300,"Symmetric bimodal",465,"Imai bootstrap",TRUE
"Comparator",300,"Symmetric bimodal",465,"medflex NEM",TRUE
"Comparator",300,"Gaussian",466,"OLS",TRUE
"Comparator",300,"Gaussian",466,"Semiparametric",TRUE
"Comparator",300,"Gaussian",466,"Imai quasi-Bayes",TRUE
"Comparator",300,"Gaussian",466,"Imai bootstrap",TRUE
"Comparator",300,"Gaussian",466,"medflex NEM",TRUE
"Comparator",300,"Skew-normal",466,"OLS",TRUE
"Comparator",300,"Skew-normal",466,"Semiparametric",TRUE
"Comparator",300,"Skew-normal",466,"Imai quasi-Bayes",TRUE
"Comparator",300,"Skew-normal",466,"Imai bootstrap",TRUE
"Comparator",300,"Skew-normal",466,"medflex NEM",TRUE
"Comparator",300,"Asymmetric mixture",466,"OLS",TRUE
"Comparator",300,"Asymmetric mixture",466,"Semiparametric",TRUE
"Comparator",300,"Asymmetric mixture",466,"Imai quasi-Bayes",TRUE
"Comparator",300,"Asymmetric mixture",466,"Imai bootstrap",TRUE
"Comparator",300,"Asymmetric mixture",466,"medflex NEM",TRUE
"Comparator",300,"Symmetric bimodal",466,"OLS",TRUE
"Comparator",300,"Symmetric bimodal",466,"Semiparametric",TRUE
"Comparator",300,"Symmetric bimodal",466,"Imai quasi-Bayes",TRUE
"Comparator",300,"Symmetric bimodal",466,"Imai bootstrap",TRUE
"Comparator",300,"Symmetric bimodal",466,"medflex NEM",TRUE
"Comparator",300,"Gaussian",467,"OLS",TRUE
"Comparator",300,"Gaussian",467,"Semiparametric",TRUE
"Comparator",300,"Gaussian",467,"Imai quasi-Bayes",TRUE
"Comparator",300,"Gaussian",467,"Imai bootstrap",TRUE
"Comparator",300,"Gaussian",467,"medflex NEM",TRUE
"Comparator",300,"Skew-normal",467,"OLS",TRUE
"Comparator",300,"Skew-normal",467,"Semiparametric",TRUE
"Comparator",300,"Skew-normal",467,"Imai quasi-Bayes",TRUE
"Comparator",300,"Skew-normal",467,"Imai bootstrap",TRUE
"Comparator",300,"Skew-normal",467,"medflex NEM",TRUE
"Comparator",300,"Asymmetric mixture",467,"OLS",TRUE
"Comparator",300,"Asymmetric mixture",467,"Semiparametric",TRUE
"Comparator",300,"Asymmetric mixture",467,"Imai quasi-Bayes",TRUE
"Comparator",300,"Asymmetric mixture",467,"Imai bootstrap",TRUE
"Comparator",300,"Asymmetric mixture",467,"medflex NEM",TRUE
"Comparator",300,"Symmetric bimodal",467,"OLS",TRUE
"Comparator",300,"Symmetric bimodal",467,"Semiparametric",TRUE
"Comparator",300,"Symmetric bimodal",467,"Imai quasi-Bayes",TRUE
"Comparator",300,"Symmetric bimodal",467,"Imai bootstrap",TRUE
"Comparator",300,"Symmetric bimodal",467,"medflex NEM",TRUE
"Comparator",300,"Gaussian",468,"OLS",TRUE
"Comparator",300,"Gaussian",468,"Semiparametric",TRUE
"Comparator",300,"Gaussian",468,"Imai quasi-Bayes",TRUE
"Comparator",300,"Gaussian",468,"Imai bootstrap",TRUE
"Comparator",300,"Gaussian",468,"medflex NEM",TRUE
"Comparator",300,"Skew-normal",468,"OLS",TRUE
"Comparator",300,"Skew-normal",468,"Semiparametric",TRUE
"Comparator",300,"Skew-normal",468,"Imai quasi-Bayes",TRUE
"Comparator",300,"Skew-normal",468,"Imai bootstrap",TRUE
"Comparator",300,"Skew-normal",468,"medflex NEM",TRUE
"Comparator",300,"Asymmetric mixture",468,"OLS",TRUE
"Comparator",300,"Asymmetric mixture",468,"Semiparametric",TRUE
"Comparator",300,"Asymmetric mixture",468,"Imai quasi-Bayes",TRUE
"Comparator",300,"Asymmetric mixture",468,"Imai bootstrap",TRUE
"Comparator",300,"Asymmetric mixture",468,"medflex NEM",TRUE
"Comparator",300,"Symmetric bimodal",468,"OLS",TRUE
"Comparator",300,"Symmetric bimodal",468,"Semiparametric",TRUE
"Comparator",300,"Symmetric bimodal",468,"Imai quasi-Bayes",TRUE
"Comparator",300,"Symmetric bimodal",468,"Imai bootstrap",TRUE
"Comparator",300,"Symmetric bimodal",468,"medflex NEM",TRUE
"Comparator",300,"Gaussian",469,"OLS",TRUE
"Comparator",300,"Gaussian",469,"Semiparametric",TRUE
"Comparator",300,"Gaussian",469,"Imai quasi-Bayes",TRUE
"Comparator",300,"Gaussian",469,"Imai bootstrap",TRUE
"Comparator",300,"Gaussian",469,"medflex NEM",TRUE
"Comparator",300,"Skew-normal",469,"OLS",TRUE
"Comparator",300,"Skew-normal",469,"Semiparametric",TRUE
"Comparator",300,"Skew-normal",469,"Imai quasi-Bayes",TRUE
"Comparator",300,"Skew-normal",469,"Imai bootstrap",TRUE
"Comparator",300,"Skew-normal",469,"medflex NEM",TRUE
"Comparator",300,"Asymmetric mixture",469,"OLS",TRUE
"Comparator",300,"Asymmetric mixture",469,"Semiparametric",TRUE
"Comparator",300,"Asymmetric mixture",469,"Imai quasi-Bayes",TRUE
"Comparator",300,"Asymmetric mixture",469,"Imai bootstrap",TRUE
"Comparator",300,"Asymmetric mixture",469,"medflex NEM",TRUE
"Comparator",300,"Symmetric bimodal",469,"OLS",TRUE
"Comparator",300,"Symmetric bimodal",469,"Semiparametric",TRUE
"Comparator",300,"Symmetric bimodal",469,"Imai quasi-Bayes",TRUE
"Comparator",300,"Symmetric bimodal",469,"Imai bootstrap",TRUE
"Comparator",300,"Symmetric bimodal",469,"medflex NEM",TRUE
"Comparator",300,"Gaussian",470,"OLS",TRUE
"Comparator",300,"Gaussian",470,"Semiparametric",TRUE
"Comparator",300,"Gaussian",470,"Imai quasi-Bayes",TRUE
"Comparator",300,"Gaussian",470,"Imai bootstrap",TRUE
"Comparator",300,"Gaussian",470,"medflex NEM",TRUE
"Comparator",300,"Skew-normal",470,"OLS",TRUE
"Comparator",300,"Skew-normal",470,"Semiparametric",TRUE
"Comparator",300,"Skew-normal",470,"Imai quasi-Bayes",TRUE
"Comparator",300,"Skew-normal",470,"Imai bootstrap",TRUE
"Comparator",300,"Skew-normal",470,"medflex NEM",TRUE
"Comparator",300,"Asymmetric mixture",470,"OLS",TRUE
"Comparator",300,"Asymmetric mixture",470,"Semiparametric",TRUE
"Comparator",300,"Asymmetric mixture",470,"Imai quasi-Bayes",TRUE
"Comparator",300,"Asymmetric mixture",470,"Imai bootstrap",TRUE
"Comparator",300,"Asymmetric mixture",470,"medflex NEM",TRUE
"Comparator",300,"Symmetric bimodal",470,"OLS",TRUE
"Comparator",300,"Symmetric bimodal",470,"Semiparametric",TRUE
"Comparator",300,"Symmetric bimodal",470,"Imai quasi-Bayes",TRUE
"Comparator",300,"Symmetric bimodal",470,"Imai bootstrap",TRUE
"Comparator",300,"Symmetric bimodal",470,"medflex NEM",TRUE
"Comparator",300,"Gaussian",471,"OLS",TRUE
"Comparator",300,"Gaussian",471,"Semiparametric",TRUE
"Comparator",300,"Gaussian",471,"Imai quasi-Bayes",TRUE
"Comparator",300,"Gaussian",471,"Imai bootstrap",TRUE
"Comparator",300,"Gaussian",471,"medflex NEM",TRUE
"Comparator",300,"Skew-normal",471,"OLS",TRUE
"Comparator",300,"Skew-normal",471,"Semiparametric",TRUE
"Comparator",300,"Skew-normal",471,"Imai quasi-Bayes",TRUE
"Comparator",300,"Skew-normal",471,"Imai bootstrap",TRUE
"Comparator",300,"Skew-normal",471,"medflex NEM",TRUE
"Comparator",300,"Asymmetric mixture",471,"OLS",TRUE
"Comparator",300,"Asymmetric mixture",471,"Semiparametric",TRUE
"Comparator",300,"Asymmetric mixture",471,"Imai quasi-Bayes",TRUE
"Comparator",300,"Asymmetric mixture",471,"Imai bootstrap",TRUE
"Comparator",300,"Asymmetric mixture",471,"medflex NEM",TRUE
"Comparator",300,"Symmetric bimodal",471,"OLS",TRUE
"Comparator",300,"Symmetric bimodal",471,"Semiparametric",TRUE
"Comparator",300,"Symmetric bimodal",471,"Imai quasi-Bayes",TRUE
"Comparator",300,"Symmetric bimodal",471,"Imai bootstrap",TRUE
"Comparator",300,"Symmetric bimodal",471,"medflex NEM",TRUE
"Comparator",300,"Gaussian",472,"OLS",TRUE
"Comparator",300,"Gaussian",472,"Semiparametric",TRUE
"Comparator",300,"Gaussian",472,"Imai quasi-Bayes",TRUE
"Comparator",300,"Gaussian",472,"Imai bootstrap",TRUE
"Comparator",300,"Gaussian",472,"medflex NEM",TRUE
"Comparator",300,"Skew-normal",472,"OLS",TRUE
"Comparator",300,"Skew-normal",472,"Semiparametric",TRUE
"Comparator",300,"Skew-normal",472,"Imai quasi-Bayes",TRUE
"Comparator",300,"Skew-normal",472,"Imai bootstrap",TRUE
"Comparator",300,"Skew-normal",472,"medflex NEM",TRUE
"Comparator",300,"Asymmetric mixture",472,"OLS",TRUE
"Comparator",300,"Asymmetric mixture",472,"Semiparametric",TRUE
"Comparator",300,"Asymmetric mixture",472,"Imai quasi-Bayes",TRUE
"Comparator",300,"Asymmetric mixture",472,"Imai bootstrap",TRUE
"Comparator",300,"Asymmetric mixture",472,"medflex NEM",TRUE
"Comparator",300,"Symmetric bimodal",472,"OLS",TRUE
"Comparator",300,"Symmetric bimodal",472,"Semiparametric",TRUE
"Comparator",300,"Symmetric bimodal",472,"Imai quasi-Bayes",TRUE
"Comparator",300,"Symmetric bimodal",472,"Imai bootstrap",TRUE
"Comparator",300,"Symmetric bimodal",472,"medflex NEM",TRUE
"Comparator",300,"Gaussian",473,"OLS",TRUE
"Comparator",300,"Gaussian",473,"Semiparametric",TRUE
"Comparator",300,"Gaussian",473,"Imai quasi-Bayes",TRUE
"Comparator",300,"Gaussian",473,"Imai bootstrap",TRUE
"Comparator",300,"Gaussian",473,"medflex NEM",TRUE
"Comparator",300,"Skew-normal",473,"OLS",TRUE
"Comparator",300,"Skew-normal",473,"Semiparametric",TRUE
"Comparator",300,"Skew-normal",473,"Imai quasi-Bayes",TRUE
"Comparator",300,"Skew-normal",473,"Imai bootstrap",TRUE
"Comparator",300,"Skew-normal",473,"medflex NEM",TRUE
"Comparator",300,"Asymmetric mixture",473,"OLS",TRUE
"Comparator",300,"Asymmetric mixture",473,"Semiparametric",TRUE
"Comparator",300,"Asymmetric mixture",473,"Imai quasi-Bayes",TRUE
"Comparator",300,"Asymmetric mixture",473,"Imai bootstrap",TRUE
"Comparator",300,"Asymmetric mixture",473,"medflex NEM",TRUE
"Comparator",300,"Symmetric bimodal",473,"OLS",TRUE
"Comparator",300,"Symmetric bimodal",473,"Semiparametric",TRUE
"Comparator",300,"Symmetric bimodal",473,"Imai quasi-Bayes",TRUE
"Comparator",300,"Symmetric bimodal",473,"Imai bootstrap",TRUE
"Comparator",300,"Symmetric bimodal",473,"medflex NEM",TRUE
"Comparator",300,"Gaussian",474,"OLS",TRUE
"Comparator",300,"Gaussian",474,"Semiparametric",TRUE
"Comparator",300,"Gaussian",474,"Imai quasi-Bayes",TRUE
"Comparator",300,"Gaussian",474,"Imai bootstrap",TRUE
"Comparator",300,"Gaussian",474,"medflex NEM",TRUE
"Comparator",300,"Skew-normal",474,"OLS",TRUE
"Comparator",300,"Skew-normal",474,"Semiparametric",TRUE
"Comparator",300,"Skew-normal",474,"Imai quasi-Bayes",TRUE
"Comparator",300,"Skew-normal",474,"Imai bootstrap",TRUE
"Comparator",300,"Skew-normal",474,"medflex NEM",TRUE
"Comparator",300,"Asymmetric mixture",474,"OLS",TRUE
"Comparator",300,"Asymmetric mixture",474,"Semiparametric",TRUE
"Comparator",300,"Asymmetric mixture",474,"Imai quasi-Bayes",TRUE
"Comparator",300,"Asymmetric mixture",474,"Imai bootstrap",TRUE
"Comparator",300,"Asymmetric mixture",474,"medflex NEM",TRUE
"Comparator",300,"Symmetric bimodal",474,"OLS",TRUE
"Comparator",300,"Symmetric bimodal",474,"Semiparametric",TRUE
"Comparator",300,"Symmetric bimodal",474,"Imai quasi-Bayes",TRUE
"Comparator",300,"Symmetric bimodal",474,"Imai bootstrap",TRUE
"Comparator",300,"Symmetric bimodal",474,"medflex NEM",TRUE
"Comparator",300,"Gaussian",475,"OLS",TRUE
"Comparator",300,"Gaussian",475,"Semiparametric",TRUE
"Comparator",300,"Gaussian",475,"Imai quasi-Bayes",TRUE
"Comparator",300,"Gaussian",475,"Imai bootstrap",TRUE
"Comparator",300,"Gaussian",475,"medflex NEM",TRUE
"Comparator",300,"Skew-normal",475,"OLS",TRUE
"Comparator",300,"Skew-normal",475,"Semiparametric",TRUE
"Comparator",300,"Skew-normal",475,"Imai quasi-Bayes",TRUE
"Comparator",300,"Skew-normal",475,"Imai bootstrap",TRUE
"Comparator",300,"Skew-normal",475,"medflex NEM",TRUE
"Comparator",300,"Asymmetric mixture",475,"OLS",TRUE
"Comparator",300,"Asymmetric mixture",475,"Semiparametric",TRUE
"Comparator",300,"Asymmetric mixture",475,"Imai quasi-Bayes",TRUE
"Comparator",300,"Asymmetric mixture",475,"Imai bootstrap",TRUE
"Comparator",300,"Asymmetric mixture",475,"medflex NEM",TRUE
"Comparator",300,"Symmetric bimodal",475,"OLS",TRUE
"Comparator",300,"Symmetric bimodal",475,"Semiparametric",TRUE
"Comparator",300,"Symmetric bimodal",475,"Imai quasi-Bayes",TRUE
"Comparator",300,"Symmetric bimodal",475,"Imai bootstrap",TRUE
"Comparator",300,"Symmetric bimodal",475,"medflex NEM",TRUE
"Comparator",300,"Gaussian",476,"OLS",TRUE
"Comparator",300,"Gaussian",476,"Semiparametric",TRUE
"Comparator",300,"Gaussian",476,"Imai quasi-Bayes",TRUE
"Comparator",300,"Gaussian",476,"Imai bootstrap",TRUE
"Comparator",300,"Gaussian",476,"medflex NEM",TRUE
"Comparator",300,"Skew-normal",476,"OLS",TRUE
"Comparator",300,"Skew-normal",476,"Semiparametric",TRUE
"Comparator",300,"Skew-normal",476,"Imai quasi-Bayes",TRUE
"Comparator",300,"Skew-normal",476,"Imai bootstrap",TRUE
"Comparator",300,"Skew-normal",476,"medflex NEM",TRUE
"Comparator",300,"Asymmetric mixture",476,"OLS",TRUE
"Comparator",300,"Asymmetric mixture",476,"Semiparametric",TRUE
"Comparator",300,"Asymmetric mixture",476,"Imai quasi-Bayes",TRUE
"Comparator",300,"Asymmetric mixture",476,"Imai bootstrap",TRUE
"Comparator",300,"Asymmetric mixture",476,"medflex NEM",TRUE
"Comparator",300,"Symmetric bimodal",476,"OLS",TRUE
"Comparator",300,"Symmetric bimodal",476,"Semiparametric",TRUE
"Comparator",300,"Symmetric bimodal",476,"Imai quasi-Bayes",TRUE
"Comparator",300,"Symmetric bimodal",476,"Imai bootstrap",TRUE
"Comparator",300,"Symmetric bimodal",476,"medflex NEM",TRUE
"Comparator",300,"Gaussian",477,"OLS",TRUE
"Comparator",300,"Gaussian",477,"Semiparametric",TRUE
"Comparator",300,"Gaussian",477,"Imai quasi-Bayes",TRUE
"Comparator",300,"Gaussian",477,"Imai bootstrap",TRUE
"Comparator",300,"Gaussian",477,"medflex NEM",TRUE
"Comparator",300,"Skew-normal",477,"OLS",TRUE
"Comparator",300,"Skew-normal",477,"Semiparametric",TRUE
"Comparator",300,"Skew-normal",477,"Imai quasi-Bayes",TRUE
"Comparator",300,"Skew-normal",477,"Imai bootstrap",TRUE
"Comparator",300,"Skew-normal",477,"medflex NEM",TRUE
"Comparator",300,"Asymmetric mixture",477,"OLS",TRUE
"Comparator",300,"Asymmetric mixture",477,"Semiparametric",TRUE
"Comparator",300,"Asymmetric mixture",477,"Imai quasi-Bayes",TRUE
"Comparator",300,"Asymmetric mixture",477,"Imai bootstrap",TRUE
"Comparator",300,"Asymmetric mixture",477,"medflex NEM",TRUE
"Comparator",300,"Symmetric bimodal",477,"OLS",TRUE
"Comparator",300,"Symmetric bimodal",477,"Semiparametric",TRUE
"Comparator",300,"Symmetric bimodal",477,"Imai quasi-Bayes",TRUE
"Comparator",300,"Symmetric bimodal",477,"Imai bootstrap",TRUE
"Comparator",300,"Symmetric bimodal",477,"medflex NEM",TRUE
"Comparator",300,"Gaussian",478,"OLS",TRUE
"Comparator",300,"Gaussian",478,"Semiparametric",TRUE
"Comparator",300,"Gaussian",478,"Imai quasi-Bayes",TRUE
"Comparator",300,"Gaussian",478,"Imai bootstrap",TRUE
"Comparator",300,"Gaussian",478,"medflex NEM",TRUE
"Comparator",300,"Skew-normal",478,"OLS",TRUE
"Comparator",300,"Skew-normal",478,"Semiparametric",TRUE
"Comparator",300,"Skew-normal",478,"Imai quasi-Bayes",TRUE
"Comparator",300,"Skew-normal",478,"Imai bootstrap",TRUE
"Comparator",300,"Skew-normal",478,"medflex NEM",TRUE
"Comparator",300,"Asymmetric mixture",478,"OLS",TRUE
"Comparator",300,"Asymmetric mixture",478,"Semiparametric",TRUE
"Comparator",300,"Asymmetric mixture",478,"Imai quasi-Bayes",TRUE
"Comparator",300,"Asymmetric mixture",478,"Imai bootstrap",TRUE
"Comparator",300,"Asymmetric mixture",478,"medflex NEM",TRUE
"Comparator",300,"Symmetric bimodal",478,"OLS",TRUE
"Comparator",300,"Symmetric bimodal",478,"Semiparametric",TRUE
"Comparator",300,"Symmetric bimodal",478,"Imai quasi-Bayes",TRUE
"Comparator",300,"Symmetric bimodal",478,"Imai bootstrap",TRUE
"Comparator",300,"Symmetric bimodal",478,"medflex NEM",TRUE
"Comparator",300,"Gaussian",479,"OLS",TRUE
"Comparator",300,"Gaussian",479,"Semiparametric",TRUE
"Comparator",300,"Gaussian",479,"Imai quasi-Bayes",TRUE
"Comparator",300,"Gaussian",479,"Imai bootstrap",TRUE
"Comparator",300,"Gaussian",479,"medflex NEM",TRUE
"Comparator",300,"Skew-normal",479,"OLS",TRUE
"Comparator",300,"Skew-normal",479,"Semiparametric",TRUE
"Comparator",300,"Skew-normal",479,"Imai quasi-Bayes",TRUE
"Comparator",300,"Skew-normal",479,"Imai bootstrap",TRUE
"Comparator",300,"Skew-normal",479,"medflex NEM",TRUE
"Comparator",300,"Asymmetric mixture",479,"OLS",TRUE
"Comparator",300,"Asymmetric mixture",479,"Semiparametric",TRUE
"Comparator",300,"Asymmetric mixture",479,"Imai quasi-Bayes",TRUE
"Comparator",300,"Asymmetric mixture",479,"Imai bootstrap",TRUE
"Comparator",300,"Asymmetric mixture",479,"medflex NEM",TRUE
"Comparator",300,"Symmetric bimodal",479,"OLS",TRUE
"Comparator",300,"Symmetric bimodal",479,"Semiparametric",TRUE
"Comparator",300,"Symmetric bimodal",479,"Imai quasi-Bayes",TRUE
"Comparator",300,"Symmetric bimodal",479,"Imai bootstrap",TRUE
"Comparator",300,"Symmetric bimodal",479,"medflex NEM",TRUE
"Comparator",300,"Gaussian",480,"OLS",TRUE
"Comparator",300,"Gaussian",480,"Semiparametric",TRUE
"Comparator",300,"Gaussian",480,"Imai quasi-Bayes",TRUE
"Comparator",300,"Gaussian",480,"Imai bootstrap",TRUE
"Comparator",300,"Gaussian",480,"medflex NEM",TRUE
"Comparator",300,"Skew-normal",480,"OLS",TRUE
"Comparator",300,"Skew-normal",480,"Semiparametric",TRUE
"Comparator",300,"Skew-normal",480,"Imai quasi-Bayes",TRUE
"Comparator",300,"Skew-normal",480,"Imai bootstrap",TRUE
"Comparator",300,"Skew-normal",480,"medflex NEM",TRUE
"Comparator",300,"Asymmetric mixture",480,"OLS",TRUE
"Comparator",300,"Asymmetric mixture",480,"Semiparametric",TRUE
"Comparator",300,"Asymmetric mixture",480,"Imai quasi-Bayes",TRUE
"Comparator",300,"Asymmetric mixture",480,"Imai bootstrap",TRUE
"Comparator",300,"Asymmetric mixture",480,"medflex NEM",TRUE
"Comparator",300,"Symmetric bimodal",480,"OLS",TRUE
"Comparator",300,"Symmetric bimodal",480,"Semiparametric",TRUE
"Comparator",300,"Symmetric bimodal",480,"Imai quasi-Bayes",TRUE
"Comparator",300,"Symmetric bimodal",480,"Imai bootstrap",TRUE
"Comparator",300,"Symmetric bimodal",480,"medflex NEM",TRUE
"Comparator",300,"Gaussian",481,"OLS",TRUE
"Comparator",300,"Gaussian",481,"Semiparametric",TRUE
"Comparator",300,"Gaussian",481,"Imai quasi-Bayes",TRUE
"Comparator",300,"Gaussian",481,"Imai bootstrap",TRUE
"Comparator",300,"Gaussian",481,"medflex NEM",TRUE
"Comparator",300,"Skew-normal",481,"OLS",TRUE
"Comparator",300,"Skew-normal",481,"Semiparametric",TRUE
"Comparator",300,"Skew-normal",481,"Imai quasi-Bayes",TRUE
"Comparator",300,"Skew-normal",481,"Imai bootstrap",TRUE
"Comparator",300,"Skew-normal",481,"medflex NEM",TRUE
"Comparator",300,"Asymmetric mixture",481,"OLS",TRUE
"Comparator",300,"Asymmetric mixture",481,"Semiparametric",TRUE
"Comparator",300,"Asymmetric mixture",481,"Imai quasi-Bayes",TRUE
"Comparator",300,"Asymmetric mixture",481,"Imai bootstrap",TRUE
"Comparator",300,"Asymmetric mixture",481,"medflex NEM",TRUE
"Comparator",300,"Symmetric bimodal",481,"OLS",TRUE
"Comparator",300,"Symmetric bimodal",481,"Semiparametric",TRUE
"Comparator",300,"Symmetric bimodal",481,"Imai quasi-Bayes",TRUE
"Comparator",300,"Symmetric bimodal",481,"Imai bootstrap",TRUE
"Comparator",300,"Symmetric bimodal",481,"medflex NEM",TRUE
"Comparator",300,"Gaussian",482,"OLS",TRUE
"Comparator",300,"Gaussian",482,"Semiparametric",TRUE
"Comparator",300,"Gaussian",482,"Imai quasi-Bayes",TRUE
"Comparator",300,"Gaussian",482,"Imai bootstrap",TRUE
"Comparator",300,"Gaussian",482,"medflex NEM",TRUE
"Comparator",300,"Skew-normal",482,"OLS",TRUE
"Comparator",300,"Skew-normal",482,"Semiparametric",TRUE
"Comparator",300,"Skew-normal",482,"Imai quasi-Bayes",TRUE
"Comparator",300,"Skew-normal",482,"Imai bootstrap",TRUE
"Comparator",300,"Skew-normal",482,"medflex NEM",TRUE
"Comparator",300,"Asymmetric mixture",482,"OLS",TRUE
"Comparator",300,"Asymmetric mixture",482,"Semiparametric",TRUE
"Comparator",300,"Asymmetric mixture",482,"Imai quasi-Bayes",TRUE
"Comparator",300,"Asymmetric mixture",482,"Imai bootstrap",TRUE
"Comparator",300,"Asymmetric mixture",482,"medflex NEM",TRUE
"Comparator",300,"Symmetric bimodal",482,"OLS",TRUE
"Comparator",300,"Symmetric bimodal",482,"Semiparametric",TRUE
"Comparator",300,"Symmetric bimodal",482,"Imai quasi-Bayes",TRUE
"Comparator",300,"Symmetric bimodal",482,"Imai bootstrap",TRUE
"Comparator",300,"Symmetric bimodal",482,"medflex NEM",TRUE
"Comparator",300,"Gaussian",483,"OLS",TRUE
"Comparator",300,"Gaussian",483,"Semiparametric",TRUE
"Comparator",300,"Gaussian",483,"Imai quasi-Bayes",TRUE
"Comparator",300,"Gaussian",483,"Imai bootstrap",TRUE
"Comparator",300,"Gaussian",483,"medflex NEM",TRUE
"Comparator",300,"Skew-normal",483,"OLS",TRUE
"Comparator",300,"Skew-normal",483,"Semiparametric",TRUE
"Comparator",300,"Skew-normal",483,"Imai quasi-Bayes",TRUE
"Comparator",300,"Skew-normal",483,"Imai bootstrap",TRUE
"Comparator",300,"Skew-normal",483,"medflex NEM",TRUE
"Comparator",300,"Asymmetric mixture",483,"OLS",TRUE
"Comparator",300,"Asymmetric mixture",483,"Semiparametric",TRUE
"Comparator",300,"Asymmetric mixture",483,"Imai quasi-Bayes",TRUE
"Comparator",300,"Asymmetric mixture",483,"Imai bootstrap",TRUE
"Comparator",300,"Asymmetric mixture",483,"medflex NEM",TRUE
"Comparator",300,"Symmetric bimodal",483,"OLS",TRUE
"Comparator",300,"Symmetric bimodal",483,"Semiparametric",TRUE
"Comparator",300,"Symmetric bimodal",483,"Imai quasi-Bayes",TRUE
"Comparator",300,"Symmetric bimodal",483,"Imai bootstrap",TRUE
"Comparator",300,"Symmetric bimodal",483,"medflex NEM",TRUE
"Comparator",300,"Gaussian",484,"OLS",TRUE
"Comparator",300,"Gaussian",484,"Semiparametric",TRUE
"Comparator",300,"Gaussian",484,"Imai quasi-Bayes",TRUE
"Comparator",300,"Gaussian",484,"Imai bootstrap",TRUE
"Comparator",300,"Gaussian",484,"medflex NEM",TRUE
"Comparator",300,"Skew-normal",484,"OLS",TRUE
"Comparator",300,"Skew-normal",484,"Semiparametric",TRUE
"Comparator",300,"Skew-normal",484,"Imai quasi-Bayes",TRUE
"Comparator",300,"Skew-normal",484,"Imai bootstrap",TRUE
"Comparator",300,"Skew-normal",484,"medflex NEM",TRUE
"Comparator",300,"Asymmetric mixture",484,"OLS",TRUE
"Comparator",300,"Asymmetric mixture",484,"Semiparametric",TRUE
"Comparator",300,"Asymmetric mixture",484,"Imai quasi-Bayes",TRUE
"Comparator",300,"Asymmetric mixture",484,"Imai bootstrap",TRUE
"Comparator",300,"Asymmetric mixture",484,"medflex NEM",TRUE
"Comparator",300,"Symmetric bimodal",484,"OLS",TRUE
"Comparator",300,"Symmetric bimodal",484,"Semiparametric",TRUE
"Comparator",300,"Symmetric bimodal",484,"Imai quasi-Bayes",TRUE
"Comparator",300,"Symmetric bimodal",484,"Imai bootstrap",TRUE
"Comparator",300,"Symmetric bimodal",484,"medflex NEM",TRUE
"Comparator",300,"Gaussian",485,"OLS",TRUE
"Comparator",300,"Gaussian",485,"Semiparametric",TRUE
"Comparator",300,"Gaussian",485,"Imai quasi-Bayes",TRUE
"Comparator",300,"Gaussian",485,"Imai bootstrap",TRUE
"Comparator",300,"Gaussian",485,"medflex NEM",TRUE
"Comparator",300,"Skew-normal",485,"OLS",TRUE
"Comparator",300,"Skew-normal",485,"Semiparametric",TRUE
"Comparator",300,"Skew-normal",485,"Imai quasi-Bayes",TRUE
"Comparator",300,"Skew-normal",485,"Imai bootstrap",TRUE
"Comparator",300,"Skew-normal",485,"medflex NEM",TRUE
"Comparator",300,"Asymmetric mixture",485,"OLS",TRUE
"Comparator",300,"Asymmetric mixture",485,"Semiparametric",TRUE
"Comparator",300,"Asymmetric mixture",485,"Imai quasi-Bayes",TRUE
"Comparator",300,"Asymmetric mixture",485,"Imai bootstrap",TRUE
"Comparator",300,"Asymmetric mixture",485,"medflex NEM",TRUE
"Comparator",300,"Symmetric bimodal",485,"OLS",TRUE
"Comparator",300,"Symmetric bimodal",485,"Semiparametric",TRUE
"Comparator",300,"Symmetric bimodal",485,"Imai quasi-Bayes",TRUE
"Comparator",300,"Symmetric bimodal",485,"Imai bootstrap",TRUE
"Comparator",300,"Symmetric bimodal",485,"medflex NEM",TRUE
"Comparator",300,"Gaussian",486,"OLS",TRUE
"Comparator",300,"Gaussian",486,"Semiparametric",TRUE
"Comparator",300,"Gaussian",486,"Imai quasi-Bayes",TRUE
"Comparator",300,"Gaussian",486,"Imai bootstrap",TRUE
"Comparator",300,"Gaussian",486,"medflex NEM",TRUE
"Comparator",300,"Skew-normal",486,"OLS",TRUE
"Comparator",300,"Skew-normal",486,"Semiparametric",TRUE
"Comparator",300,"Skew-normal",486,"Imai quasi-Bayes",TRUE
"Comparator",300,"Skew-normal",486,"Imai bootstrap",TRUE
"Comparator",300,"Skew-normal",486,"medflex NEM",TRUE
"Comparator",300,"Asymmetric mixture",486,"OLS",TRUE
"Comparator",300,"Asymmetric mixture",486,"Semiparametric",TRUE
"Comparator",300,"Asymmetric mixture",486,"Imai quasi-Bayes",TRUE
"Comparator",300,"Asymmetric mixture",486,"Imai bootstrap",TRUE
"Comparator",300,"Asymmetric mixture",486,"medflex NEM",TRUE
"Comparator",300,"Symmetric bimodal",486,"OLS",TRUE
"Comparator",300,"Symmetric bimodal",486,"Semiparametric",TRUE
"Comparator",300,"Symmetric bimodal",486,"Imai quasi-Bayes",TRUE
"Comparator",300,"Symmetric bimodal",486,"Imai bootstrap",TRUE
"Comparator",300,"Symmetric bimodal",486,"medflex NEM",TRUE
"Comparator",300,"Gaussian",487,"OLS",TRUE
"Comparator",300,"Gaussian",487,"Semiparametric",TRUE
"Comparator",300,"Gaussian",487,"Imai quasi-Bayes",TRUE
"Comparator",300,"Gaussian",487,"Imai bootstrap",TRUE
"Comparator",300,"Gaussian",487,"medflex NEM",TRUE
"Comparator",300,"Skew-normal",487,"OLS",TRUE
"Comparator",300,"Skew-normal",487,"Semiparametric",TRUE
"Comparator",300,"Skew-normal",487,"Imai quasi-Bayes",TRUE
"Comparator",300,"Skew-normal",487,"Imai bootstrap",TRUE
"Comparator",300,"Skew-normal",487,"medflex NEM",TRUE
"Comparator",300,"Asymmetric mixture",487,"OLS",TRUE
"Comparator",300,"Asymmetric mixture",487,"Semiparametric",TRUE
"Comparator",300,"Asymmetric mixture",487,"Imai quasi-Bayes",TRUE
"Comparator",300,"Asymmetric mixture",487,"Imai bootstrap",TRUE
"Comparator",300,"Asymmetric mixture",487,"medflex NEM",TRUE
"Comparator",300,"Symmetric bimodal",487,"OLS",TRUE
"Comparator",300,"Symmetric bimodal",487,"Semiparametric",TRUE
"Comparator",300,"Symmetric bimodal",487,"Imai quasi-Bayes",TRUE
"Comparator",300,"Symmetric bimodal",487,"Imai bootstrap",TRUE
"Comparator",300,"Symmetric bimodal",487,"medflex NEM",TRUE
"Comparator",300,"Gaussian",488,"OLS",TRUE
"Comparator",300,"Gaussian",488,"Semiparametric",TRUE
"Comparator",300,"Gaussian",488,"Imai quasi-Bayes",TRUE
"Comparator",300,"Gaussian",488,"Imai bootstrap",TRUE
"Comparator",300,"Gaussian",488,"medflex NEM",TRUE
"Comparator",300,"Skew-normal",488,"OLS",TRUE
"Comparator",300,"Skew-normal",488,"Semiparametric",TRUE
"Comparator",300,"Skew-normal",488,"Imai quasi-Bayes",TRUE
"Comparator",300,"Skew-normal",488,"Imai bootstrap",TRUE
"Comparator",300,"Skew-normal",488,"medflex NEM",TRUE
"Comparator",300,"Asymmetric mixture",488,"OLS",TRUE
"Comparator",300,"Asymmetric mixture",488,"Semiparametric",TRUE
"Comparator",300,"Asymmetric mixture",488,"Imai quasi-Bayes",TRUE
"Comparator",300,"Asymmetric mixture",488,"Imai bootstrap",TRUE
"Comparator",300,"Asymmetric mixture",488,"medflex NEM",TRUE
"Comparator",300,"Symmetric bimodal",488,"OLS",TRUE
"Comparator",300,"Symmetric bimodal",488,"Semiparametric",TRUE
"Comparator",300,"Symmetric bimodal",488,"Imai quasi-Bayes",TRUE
"Comparator",300,"Symmetric bimodal",488,"Imai bootstrap",TRUE
"Comparator",300,"Symmetric bimodal",488,"medflex NEM",TRUE
"Comparator",300,"Gaussian",489,"OLS",TRUE
"Comparator",300,"Gaussian",489,"Semiparametric",TRUE
"Comparator",300,"Gaussian",489,"Imai quasi-Bayes",TRUE
"Comparator",300,"Gaussian",489,"Imai bootstrap",TRUE
"Comparator",300,"Gaussian",489,"medflex NEM",TRUE
"Comparator",300,"Skew-normal",489,"OLS",TRUE
"Comparator",300,"Skew-normal",489,"Semiparametric",TRUE
"Comparator",300,"Skew-normal",489,"Imai quasi-Bayes",TRUE
"Comparator",300,"Skew-normal",489,"Imai bootstrap",TRUE
"Comparator",300,"Skew-normal",489,"medflex NEM",TRUE
"Comparator",300,"Asymmetric mixture",489,"OLS",TRUE
"Comparator",300,"Asymmetric mixture",489,"Semiparametric",TRUE
"Comparator",300,"Asymmetric mixture",489,"Imai quasi-Bayes",TRUE
"Comparator",300,"Asymmetric mixture",489,"Imai bootstrap",TRUE
"Comparator",300,"Asymmetric mixture",489,"medflex NEM",TRUE
"Comparator",300,"Symmetric bimodal",489,"OLS",TRUE
"Comparator",300,"Symmetric bimodal",489,"Semiparametric",TRUE
"Comparator",300,"Symmetric bimodal",489,"Imai quasi-Bayes",TRUE
"Comparator",300,"Symmetric bimodal",489,"Imai bootstrap",TRUE
"Comparator",300,"Symmetric bimodal",489,"medflex NEM",TRUE
"Comparator",300,"Gaussian",490,"OLS",TRUE
"Comparator",300,"Gaussian",490,"Semiparametric",TRUE
"Comparator",300,"Gaussian",490,"Imai quasi-Bayes",TRUE
"Comparator",300,"Gaussian",490,"Imai bootstrap",TRUE
"Comparator",300,"Gaussian",490,"medflex NEM",TRUE
"Comparator",300,"Skew-normal",490,"OLS",TRUE
"Comparator",300,"Skew-normal",490,"Semiparametric",TRUE
"Comparator",300,"Skew-normal",490,"Imai quasi-Bayes",TRUE
"Comparator",300,"Skew-normal",490,"Imai bootstrap",TRUE
"Comparator",300,"Skew-normal",490,"medflex NEM",TRUE
"Comparator",300,"Asymmetric mixture",490,"OLS",TRUE
"Comparator",300,"Asymmetric mixture",490,"Semiparametric",TRUE
"Comparator",300,"Asymmetric mixture",490,"Imai quasi-Bayes",TRUE
"Comparator",300,"Asymmetric mixture",490,"Imai bootstrap",TRUE
"Comparator",300,"Asymmetric mixture",490,"medflex NEM",TRUE
"Comparator",300,"Symmetric bimodal",490,"OLS",TRUE
"Comparator",300,"Symmetric bimodal",490,"Semiparametric",TRUE
"Comparator",300,"Symmetric bimodal",490,"Imai quasi-Bayes",TRUE
"Comparator",300,"Symmetric bimodal",490,"Imai bootstrap",TRUE
"Comparator",300,"Symmetric bimodal",490,"medflex NEM",TRUE
"Comparator",300,"Gaussian",491,"OLS",TRUE
"Comparator",300,"Gaussian",491,"Semiparametric",TRUE
"Comparator",300,"Gaussian",491,"Imai quasi-Bayes",TRUE
"Comparator",300,"Gaussian",491,"Imai bootstrap",TRUE
"Comparator",300,"Gaussian",491,"medflex NEM",TRUE
"Comparator",300,"Skew-normal",491,"OLS",TRUE
"Comparator",300,"Skew-normal",491,"Semiparametric",TRUE
"Comparator",300,"Skew-normal",491,"Imai quasi-Bayes",TRUE
"Comparator",300,"Skew-normal",491,"Imai bootstrap",TRUE
"Comparator",300,"Skew-normal",491,"medflex NEM",TRUE
"Comparator",300,"Asymmetric mixture",491,"OLS",TRUE
"Comparator",300,"Asymmetric mixture",491,"Semiparametric",TRUE
"Comparator",300,"Asymmetric mixture",491,"Imai quasi-Bayes",TRUE
"Comparator",300,"Asymmetric mixture",491,"Imai bootstrap",TRUE
"Comparator",300,"Asymmetric mixture",491,"medflex NEM",TRUE
"Comparator",300,"Symmetric bimodal",491,"OLS",TRUE
"Comparator",300,"Symmetric bimodal",491,"Semiparametric",TRUE
"Comparator",300,"Symmetric bimodal",491,"Imai quasi-Bayes",TRUE
"Comparator",300,"Symmetric bimodal",491,"Imai bootstrap",TRUE
"Comparator",300,"Symmetric bimodal",491,"medflex NEM",TRUE
"Comparator",300,"Gaussian",492,"OLS",TRUE
"Comparator",300,"Gaussian",492,"Semiparametric",TRUE
"Comparator",300,"Gaussian",492,"Imai quasi-Bayes",TRUE
"Comparator",300,"Gaussian",492,"Imai bootstrap",TRUE
"Comparator",300,"Gaussian",492,"medflex NEM",TRUE
"Comparator",300,"Skew-normal",492,"OLS",TRUE
"Comparator",300,"Skew-normal",492,"Semiparametric",TRUE
"Comparator",300,"Skew-normal",492,"Imai quasi-Bayes",TRUE
"Comparator",300,"Skew-normal",492,"Imai bootstrap",TRUE
"Comparator",300,"Skew-normal",492,"medflex NEM",TRUE
"Comparator",300,"Asymmetric mixture",492,"OLS",TRUE
"Comparator",300,"Asymmetric mixture",492,"Semiparametric",TRUE
"Comparator",300,"Asymmetric mixture",492,"Imai quasi-Bayes",TRUE
"Comparator",300,"Asymmetric mixture",492,"Imai bootstrap",TRUE
"Comparator",300,"Asymmetric mixture",492,"medflex NEM",TRUE
"Comparator",300,"Symmetric bimodal",492,"OLS",TRUE
"Comparator",300,"Symmetric bimodal",492,"Semiparametric",TRUE
"Comparator",300,"Symmetric bimodal",492,"Imai quasi-Bayes",TRUE
"Comparator",300,"Symmetric bimodal",492,"Imai bootstrap",TRUE
"Comparator",300,"Symmetric bimodal",492,"medflex NEM",TRUE
"Comparator",300,"Gaussian",493,"OLS",TRUE
"Comparator",300,"Gaussian",493,"Semiparametric",TRUE
"Comparator",300,"Gaussian",493,"Imai quasi-Bayes",TRUE
"Comparator",300,"Gaussian",493,"Imai bootstrap",TRUE
"Comparator",300,"Gaussian",493,"medflex NEM",TRUE
"Comparator",300,"Skew-normal",493,"OLS",TRUE
"Comparator",300,"Skew-normal",493,"Semiparametric",TRUE
"Comparator",300,"Skew-normal",493,"Imai quasi-Bayes",TRUE
"Comparator",300,"Skew-normal",493,"Imai bootstrap",TRUE
"Comparator",300,"Skew-normal",493,"medflex NEM",TRUE
"Comparator",300,"Asymmetric mixture",493,"OLS",TRUE
"Comparator",300,"Asymmetric mixture",493,"Semiparametric",TRUE
"Comparator",300,"Asymmetric mixture",493,"Imai quasi-Bayes",TRUE
"Comparator",300,"Asymmetric mixture",493,"Imai bootstrap",TRUE
"Comparator",300,"Asymmetric mixture",493,"medflex NEM",TRUE
"Comparator",300,"Symmetric bimodal",493,"OLS",TRUE
"Comparator",300,"Symmetric bimodal",493,"Semiparametric",TRUE
"Comparator",300,"Symmetric bimodal",493,"Imai quasi-Bayes",TRUE
"Comparator",300,"Symmetric bimodal",493,"Imai bootstrap",TRUE
"Comparator",300,"Symmetric bimodal",493,"medflex NEM",TRUE
"Comparator",300,"Gaussian",494,"OLS",TRUE
"Comparator",300,"Gaussian",494,"Semiparametric",TRUE
"Comparator",300,"Gaussian",494,"Imai quasi-Bayes",TRUE
"Comparator",300,"Gaussian",494,"Imai bootstrap",TRUE
"Comparator",300,"Gaussian",494,"medflex NEM",TRUE
"Comparator",300,"Skew-normal",494,"OLS",TRUE
"Comparator",300,"Skew-normal",494,"Semiparametric",TRUE
"Comparator",300,"Skew-normal",494,"Imai quasi-Bayes",TRUE
"Comparator",300,"Skew-normal",494,"Imai bootstrap",TRUE
"Comparator",300,"Skew-normal",494,"medflex NEM",TRUE
"Comparator",300,"Asymmetric mixture",494,"OLS",TRUE
"Comparator",300,"Asymmetric mixture",494,"Semiparametric",FALSE
"Comparator",300,"Asymmetric mixture",494,"Imai quasi-Bayes",TRUE
"Comparator",300,"Asymmetric mixture",494,"Imai bootstrap",TRUE
"Comparator",300,"Asymmetric mixture",494,"medflex NEM",TRUE
"Comparator",300,"Symmetric bimodal",494,"OLS",TRUE
"Comparator",300,"Symmetric bimodal",494,"Semiparametric",TRUE
"Comparator",300,"Symmetric bimodal",494,"Imai quasi-Bayes",TRUE
"Comparator",300,"Symmetric bimodal",494,"Imai bootstrap",TRUE
"Comparator",300,"Symmetric bimodal",494,"medflex NEM",TRUE
"Comparator",300,"Gaussian",495,"OLS",TRUE
"Comparator",300,"Gaussian",495,"Semiparametric",TRUE
"Comparator",300,"Gaussian",495,"Imai quasi-Bayes",TRUE
"Comparator",300,"Gaussian",495,"Imai bootstrap",TRUE
"Comparator",300,"Gaussian",495,"medflex NEM",TRUE
"Comparator",300,"Skew-normal",495,"OLS",TRUE
"Comparator",300,"Skew-normal",495,"Semiparametric",TRUE
"Comparator",300,"Skew-normal",495,"Imai quasi-Bayes",TRUE
"Comparator",300,"Skew-normal",495,"Imai bootstrap",TRUE
"Comparator",300,"Skew-normal",495,"medflex NEM",TRUE
"Comparator",300,"Asymmetric mixture",495,"OLS",TRUE
"Comparator",300,"Asymmetric mixture",495,"Semiparametric",TRUE
"Comparator",300,"Asymmetric mixture",495,"Imai quasi-Bayes",TRUE
"Comparator",300,"Asymmetric mixture",495,"Imai bootstrap",TRUE
"Comparator",300,"Asymmetric mixture",495,"medflex NEM",TRUE
"Comparator",300,"Symmetric bimodal",495,"OLS",TRUE
"Comparator",300,"Symmetric bimodal",495,"Semiparametric",TRUE
"Comparator",300,"Symmetric bimodal",495,"Imai quasi-Bayes",TRUE
"Comparator",300,"Symmetric bimodal",495,"Imai bootstrap",TRUE
"Comparator",300,"Symmetric bimodal",495,"medflex NEM",TRUE
"Comparator",300,"Gaussian",496,"OLS",TRUE
"Comparator",300,"Gaussian",496,"Semiparametric",TRUE
"Comparator",300,"Gaussian",496,"Imai quasi-Bayes",TRUE
"Comparator",300,"Gaussian",496,"Imai bootstrap",TRUE
"Comparator",300,"Gaussian",496,"medflex NEM",TRUE
"Comparator",300,"Skew-normal",496,"OLS",TRUE
"Comparator",300,"Skew-normal",496,"Semiparametric",TRUE
"Comparator",300,"Skew-normal",496,"Imai quasi-Bayes",TRUE
"Comparator",300,"Skew-normal",496,"Imai bootstrap",TRUE
"Comparator",300,"Skew-normal",496,"medflex NEM",TRUE
"Comparator",300,"Asymmetric mixture",496,"OLS",TRUE
"Comparator",300,"Asymmetric mixture",496,"Semiparametric",TRUE
"Comparator",300,"Asymmetric mixture",496,"Imai quasi-Bayes",TRUE
"Comparator",300,"Asymmetric mixture",496,"Imai bootstrap",TRUE
"Comparator",300,"Asymmetric mixture",496,"medflex NEM",TRUE
"Comparator",300,"Symmetric bimodal",496,"OLS",TRUE
"Comparator",300,"Symmetric bimodal",496,"Semiparametric",TRUE
"Comparator",300,"Symmetric bimodal",496,"Imai quasi-Bayes",TRUE
"Comparator",300,"Symmetric bimodal",496,"Imai bootstrap",TRUE
"Comparator",300,"Symmetric bimodal",496,"medflex NEM",TRUE
"Comparator",300,"Gaussian",497,"OLS",TRUE
"Comparator",300,"Gaussian",497,"Semiparametric",TRUE
"Comparator",300,"Gaussian",497,"Imai quasi-Bayes",TRUE
"Comparator",300,"Gaussian",497,"Imai bootstrap",TRUE
"Comparator",300,"Gaussian",497,"medflex NEM",TRUE
"Comparator",300,"Skew-normal",497,"OLS",TRUE
"Comparator",300,"Skew-normal",497,"Semiparametric",TRUE
"Comparator",300,"Skew-normal",497,"Imai quasi-Bayes",TRUE
"Comparator",300,"Skew-normal",497,"Imai bootstrap",TRUE
"Comparator",300,"Skew-normal",497,"medflex NEM",TRUE
"Comparator",300,"Asymmetric mixture",497,"OLS",TRUE
"Comparator",300,"Asymmetric mixture",497,"Semiparametric",TRUE
"Comparator",300,"Asymmetric mixture",497,"Imai quasi-Bayes",TRUE
"Comparator",300,"Asymmetric mixture",497,"Imai bootstrap",TRUE
"Comparator",300,"Asymmetric mixture",497,"medflex NEM",TRUE
"Comparator",300,"Symmetric bimodal",497,"OLS",TRUE
"Comparator",300,"Symmetric bimodal",497,"Semiparametric",TRUE
"Comparator",300,"Symmetric bimodal",497,"Imai quasi-Bayes",TRUE
"Comparator",300,"Symmetric bimodal",497,"Imai bootstrap",TRUE
"Comparator",300,"Symmetric bimodal",497,"medflex NEM",TRUE
"Comparator",300,"Gaussian",498,"OLS",TRUE
"Comparator",300,"Gaussian",498,"Semiparametric",TRUE
"Comparator",300,"Gaussian",498,"Imai quasi-Bayes",TRUE
"Comparator",300,"Gaussian",498,"Imai bootstrap",TRUE
"Comparator",300,"Gaussian",498,"medflex NEM",TRUE
"Comparator",300,"Skew-normal",498,"OLS",TRUE
"Comparator",300,"Skew-normal",498,"Semiparametric",TRUE
"Comparator",300,"Skew-normal",498,"Imai quasi-Bayes",TRUE
"Comparator",300,"Skew-normal",498,"Imai bootstrap",TRUE
"Comparator",300,"Skew-normal",498,"medflex NEM",TRUE
"Comparator",300,"Asymmetric mixture",498,"OLS",TRUE
"Comparator",300,"Asymmetric mixture",498,"Semiparametric",TRUE
"Comparator",300,"Asymmetric mixture",498,"Imai quasi-Bayes",TRUE
"Comparator",300,"Asymmetric mixture",498,"Imai bootstrap",TRUE
"Comparator",300,"Asymmetric mixture",498,"medflex NEM",TRUE
"Comparator",300,"Symmetric bimodal",498,"OLS",TRUE
"Comparator",300,"Symmetric bimodal",498,"Semiparametric",TRUE
"Comparator",300,"Symmetric bimodal",498,"Imai quasi-Bayes",TRUE
"Comparator",300,"Symmetric bimodal",498,"Imai bootstrap",TRUE
"Comparator",300,"Symmetric bimodal",498,"medflex NEM",TRUE
"Comparator",300,"Gaussian",499,"OLS",TRUE
"Comparator",300,"Gaussian",499,"Semiparametric",TRUE
"Comparator",300,"Gaussian",499,"Imai quasi-Bayes",TRUE
"Comparator",300,"Gaussian",499,"Imai bootstrap",TRUE
"Comparator",300,"Gaussian",499,"medflex NEM",TRUE
"Comparator",300,"Skew-normal",499,"OLS",TRUE
"Comparator",300,"Skew-normal",499,"Semiparametric",TRUE
"Comparator",300,"Skew-normal",499,"Imai quasi-Bayes",TRUE
"Comparator",300,"Skew-normal",499,"Imai bootstrap",TRUE
"Comparator",300,"Skew-normal",499,"medflex NEM",TRUE
"Comparator",300,"Asymmetric mixture",499,"OLS",TRUE
"Comparator",300,"Asymmetric mixture",499,"Semiparametric",TRUE
"Comparator",300,"Asymmetric mixture",499,"Imai quasi-Bayes",TRUE
"Comparator",300,"Asymmetric mixture",499,"Imai bootstrap",TRUE
"Comparator",300,"Asymmetric mixture",499,"medflex NEM",TRUE
"Comparator",300,"Symmetric bimodal",499,"OLS",TRUE
"Comparator",300,"Symmetric bimodal",499,"Semiparametric",TRUE
"Comparator",300,"Symmetric bimodal",499,"Imai quasi-Bayes",TRUE
"Comparator",300,"Symmetric bimodal",499,"Imai bootstrap",TRUE
"Comparator",300,"Symmetric bimodal",499,"medflex NEM",TRUE
"Comparator",300,"Gaussian",500,"OLS",TRUE
"Comparator",300,"Gaussian",500,"Semiparametric",TRUE
"Comparator",300,"Gaussian",500,"Imai quasi-Bayes",TRUE
"Comparator",300,"Gaussian",500,"Imai bootstrap",TRUE
"Comparator",300,"Gaussian",500,"medflex NEM",TRUE
"Comparator",300,"Skew-normal",500,"OLS",TRUE
"Comparator",300,"Skew-normal",500,"Semiparametric",TRUE
"Comparator",300,"Skew-normal",500,"Imai quasi-Bayes",TRUE
"Comparator",300,"Skew-normal",500,"Imai bootstrap",TRUE
"Comparator",300,"Skew-normal",500,"medflex NEM",TRUE
"Comparator",300,"Asymmetric mixture",500,"OLS",TRUE
"Comparator",300,"Asymmetric mixture",500,"Semiparametric",TRUE
"Comparator",300,"Asymmetric mixture",500,"Imai quasi-Bayes",TRUE
"Comparator",300,"Asymmetric mixture",500,"Imai bootstrap",TRUE
"Comparator",300,"Asymmetric mixture",500,"medflex NEM",TRUE
"Comparator",300,"Symmetric bimodal",500,"OLS",TRUE
"Comparator",300,"Symmetric bimodal",500,"Semiparametric",TRUE
"Comparator",300,"Symmetric bimodal",500,"Imai quasi-Bayes",TRUE
"Comparator",300,"Symmetric bimodal",500,"Imai bootstrap",TRUE
"Comparator",300,"Symmetric bimodal",500,"medflex NEM",TRUE
