"Scenario","Replication","SampleSize","Seed"
"gaussian",1,300,471084711
"skew_normal",1,300,2004092185
"asymmetric_mixture",1,300,674686231
"bimodal_mixture",1,300,489408667
"gaussian",2,300,1450521315
"skew_normal",2,300,610070256
"asymmetric_mixture",2,300,1145907090
"bimodal_mixture",2,300,592004999
"gaussian",3,300,419266318
"skew_normal",3,300,1658237030
"asymmetric_mixture",3,300,622142132
"bimodal_mixture",3,300,1415781562
"gaussian",4,300,158159058
"skew_normal",4,300,363440407
"asymmetric_mixture",4,300,1072691512
"bimodal_mixture",4,300,864678153
"gaussian",5,300,1096952270
"skew_normal",5,300,1737288898
"asymmetric_mixture",5,300,2090401282
"bimodal_mixture",5,300,215118111
"gaussian",6,300,109834083
"skew_normal",6,300,1379237730
"asymmetric_mixture",6,300,1563819000
"bimodal_mixture",6,300,28588894
"gaussian",7,300,1684818006
"skew_normal",7,300,1668196141
"asymmetric_mixture",7,300,646867521
"bimodal_mixture",7,300,761298891
"gaussian",8,300,1432845196
"skew_normal",8,300,219208867
"asymmetric_mixture",8,300,1115111388
"bimodal_mixture",8,300,286715061
"gaussian",9,300,1128939972
"skew_normal",9,300,1718519056
"asymmetric_mixture",9,300,610116460
"bimodal_mixture",9,300,1119876195
"gaussian",10,300,1252056171
"skew_normal",10,300,1731611497
"asymmetric_mixture",10,300,1082393895
"bimodal_mixture",10,300,1227368165
"gaussian",11,300,510700138
"skew_normal",11,300,1840856571
"asymmetric_mixture",11,300,714009022
"bimodal_mixture",11,300,407458293
"gaussian",12,300,3058145
"skew_normal",12,300,229038273
"asymmetric_mixture",12,300,2144197890
"bimodal_mixture",12,300,629427874
"gaussian",13,300,1238793138
"skew_normal",13,300,545206914
"asymmetric_mixture",13,300,1038553600
"bimodal_mixture",13,300,961686641
"gaussian",14,300,1953989948
"skew_normal",14,300,634963685
"asymmetric_mixture",14,300,610157936
"bimodal_mixture",14,300,1728599725
"gaussian",15,300,1574412183
"skew_normal",15,300,1594864491
"asymmetric_mixture",15,300,197206203
"bimodal_mixture",15,300,1475028095
"gaussian",16,300,101872562
"skew_normal",16,300,283971914
"asymmetric_mixture",16,300,654427117
"bimodal_mixture",16,300,382679195
"gaussian",17,300,1793591658
"skew_normal",17,300,1470415224
"asymmetric_mixture",17,300,2062639645
"bimodal_mixture",17,300,1711109236
"gaussian",18,300,763697249
"skew_normal",18,300,2116751162
"asymmetric_mixture",18,300,1184460336
"bimodal_mixture",18,300,1198563566
"gaussian",19,300,407576220
"skew_normal",19,300,1418276391
"asymmetric_mixture",19,300,39779520
"bimodal_mixture",19,300,258968048
"gaussian",20,300,980951145
"skew_normal",20,300,1013911236
"asymmetric_mixture",20,300,1649519057
"bimodal_mixture",20,300,1987264031
"gaussian",21,300,1396857427
"skew_normal",21,300,358069094
"asymmetric_mixture",21,300,1311052158
"bimodal_mixture",21,300,1990977624
"gaussian",22,300,2037714440
"skew_normal",22,300,881429902
"asymmetric_mixture",22,300,1284663583
"bimodal_mixture",22,300,218108319
"gaussian",23,300,1076248651
"skew_normal",23,300,2062364500
"asymmetric_mixture",23,300,1833459218
"bimodal_mixture",23,300,987691608
"gaussian",24,300,1243250422
"skew_normal",24,300,411797378
"asymmetric_mixture",24,300,472896558
"bimodal_mixture",24,300,1106998679
"gaussian",25,300,350661999
"skew_normal",25,300,7450599
"asymmetric_mixture",25,300,142736896
"bimodal_mixture",25,300,1786339994
"gaussian",26,300,1959299476
"skew_normal",26,300,153679400
"asymmetric_mixture",26,300,441795475
"bimodal_mixture",26,300,907656530
"gaussian",27,300,539053638
"skew_normal",27,300,1389453230
"asymmetric_mixture",27,300,1274986618
"bimodal_mixture",27,300,1836379254
"gaussian",28,300,321199328
"skew_normal",28,300,848318052
"asymmetric_mixture",28,300,991964866
"bimodal_mixture",28,300,187157503
"gaussian",29,300,783022199
"skew_normal",29,300,312234478
"asymmetric_mixture",29,300,1819583625
"bimodal_mixture",29,300,561579206
"gaussian",30,300,1430028401
"skew_normal",30,300,442935754
"asymmetric_mixture",30,300,1445342457
"bimodal_mixture",30,300,744998126
"gaussian",31,300,590313867
"skew_normal",31,300,2020884460
"asymmetric_mixture",31,300,1852086607
"bimodal_mixture",31,300,755993876
"gaussian",32,300,1472676192
"skew_normal",32,300,311774004
"asymmetric_mixture",32,300,1907087553
"bimodal_mixture",32,300,922777519
"gaussian",33,300,602844294
"skew_normal",33,300,1027787432
"asymmetric_mixture",33,300,164619690
"bimodal_mixture",33,300,1760549564
"gaussian",34,300,1305470724
"skew_normal",34,300,823392544
"asymmetric_mixture",34,300,630820507
"bimodal_mixture",34,300,572236939
"gaussian",35,300,1184581451
"skew_normal",35,300,317375743
"asymmetric_mixture",35,300,639886109
"bimodal_mixture",35,300,1708226105
"gaussian",36,300,412329156
"skew_normal",36,300,469996519
"asymmetric_mixture",36,300,1786812002
"bimodal_mixture",36,300,960455198
"gaussian",37,300,1535935272
"skew_normal",37,300,864492635
"asymmetric_mixture",37,300,1989772176
"bimodal_mixture",37,300,880142887
"gaussian",38,300,143927474
"skew_normal",38,300,1407204830
"asymmetric_mixture",38,300,167242460
"bimodal_mixture",38,300,535112805
"gaussian",39,300,2103423353
"skew_normal",39,300,677580768
"asymmetric_mixture",39,300,491108228
"bimodal_mixture",39,300,247669999
"gaussian",40,300,533857558
"skew_normal",40,300,1797248450
"asymmetric_mixture",40,300,1512123940
"bimodal_mixture",40,300,369888137
"gaussian",41,300,1449094954
"skew_normal",41,300,713117705
"asymmetric_mixture",41,300,1031394525
"bimodal_mixture",41,300,661495932
"gaussian",42,300,1242542886
"skew_normal",42,300,1461849041
"asymmetric_mixture",42,300,417977570
"bimodal_mixture",42,300,175387540
"gaussian",43,300,1090690809
"skew_normal",43,300,1535112029
"asymmetric_mixture",43,300,915015011
"bimodal_mixture",43,300,1618030225
"gaussian",44,300,2005499704
"skew_normal",44,300,1941897681
"asymmetric_mixture",44,300,551684058
"bimodal_mixture",44,300,315421769
"gaussian",45,300,392219606
"skew_normal",45,300,1559203581
"asymmetric_mixture",45,300,1197005497
"bimodal_mixture",45,300,609634476
"gaussian",46,300,1332529006
"skew_normal",46,300,835900669
"asymmetric_mixture",46,300,920016233
"bimodal_mixture",46,300,1300767544
"gaussian",47,300,1041069811
"skew_normal",47,300,654295666
"asymmetric_mixture",47,300,2023910867
"bimodal_mixture",47,300,1616058375
"gaussian",48,300,1208371199
"skew_normal",48,300,2043401483
"asymmetric_mixture",48,300,1921682238
"bimodal_mixture",48,300,423595599
"gaussian",49,300,1335280438
"skew_normal",49,300,733268390
"asymmetric_mixture",49,300,858631065
"bimodal_mixture",49,300,818017783
"gaussian",50,300,985631144
"skew_normal",50,300,1151891819
"asymmetric_mixture",50,300,41514503
"bimodal_mixture",50,300,730206706
"gaussian",51,300,427626369
"skew_normal",51,300,462037215
"asymmetric_mixture",51,300,52169369
"bimodal_mixture",51,300,1623370372
"gaussian",52,300,1781873069
"skew_normal",52,300,564835443
"asymmetric_mixture",52,300,883503558
"bimodal_mixture",52,300,2078119114
"gaussian",53,300,1519683132
"skew_normal",53,300,939142895
"asymmetric_mixture",53,300,1029804011
"bimodal_mixture",53,300,1932013299
"gaussian",54,300,260995271
"skew_normal",54,300,1458255576
"asymmetric_mixture",54,300,1827700723
"bimodal_mixture",54,300,801354423
"gaussian",55,300,1386918555
"skew_normal",55,300,1186716817
"asymmetric_mixture",55,300,1205978806
"bimodal_mixture",55,300,1676388201
"gaussian",56,300,1996542893
"skew_normal",56,300,2023258685
"asymmetric_mixture",56,300,1011932988
"bimodal_mixture",56,300,1109221535
"gaussian",57,300,22371635
"skew_normal",57,300,460416506
"asymmetric_mixture",57,300,982830601
"bimodal_mixture",57,300,1979935568
"gaussian",58,300,599719523
"skew_normal",58,300,1040319799
"asymmetric_mixture",58,300,1781875171
"bimodal_mixture",58,300,2143410968
"gaussian",59,300,858204202
"skew_normal",59,300,1266677071
"asymmetric_mixture",59,300,773156088
"bimodal_mixture",59,300,1027436404
"gaussian",60,300,443891295
"skew_normal",60,300,159875444
"asymmetric_mixture",60,300,774706793
"bimodal_mixture",60,300,1485905527
"gaussian",61,300,2093229797
"skew_normal",61,300,1704734755
"asymmetric_mixture",61,300,1327337005
"bimodal_mixture",61,300,468737327
"gaussian",62,300,1627732481
"skew_normal",62,300,284244815
"asymmetric_mixture",62,300,1679743700
"bimodal_mixture",62,300,471212343
"gaussian",63,300,1924438230
"skew_normal",63,300,565943013
"asymmetric_mixture",63,300,1696262559
"bimodal_mixture",63,300,1522612801
"gaussian",64,300,45469748
"skew_normal",64,300,1338990568
"asymmetric_mixture",64,300,556293401
"bimodal_mixture",64,300,467720721
"gaussian",65,300,875171557
"skew_normal",65,300,1472087683
"asymmetric_mixture",65,300,1237687633
"bimodal_mixture",65,300,1103232219
"gaussian",66,300,1052179489
"skew_normal",66,300,1949359759
"asymmetric_mixture",66,300,1800596121
"bimodal_mixture",66,300,597779058
"gaussian",67,300,1771589358
"skew_normal",67,300,828944072
"asymmetric_mixture",67,300,493311323
"bimodal_mixture",67,300,1248781221
"gaussian",68,300,1619503879
"skew_normal",68,300,1653710683
"asymmetric_mixture",68,300,31310507
"bimodal_mixture",68,300,2002278160
"gaussian",69,300,308391316
"skew_normal",69,300,222938238
"asymmetric_mixture",69,300,572740140
"bimodal_mixture",69,300,2094612138
"gaussian",70,300,968958594
"skew_normal",70,300,777929206
"asymmetric_mixture",70,300,1816865436
"bimodal_mixture",70,300,1994850351
"gaussian",71,300,1268142203
"skew_normal",71,300,87783562
"asymmetric_mixture",71,300,184071539
"bimodal_mixture",71,300,163489060
"gaussian",72,300,1661899043
"skew_normal",72,300,1440706294
"asymmetric_mixture",72,300,502476664
"bimodal_mixture",72,300,2127174351
"gaussian",73,300,724950595
"skew_normal",73,300,1335198859
"asymmetric_mixture",73,300,1920338720
"bimodal_mixture",73,300,1830121091
"gaussian",74,300,1438840031
"skew_normal",74,300,2041233372
"asymmetric_mixture",74,300,1023483065
"bimodal_mixture",74,300,2039211594
"gaussian",75,300,364601500
"skew_normal",75,300,1899040289
"asymmetric_mixture",75,300,938835166
"bimodal_mixture",75,300,2121626284
"gaussian",76,300,554356044
"skew_normal",76,300,740753244
"asymmetric_mixture",76,300,1790945921
"bimodal_mixture",76,300,116993977
"gaussian",77,300,1696363636
"skew_normal",77,300,614581998
"asymmetric_mixture",77,300,85270393
"bimodal_mixture",77,300,579478749
"gaussian",78,300,1513755922
"skew_normal",78,300,291679101
"asymmetric_mixture",78,300,884488459
"bimodal_mixture",78,300,1828767096
"gaussian",79,300,1663979401
"skew_normal",79,300,621836272
"asymmetric_mixture",79,300,1431992446
"bimodal_mixture",79,300,1614162437
"gaussian",80,300,1250757949
"skew_normal",80,300,341439348
"asymmetric_mixture",80,300,112391075
"bimodal_mixture",80,300,959335385
"gaussian",81,300,115913661
"skew_normal",81,300,1021851227
"asymmetric_mixture",81,300,436737988
"bimodal_mixture",81,300,653471915
"gaussian",82,300,1144182538
"skew_normal",82,300,383920860
"asymmetric_mixture",82,300,1262412524
"bimodal_mixture",82,300,1399777416
"gaussian",83,300,681958559
"skew_normal",83,300,1457216762
"asymmetric_mixture",83,300,2104681952
"bimodal_mixture",83,300,361745968
"gaussian",84,300,1110503254
"skew_normal",84,300,1626462203
"asymmetric_mixture",84,300,259975349
"bimodal_mixture",84,300,1922008867
"gaussian",85,300,1323635695
"skew_normal",85,300,1917711097
"asymmetric_mixture",85,300,698548039
"bimodal_mixture",85,300,1207082631
"gaussian",86,300,381988724
"skew_normal",86,300,1272383547
"asymmetric_mixture",86,300,1675476903
"bimodal_mixture",86,300,1431849551
"gaussian",87,300,39817425
"skew_normal",87,300,1026962448
"asymmetric_mixture",87,300,29294343
"bimodal_mixture",87,300,1928006171
"gaussian",88,300,1721820860
"skew_normal",88,300,921221212
"asymmetric_mixture",88,300,1675846111
"bimodal_mixture",88,300,2036011348
"gaussian",89,300,59923633
"skew_normal",89,300,304098938
"asymmetric_mixture",89,300,468613418
"bimodal_mixture",89,300,367328227
"gaussian",90,300,2036190800
"skew_normal",90,300,777600652
"asymmetric_mixture",90,300,323189699
"bimodal_mixture",90,300,1698739501
"gaussian",91,300,647552310
"skew_normal",91,300,1478836885
"asymmetric_mixture",91,300,1395582044
"bimodal_mixture",91,300,1436633591
"gaussian",92,300,239011224
"skew_normal",92,300,960436018
"asymmetric_mixture",92,300,633553059
"bimodal_mixture",92,300,1570687085
"gaussian",93,300,1724162619
"skew_normal",93,300,438779010
"asymmetric_mixture",93,300,1945275737
"bimodal_mixture",93,300,590974733
"gaussian",94,300,758304265
"skew_normal",94,300,1931780890
"asymmetric_mixture",94,300,1768423470
"bimodal_mixture",94,300,690968075
"gaussian",95,300,1335395028
"skew_normal",95,300,1665874677
"asymmetric_mixture",95,300,1108298857
"bimodal_mixture",95,300,1515290872
"gaussian",96,300,1640750420
"skew_normal",96,300,1281521063
"asymmetric_mixture",96,300,392529342
"bimodal_mixture",96,300,1064155970
"gaussian",97,300,146943662
"skew_normal",97,300,797994957
"asymmetric_mixture",97,300,1856853692
"bimodal_mixture",97,300,795842323
"gaussian",98,300,1928087967
"skew_normal",98,300,793175187
"asymmetric_mixture",98,300,1341136250
"bimodal_mixture",98,300,1129833752
"gaussian",99,300,998247755
"skew_normal",99,300,1071501800
"asymmetric_mixture",99,300,2016066412
"bimodal_mixture",99,300,924011847
"gaussian",100,300,778454067
"skew_normal",100,300,1301262299
"asymmetric_mixture",100,300,1150070927
"bimodal_mixture",100,300,920585553
"gaussian",101,300,271597099
"skew_normal",101,300,1736724872
"asymmetric_mixture",101,300,620250535
"bimodal_mixture",101,300,1661232127
"gaussian",102,300,568152097
"skew_normal",102,300,1899390240
"asymmetric_mixture",102,300,1932817667
"bimodal_mixture",102,300,2045644707
"gaussian",103,300,1467552092
"skew_normal",103,300,1534332060
"asymmetric_mixture",103,300,1965681372
"bimodal_mixture",103,300,1396150664
"gaussian",104,300,103581781
"skew_normal",104,300,1931954956
"asymmetric_mixture",104,300,1722358723
"bimodal_mixture",104,300,1351799945
"gaussian",105,300,2131651679
"skew_normal",105,300,444482160
"asymmetric_mixture",105,300,1725688805
"bimodal_mixture",105,300,1509458432
"gaussian",106,300,738521384
"skew_normal",106,300,1997131425
"asymmetric_mixture",106,300,1475636168
"bimodal_mixture",106,300,2121351938
"gaussian",107,300,1934864880
"skew_normal",107,300,598160249
"asymmetric_mixture",107,300,615012293
"bimodal_mixture",107,300,866566293
"gaussian",108,300,1232942046
"skew_normal",108,300,2078371164
"asymmetric_mixture",108,300,1880341215
"bimodal_mixture",108,300,422565255
"gaussian",109,300,1340185197
"skew_normal",109,300,1442364414
"asymmetric_mixture",109,300,2095061226
"bimodal_mixture",109,300,1010261022
"gaussian",110,300,314474993
"skew_normal",110,300,2043760911
"asymmetric_mixture",110,300,308710186
"bimodal_mixture",110,300,297749780
"gaussian",111,300,1791074818
"skew_normal",111,300,1262196922
"asymmetric_mixture",111,300,2052341087
"bimodal_mixture",111,300,1493815389
"gaussian",112,300,112997624
"skew_normal",112,300,207709184
"asymmetric_mixture",112,300,435951467
"bimodal_mixture",112,300,1946292729
"gaussian",113,300,1271795241
"skew_normal",113,300,1304662635
"asymmetric_mixture",113,300,1111919009
"bimodal_mixture",113,300,1103193886
"gaussian",114,300,1402936675
"skew_normal",114,300,82166981
"asymmetric_mixture",114,300,897389742
"bimodal_mixture",114,300,1682334806
"gaussian",115,300,1810791504
"skew_normal",115,300,767311481
"asymmetric_mixture",115,300,916152879
"bimodal_mixture",115,300,452901010
"gaussian",116,300,1242003488
"skew_normal",116,300,295335833
"asymmetric_mixture",116,300,1463138317
"bimodal_mixture",116,300,1611806122
"gaussian",117,300,537151218
"skew_normal",117,300,1064132623
"asymmetric_mixture",117,300,1839616463
"bimodal_mixture",117,300,227219428
"gaussian",118,300,1506470891
"skew_normal",118,300,2033223267
"asymmetric_mixture",118,300,1083533365
"bimodal_mixture",118,300,1799048369
"gaussian",119,300,2083502866
"skew_normal",119,300,322673221
"asymmetric_mixture",119,300,1817424005
"bimodal_mixture",119,300,409925819
"gaussian",120,300,1840322781
"skew_normal",120,300,1768066099
"asymmetric_mixture",120,300,714223729
"bimodal_mixture",120,300,676655342
"gaussian",121,300,2039330691
"skew_normal",121,300,280797228
"asymmetric_mixture",121,300,1416530205
"bimodal_mixture",121,300,550116214
"gaussian",122,300,1594832460
"skew_normal",122,300,59056798
"asymmetric_mixture",122,300,1941909802
"bimodal_mixture",122,300,889457554
"gaussian",123,300,1725139894
"skew_normal",123,300,386385697
"asymmetric_mixture",123,300,32845490
"bimodal_mixture",123,300,40841140
"gaussian",124,300,334613770
"skew_normal",124,300,570107460
"asymmetric_mixture",124,300,649247451
"bimodal_mixture",124,300,300171823
"gaussian",125,300,1227370158
"skew_normal",125,300,1598280477
"asymmetric_mixture",125,300,583445548
"bimodal_mixture",125,300,1497704963
"gaussian",126,300,1168755457
"skew_normal",126,300,1766064228
"asymmetric_mixture",126,300,1514051381
"bimodal_mixture",126,300,89448071
"gaussian",127,300,9399503
"skew_normal",127,300,1741762614
"asymmetric_mixture",127,300,764157175
"bimodal_mixture",127,300,1471976322
"gaussian",128,300,321139296
"skew_normal",128,300,422963547
"asymmetric_mixture",128,300,2094494436
"bimodal_mixture",128,300,1276089915
"gaussian",129,300,1711889851
"skew_normal",129,300,1576173012
"asymmetric_mixture",129,300,620807239
"bimodal_mixture",129,300,572435859
"gaussian",130,300,1667199808
"skew_normal",130,300,221108986
"asymmetric_mixture",130,300,1960828656
"bimodal_mixture",130,300,223889973
"gaussian",131,300,1339991214
"skew_normal",131,300,2014228390
"asymmetric_mixture",131,300,6454270
"bimodal_mixture",131,300,559381041
"gaussian",132,300,238035412
"skew_normal",132,300,175260977
"asymmetric_mixture",132,300,1661326128
"bimodal_mixture",132,300,649528181
"gaussian",133,300,1818683973
"skew_normal",133,300,2056316133
"asymmetric_mixture",133,300,407145261
"bimodal_mixture",133,300,247685935
"gaussian",134,300,359629820
"skew_normal",134,300,435163743
"asymmetric_mixture",134,300,2136090929
"bimodal_mixture",134,300,40028774
"gaussian",135,300,1739475875
"skew_normal",135,300,1341062949
"asymmetric_mixture",135,300,1168310074
"bimodal_mixture",135,300,2014248994
"gaussian",136,300,1875054943
"skew_normal",136,300,718466286
"asymmetric_mixture",136,300,2001055506
"bimodal_mixture",136,300,1684941051
"gaussian",137,300,945026349
"skew_normal",137,300,234812959
"asymmetric_mixture",137,300,1831696935
"bimodal_mixture",137,300,750846014
"gaussian",138,300,1958918208
"skew_normal",138,300,1215255650
"asymmetric_mixture",138,300,1531218143
"bimodal_mixture",138,300,1894294221
"gaussian",139,300,515938310
"skew_normal",139,300,821502081
"asymmetric_mixture",139,300,1408449185
"bimodal_mixture",139,300,226526505
"gaussian",140,300,65432105
"skew_normal",140,300,1629585339
"asymmetric_mixture",140,300,786546411
"bimodal_mixture",140,300,1102184449
"gaussian",141,300,2143587344
"skew_normal",141,300,837850186
"asymmetric_mixture",141,300,1305563293
"bimodal_mixture",141,300,2084442857
"gaussian",142,300,1593247938
"skew_normal",142,300,1912631203
"asymmetric_mixture",142,300,641303898
"bimodal_mixture",142,300,1855946826
"gaussian",143,300,190414426
"skew_normal",143,300,150756071
"asymmetric_mixture",143,300,477310066
"bimodal_mixture",143,300,481631127
"gaussian",144,300,2125796585
"skew_normal",144,300,1779657091
"asymmetric_mixture",144,300,1153084234
"bimodal_mixture",144,300,847739260
"gaussian",145,300,29826259
"skew_normal",145,300,897546659
"asymmetric_mixture",145,300,1028055752
"bimodal_mixture",145,300,399810742
"gaussian",146,300,1124977816
"skew_normal",146,300,1822724063
"asymmetric_mixture",146,300,1842615768
"bimodal_mixture",146,300,85164617
"gaussian",147,300,1978105577
"skew_normal",147,300,1267905367
"asymmetric_mixture",147,300,1601727344
"bimodal_mixture",147,300,1819341623
"gaussian",148,300,1080463562
"skew_normal",148,300,961849043
"asymmetric_mixture",148,300,783681933
"bimodal_mixture",148,300,751447877
"gaussian",149,300,705640287
"skew_normal",149,300,835029551
"asymmetric_mixture",149,300,225246874
"bimodal_mixture",149,300,1595166151
"gaussian",150,300,1575180018
"skew_normal",150,300,224745714
"asymmetric_mixture",150,300,500732990
"bimodal_mixture",150,300,1308796880
"gaussian",151,300,1732803312
"skew_normal",151,300,641054636
"asymmetric_mixture",151,300,875039110
"bimodal_mixture",151,300,345921549
"gaussian",152,300,2062543711
"skew_normal",152,300,1669465277
"asymmetric_mixture",152,300,1973745332
"bimodal_mixture",152,300,1209957670
"gaussian",153,300,15156821
"skew_normal",153,300,874812521
"asymmetric_mixture",153,300,654873115
"bimodal_mixture",153,300,1021276734
"gaussian",154,300,534568328
"skew_normal",154,300,2138762386
"asymmetric_mixture",154,300,1804785495
"bimodal_mixture",154,300,519816064
"gaussian",155,300,692063011
"skew_normal",155,300,2044483840
"asymmetric_mixture",155,300,2090438514
"bimodal_mixture",155,300,626936970
"gaussian",156,300,580320923
"skew_normal",156,300,1483028678
"asymmetric_mixture",156,300,1048854991
"bimodal_mixture",156,300,284958987
"gaussian",157,300,525979512
"skew_normal",157,300,1144141692
"asymmetric_mixture",157,300,1129889881
"bimodal_mixture",157,300,1561177554
"gaussian",158,300,79592838
"skew_normal",158,300,33545160
"asymmetric_mixture",158,300,1491940149
"bimodal_mixture",158,300,380751111
"gaussian",159,300,2003703757
"skew_normal",159,300,1374032859
"asymmetric_mixture",159,300,235806433
"bimodal_mixture",159,300,1321454955
"gaussian",160,300,1665609317
"skew_normal",160,300,110579238
"asymmetric_mixture",160,300,1892464651
"bimodal_mixture",160,300,756234434
"gaussian",161,300,1787695059
"skew_normal",161,300,578660436
"asymmetric_mixture",161,300,1990024870
"bimodal_mixture",161,300,747623668
"gaussian",162,300,2046441337
"skew_normal",162,300,1127308057
"asymmetric_mixture",162,300,1209958471
"bimodal_mixture",162,300,1653212837
"gaussian",163,300,1111267507
"skew_normal",163,300,908386756
"asymmetric_mixture",163,300,106000829
"bimodal_mixture",163,300,540729625
"gaussian",164,300,1651355338
"skew_normal",164,300,790017748
"asymmetric_mixture",164,300,317526019
"bimodal_mixture",164,300,1316699373
"gaussian",165,300,1865419733
"skew_normal",165,300,1990609604
"asymmetric_mixture",165,300,1627149684
"bimodal_mixture",165,300,1386157847
"gaussian",166,300,864639583
"skew_normal",166,300,1229380712
"asymmetric_mixture",166,300,1705064719
"bimodal_mixture",166,300,1343574095
"gaussian",167,300,1106660976
"skew_normal",167,300,2013366898
"asymmetric_mixture",167,300,1968515703
"bimodal_mixture",167,300,1219366409
"gaussian",168,300,1158508870
"skew_normal",168,300,1495294573
"asymmetric_mixture",168,300,177389294
"bimodal_mixture",168,300,1686025961
"gaussian",169,300,454111493
"skew_normal",169,300,511900789
"asymmetric_mixture",169,300,1650295082
"bimodal_mixture",169,300,997407268
"gaussian",170,300,515593386
"skew_normal",170,300,1237647707
"asymmetric_mixture",170,300,720337737
"bimodal_mixture",170,300,164326181
"gaussian",171,300,1720588995
"skew_normal",171,300,1475876530
"asymmetric_mixture",171,300,1798654519
"bimodal_mixture",171,300,1916577813
"gaussian",172,300,879635605
"skew_normal",172,300,1386833892
"asymmetric_mixture",172,300,1359421791
"bimodal_mixture",172,300,590119233
"gaussian",173,300,1895646047
"skew_normal",173,300,2124132285
"asymmetric_mixture",173,300,2018733836
"bimodal_mixture",173,300,1699797520
"gaussian",174,300,883486682
"skew_normal",174,300,391394097
"asymmetric_mixture",174,300,31271684
"bimodal_mixture",174,300,760193402
"gaussian",175,300,1759396375
"skew_normal",175,300,979725577
"asymmetric_mixture",175,300,1472836552
"bimodal_mixture",175,300,2000988528
"gaussian",176,300,1014594190
"skew_normal",176,300,436691985
"asymmetric_mixture",176,300,1619794984
"bimodal_mixture",176,300,382079535
"gaussian",177,300,1140515508
"skew_normal",177,300,1574638398
"asymmetric_mixture",177,300,784573683
"bimodal_mixture",177,300,441829281
"gaussian",178,300,1093054915
"skew_normal",178,300,2088239485
"asymmetric_mixture",178,300,1172825230
"bimodal_mixture",178,300,1433677967
"gaussian",179,300,1554064705
"skew_normal",179,300,1097579678
"asymmetric_mixture",179,300,1248678592
"bimodal_mixture",179,300,32797883
"gaussian",180,300,837778812
"skew_normal",180,300,1992005294
"asymmetric_mixture",180,300,798596524
"bimodal_mixture",180,300,549350675
"gaussian",181,300,1609221719
"skew_normal",181,300,941857445
"asymmetric_mixture",181,300,442816579
"bimodal_mixture",181,300,253693982
"gaussian",182,300,1818254618
"skew_normal",182,300,1988466265
"asymmetric_mixture",182,300,2086613904
"bimodal_mixture",182,300,1793106837
"gaussian",183,300,1317714355
"skew_normal",183,300,386182192
"asymmetric_mixture",183,300,1734604360
"bimodal_mixture",183,300,1390753790
"gaussian",184,300,1547364455
"skew_normal",184,300,458606263
"asymmetric_mixture",184,300,104399618
"bimodal_mixture",184,300,861898936
"gaussian",185,300,331951129
"skew_normal",185,300,1214843106
"asymmetric_mixture",185,300,1783972729
"bimodal_mixture",185,300,1096952209
"gaussian",186,300,330084167
"skew_normal",186,300,889748367
"asymmetric_mixture",186,300,1690470559
"bimodal_mixture",186,300,1671813657
"gaussian",187,300,154562741
"skew_normal",187,300,168925872
"asymmetric_mixture",187,300,1465523729
"bimodal_mixture",187,300,133107884
"gaussian",188,300,510411706
"skew_normal",188,300,680215084
"asymmetric_mixture",188,300,1346725849
"bimodal_mixture",188,300,1176496343
"gaussian",189,300,1079102123
"skew_normal",189,300,1164287333
"asymmetric_mixture",189,300,1216119517
"bimodal_mixture",189,300,1194678776
"gaussian",190,300,1884386355
"skew_normal",190,300,1935907307
"asymmetric_mixture",190,300,1434573744
"bimodal_mixture",190,300,114214205
"gaussian",191,300,1295902723
"skew_normal",191,300,398323800
"asymmetric_mixture",191,300,1626834090
"bimodal_mixture",191,300,107791428
"gaussian",192,300,1758111644
"skew_normal",192,300,1604650248
"asymmetric_mixture",192,300,1700794897
"bimodal_mixture",192,300,1679161269
"gaussian",193,300,1743967453
"skew_normal",193,300,345149474
"asymmetric_mixture",193,300,1271390898
"bimodal_mixture",193,300,1963391815
"gaussian",194,300,346148572
"skew_normal",194,300,1978928306
"asymmetric_mixture",194,300,312013668
"bimodal_mixture",194,300,1142084086
"gaussian",195,300,2121294209
"skew_normal",195,300,1972469296
"asymmetric_mixture",195,300,1994922694
"bimodal_mixture",195,300,1995646229
"gaussian",196,300,202639733
"skew_normal",196,300,882469787
"asymmetric_mixture",196,300,1691419341
"bimodal_mixture",196,300,1303793464
"gaussian",197,300,594677625
"skew_normal",197,300,263975775
"asymmetric_mixture",197,300,700039083
"bimodal_mixture",197,300,1835166453
"gaussian",198,300,1163826441
"skew_normal",198,300,1067151043
"asymmetric_mixture",198,300,963791183
"bimodal_mixture",198,300,1334969117
"gaussian",199,300,1114635476
"skew_normal",199,300,1876454307
"asymmetric_mixture",199,300,819249599
"bimodal_mixture",199,300,1725590600
"gaussian",200,300,664023255
"skew_normal",200,300,1427908033
"asymmetric_mixture",200,300,1222039283
"bimodal_mixture",200,300,59531197
"gaussian",201,300,1351328893
"skew_normal",201,300,1457344981
"asymmetric_mixture",201,300,294919860
"bimodal_mixture",201,300,34422494
"gaussian",202,300,194798106
"skew_normal",202,300,989257930
"asymmetric_mixture",202,300,95698553
"bimodal_mixture",202,300,225396816
"gaussian",203,300,1849329000
"skew_normal",203,300,1791696595
"asymmetric_mixture",203,300,1532023851
"bimodal_mixture",203,300,638031416
"gaussian",204,300,755146371
"skew_normal",204,300,261036039
"asymmetric_mixture",204,300,1974262789
"bimodal_mixture",204,300,1613022471
"gaussian",205,300,1440656685
"skew_normal",205,300,1981341659
"asymmetric_mixture",205,300,1220137165
"bimodal_mixture",205,300,1398870646
"gaussian",206,300,945484163
"skew_normal",206,300,131527774
"asymmetric_mixture",206,300,1489155710
"bimodal_mixture",206,300,1225382600
"gaussian",207,300,2078535490
"skew_normal",207,300,1593371529
"asymmetric_mixture",207,300,1580291386
"bimodal_mixture",207,300,1531215735
"gaussian",208,300,2005782612
"skew_normal",208,300,362092195
"asymmetric_mixture",208,300,2099035631
"bimodal_mixture",208,300,2119114453
"gaussian",209,300,565970725
"skew_normal",209,300,2013195919
"asymmetric_mixture",209,300,823381436
"bimodal_mixture",209,300,1380443684
"gaussian",210,300,1027172025
"skew_normal",210,300,1065461026
"asymmetric_mixture",210,300,867986870
"bimodal_mixture",210,300,2134161815
"gaussian",211,300,2096592290
"skew_normal",211,300,1794815583
"asymmetric_mixture",211,300,663970337
"bimodal_mixture",211,300,1373778975
"gaussian",212,300,1007586311
"skew_normal",212,300,2099848428
"asymmetric_mixture",212,300,1242163998
"bimodal_mixture",212,300,1614244152
"gaussian",213,300,813561708
"skew_normal",213,300,1935766539
"asymmetric_mixture",213,300,1189660441
"bimodal_mixture",213,300,47348130
"gaussian",214,300,253747985
"skew_normal",214,300,1878353563
"asymmetric_mixture",214,300,1291181142
"bimodal_mixture",214,300,369485795
"gaussian",215,300,341451043
"skew_normal",215,300,1019112568
"asymmetric_mixture",215,300,695455195
"bimodal_mixture",215,300,1352993571
"gaussian",216,300,465191858
"skew_normal",216,300,1307746676
"asymmetric_mixture",216,300,824002881
"bimodal_mixture",216,300,778537880
"gaussian",217,300,1826391312
"skew_normal",217,300,953715883
"asymmetric_mixture",217,300,1871761003
"bimodal_mixture",217,300,167725545
"gaussian",218,300,143295605
"skew_normal",218,300,2040259993
"asymmetric_mixture",218,300,2078290890
"bimodal_mixture",218,300,16050882
"gaussian",219,300,1426431895
"skew_normal",219,300,791576396
"asymmetric_mixture",219,300,728859032
"bimodal_mixture",219,300,790866933
"gaussian",220,300,1154373099
"skew_normal",220,300,2054984500
"asymmetric_mixture",220,300,22884832
"bimodal_mixture",220,300,22037625
"gaussian",221,300,545757476
"skew_normal",221,300,1010375423
"asymmetric_mixture",221,300,492164489
"bimodal_mixture",221,300,1434224676
"gaussian",222,300,1007041218
"skew_normal",222,300,226427785
"asymmetric_mixture",222,300,482304075
"bimodal_mixture",222,300,1375335438
"gaussian",223,300,807542888
"skew_normal",223,300,2145350802
"asymmetric_mixture",223,300,1169611813
"bimodal_mixture",223,300,1459705058
"gaussian",224,300,598285779
"skew_normal",224,300,1393958008
"asymmetric_mixture",224,300,564583049
"bimodal_mixture",224,300,1994685520
"gaussian",225,300,2131438327
"skew_normal",225,300,1584220427
"asymmetric_mixture",225,300,2011670978
"bimodal_mixture",225,300,638861757
"gaussian",226,300,122488203
"skew_normal",226,300,336136709
"asymmetric_mixture",226,300,24322844
"bimodal_mixture",226,300,2105110107
"gaussian",227,300,867232893
"skew_normal",227,300,1268803375
"asymmetric_mixture",227,300,1666857786
"bimodal_mixture",227,300,166477640
"gaussian",228,300,1499746572
"skew_normal",228,300,1602043297
"asymmetric_mixture",228,300,1176718034
"bimodal_mixture",228,300,1518415865
"gaussian",229,300,1468336372
"skew_normal",229,300,1605298007
"asymmetric_mixture",229,300,879954757
"bimodal_mixture",229,300,1744317654
"gaussian",230,300,2032804153
"skew_normal",230,300,653767904
"asymmetric_mixture",230,300,1680382843
"bimodal_mixture",230,300,758602115
"gaussian",231,300,1838629403
"skew_normal",231,300,906154095
"asymmetric_mixture",231,300,1645106216
"bimodal_mixture",231,300,2076767551
"gaussian",232,300,1978085210
"skew_normal",232,300,2051025865
"asymmetric_mixture",232,300,1466053895
"bimodal_mixture",232,300,6043833
"gaussian",233,300,1988339360
"skew_normal",233,300,2147208995
"asymmetric_mixture",233,300,155992158
"bimodal_mixture",233,300,1706298859
"gaussian",234,300,11465061
"skew_normal",234,300,1678728701
"asymmetric_mixture",234,300,2137574875
"bimodal_mixture",234,300,453000508
"gaussian",235,300,220962715
"skew_normal",235,300,756487062
"asymmetric_mixture",235,300,1238820282
"bimodal_mixture",235,300,1607289107
"gaussian",236,300,386902953
"skew_normal",236,300,1970686677
"asymmetric_mixture",236,300,650275311
"bimodal_mixture",236,300,1539289209
"gaussian",237,300,454146599
"skew_normal",237,300,1796974233
"asymmetric_mixture",237,300,8955802
"bimodal_mixture",237,300,878185098
"gaussian",238,300,1229882954
"skew_normal",238,300,1717121072
"asymmetric_mixture",238,300,1447838413
"bimodal_mixture",238,300,1500591970
"gaussian",239,300,2009163789
"skew_normal",239,300,2129042220
"asymmetric_mixture",239,300,89728986
"bimodal_mixture",239,300,1970954592
"gaussian",240,300,2102176653
"skew_normal",240,300,251574170
"asymmetric_mixture",240,300,651766664
"bimodal_mixture",240,300,1689153060
"gaussian",241,300,1691366209
"skew_normal",241,300,931170978
"asymmetric_mixture",241,300,909987846
"bimodal_mixture",241,300,1447502462
"gaussian",242,300,1301241345
"skew_normal",242,300,1732232270
"asymmetric_mixture",242,300,1370299160
"bimodal_mixture",242,300,987361587
"gaussian",243,300,1256399528
"skew_normal",243,300,864135651
"asymmetric_mixture",243,300,2143319531
"bimodal_mixture",243,300,1221549406
"gaussian",244,300,1473890641
"skew_normal",244,300,484036701
"asymmetric_mixture",244,300,1220650956
"bimodal_mixture",244,300,1854529059
"gaussian",245,300,736517968
"skew_normal",245,300,2071056064
"asymmetric_mixture",245,300,1933281709
"bimodal_mixture",245,300,492064718
"gaussian",246,300,271781370
"skew_normal",246,300,1990649909
"asymmetric_mixture",246,300,1298125887
"bimodal_mixture",246,300,1889906974
"gaussian",247,300,38650737
"skew_normal",247,300,745992082
"asymmetric_mixture",247,300,1071395797
"bimodal_mixture",247,300,1361399826
"gaussian",248,300,1126181986
"skew_normal",248,300,1056719119
"asymmetric_mixture",248,300,874789662
"bimodal_mixture",248,300,1788869106
"gaussian",249,300,1115293404
"skew_normal",249,300,1067781450
"asymmetric_mixture",249,300,870451153
"bimodal_mixture",249,300,727216573
"gaussian",250,300,1755248784
"skew_normal",250,300,1261461186
"asymmetric_mixture",250,300,489050868
"bimodal_mixture",250,300,1853158734
"gaussian",251,300,1724019731
"skew_normal",251,300,459705268
"asymmetric_mixture",251,300,218697195
"bimodal_mixture",251,300,871592836
"gaussian",252,300,801769753
"skew_normal",252,300,611147928
"asymmetric_mixture",252,300,256926468
"bimodal_mixture",252,300,703809435
"gaussian",253,300,985621681
"skew_normal",253,300,1193755277
"asymmetric_mixture",253,300,1454740072
"bimodal_mixture",253,300,1468917165
"gaussian",254,300,2108662308
"skew_normal",254,300,399016634
"asymmetric_mixture",254,300,299462803
"bimodal_mixture",254,300,764976861
"gaussian",255,300,487349058
"skew_normal",255,300,1583789417
"asymmetric_mixture",255,300,1975031358
"bimodal_mixture",255,300,1751270410
"gaussian",256,300,1678591087
"skew_normal",256,300,1804121477
"asymmetric_mixture",256,300,2062750417
"bimodal_mixture",256,300,1446684618
"gaussian",257,300,251320480
"skew_normal",257,300,2133228931
"asymmetric_mixture",257,300,1598157713
"bimodal_mixture",257,300,1465631352
"gaussian",258,300,893465835
"skew_normal",258,300,29565469
"asymmetric_mixture",258,300,2141722899
"bimodal_mixture",258,300,1590703517
"gaussian",259,300,1209777620
"skew_normal",259,300,959823304
"asymmetric_mixture",259,300,1990096864
"bimodal_mixture",259,300,1003668295
"gaussian",260,300,1134738206
"skew_normal",260,300,1818526440
"asymmetric_mixture",260,300,1137233512
"bimodal_mixture",260,300,1617333046
"gaussian",261,300,216210887
"skew_normal",261,300,1926446264
"asymmetric_mixture",261,300,1428623440
"bimodal_mixture",261,300,1801389985
"gaussian",262,300,1524325341
"skew_normal",262,300,1834508881
"asymmetric_mixture",262,300,1970681396
"bimodal_mixture",262,300,813567241
"gaussian",263,300,1881796477
"skew_normal",263,300,543561110
"asymmetric_mixture",263,300,292518439
"bimodal_mixture",263,300,1922631425
"gaussian",264,300,945990933
"skew_normal",264,300,1176256833
"asymmetric_mixture",264,300,309491329
"bimodal_mixture",264,300,1998815213
"gaussian",265,300,472891042
"skew_normal",265,300,2062460413
"asymmetric_mixture",265,300,511315222
"bimodal_mixture",265,300,1539533536
"gaussian",266,300,1805565318
"skew_normal",266,300,573931194
"asymmetric_mixture",266,300,316766178
"bimodal_mixture",266,300,1629175418
"gaussian",267,300,280847746
"skew_normal",267,300,1403518575
"asymmetric_mixture",267,300,1545099539
"bimodal_mixture",267,300,1391143179
"gaussian",268,300,680626971
"skew_normal",268,300,205909521
"asymmetric_mixture",268,300,1742682728
"bimodal_mixture",268,300,1573774941
"gaussian",269,300,953135403
"skew_normal",269,300,1590142608
"asymmetric_mixture",269,300,1698522257
"bimodal_mixture",269,300,999196580
"gaussian",270,300,515713777
"skew_normal",270,300,616354777
"asymmetric_mixture",270,300,1455998380
"bimodal_mixture",270,300,1714957111
"gaussian",271,300,1692292902
"skew_normal",271,300,1956062003
"asymmetric_mixture",271,300,1752333833
"bimodal_mixture",271,300,1649674280
"gaussian",272,300,315526150
"skew_normal",272,300,513706824
"asymmetric_mixture",272,300,1341050035
"bimodal_mixture",272,300,939596555
"gaussian",273,300,1760524599
"skew_normal",273,300,137537403
"asymmetric_mixture",273,300,127523446
"bimodal_mixture",273,300,2077530849
"gaussian",274,300,817177429
"skew_normal",274,300,608636895
"asymmetric_mixture",274,300,1562926668
"bimodal_mixture",274,300,1909068740
"gaussian",275,300,893825001
"skew_normal",275,300,1434513464
"asymmetric_mixture",275,300,836222674
"bimodal_mixture",275,300,2015886195
"gaussian",276,300,1504710740
"skew_normal",276,300,2066069480
"asymmetric_mixture",276,300,871282757
"bimodal_mixture",276,300,89189228
"gaussian",277,300,56792844
"skew_normal",277,300,1718884276
"asymmetric_mixture",277,300,862776557
"bimodal_mixture",277,300,1859890486
"gaussian",278,300,956233690
"skew_normal",278,300,1059628122
"asymmetric_mixture",278,300,1760807693
"bimodal_mixture",278,300,1769776639
"gaussian",279,300,1443658549
"skew_normal",279,300,479482714
"asymmetric_mixture",279,300,1652221371
"bimodal_mixture",279,300,1542576066
"gaussian",280,300,406880082
"skew_normal",280,300,583856239
"asymmetric_mixture",280,300,718377633
"bimodal_mixture",280,300,642746768
"gaussian",281,300,384971522
"skew_normal",281,300,1647796026
"asymmetric_mixture",281,300,869058305
"bimodal_mixture",281,300,108844482
"gaussian",282,300,1697126292
"skew_normal",282,300,590318149
"asymmetric_mixture",282,300,160001318
"bimodal_mixture",282,300,955454943
"gaussian",283,300,1977531805
"skew_normal",283,300,1569926154
"asymmetric_mixture",283,300,82646791
"bimodal_mixture",283,300,1312913242
"gaussian",284,300,1051394394
"skew_normal",284,300,706501549
"asymmetric_mixture",284,300,45179539
"bimodal_mixture",284,300,1601909442
"gaussian",285,300,1908834661
"skew_normal",285,300,1091831183
"asymmetric_mixture",285,300,1670002293
"bimodal_mixture",285,300,1219346316
"gaussian",286,300,209843610
"skew_normal",286,300,1940363431
"asymmetric_mixture",286,300,1987058387
"bimodal_mixture",286,300,503550534
"gaussian",287,300,1197718167
"skew_normal",287,300,318980475
"asymmetric_mixture",287,300,24668535
"bimodal_mixture",287,300,1096825920
"gaussian",288,300,1870313525
"skew_normal",288,300,445366274
"asymmetric_mixture",288,300,945635421
"bimodal_mixture",288,300,546818925
"gaussian",289,300,1477524436
"skew_normal",289,300,181458056
"asymmetric_mixture",289,300,1012969534
"bimodal_mixture",289,300,2067165589
"gaussian",290,300,525447075
"skew_normal",290,300,1145749999
"asymmetric_mixture",290,300,1032087824
"bimodal_mixture",290,300,324871182
"gaussian",291,300,433285045
"skew_normal",291,300,1893197625
"asymmetric_mixture",291,300,373680987
"bimodal_mixture",291,300,1834586375
"gaussian",292,300,2064049767
"skew_normal",292,300,1370556979
"asymmetric_mixture",292,300,1887715013
"bimodal_mixture",292,300,1094345423
"gaussian",293,300,1246553055
"skew_normal",293,300,1954292750
"asymmetric_mixture",293,300,1450971482
"bimodal_mixture",293,300,1485169412
"gaussian",294,300,521271753
"skew_normal",294,300,1536898325
"asymmetric_mixture",294,300,396599300
"bimodal_mixture",294,300,888995319
"gaussian",295,300,709922565
"skew_normal",295,300,618939996
"asymmetric_mixture",295,300,1574366577
"bimodal_mixture",295,300,213877424
"gaussian",296,300,2096872672
"skew_normal",296,300,1787960191
"asymmetric_mixture",296,300,421814994
"bimodal_mixture",296,300,1010759969
"gaussian",297,300,1117102487
"skew_normal",297,300,639388236
"asymmetric_mixture",297,300,780161043
"bimodal_mixture",297,300,1596601485
"gaussian",298,300,1277186696
"skew_normal",298,300,1291124063
"asymmetric_mixture",298,300,5290630
"bimodal_mixture",298,300,316477804
"gaussian",299,300,926863617
"skew_normal",299,300,866141299
"asymmetric_mixture",299,300,290038935
"bimodal_mixture",299,300,818533826
"gaussian",300,300,516919620
"skew_normal",300,300,1939594504
"asymmetric_mixture",300,300,1732539541
"bimodal_mixture",300,300,1685654080
"gaussian",301,300,198117426
"skew_normal",301,300,1698892997
"asymmetric_mixture",301,300,444645644
"bimodal_mixture",301,300,138625363
"gaussian",302,300,1552192746
"skew_normal",302,300,1278943445
"asymmetric_mixture",302,300,1759509454
"bimodal_mixture",302,300,2120176670
"gaussian",303,300,843593960
"skew_normal",303,300,999332890
"asymmetric_mixture",303,300,2141365090
"bimodal_mixture",303,300,92774687
"gaussian",304,300,1544482628
"skew_normal",304,300,1417042671
"asymmetric_mixture",304,300,1770556182
"bimodal_mixture",304,300,234925339
"gaussian",305,300,1670623617
"skew_normal",305,300,336185704
"asymmetric_mixture",305,300,19120902
"bimodal_mixture",305,300,1539409915
"gaussian",306,300,271876038
"skew_normal",306,300,1141172739
"asymmetric_mixture",306,300,1328781593
"bimodal_mixture",306,300,861673598
"gaussian",307,300,1833180318
"skew_normal",307,300,777597950
"asymmetric_mixture",307,300,1042085708
"bimodal_mixture",307,300,1602758415
"gaussian",308,300,650957711
"skew_normal",308,300,312669198
"asymmetric_mixture",308,300,33387993
"bimodal_mixture",308,300,1154536931
"gaussian",309,300,1017673593
"skew_normal",309,300,1152625280
"asymmetric_mixture",309,300,709682343
"bimodal_mixture",309,300,2113680570
"gaussian",310,300,374734030
"skew_normal",310,300,618966812
"asymmetric_mixture",310,300,292282982
"bimodal_mixture",310,300,619207447
"gaussian",311,300,643183729
"skew_normal",311,300,1249599300
"asymmetric_mixture",311,300,1277668697
"bimodal_mixture",311,300,771376457
"gaussian",312,300,1897189722
"skew_normal",312,300,423371126
"asymmetric_mixture",312,300,39074991
"bimodal_mixture",312,300,1511550979
"gaussian",313,300,1391690586
"skew_normal",313,300,875236368
"asymmetric_mixture",313,300,704971763
"bimodal_mixture",313,300,1016767095
"gaussian",314,300,1741721582
"skew_normal",314,300,2047554988
"asymmetric_mixture",314,300,1512299080
"bimodal_mixture",314,300,749445113
"gaussian",315,300,1574909595
"skew_normal",315,300,2124591397
"asymmetric_mixture",315,300,1949213947
"bimodal_mixture",315,300,1524880659
"gaussian",316,300,1202435288
"skew_normal",316,300,1384882045
"asymmetric_mixture",316,300,1666567527
"bimodal_mixture",316,300,1533018989
"gaussian",317,300,156866130
"skew_normal",317,300,5605730
"asymmetric_mixture",317,300,951024022
"bimodal_mixture",317,300,2025125380
"gaussian",318,300,1739768297
"skew_normal",318,300,1472684462
"asymmetric_mixture",318,300,559615321
"bimodal_mixture",318,300,1094864049
"gaussian",319,300,823155057
"skew_normal",319,300,1442388725
"asymmetric_mixture",319,300,1792566661
"bimodal_mixture",319,300,516603428
"gaussian",320,300,1169984928
"skew_normal",320,300,1014359512
"asymmetric_mixture",320,300,1379335663
"bimodal_mixture",320,300,989794536
"gaussian",321,300,959458229
"skew_normal",321,300,1574318402
"asymmetric_mixture",321,300,1327049859
"bimodal_mixture",321,300,1221790540
"gaussian",322,300,600938174
"skew_normal",322,300,1888750275
"asymmetric_mixture",322,300,1194730860
"bimodal_mixture",322,300,77684928
"gaussian",323,300,747639203
"skew_normal",323,300,1943786581
"asymmetric_mixture",323,300,666583030
"bimodal_mixture",323,300,1795538698
"gaussian",324,300,71761152
"skew_normal",324,300,1771918816
"asymmetric_mixture",324,300,1025792241
"bimodal_mixture",324,300,456461040
"gaussian",325,300,1618118398
"skew_normal",325,300,903969703
"asymmetric_mixture",325,300,1807394251
"bimodal_mixture",325,300,2087623900
"gaussian",326,300,1579861315
"skew_normal",326,300,539157189
"asymmetric_mixture",326,300,982013693
"bimodal_mixture",326,300,462063526
"gaussian",327,300,272065463
"skew_normal",327,300,799544801
"asymmetric_mixture",327,300,972247583
"bimodal_mixture",327,300,305118626
"gaussian",328,300,1465515154
"skew_normal",328,300,1933730851
"asymmetric_mixture",328,300,714535762
"bimodal_mixture",328,300,1733679980
"gaussian",329,300,47507275
"skew_normal",329,300,227973448
"asymmetric_mixture",329,300,1016562327
"bimodal_mixture",329,300,1370185847
"gaussian",330,300,2066924560
"skew_normal",330,300,836748829
"asymmetric_mixture",330,300,576528426
"bimodal_mixture",330,300,949408284
"gaussian",331,300,301420430
"skew_normal",331,300,1613933311
"asymmetric_mixture",331,300,1210878305
"bimodal_mixture",331,300,2133187547
"gaussian",332,300,1894206621
"skew_normal",332,300,1272230179
"asymmetric_mixture",332,300,2045249884
"bimodal_mixture",332,300,1898723206
"gaussian",333,300,258844076
"skew_normal",333,300,174095485
"asymmetric_mixture",333,300,237398318
"bimodal_mixture",333,300,325132009
"gaussian",334,300,1516120356
"skew_normal",334,300,775112424
"asymmetric_mixture",334,300,989791283
"bimodal_mixture",334,300,536124630
"gaussian",335,300,561606490
"skew_normal",335,300,1511052343
"asymmetric_mixture",335,300,1923195530
"bimodal_mixture",335,300,1558797452
"gaussian",336,300,1346292969
"skew_normal",336,300,564968428
"asymmetric_mixture",336,300,1160959443
"bimodal_mixture",336,300,1897676969
"gaussian",337,300,1174188963
"skew_normal",337,300,710401844
"asymmetric_mixture",337,300,696222103
"bimodal_mixture",337,300,1365592721
"gaussian",338,300,843389236
"skew_normal",338,300,996711596
"asymmetric_mixture",338,300,1528750772
"bimodal_mixture",338,300,989526161
"gaussian",339,300,1022762555
"skew_normal",339,300,1439193238
"asymmetric_mixture",339,300,964437737
"bimodal_mixture",339,300,1652377766
"gaussian",340,300,726794558
"skew_normal",340,300,1441162223
"asymmetric_mixture",340,300,205402612
"bimodal_mixture",340,300,1700414373
"gaussian",341,300,1815881830
"skew_normal",341,300,724921506
"asymmetric_mixture",341,300,198194962
"bimodal_mixture",341,300,2075318884
"gaussian",342,300,1630304592
"skew_normal",342,300,1910003578
"asymmetric_mixture",342,300,2044155871
"bimodal_mixture",342,300,592663015
"gaussian",343,300,111913518
"skew_normal",343,300,628118254
"asymmetric_mixture",343,300,535716650
"bimodal_mixture",343,300,302111807
"gaussian",344,300,701120453
"skew_normal",344,300,849165098
"asymmetric_mixture",344,300,1878178224
"bimodal_mixture",344,300,847620606
"gaussian",345,300,1207785196
"skew_normal",345,300,1546978902
"asymmetric_mixture",345,300,1047253909
"bimodal_mixture",345,300,946479228
"gaussian",346,300,1723051354
"skew_normal",346,300,1108837277
"asymmetric_mixture",346,300,1064660682
"bimodal_mixture",346,300,1690594200
"gaussian",347,300,261671631
"skew_normal",347,300,1919677532
"asymmetric_mixture",347,300,264366208
"bimodal_mixture",347,300,293206517
"gaussian",348,300,2051306651
"skew_normal",348,300,1416881090
"asymmetric_mixture",348,300,1710734119
"bimodal_mixture",348,300,1688606218
"gaussian",349,300,523152730
"skew_normal",349,300,545958327
"asymmetric_mixture",349,300,1553255207
"bimodal_mixture",349,300,749454549
"gaussian",350,300,1228487639
"skew_normal",350,300,1918343705
"asymmetric_mixture",350,300,100520967
"bimodal_mixture",350,300,1046791810
"gaussian",351,300,1370680736
"skew_normal",351,300,607313824
"asymmetric_mixture",351,300,1450154060
"bimodal_mixture",351,300,1841122600
"gaussian",352,300,274407852
"skew_normal",352,300,633189008
"asymmetric_mixture",352,300,1913347833
"bimodal_mixture",352,300,464367296
"gaussian",353,300,1595322346
"skew_normal",353,300,373353814
"asymmetric_mixture",353,300,714039973
"bimodal_mixture",353,300,1677561453
"gaussian",354,300,164733546
"skew_normal",354,300,1101446320
"asymmetric_mixture",354,300,1759641173
"bimodal_mixture",354,300,1618188492
"gaussian",355,300,622752851
"skew_normal",355,300,1882184231
"asymmetric_mixture",355,300,604272215
"bimodal_mixture",355,300,1435474050
"gaussian",356,300,898538130
"skew_normal",356,300,34517661
"asymmetric_mixture",356,300,976371447
"bimodal_mixture",356,300,1633420316
"gaussian",357,300,1135769890
"skew_normal",357,300,1607637776
"asymmetric_mixture",357,300,409168549
"bimodal_mixture",357,300,514376120
"gaussian",358,300,368486963
"skew_normal",358,300,1525330419
"asymmetric_mixture",358,300,1976911068
"bimodal_mixture",358,300,1341785061
"gaussian",359,300,1628903058
"skew_normal",359,300,587996391
"asymmetric_mixture",359,300,1788943147
"bimodal_mixture",359,300,680334386
"gaussian",360,300,1951368269
"skew_normal",360,300,1091351650
"asymmetric_mixture",360,300,1112782422
"bimodal_mixture",360,300,1292579339
"gaussian",361,300,1104073082
"skew_normal",361,300,2010577169
"asymmetric_mixture",361,300,1791078365
"bimodal_mixture",361,300,1053911779
"gaussian",362,300,117656725
"skew_normal",362,300,760453358
"asymmetric_mixture",362,300,1444605607
"bimodal_mixture",362,300,2086275892
"gaussian",363,300,1938250419
"skew_normal",363,300,86776884
"asymmetric_mixture",363,300,1094029436
"bimodal_mixture",363,300,1503115513
"gaussian",364,300,1303769329
"skew_normal",364,300,832101799
"asymmetric_mixture",364,300,63366467
"bimodal_mixture",364,300,1053222934
"gaussian",365,300,533094780
"skew_normal",365,300,970971089
"asymmetric_mixture",365,300,1880643846
"bimodal_mixture",365,300,1619021490
"gaussian",366,300,184221784
"skew_normal",366,300,1072788827
"asymmetric_mixture",366,300,2116913781
"bimodal_mixture",366,300,1156088488
"gaussian",367,300,1856082527
"skew_normal",367,300,1169897964
"asymmetric_mixture",367,300,1295995360
"bimodal_mixture",367,300,1286627572
"gaussian",368,300,1299032542
"skew_normal",368,300,1081514031
"asymmetric_mixture",368,300,1354507903
"bimodal_mixture",368,300,1761479480
"gaussian",369,300,402490022
"skew_normal",369,300,202313915
"asymmetric_mixture",369,300,766747479
"bimodal_mixture",369,300,985688892
"gaussian",370,300,547095758
"skew_normal",370,300,1770926709
"asymmetric_mixture",370,300,454232371
"bimodal_mixture",370,300,108118020
"gaussian",371,300,837713570
"skew_normal",371,300,879522292
"asymmetric_mixture",371,300,233669965
"bimodal_mixture",371,300,877096804
"gaussian",372,300,1192645759
"skew_normal",372,300,559887166
"asymmetric_mixture",372,300,1792288415
"bimodal_mixture",372,300,1817031411
"gaussian",373,300,550931096
"skew_normal",373,300,689130544
"asymmetric_mixture",373,300,1338188875
"bimodal_mixture",373,300,1940596541
"gaussian",374,300,1478215992
"skew_normal",374,300,620943688
"asymmetric_mixture",374,300,1965049660
"bimodal_mixture",374,300,1839315642
"gaussian",375,300,938709374
"skew_normal",375,300,1115937178
"asymmetric_mixture",375,300,1131564325
"bimodal_mixture",375,300,1372797849
"gaussian",376,300,1748836186
"skew_normal",376,300,1264374520
"asymmetric_mixture",376,300,2118313812
"bimodal_mixture",376,300,1870138388
"gaussian",377,300,241405930
"skew_normal",377,300,753373757
"asymmetric_mixture",377,300,148678273
"bimodal_mixture",377,300,1246181080
"gaussian",378,300,1758945045
"skew_normal",378,300,1698947393
"asymmetric_mixture",378,300,2039725298
"bimodal_mixture",378,300,698031573
"gaussian",379,300,1314397970
"skew_normal",379,300,1444891121
"asymmetric_mixture",379,300,960121195
"bimodal_mixture",379,300,1829715473
"gaussian",380,300,1951780656
"skew_normal",380,300,285525155
"asymmetric_mixture",380,300,1486348150
"bimodal_mixture",380,300,559146677
"gaussian",381,300,416865481
"skew_normal",381,300,733809831
"asymmetric_mixture",381,300,474609931
"bimodal_mixture",381,300,406915568
"gaussian",382,300,1482173064
"skew_normal",382,300,910356172
"asymmetric_mixture",382,300,1653525251
"bimodal_mixture",382,300,198336174
"gaussian",383,300,616565776
"skew_normal",383,300,238565654
"asymmetric_mixture",383,300,403326047
"bimodal_mixture",383,300,2104244289
"gaussian",384,300,7906931
"skew_normal",384,300,259100698
"asymmetric_mixture",384,300,111381152
"bimodal_mixture",384,300,193376814
"gaussian",385,300,1307666956
"skew_normal",385,300,1539731861
"asymmetric_mixture",385,300,1952789033
"bimodal_mixture",385,300,448182164
"gaussian",386,300,1237813006
"skew_normal",386,300,1598443644
"asymmetric_mixture",386,300,2076811541
"bimodal_mixture",386,300,2117057947
"gaussian",387,300,428901049
"skew_normal",387,300,1553189108
"asymmetric_mixture",387,300,1065984263
"bimodal_mixture",387,300,2144725182
"gaussian",388,300,619690084
"skew_normal",388,300,119170723
"asymmetric_mixture",388,300,1588563267
"bimodal_mixture",388,300,1208928331
"gaussian",389,300,1198692232
"skew_normal",389,300,692142636
"asymmetric_mixture",389,300,1184556464
"bimodal_mixture",389,300,1361041400
"gaussian",390,300,746275146
"skew_normal",390,300,1070923965
"asymmetric_mixture",390,300,1663413015
"bimodal_mixture",390,300,911014828
"gaussian",391,300,1229079585
"skew_normal",391,300,215511074
"asymmetric_mixture",391,300,983454596
"bimodal_mixture",391,300,2114832187
"gaussian",392,300,1442417185
"skew_normal",392,300,464171897
"asymmetric_mixture",392,300,1740596972
"bimodal_mixture",392,300,443092788
"gaussian",393,300,746632230
"skew_normal",393,300,1173912472
"asymmetric_mixture",393,300,737974773
"bimodal_mixture",393,300,303303798
"gaussian",394,300,220753319
"skew_normal",394,300,486310616
"asymmetric_mixture",394,300,1023039915
"bimodal_mixture",394,300,1070347227
"gaussian",395,300,901854611
"skew_normal",395,300,1105994095
"asymmetric_mixture",395,300,91949857
"bimodal_mixture",395,300,1448321041
"gaussian",396,300,181812770
"skew_normal",396,300,214148339
"asymmetric_mixture",396,300,846187570
"bimodal_mixture",396,300,838147643
"gaussian",397,300,189620937
"skew_normal",397,300,1841914610
"asymmetric_mixture",397,300,1922728114
"bimodal_mixture",397,300,1164257010
"gaussian",398,300,507791567
"skew_normal",398,300,6897473
"asymmetric_mixture",398,300,1774202235
"bimodal_mixture",398,300,560680539
"gaussian",399,300,111698343
"skew_normal",399,300,1643189487
"asymmetric_mixture",399,300,662486676
"bimodal_mixture",399,300,790331633
"gaussian",400,300,91283977
"skew_normal",400,300,427968583
"asymmetric_mixture",400,300,512647917
"bimodal_mixture",400,300,1553426755
"gaussian",401,300,1676455498
"skew_normal",401,300,159763236
"asymmetric_mixture",401,300,1191257122
"bimodal_mixture",401,300,1211083027
"gaussian",402,300,18319574
"skew_normal",402,300,1065901929
"asymmetric_mixture",402,300,955521374
"bimodal_mixture",402,300,2010654699
"gaussian",403,300,1073454141
"skew_normal",403,300,1399990712
"asymmetric_mixture",403,300,92745954
"bimodal_mixture",403,300,1796355567
"gaussian",404,300,1019340975
"skew_normal",404,300,291994856
"asymmetric_mixture",404,300,1682393634
"bimodal_mixture",404,300,280929469
"gaussian",405,300,1507544410
"skew_normal",405,300,1680698923
"asymmetric_mixture",405,300,1757569047
"bimodal_mixture",405,300,479533454
"gaussian",406,300,283261563
"skew_normal",406,300,137499252
"asymmetric_mixture",406,300,1468421803
"bimodal_mixture",406,300,1708337737
"gaussian",407,300,651601937
"skew_normal",407,300,2139466079
"asymmetric_mixture",407,300,96677167
"bimodal_mixture",407,300,418512053
"gaussian",408,300,327635549
"skew_normal",408,300,1329469754
"asymmetric_mixture",408,300,1138360696
"bimodal_mixture",408,300,947133956
"gaussian",409,300,482526434
"skew_normal",409,300,639825450
"asymmetric_mixture",409,300,1299184069
"bimodal_mixture",409,300,89401028
"gaussian",410,300,350250081
"skew_normal",410,300,1417105535
"asymmetric_mixture",410,300,1046201970
"bimodal_mixture",410,300,1078936610
"gaussian",411,300,1122146520
"skew_normal",411,300,494357854
"asymmetric_mixture",411,300,1096867140
"bimodal_mixture",411,300,2103360168
"gaussian",412,300,869559607
"skew_normal",412,300,645712995
"asymmetric_mixture",412,300,816216572
"bimodal_mixture",412,300,346423620
"gaussian",413,300,1991916064
"skew_normal",413,300,223475097
"asymmetric_mixture",413,300,1837491133
"bimodal_mixture",413,300,2134829695
"gaussian",414,300,991556107
"skew_normal",414,300,1576217584
"asymmetric_mixture",414,300,2065747347
"bimodal_mixture",414,300,1673113820
"gaussian",415,300,1010008911
"skew_normal",415,300,2075992939
"asymmetric_mixture",415,300,1489859874
"bimodal_mixture",415,300,1417644859
"gaussian",416,300,792996901
"skew_normal",416,300,1383205570
"asymmetric_mixture",416,300,1969374739
"bimodal_mixture",416,300,1572044798
"gaussian",417,300,932679934
"skew_normal",417,300,2104039531
"asymmetric_mixture",417,300,1555541211
"bimodal_mixture",417,300,1794132144
"gaussian",418,300,752841393
"skew_normal",418,300,959470381
"asymmetric_mixture",418,300,1655878006
"bimodal_mixture",418,300,1989621864
"gaussian",419,300,1413271671
"skew_normal",419,300,2102347341
"asymmetric_mixture",419,300,1802259352
"bimodal_mixture",419,300,783146186
"gaussian",420,300,1456189408
"skew_normal",420,300,1708862943
"asymmetric_mixture",420,300,1404826298
"bimodal_mixture",420,300,173541498
"gaussian",421,300,228365674
"skew_normal",421,300,667882889
"asymmetric_mixture",421,300,1583929551
"bimodal_mixture",421,300,1320917051
"gaussian",422,300,379546655
"skew_normal",422,300,2117027237
"asymmetric_mixture",422,300,310069482
"bimodal_mixture",422,300,124779385
"gaussian",423,300,962325436
"skew_normal",423,300,1065356981
"asymmetric_mixture",423,300,2005252866
"bimodal_mixture",423,300,2075182609
"gaussian",424,300,1641699825
"skew_normal",424,300,1996280840
"asymmetric_mixture",424,300,1610004639
"bimodal_mixture",424,300,367826067
"gaussian",425,300,383667424
"skew_normal",425,300,1344372661
"asymmetric_mixture",425,300,381151542
"bimodal_mixture",425,300,821693963
"gaussian",426,300,1644921821
"skew_normal",426,300,953814793
"asymmetric_mixture",426,300,1957447969
"bimodal_mixture",426,300,500969280
"gaussian",427,300,1739562975
"skew_normal",427,300,715851699
"asymmetric_mixture",427,300,1859446966
"bimodal_mixture",427,300,1000060408
"gaussian",428,300,564471360
"skew_normal",428,300,2067980489
"asymmetric_mixture",428,300,474561936
"bimodal_mixture",428,300,1299676913
"gaussian",429,300,1818996784
"skew_normal",429,300,2113769294
"asymmetric_mixture",429,300,1580517424
"bimodal_mixture",429,300,23468907
"gaussian",430,300,1327760349
"skew_normal",430,300,592759257
"asymmetric_mixture",430,300,1770758128
"bimodal_mixture",430,300,622823000
"gaussian",431,300,2146639520
"skew_normal",431,300,1622310928
"asymmetric_mixture",431,300,376157725
"bimodal_mixture",431,300,177124668
"gaussian",432,300,998640525
"skew_normal",432,300,1710173660
"asymmetric_mixture",432,300,320500638
"bimodal_mixture",432,300,1042124569
"gaussian",433,300,1180320530
"skew_normal",433,300,566486977
"asymmetric_mixture",433,300,1044789804
"bimodal_mixture",433,300,1734859062
"gaussian",434,300,388786553
"skew_normal",434,300,1024029988
"asymmetric_mixture",434,300,1790592816
"bimodal_mixture",434,300,1259345175
"gaussian",435,300,1500990675
"skew_normal",435,300,922443337
"asymmetric_mixture",435,300,2000906092
"bimodal_mixture",435,300,308981445
"gaussian",436,300,2009346547
"skew_normal",436,300,356040044
"asymmetric_mixture",436,300,1511508057
"bimodal_mixture",436,300,1535583438
"gaussian",437,300,1055023490
"skew_normal",437,300,1363021755
"asymmetric_mixture",437,300,359967490
"bimodal_mixture",437,300,1600663670
"gaussian",438,300,1017150888
"skew_normal",438,300,671239446
"asymmetric_mixture",438,300,708535290
"bimodal_mixture",438,300,1176022970
"gaussian",439,300,885505086
"skew_normal",439,300,1969586386
"asymmetric_mixture",439,300,493970849
"bimodal_mixture",439,300,804250716
"gaussian",440,300,2019609781
"skew_normal",440,300,205989939
"asymmetric_mixture",440,300,183332794
"bimodal_mixture",440,300,1569743191
"gaussian",441,300,1652702376
"skew_normal",441,300,692877858
"asymmetric_mixture",441,300,720087598
"bimodal_mixture",441,300,1010473817
"gaussian",442,300,1942191436
"skew_normal",442,300,197575428
"asymmetric_mixture",442,300,781859045
"bimodal_mixture",442,300,368947772
"gaussian",443,300,1324289635
"skew_normal",443,300,1704390003
"asymmetric_mixture",443,300,645778249
"bimodal_mixture",443,300,282687993
"gaussian",444,300,1468435098
"skew_normal",444,300,1341822722
"asymmetric_mixture",444,300,1685439242
"bimodal_mixture",444,300,2058675371
"gaussian",445,300,1041106284
"skew_normal",445,300,1349019562
"asymmetric_mixture",445,300,1035177824
"bimodal_mixture",445,300,2135476491
"gaussian",446,300,997178295
"skew_normal",446,300,1992407205
"asymmetric_mixture",446,300,651544391
"bimodal_mixture",446,300,511385911
"gaussian",447,300,1713191956
"skew_normal",447,300,422611433
"asymmetric_mixture",447,300,1548021666
"bimodal_mixture",447,300,1430384853
"gaussian",448,300,289763784
"skew_normal",448,300,1552843538
"asymmetric_mixture",448,300,188970017
"bimodal_mixture",448,300,862989277
"gaussian",449,300,1929634663
"skew_normal",449,300,1404580780
"asymmetric_mixture",449,300,1476290887
"bimodal_mixture",449,300,2114495512
"gaussian",450,300,1700259507
"skew_normal",450,300,1065122121
"asymmetric_mixture",450,300,1449247292
"bimodal_mixture",450,300,431527478
"gaussian",451,300,1298837841
"skew_normal",451,300,498766925
"asymmetric_mixture",451,300,104826238
"bimodal_mixture",451,300,2024797769
"gaussian",452,300,538562174
"skew_normal",452,300,43050306
"asymmetric_mixture",452,300,1204659972
"bimodal_mixture",452,300,267971673
"gaussian",453,300,1445206217
"skew_normal",453,300,688055173
"asymmetric_mixture",453,300,2129502905
"bimodal_mixture",453,300,538691181
"gaussian",454,300,1850400437
"skew_normal",454,300,49566380
"asymmetric_mixture",454,300,786169805
"bimodal_mixture",454,300,1572304211
"gaussian",455,300,91937221
"skew_normal",455,300,1689287975
"asymmetric_mixture",455,300,2053816649
"bimodal_mixture",455,300,1281133500
"gaussian",456,300,1878919889
"skew_normal",456,300,511106637
"asymmetric_mixture",456,300,546484663
"bimodal_mixture",456,300,2053217590
"gaussian",457,300,396817142
"skew_normal",457,300,917510910
"asymmetric_mixture",457,300,1042238859
"bimodal_mixture",457,300,931517809
"gaussian",458,300,624540116
"skew_normal",458,300,846294120
"asymmetric_mixture",458,300,1318190098
"bimodal_mixture",458,300,1264330818
"gaussian",459,300,1621391809
"skew_normal",459,300,2108617116
"asymmetric_mixture",459,300,1992104208
"bimodal_mixture",459,300,1811441233
"gaussian",460,300,1389563281
"skew_normal",460,300,409601353
"asymmetric_mixture",460,300,864148161
"bimodal_mixture",460,300,1763035609
"gaussian",461,300,678774012
"skew_normal",461,300,1559729367
"asymmetric_mixture",461,300,1949653741
"bimodal_mixture",461,300,1187194139
"gaussian",462,300,1828017672
"skew_normal",462,300,821631440
"asymmetric_mixture",462,300,932770324
"bimodal_mixture",462,300,751174404
"gaussian",463,300,1095930479
"skew_normal",463,300,1512536941
"asymmetric_mixture",463,300,1471512653
"bimodal_mixture",463,300,1851496763
"gaussian",464,300,1157252384
"skew_normal",464,300,1371603371
"asymmetric_mixture",464,300,449944244
"bimodal_mixture",464,300,1323757297
"gaussian",465,300,1384871898
"skew_normal",465,300,1542760003
"asymmetric_mixture",465,300,842193650
"bimodal_mixture",465,300,1482956578
"gaussian",466,300,538342934
"skew_normal",466,300,1875323798
"asymmetric_mixture",466,300,576813911
"bimodal_mixture",466,300,1335896193
"gaussian",467,300,385813359
"skew_normal",467,300,906323176
"asymmetric_mixture",467,300,1793368483
"bimodal_mixture",467,300,2066608204
"gaussian",468,300,144229619
"skew_normal",468,300,1110120726
"asymmetric_mixture",468,300,490574947
"bimodal_mixture",468,300,2030622693
"gaussian",469,300,2088019101
"skew_normal",469,300,126955199
"asymmetric_mixture",469,300,1002520699
"bimodal_mixture",469,300,1679954635
"gaussian",470,300,696573430
"skew_normal",470,300,1081971964
"asymmetric_mixture",470,300,670943055
"bimodal_mixture",470,300,1445636133
"gaussian",471,300,170788034
"skew_normal",471,300,862915810
"asymmetric_mixture",471,300,962971186
"bimodal_mixture",471,300,1470363918
"gaussian",472,300,864334447
"skew_normal",472,300,730948391
"asymmetric_mixture",472,300,1459213294
"bimodal_mixture",472,300,1131759350
"gaussian",473,300,141287676
"skew_normal",473,300,364042548
"asymmetric_mixture",473,300,1298175570
"bimodal_mixture",473,300,1906927972
"gaussian",474,300,1818588460
"skew_normal",474,300,1992023192
"asymmetric_mixture",474,300,1371996626
"bimodal_mixture",474,300,1662068409
"gaussian",475,300,1322624699
"skew_normal",475,300,1822246343
"asymmetric_mixture",475,300,153661579
"bimodal_mixture",475,300,1784714266
"gaussian",476,300,1103597451
"skew_normal",476,300,1220674621
"asymmetric_mixture",476,300,515128708
"bimodal_mixture",476,300,684504383
"gaussian",477,300,838558100
"skew_normal",477,300,231681750
"asymmetric_mixture",477,300,1403693856
"bimodal_mixture",477,300,1083371135
"gaussian",478,300,2014166361
"skew_normal",478,300,1167076917
"asymmetric_mixture",478,300,1206631851
"bimodal_mixture",478,300,1547235065
"gaussian",479,300,987470834
"skew_normal",479,300,1062581420
"asymmetric_mixture",479,300,1941791638
"bimodal_mixture",479,300,270759155
"gaussian",480,300,827130697
"skew_normal",480,300,1040339447
"asymmetric_mixture",480,300,414384753
"bimodal_mixture",480,300,770913614
"gaussian",481,300,1021079742
"skew_normal",481,300,1000454254
"asymmetric_mixture",481,300,369029886
"bimodal_mixture",481,300,1733355211
"gaussian",482,300,391524570
"skew_normal",482,300,126414979
"asymmetric_mixture",482,300,1313739154
"bimodal_mixture",482,300,1395582758
"gaussian",483,300,1816761693
"skew_normal",483,300,1151123697
"asymmetric_mixture",483,300,1849344056
"bimodal_mixture",483,300,2007696594
"gaussian",484,300,960320491
"skew_normal",484,300,894704868
"asymmetric_mixture",484,300,179092717
"bimodal_mixture",484,300,534691731
"gaussian",485,300,1626804294
"skew_normal",485,300,410611493
"asymmetric_mixture",485,300,1585178268
"bimodal_mixture",485,300,756710385
"gaussian",486,300,1749913696
"skew_normal",486,300,305380435
"asymmetric_mixture",486,300,1594651092
"bimodal_mixture",486,300,1215011045
"gaussian",487,300,760844263
"skew_normal",487,300,584372858
"asymmetric_mixture",487,300,1443097359
"bimodal_mixture",487,300,1239817918
"gaussian",488,300,1485723856
"skew_normal",488,300,1219426918
"asymmetric_mixture",488,300,386915671
"bimodal_mixture",488,300,2014262083
"gaussian",489,300,2050594292
"skew_normal",489,300,1199530755
"asymmetric_mixture",489,300,36578796
"bimodal_mixture",489,300,639494496
"gaussian",490,300,1685433329
"skew_normal",490,300,1942119484
"asymmetric_mixture",490,300,539560435
"bimodal_mixture",490,300,1423674447
"gaussian",491,300,499394472
"skew_normal",491,300,880561965
"asymmetric_mixture",491,300,92426550
"bimodal_mixture",491,300,311186946
"gaussian",492,300,246621093
"skew_normal",492,300,1277146446
"asymmetric_mixture",492,300,1007453183
"bimodal_mixture",492,300,1929888326
"gaussian",493,300,1308199403
"skew_normal",493,300,22777334
"asymmetric_mixture",493,300,1744706010
"bimodal_mixture",493,300,2092508516
"gaussian",494,300,379621074
"skew_normal",494,300,364330876
"asymmetric_mixture",494,300,786292250
"bimodal_mixture",494,300,2134477378
"gaussian",495,300,303538497
"skew_normal",495,300,1835141982
"asymmetric_mixture",495,300,1136804844
"bimodal_mixture",495,300,299433303
"gaussian",496,300,735476469
"skew_normal",496,300,2056400130
"asymmetric_mixture",496,300,1058348655
"bimodal_mixture",496,300,206694080
"gaussian",497,300,144288901
"skew_normal",497,300,1803732984
"asymmetric_mixture",497,300,1484915935
"bimodal_mixture",497,300,1217063803
"gaussian",498,300,169689756
"skew_normal",498,300,367555647
"asymmetric_mixture",498,300,1487245234
"bimodal_mixture",498,300,746105618
"gaussian",499,300,135956228
"skew_normal",499,300,1281141338
"asymmetric_mixture",499,300,576110498
"bimodal_mixture",499,300,816147417
"gaussian",500,300,171508800
"skew_normal",500,300,683166207
"asymmetric_mixture",500,300,1393019938
"bimodal_mixture",500,300,1065215683
"gaussian",501,300,52703399
"skew_normal",501,300,2101052933
"asymmetric_mixture",501,300,1355945112
"bimodal_mixture",501,300,2037640616
"gaussian",502,300,640565082
"skew_normal",502,300,772378256
"asymmetric_mixture",502,300,899777226
"bimodal_mixture",502,300,686423414
"gaussian",503,300,2013067515
"skew_normal",503,300,1467582400
"asymmetric_mixture",503,300,1880092090
"bimodal_mixture",503,300,805698220
"gaussian",504,300,150958411
"skew_normal",504,300,1052203353
"asymmetric_mixture",504,300,1577889229
"bimodal_mixture",504,300,918937852
"gaussian",505,300,1112502045
"skew_normal",505,300,1113077982
"asymmetric_mixture",505,300,1718428966
"bimodal_mixture",505,300,782100997
"gaussian",506,300,1076747921
"skew_normal",506,300,18731665
"asymmetric_mixture",506,300,452779490
"bimodal_mixture",506,300,1856976644
"gaussian",507,300,1279947390
"skew_normal",507,300,344281854
"asymmetric_mixture",507,300,1977323179
"bimodal_mixture",507,300,1745634149
"gaussian",508,300,892632654
"skew_normal",508,300,1885461189
"asymmetric_mixture",508,300,2089025856
"bimodal_mixture",508,300,696332701
"gaussian",509,300,1995603074
"skew_normal",509,300,1029915357
"asymmetric_mixture",509,300,966890540
"bimodal_mixture",509,300,2136259122
"gaussian",510,300,1719146321
"skew_normal",510,300,2120219839
"asymmetric_mixture",510,300,1454209531
"bimodal_mixture",510,300,1274604481
"gaussian",511,300,2083539794
"skew_normal",511,300,1370779419
"asymmetric_mixture",511,300,810485396
"bimodal_mixture",511,300,1416140287
"gaussian",512,300,1590118183
"skew_normal",512,300,1720370292
"asymmetric_mixture",512,300,1818824146
"bimodal_mixture",512,300,163354948
"gaussian",513,300,962050537
"skew_normal",513,300,1258722668
"asymmetric_mixture",513,300,793299699
"bimodal_mixture",513,300,1907059327
"gaussian",514,300,2110610730
"skew_normal",514,300,1480839679
"asymmetric_mixture",514,300,877022348
"bimodal_mixture",514,300,1511968567
"gaussian",515,300,721273885
"skew_normal",515,300,1587570716
"asymmetric_mixture",515,300,1543838990
"bimodal_mixture",515,300,907408089
"gaussian",516,300,1186851446
"skew_normal",516,300,66228330
"asymmetric_mixture",516,300,906717278
"bimodal_mixture",516,300,60520295
"gaussian",517,300,59582605
"skew_normal",517,300,1030681511
"asymmetric_mixture",517,300,166187513
"bimodal_mixture",517,300,1769172752
"gaussian",518,300,992381287
"skew_normal",518,300,2039378696
"asymmetric_mixture",518,300,186678241
"bimodal_mixture",518,300,337117256
"gaussian",519,300,819651484
"skew_normal",519,300,1334829116
"asymmetric_mixture",519,300,1670560300
"bimodal_mixture",519,300,1700144946
"gaussian",520,300,1519640074
"skew_normal",520,300,1442560304
"asymmetric_mixture",520,300,379029272
"bimodal_mixture",520,300,1229922193
"gaussian",521,300,284534562
"skew_normal",521,300,289165444
"asymmetric_mixture",521,300,2141188018
"bimodal_mixture",521,300,1853789841
"gaussian",522,300,1798170291
"skew_normal",522,300,1472357424
"asymmetric_mixture",522,300,2124940511
"bimodal_mixture",522,300,758517818
"gaussian",523,300,1797771173
"skew_normal",523,300,354477320
"asymmetric_mixture",523,300,630945822
"bimodal_mixture",523,300,1677720570
"gaussian",524,300,1672123969
"skew_normal",524,300,1362372720
"asymmetric_mixture",524,300,1963815276
"bimodal_mixture",524,300,1574434921
"gaussian",525,300,596413919
"skew_normal",525,300,795366076
"asymmetric_mixture",525,300,473546210
"bimodal_mixture",525,300,960562839
"gaussian",526,300,911038820
"skew_normal",526,300,1764204832
"asymmetric_mixture",526,300,2136292824
"bimodal_mixture",526,300,798974687
"gaussian",527,300,1405945031
"skew_normal",527,300,73177174
"asymmetric_mixture",527,300,593378270
"bimodal_mixture",527,300,145174666
"gaussian",528,300,183019179
"skew_normal",528,300,1116278655
"asymmetric_mixture",528,300,882717859
"bimodal_mixture",528,300,1546232359
"gaussian",529,300,948212494
"skew_normal",529,300,753643738
"asymmetric_mixture",529,300,1978151619
"bimodal_mixture",529,300,1446330417
"gaussian",530,300,2031415790
"skew_normal",530,300,1153890637
"asymmetric_mixture",530,300,597088176
"bimodal_mixture",530,300,504639226
"gaussian",531,300,1662949727
"skew_normal",531,300,621324809
"asymmetric_mixture",531,300,396170887
"bimodal_mixture",531,300,857513860
"gaussian",532,300,1255458021
"skew_normal",532,300,1689055929
"asymmetric_mixture",532,300,1864229491
"bimodal_mixture",532,300,695863617
"gaussian",533,300,1631750764
"skew_normal",533,300,1498951584
"asymmetric_mixture",533,300,380813119
"bimodal_mixture",533,300,2025574587
"gaussian",534,300,820292806
"skew_normal",534,300,455889374
"asymmetric_mixture",534,300,1649071943
"bimodal_mixture",534,300,1773081296
"gaussian",535,300,262670974
"skew_normal",535,300,1301010141
"asymmetric_mixture",535,300,1360633162
"bimodal_mixture",535,300,919709852
"gaussian",536,300,1180771139
"skew_normal",536,300,1140018947
"asymmetric_mixture",536,300,1494181611
"bimodal_mixture",536,300,183691175
"gaussian",537,300,1116448320
"skew_normal",537,300,1276128693
"asymmetric_mixture",537,300,1176972160
"bimodal_mixture",537,300,420535772
"gaussian",538,300,2033663667
"skew_normal",538,300,599942012
"asymmetric_mixture",538,300,1960139125
"bimodal_mixture",538,300,611106024
"gaussian",539,300,1957139259
"skew_normal",539,300,1415341203
"asymmetric_mixture",539,300,314383312
"bimodal_mixture",539,300,878033874
"gaussian",540,300,332717296
"skew_normal",540,300,829219121
"asymmetric_mixture",540,300,659213369
"bimodal_mixture",540,300,1782127021
"gaussian",541,300,815782518
"skew_normal",541,300,860626482
"asymmetric_mixture",541,300,211218486
"bimodal_mixture",541,300,719666771
"gaussian",542,300,273552863
"skew_normal",542,300,1311171750
"asymmetric_mixture",542,300,1506608757
"bimodal_mixture",542,300,660001718
"gaussian",543,300,942360072
"skew_normal",543,300,1875958615
"asymmetric_mixture",543,300,248812747
"bimodal_mixture",543,300,403475605
"gaussian",544,300,426654199
"skew_normal",544,300,32408915
"asymmetric_mixture",544,300,660361793
"bimodal_mixture",544,300,1639283235
"gaussian",545,300,1137358582
"skew_normal",545,300,488467812
"asymmetric_mixture",545,300,671205780
"bimodal_mixture",545,300,1043063840
"gaussian",546,300,2077651592
"skew_normal",546,300,1602716023
"asymmetric_mixture",546,300,525729973
"bimodal_mixture",546,300,1548190096
"gaussian",547,300,1759406932
"skew_normal",547,300,444789897
"asymmetric_mixture",547,300,2080181349
"bimodal_mixture",547,300,1028147172
"gaussian",548,300,2096021932
"skew_normal",548,300,2067979417
"asymmetric_mixture",548,300,564444465
"bimodal_mixture",548,300,1922167346
"gaussian",549,300,1699359267
"skew_normal",549,300,687272064
"asymmetric_mixture",549,300,519822101
"bimodal_mixture",549,300,1840908575
"gaussian",550,300,1015687084
"skew_normal",550,300,536387218
"asymmetric_mixture",550,300,857729807
"bimodal_mixture",550,300,1163393832
"gaussian",551,300,1227635726
"skew_normal",551,300,1967426706
"asymmetric_mixture",551,300,652655325
"bimodal_mixture",551,300,2091209952
"gaussian",552,300,1614083616
"skew_normal",552,300,751795221
"asymmetric_mixture",552,300,724732434
"bimodal_mixture",552,300,1777764655
"gaussian",553,300,1821126144
"skew_normal",553,300,141529745
"asymmetric_mixture",553,300,1874434962
"bimodal_mixture",553,300,1750460581
"gaussian",554,300,1516358555
"skew_normal",554,300,1644835052
"asymmetric_mixture",554,300,739711675
"bimodal_mixture",554,300,433297032
"gaussian",555,300,1573512817
"skew_normal",555,300,1969521555
"asymmetric_mixture",555,300,394115539
"bimodal_mixture",555,300,669111924
"gaussian",556,300,1118509984
"skew_normal",556,300,715158727
"asymmetric_mixture",556,300,1652688799
"bimodal_mixture",556,300,1125186751
"gaussian",557,300,916712858
"skew_normal",557,300,1051820105
"asymmetric_mixture",557,300,698023755
"bimodal_mixture",557,300,1613184538
"gaussian",558,300,1086116462
"skew_normal",558,300,654379759
"asymmetric_mixture",558,300,765966283
"bimodal_mixture",558,300,618206734
"gaussian",559,300,1594386962
"skew_normal",559,300,681430344
"asymmetric_mixture",559,300,1170920082
"bimodal_mixture",559,300,1496743624
"gaussian",560,300,622020893
"skew_normal",560,300,1493946162
"asymmetric_mixture",560,300,1617217886
"bimodal_mixture",560,300,504647880
"gaussian",561,300,686782666
"skew_normal",561,300,42655817
"asymmetric_mixture",561,300,1018285794
"bimodal_mixture",561,300,781283828
"gaussian",562,300,392126231
"skew_normal",562,300,1078898732
"asymmetric_mixture",562,300,1364496650
"bimodal_mixture",562,300,193235147
"gaussian",563,300,1439597130
"skew_normal",563,300,856378514
"asymmetric_mixture",563,300,1785448320
"bimodal_mixture",563,300,2034723877
"gaussian",564,300,240337888
"skew_normal",564,300,1321464114
"asymmetric_mixture",564,300,1653201914
"bimodal_mixture",564,300,1061768554
"gaussian",565,300,930725785
"skew_normal",565,300,1739655957
"asymmetric_mixture",565,300,651524603
"bimodal_mixture",565,300,334806400
"gaussian",566,300,1972396766
"skew_normal",566,300,1253432056
"asymmetric_mixture",566,300,63752402
"bimodal_mixture",566,300,178641697
"gaussian",567,300,1988129059
"skew_normal",567,300,864531809
"asymmetric_mixture",567,300,706955181
"bimodal_mixture",567,300,617766465
"gaussian",568,300,1540541491
"skew_normal",568,300,702752330
"asymmetric_mixture",568,300,556150405
"bimodal_mixture",568,300,1308606309
"gaussian",569,300,1101622108
"skew_normal",569,300,1209484052
"asymmetric_mixture",569,300,1666411097
"bimodal_mixture",569,300,1528847648
"gaussian",570,300,455661929
"skew_normal",570,300,650332499
"asymmetric_mixture",570,300,1233262232
"bimodal_mixture",570,300,1374124140
"gaussian",571,300,371935450
"skew_normal",571,300,1786378904
"asymmetric_mixture",571,300,1699466933
"bimodal_mixture",571,300,1945586527
"gaussian",572,300,1465676682
"skew_normal",572,300,439844010
"asymmetric_mixture",572,300,2093766973
"bimodal_mixture",572,300,1507463565
"gaussian",573,300,1327088104
"skew_normal",573,300,387990908
"asymmetric_mixture",573,300,379990946
"bimodal_mixture",573,300,1333836696
"gaussian",574,300,392197643
"skew_normal",574,300,2065645304
"asymmetric_mixture",574,300,520457404
"bimodal_mixture",574,300,1562558339
"gaussian",575,300,954157088
"skew_normal",575,300,783917239
"asymmetric_mixture",575,300,1867794897
"bimodal_mixture",575,300,1883082271
"gaussian",576,300,1033505879
"skew_normal",576,300,174619036
"asymmetric_mixture",576,300,861067368
"bimodal_mixture",576,300,2105473014
"gaussian",577,300,65208304
"skew_normal",577,300,1808229874
"asymmetric_mixture",577,300,2027996463
"bimodal_mixture",577,300,1430232835
"gaussian",578,300,1118326432
"skew_normal",578,300,177612516
"asymmetric_mixture",578,300,69479221
"bimodal_mixture",578,300,606246799
"gaussian",579,300,2093919922
"skew_normal",579,300,612581442
"asymmetric_mixture",579,300,884197175
"bimodal_mixture",579,300,764596758
"gaussian",580,300,1999930384
"skew_normal",580,300,518823330
"asymmetric_mixture",580,300,967024999
"bimodal_mixture",580,300,824259971
"gaussian",581,300,401966538
"skew_normal",581,300,2115119851
"asymmetric_mixture",581,300,570168466
"bimodal_mixture",581,300,946681166
"gaussian",582,300,752192839
"skew_normal",582,300,191194769
"asymmetric_mixture",582,300,1787036291
"bimodal_mixture",582,300,668764710
"gaussian",583,300,179434961
"skew_normal",583,300,767859950
"asymmetric_mixture",583,300,1652005273
"bimodal_mixture",583,300,1454438473
"gaussian",584,300,1253301543
"skew_normal",584,300,1075565622
"asymmetric_mixture",584,300,1528980824
"bimodal_mixture",584,300,1623862052
"gaussian",585,300,1065378534
"skew_normal",585,300,1208665487
"asymmetric_mixture",585,300,395992630
"bimodal_mixture",585,300,260257450
"gaussian",586,300,386753491
"skew_normal",586,300,1827257269
"asymmetric_mixture",586,300,1505496807
"bimodal_mixture",586,300,1695730015
"gaussian",587,300,1121608567
"skew_normal",587,300,621871158
"asymmetric_mixture",587,300,957541445
"bimodal_mixture",587,300,67719649
"gaussian",588,300,1271260940
"skew_normal",588,300,1055210064
"asymmetric_mixture",588,300,1132540915
"bimodal_mixture",588,300,501122629
"gaussian",589,300,893165466
"skew_normal",589,300,1390360481
"asymmetric_mixture",589,300,1038840732
"bimodal_mixture",589,300,371815811
"gaussian",590,300,2026473637
"skew_normal",590,300,781957920
"asymmetric_mixture",590,300,254896175
"bimodal_mixture",590,300,1308266907
"gaussian",591,300,143961800
"skew_normal",591,300,782610546
"asymmetric_mixture",591,300,1995905705
"bimodal_mixture",591,300,864463754
"gaussian",592,300,522464864
"skew_normal",592,300,1903249418
"asymmetric_mixture",592,300,413606705
"bimodal_mixture",592,300,56137900
"gaussian",593,300,801400448
"skew_normal",593,300,1782931669
"asymmetric_mixture",593,300,115946046
"bimodal_mixture",593,300,1674824639
"gaussian",594,300,1248806311
"skew_normal",594,300,1188218804
"asymmetric_mixture",594,300,1272069294
"bimodal_mixture",594,300,1456725185
"gaussian",595,300,776231018
"skew_normal",595,300,821963693
"asymmetric_mixture",595,300,1971292863
"bimodal_mixture",595,300,1182183921
"gaussian",596,300,1192531526
"skew_normal",596,300,297217937
"asymmetric_mixture",596,300,1032235338
"bimodal_mixture",596,300,443586382
"gaussian",597,300,538288481
"skew_normal",597,300,1673096387
"asymmetric_mixture",597,300,334793410
"bimodal_mixture",597,300,1183189294
"gaussian",598,300,1257734382
"skew_normal",598,300,1493888256
"asymmetric_mixture",598,300,876416838
"bimodal_mixture",598,300,223961748
"gaussian",599,300,1518306589
"skew_normal",599,300,1609799410
"asymmetric_mixture",599,300,980288514
"bimodal_mixture",599,300,1321879074
"gaussian",600,300,96885973
"skew_normal",600,300,447373170
"asymmetric_mixture",600,300,885556063
"bimodal_mixture",600,300,818207291
"gaussian",601,300,993305060
"skew_normal",601,300,338298599
"asymmetric_mixture",601,300,1384788480
"bimodal_mixture",601,300,784910057
"gaussian",602,300,1379866596
"skew_normal",602,300,1472524335
"asymmetric_mixture",602,300,1279825254
"bimodal_mixture",602,300,110991624
"gaussian",603,300,1075696476
"skew_normal",603,300,1986354880
"asymmetric_mixture",603,300,97700385
"bimodal_mixture",603,300,1035013452
"gaussian",604,300,1121903914
"skew_normal",604,300,766737150
"asymmetric_mixture",604,300,1056444635
"bimodal_mixture",604,300,877241938
"gaussian",605,300,791425079
"skew_normal",605,300,1849418293
"asymmetric_mixture",605,300,407922223
"bimodal_mixture",605,300,1700277718
"gaussian",606,300,1877032305
"skew_normal",606,300,648889518
"asymmetric_mixture",606,300,1280802303
"bimodal_mixture",606,300,2089472156
"gaussian",607,300,1965125334
"skew_normal",607,300,239379188
"asymmetric_mixture",607,300,807641921
"bimodal_mixture",607,300,67789566
"gaussian",608,300,1753167164
"skew_normal",608,300,1451999474
"asymmetric_mixture",608,300,1400115245
"bimodal_mixture",608,300,630219485
"gaussian",609,300,937639824
"skew_normal",609,300,1888848964
"asymmetric_mixture",609,300,797384548
"bimodal_mixture",609,300,1301534996
"gaussian",610,300,1848111346
"skew_normal",610,300,684093067
"asymmetric_mixture",610,300,1415764474
"bimodal_mixture",610,300,1102594127
"gaussian",611,300,1218792815
"skew_normal",611,300,151058553
"asymmetric_mixture",611,300,1178834511
"bimodal_mixture",611,300,947197963
"gaussian",612,300,1526146972
"skew_normal",612,300,2069865244
"asymmetric_mixture",612,300,2008095344
"bimodal_mixture",612,300,496960376
"gaussian",613,300,1270425057
"skew_normal",613,300,1303130240
"asymmetric_mixture",613,300,558190326
"bimodal_mixture",613,300,1951500184
"gaussian",614,300,251965462
"skew_normal",614,300,1604099321
"asymmetric_mixture",614,300,25215803
"bimodal_mixture",614,300,1420008238
"gaussian",615,300,609823410
"skew_normal",615,300,335602571
"asymmetric_mixture",615,300,169380392
"bimodal_mixture",615,300,2131221593
"gaussian",616,300,1720466757
"skew_normal",616,300,701233515
"asymmetric_mixture",616,300,664734480
"bimodal_mixture",616,300,1528738531
"gaussian",617,300,1244318129
"skew_normal",617,300,1945879884
"asymmetric_mixture",617,300,401400799
"bimodal_mixture",617,300,549703827
"gaussian",618,300,1389940019
"skew_normal",618,300,2033118678
"asymmetric_mixture",618,300,866002868
"bimodal_mixture",618,300,1960565169
"gaussian",619,300,605021874
"skew_normal",619,300,252024744
"asymmetric_mixture",619,300,1274121776
"bimodal_mixture",619,300,199023889
"gaussian",620,300,906406358
"skew_normal",620,300,813496931
"asymmetric_mixture",620,300,730530053
"bimodal_mixture",620,300,1058913052
"gaussian",621,300,1749549455
"skew_normal",621,300,1920074049
"asymmetric_mixture",621,300,394024309
"bimodal_mixture",621,300,1026664157
"gaussian",622,300,412124409
"skew_normal",622,300,1897990098
"asymmetric_mixture",622,300,884891769
"bimodal_mixture",622,300,22086266
"gaussian",623,300,650112430
"skew_normal",623,300,183352164
"asymmetric_mixture",623,300,1016075234
"bimodal_mixture",623,300,1259622661
"gaussian",624,300,2132138932
"skew_normal",624,300,242131626
"asymmetric_mixture",624,300,2140858663
"bimodal_mixture",624,300,1327718813
"gaussian",625,300,1589820201
"skew_normal",625,300,1903506103
"asymmetric_mixture",625,300,1754140823
"bimodal_mixture",625,300,1940920829
"gaussian",626,300,511601093
"skew_normal",626,300,1439144279
"asymmetric_mixture",626,300,1810091526
"bimodal_mixture",626,300,1100833692
"gaussian",627,300,1246331369
"skew_normal",627,300,365802941
"asymmetric_mixture",627,300,1376094160
"bimodal_mixture",627,300,36759318
"gaussian",628,300,1945459312
"skew_normal",628,300,1187016209
"asymmetric_mixture",628,300,1084152017
"bimodal_mixture",628,300,1941103797
"gaussian",629,300,59718913
"skew_normal",629,300,68563118
"asymmetric_mixture",629,300,59964740
"bimodal_mixture",629,300,1396507130
"gaussian",630,300,1527378268
"skew_normal",630,300,625964494
"asymmetric_mixture",630,300,513594356
"bimodal_mixture",630,300,1480345588
"gaussian",631,300,27197014
"skew_normal",631,300,637378673
"asymmetric_mixture",631,300,98637465
"bimodal_mixture",631,300,1933698114
"gaussian",632,300,676847899
"skew_normal",632,300,2037582636
"asymmetric_mixture",632,300,1282958718
"bimodal_mixture",632,300,1592426778
"gaussian",633,300,535658647
"skew_normal",633,300,2101630920
"asymmetric_mixture",633,300,1690305771
"bimodal_mixture",633,300,260102810
"gaussian",634,300,1184692401
"skew_normal",634,300,398103000
"asymmetric_mixture",634,300,1389606542
"bimodal_mixture",634,300,662474767
"gaussian",635,300,2135483198
"skew_normal",635,300,711588004
"asymmetric_mixture",635,300,710581509
"bimodal_mixture",635,300,560807512
"gaussian",636,300,2072579190
"skew_normal",636,300,2047549229
"asymmetric_mixture",636,300,91980711
"bimodal_mixture",636,300,796049135
"gaussian",637,300,500710673
"skew_normal",637,300,2075102031
"asymmetric_mixture",637,300,179173921
"bimodal_mixture",637,300,1040720313
"gaussian",638,300,1222494965
"skew_normal",638,300,1444595811
"asymmetric_mixture",638,300,795338047
"bimodal_mixture",638,300,1081494730
"gaussian",639,300,1495754262
"skew_normal",639,300,246671413
"asymmetric_mixture",639,300,635591723
"bimodal_mixture",639,300,565975655
"gaussian",640,300,2138162293
"skew_normal",640,300,412033887
"asymmetric_mixture",640,300,151930859
"bimodal_mixture",640,300,976099223
"gaussian",641,300,671967345
"skew_normal",641,300,1499997898
"asymmetric_mixture",641,300,227000711
"bimodal_mixture",641,300,333854533
"gaussian",642,300,924528820
"skew_normal",642,300,869296138
"asymmetric_mixture",642,300,647310462
"bimodal_mixture",642,300,1149090407
"gaussian",643,300,251002234
"skew_normal",643,300,1130969363
"asymmetric_mixture",643,300,1643491692
"bimodal_mixture",643,300,1231872413
"gaussian",644,300,92086080
"skew_normal",644,300,96947849
"asymmetric_mixture",644,300,838394399
"bimodal_mixture",644,300,832956269
"gaussian",645,300,1639407659
"skew_normal",645,300,1004094282
"asymmetric_mixture",645,300,1844237085
"bimodal_mixture",645,300,1667713071
"gaussian",646,300,1869774763
"skew_normal",646,300,892328720
"asymmetric_mixture",646,300,1887706737
"bimodal_mixture",646,300,1848310705
"gaussian",647,300,1284272418
"skew_normal",647,300,601998810
"asymmetric_mixture",647,300,2144455757
"bimodal_mixture",647,300,130657756
"gaussian",648,300,1642011349
"skew_normal",648,300,2104766674
"asymmetric_mixture",648,300,555032883
"bimodal_mixture",648,300,377480420
"gaussian",649,300,1306568943
"skew_normal",649,300,1006596043
"asymmetric_mixture",649,300,72145333
"bimodal_mixture",649,300,275800306
"gaussian",650,300,1491423333
"skew_normal",650,300,461521460
"asymmetric_mixture",650,300,698318239
"bimodal_mixture",650,300,1525105586
"gaussian",651,300,620790898
"skew_normal",651,300,2144887744
"asymmetric_mixture",651,300,973265879
"bimodal_mixture",651,300,1126933033
"gaussian",652,300,1781624901
"skew_normal",652,300,642210969
"asymmetric_mixture",652,300,341082831
"bimodal_mixture",652,300,1371165465
"gaussian",653,300,333896544
"skew_normal",653,300,730314423
"asymmetric_mixture",653,300,1073299306
"bimodal_mixture",653,300,155733885
"gaussian",654,300,880035490
"skew_normal",654,300,379503609
"asymmetric_mixture",654,300,394256123
"bimodal_mixture",654,300,1068530998
"gaussian",655,300,740645071
"skew_normal",655,300,316688924
"asymmetric_mixture",655,300,905265646
"bimodal_mixture",655,300,84530880
"gaussian",656,300,1504677680
"skew_normal",656,300,1425193215
"asymmetric_mixture",656,300,731482065
"bimodal_mixture",656,300,862766208
"gaussian",657,300,534143340
"skew_normal",657,300,1099397569
"asymmetric_mixture",657,300,942329763
"bimodal_mixture",657,300,155728130
"gaussian",658,300,314354747
"skew_normal",658,300,549364093
"asymmetric_mixture",658,300,152865006
"bimodal_mixture",658,300,1659717114
"gaussian",659,300,74359755
"skew_normal",659,300,1558152659
"asymmetric_mixture",659,300,1461994952
"bimodal_mixture",659,300,580128032
"gaussian",660,300,924513057
"skew_normal",660,300,1803876330
"asymmetric_mixture",660,300,1552902591
"bimodal_mixture",660,300,1843911048
"gaussian",661,300,511602970
"skew_normal",661,300,2045103222
"asymmetric_mixture",661,300,1098056427
"bimodal_mixture",661,300,1943470930
"gaussian",662,300,547948213
"skew_normal",662,300,956171916
"asymmetric_mixture",662,300,1286809015
"bimodal_mixture",662,300,85352799
"gaussian",663,300,1112269867
"skew_normal",663,300,291359154
"asymmetric_mixture",663,300,1276422699
"bimodal_mixture",663,300,439159726
"gaussian",664,300,1133152875
"skew_normal",664,300,1134479611
"asymmetric_mixture",664,300,1169212463
"bimodal_mixture",664,300,856717372
"gaussian",665,300,1714463324
"skew_normal",665,300,150870105
"asymmetric_mixture",665,300,1982617573
"bimodal_mixture",665,300,828133324
"gaussian",666,300,259683525
"skew_normal",666,300,78654972
"asymmetric_mixture",666,300,1084266129
"bimodal_mixture",666,300,1731190343
"gaussian",667,300,457382013
"skew_normal",667,300,1854393462
"asymmetric_mixture",667,300,267170371
"bimodal_mixture",667,300,1002614844
"gaussian",668,300,1056417773
"skew_normal",668,300,7469790
"asymmetric_mixture",668,300,2033492631
"bimodal_mixture",668,300,656302014
"gaussian",669,300,1942758421
"skew_normal",669,300,1711294786
"asymmetric_mixture",669,300,1216590625
"bimodal_mixture",669,300,1531292153
"gaussian",670,300,657645694
"skew_normal",670,300,2051259482
"asymmetric_mixture",670,300,933143582
"bimodal_mixture",670,300,917457736
"gaussian",671,300,587307087
"skew_normal",671,300,592229172
"asymmetric_mixture",671,300,840482258
"bimodal_mixture",671,300,705422175
"gaussian",672,300,1593266628
"skew_normal",672,300,1884802270
"asymmetric_mixture",672,300,2086967973
"bimodal_mixture",672,300,1179633037
"gaussian",673,300,1319002767
"skew_normal",673,300,516533126
"asymmetric_mixture",673,300,1269558022
"bimodal_mixture",673,300,874589174
"gaussian",674,300,1363208261
"skew_normal",674,300,1293745854
"asymmetric_mixture",674,300,1153677901
"bimodal_mixture",674,300,58999325
"gaussian",675,300,1454382339
"skew_normal",675,300,388590971
"asymmetric_mixture",675,300,146631431
"bimodal_mixture",675,300,1528491340
"gaussian",676,300,1243801365
"skew_normal",676,300,1459812522
"asymmetric_mixture",676,300,1866153530
"bimodal_mixture",676,300,350294203
"gaussian",677,300,24320099
"skew_normal",677,300,1509621511
"asymmetric_mixture",677,300,1636997457
"bimodal_mixture",677,300,1462196876
"gaussian",678,300,1130242268
"skew_normal",678,300,580963588
"asymmetric_mixture",678,300,548595877
"bimodal_mixture",678,300,1710839709
"gaussian",679,300,1544726809
"skew_normal",679,300,1832109224
"asymmetric_mixture",679,300,625499645
"bimodal_mixture",679,300,1625369354
"gaussian",680,300,676074663
"skew_normal",680,300,1240266264
"asymmetric_mixture",680,300,4700176
"bimodal_mixture",680,300,343184969
"gaussian",681,300,2130573919
"skew_normal",681,300,1199723823
"asymmetric_mixture",681,300,2007284716
"bimodal_mixture",681,300,1595629285
"gaussian",682,300,1185419944
"skew_normal",682,300,504381548
"asymmetric_mixture",682,300,393010917
"bimodal_mixture",682,300,633896077
"gaussian",683,300,390638707
"skew_normal",683,300,1728689321
"asymmetric_mixture",683,300,1573095119
"bimodal_mixture",683,300,909814435
"gaussian",684,300,1293681173
"skew_normal",684,300,400212085
"asymmetric_mixture",684,300,1577724768
"bimodal_mixture",684,300,245364306
"gaussian",685,300,1897152392
"skew_normal",685,300,1166788345
"asymmetric_mixture",685,300,485443153
"bimodal_mixture",685,300,510402695
"gaussian",686,300,491259486
"skew_normal",686,300,1610999160
"asymmetric_mixture",686,300,79561103
"bimodal_mixture",686,300,960478537
"gaussian",687,300,102005003
"skew_normal",687,300,1665907169
"asymmetric_mixture",687,300,2139220048
"bimodal_mixture",687,300,1081762920
"gaussian",688,300,376272291
"skew_normal",688,300,1660869950
"asymmetric_mixture",688,300,856854204
"bimodal_mixture",688,300,2022473705
"gaussian",689,300,2050668601
"skew_normal",689,300,724956100
"asymmetric_mixture",689,300,1836720694
"bimodal_mixture",689,300,1655140056
"gaussian",690,300,1895738235
"skew_normal",690,300,223099646
"asymmetric_mixture",690,300,2046190478
"bimodal_mixture",690,300,1127328819
"gaussian",691,300,1304765617
"skew_normal",691,300,1155283065
"asymmetric_mixture",691,300,1572627185
"bimodal_mixture",691,300,1568710586
"gaussian",692,300,20333114
"skew_normal",692,300,1289226024
"asymmetric_mixture",692,300,2075956473
"bimodal_mixture",692,300,922647469
"gaussian",693,300,1508412890
"skew_normal",693,300,1489767782
"asymmetric_mixture",693,300,1686620840
"bimodal_mixture",693,300,1596128943
"gaussian",694,300,1353472244
"skew_normal",694,300,653238085
"asymmetric_mixture",694,300,1555160286
"bimodal_mixture",694,300,1569658114
"gaussian",695,300,95426054
"skew_normal",695,300,520993580
"asymmetric_mixture",695,300,1068569807
"bimodal_mixture",695,300,1673163864
"gaussian",696,300,1429616469
"skew_normal",696,300,673208360
"asymmetric_mixture",696,300,1185117727
"bimodal_mixture",696,300,1655731903
"gaussian",697,300,188737838
"skew_normal",697,300,476499529
"asymmetric_mixture",697,300,1644504943
"bimodal_mixture",697,300,1887078705
"gaussian",698,300,1386010799
"skew_normal",698,300,1205562771
"asymmetric_mixture",698,300,31302800
"bimodal_mixture",698,300,1059008823
"gaussian",699,300,898281500
"skew_normal",699,300,1922933796
"asymmetric_mixture",699,300,1602662424
"bimodal_mixture",699,300,685100770
"gaussian",700,300,1919605684
"skew_normal",700,300,112179712
"asymmetric_mixture",700,300,758226357
"bimodal_mixture",700,300,183458987
"gaussian",701,300,1846833289
"skew_normal",701,300,740180125
"asymmetric_mixture",701,300,1054887878
"bimodal_mixture",701,300,2073368683
"gaussian",702,300,1501200061
"skew_normal",702,300,465582796
"asymmetric_mixture",702,300,714763017
"bimodal_mixture",702,300,1483246871
"gaussian",703,300,2075305768
"skew_normal",703,300,489678570
"asymmetric_mixture",703,300,1963108037
"bimodal_mixture",703,300,1007862149
"gaussian",704,300,1639656394
"skew_normal",704,300,702676021
"asymmetric_mixture",704,300,2049230197
"bimodal_mixture",704,300,1220485059
"gaussian",705,300,1761672317
"skew_normal",705,300,493177222
"asymmetric_mixture",705,300,631925622
"bimodal_mixture",705,300,2005843869
"gaussian",706,300,114080397
"skew_normal",706,300,1309127258
"asymmetric_mixture",706,300,599027915
"bimodal_mixture",706,300,1679249952
"gaussian",707,300,1266517169
"skew_normal",707,300,1281620559
"asymmetric_mixture",707,300,960296786
"bimodal_mixture",707,300,33066961
"gaussian",708,300,630815101
"skew_normal",708,300,1022544571
"asymmetric_mixture",708,300,245615448
"bimodal_mixture",708,300,1323758808
"gaussian",709,300,1363370509
"skew_normal",709,300,1673625731
"asymmetric_mixture",709,300,685711401
"bimodal_mixture",709,300,294098280
"gaussian",710,300,283237657
"skew_normal",710,300,1704316577
"asymmetric_mixture",710,300,1820433686
"bimodal_mixture",710,300,2087624926
"gaussian",711,300,211259487
"skew_normal",711,300,393740048
"asymmetric_mixture",711,300,848422796
"bimodal_mixture",711,300,533568430
"gaussian",712,300,247880423
"skew_normal",712,300,1482660216
"asymmetric_mixture",712,300,568468686
"bimodal_mixture",712,300,820116184
"gaussian",713,300,1245222851
"skew_normal",713,300,1190223614
"asymmetric_mixture",713,300,830307286
"bimodal_mixture",713,300,1640281128
"gaussian",714,300,262840166
"skew_normal",714,300,1392706919
"asymmetric_mixture",714,300,2124383192
"bimodal_mixture",714,300,509730601
"gaussian",715,300,1436807413
"skew_normal",715,300,1815838434
"asymmetric_mixture",715,300,1095088311
"bimodal_mixture",715,300,1547791675
"gaussian",716,300,919122653
"skew_normal",716,300,351643396
"asymmetric_mixture",716,300,51584659
"bimodal_mixture",716,300,1557563155
"gaussian",717,300,634979231
"skew_normal",717,300,2113421245
"asymmetric_mixture",717,300,1651116281
"bimodal_mixture",717,300,356878608
"gaussian",718,300,78658179
"skew_normal",718,300,535172208
"asymmetric_mixture",718,300,482490167
"bimodal_mixture",718,300,689160625
"gaussian",719,300,41463416
"skew_normal",719,300,696875139
"asymmetric_mixture",719,300,1095076503
"bimodal_mixture",719,300,1461945960
"gaussian",720,300,677478937
"skew_normal",720,300,1489635158
"asymmetric_mixture",720,300,1287236129
"bimodal_mixture",720,300,776317404
"gaussian",721,300,1288985023
"skew_normal",721,300,1122682098
"asymmetric_mixture",721,300,1897482106
"bimodal_mixture",721,300,1314814971
"gaussian",722,300,15198517
"skew_normal",722,300,1114408650
"asymmetric_mixture",722,300,1880625914
"bimodal_mixture",722,300,876308997
"gaussian",723,300,600680051
"skew_normal",723,300,205661558
"asymmetric_mixture",723,300,1710602949
"bimodal_mixture",723,300,1568877278
"gaussian",724,300,604796726
"skew_normal",724,300,184073935
"asymmetric_mixture",724,300,1184353848
"bimodal_mixture",724,300,773492675
"gaussian",725,300,744524027
"skew_normal",725,300,1381327659
"asymmetric_mixture",725,300,926036580
"bimodal_mixture",725,300,1143135172
"gaussian",726,300,218412058
"skew_normal",726,300,184867900
"asymmetric_mixture",726,300,749681927
"bimodal_mixture",726,300,621834964
"gaussian",727,300,160934888
"skew_normal",727,300,1834813338
"asymmetric_mixture",727,300,795852857
"bimodal_mixture",727,300,302422910
"gaussian",728,300,604389048
"skew_normal",728,300,777654726
"asymmetric_mixture",728,300,110545318
"bimodal_mixture",728,300,21828903
"gaussian",729,300,320543997
"skew_normal",729,300,1666201511
"asymmetric_mixture",729,300,693679606
"bimodal_mixture",729,300,2077476381
"gaussian",730,300,657412841
"skew_normal",730,300,1094126153
"asymmetric_mixture",730,300,727645807
"bimodal_mixture",730,300,577993063
"gaussian",731,300,1048629970
"skew_normal",731,300,1109297733
"asymmetric_mixture",731,300,1931024816
"bimodal_mixture",731,300,1658886704
"gaussian",732,300,1045610123
"skew_normal",732,300,1298862968
"asymmetric_mixture",732,300,984051607
"bimodal_mixture",732,300,155957590
"gaussian",733,300,757512104
"skew_normal",733,300,766495540
"asymmetric_mixture",733,300,985372688
"bimodal_mixture",733,300,376465487
"gaussian",734,300,974431714
"skew_normal",734,300,1020260016
"asymmetric_mixture",734,300,204111331
"bimodal_mixture",734,300,1805344337
"gaussian",735,300,962827639
"skew_normal",735,300,617121751
"asymmetric_mixture",735,300,663642226
"bimodal_mixture",735,300,1670590171
"gaussian",736,300,376377998
"skew_normal",736,300,443177668
"asymmetric_mixture",736,300,237961961
"bimodal_mixture",736,300,1590020013
"gaussian",737,300,1642612921
"skew_normal",737,300,1310911848
"asymmetric_mixture",737,300,1164941117
"bimodal_mixture",737,300,83435809
"gaussian",738,300,589405541
"skew_normal",738,300,1244143144
"asymmetric_mixture",738,300,1588551147
"bimodal_mixture",738,300,1407815052
"gaussian",739,300,487448401
"skew_normal",739,300,2112764486
"asymmetric_mixture",739,300,1700962197
"bimodal_mixture",739,300,219530217
"gaussian",740,300,1503506013
"skew_normal",740,300,578699248
"asymmetric_mixture",740,300,906875394
"bimodal_mixture",740,300,1737506713
"gaussian",741,300,1643132669
"skew_normal",741,300,403581628
"asymmetric_mixture",741,300,1695053802
"bimodal_mixture",741,300,1275784915
"gaussian",742,300,341379701
"skew_normal",742,300,1171632694
"asymmetric_mixture",742,300,251618886
"bimodal_mixture",742,300,1954427788
"gaussian",743,300,220772210
"skew_normal",743,300,610958120
"asymmetric_mixture",743,300,729444129
"bimodal_mixture",743,300,335160677
"gaussian",744,300,1296241899
"skew_normal",744,300,2018232764
"asymmetric_mixture",744,300,35269145
"bimodal_mixture",744,300,1757907486
"gaussian",745,300,2143373179
"skew_normal",745,300,1766955946
"asymmetric_mixture",745,300,776591668
"bimodal_mixture",745,300,1439830896
"gaussian",746,300,967493501
"skew_normal",746,300,1703170859
"asymmetric_mixture",746,300,1183261477
"bimodal_mixture",746,300,2056136536
"gaussian",747,300,1724486130
"skew_normal",747,300,2112026718
"asymmetric_mixture",747,300,1978500819
"bimodal_mixture",747,300,460049850
"gaussian",748,300,1147429418
"skew_normal",748,300,1738697076
"asymmetric_mixture",748,300,631088424
"bimodal_mixture",748,300,1224183604
"gaussian",749,300,747006886
"skew_normal",749,300,1788294923
"asymmetric_mixture",749,300,1714154027
"bimodal_mixture",749,300,707231667
"gaussian",750,300,948177098
"skew_normal",750,300,1388928215
"asymmetric_mixture",750,300,811064422
"bimodal_mixture",750,300,580116447
"gaussian",751,300,1193149893
"skew_normal",751,300,418266392
"asymmetric_mixture",751,300,1672799577
"bimodal_mixture",751,300,1745840697
"gaussian",752,300,461496524
"skew_normal",752,300,1259104712
"asymmetric_mixture",752,300,1340656232
"bimodal_mixture",752,300,1529978260
"gaussian",753,300,1701622219
"skew_normal",753,300,929618348
"asymmetric_mixture",753,300,1182471445
"bimodal_mixture",753,300,462722869
"gaussian",754,300,1718851740
"skew_normal",754,300,62776685
"asymmetric_mixture",754,300,499795773
"bimodal_mixture",754,300,343635983
"gaussian",755,300,1341009533
"skew_normal",755,300,796022448
"asymmetric_mixture",755,300,912890828
"bimodal_mixture",755,300,891766163
"gaussian",756,300,132107580
"skew_normal",756,300,2084540537
"asymmetric_mixture",756,300,861756400
"bimodal_mixture",756,300,47488584
"gaussian",757,300,1499022050
"skew_normal",757,300,1071022235
"asymmetric_mixture",757,300,837457714
"bimodal_mixture",757,300,1674494831
"gaussian",758,300,545660565
"skew_normal",758,300,1874924123
"asymmetric_mixture",758,300,1393238816
"bimodal_mixture",758,300,1172806938
"gaussian",759,300,594114169
"skew_normal",759,300,1266457420
"asymmetric_mixture",759,300,1118624796
"bimodal_mixture",759,300,199009173
"gaussian",760,300,1696853195
"skew_normal",760,300,1717204006
"asymmetric_mixture",760,300,78916611
"bimodal_mixture",760,300,864520657
"gaussian",761,300,568919449
"skew_normal",761,300,1375115797
"asymmetric_mixture",761,300,1506251498
"bimodal_mixture",761,300,431154555
"gaussian",762,300,440282219
"skew_normal",762,300,577684606
"asymmetric_mixture",762,300,1459152080
"bimodal_mixture",762,300,697083529
"gaussian",763,300,1440578010
"skew_normal",763,300,1946915123
"asymmetric_mixture",763,300,559306897
"bimodal_mixture",763,300,258855115
"gaussian",764,300,1973073404
"skew_normal",764,300,1999008637
"asymmetric_mixture",764,300,1848813582
"bimodal_mixture",764,300,367183356
"gaussian",765,300,127422386
"skew_normal",765,300,1851247857
"asymmetric_mixture",765,300,556977805
"bimodal_mixture",765,300,480355387
"gaussian",766,300,954957034
"skew_normal",766,300,1049735003
"asymmetric_mixture",766,300,1965044110
"bimodal_mixture",766,300,1092701937
"gaussian",767,300,1519159741
"skew_normal",767,300,1752160728
"asymmetric_mixture",767,300,617122277
"bimodal_mixture",767,300,554279724
"gaussian",768,300,1534326049
"skew_normal",768,300,1651394064
"asymmetric_mixture",768,300,1632871893
"bimodal_mixture",768,300,936596975
"gaussian",769,300,858539262
"skew_normal",769,300,2103562443
"asymmetric_mixture",769,300,1284390752
"bimodal_mixture",769,300,1647274695
"gaussian",770,300,87057165
"skew_normal",770,300,785316253
"asymmetric_mixture",770,300,2003013863
"bimodal_mixture",770,300,1957082733
"gaussian",771,300,1853764059
"skew_normal",771,300,1919246976
"asymmetric_mixture",771,300,1769272094
"bimodal_mixture",771,300,1161161148
"gaussian",772,300,2114417316
"skew_normal",772,300,1385301029
"asymmetric_mixture",772,300,1928569526
"bimodal_mixture",772,300,1606386195
"gaussian",773,300,2007079320
"skew_normal",773,300,1709098683
"asymmetric_mixture",773,300,641622783
"bimodal_mixture",773,300,942269280
"gaussian",774,300,2130784788
"skew_normal",774,300,1537686219
"asymmetric_mixture",774,300,1518397086
"bimodal_mixture",774,300,1351453659
"gaussian",775,300,5918714
"skew_normal",775,300,461723983
"asymmetric_mixture",775,300,1097479738
"bimodal_mixture",775,300,1637946259
"gaussian",776,300,1524054232
"skew_normal",776,300,2022190333
"asymmetric_mixture",776,300,1716670615
"bimodal_mixture",776,300,658693288
"gaussian",777,300,2038044469
"skew_normal",777,300,1324381654
"asymmetric_mixture",777,300,300576483
"bimodal_mixture",777,300,1822257115
"gaussian",778,300,772754881
"skew_normal",778,300,152232560
"asymmetric_mixture",778,300,1280554695
"bimodal_mixture",778,300,793515514
"gaussian",779,300,211201548
"skew_normal",779,300,699696946
"asymmetric_mixture",779,300,1104575727
"bimodal_mixture",779,300,307572079
"gaussian",780,300,362608921
"skew_normal",780,300,969997624
"asymmetric_mixture",780,300,1903265401
"bimodal_mixture",780,300,1925901694
"gaussian",781,300,2084609591
"skew_normal",781,300,661249726
"asymmetric_mixture",781,300,766428346
"bimodal_mixture",781,300,1915812196
"gaussian",782,300,465977336
"skew_normal",782,300,2029108726
"asymmetric_mixture",782,300,1455517598
"bimodal_mixture",782,300,954456873
"gaussian",783,300,1756217748
"skew_normal",783,300,1269337963
"asymmetric_mixture",783,300,1685405085
"bimodal_mixture",783,300,1491996643
"gaussian",784,300,1923711265
"skew_normal",784,300,2072298872
"asymmetric_mixture",784,300,1180307923
"bimodal_mixture",784,300,448200991
"gaussian",785,300,188740369
"skew_normal",785,300,1573500257
"asymmetric_mixture",785,300,1477456675
"bimodal_mixture",785,300,116616909
"gaussian",786,300,48676748
"skew_normal",786,300,1247536210
"asymmetric_mixture",786,300,976766235
"bimodal_mixture",786,300,316795074
"gaussian",787,300,1868463680
"skew_normal",787,300,1232625683
"asymmetric_mixture",787,300,748302374
"bimodal_mixture",787,300,1490629382
"gaussian",788,300,177212234
"skew_normal",788,300,1463245010
"asymmetric_mixture",788,300,1160094771
"bimodal_mixture",788,300,1852926062
"gaussian",789,300,321137890
"skew_normal",789,300,1959686638
"asymmetric_mixture",789,300,1479522053
"bimodal_mixture",789,300,1949594937
"gaussian",790,300,518350873
"skew_normal",790,300,339979186
"asymmetric_mixture",790,300,625329203
"bimodal_mixture",790,300,59833293
"gaussian",791,300,775933112
"skew_normal",791,300,458950818
"asymmetric_mixture",791,300,2135196382
"bimodal_mixture",791,300,279783501
"gaussian",792,300,2038869091
"skew_normal",792,300,275042494
"asymmetric_mixture",792,300,853723600
"bimodal_mixture",792,300,965859979
"gaussian",793,300,894372681
"skew_normal",793,300,919911722
"asymmetric_mixture",793,300,689186491
"bimodal_mixture",793,300,673131518
"gaussian",794,300,1463576572
"skew_normal",794,300,1327591718
"asymmetric_mixture",794,300,1945922014
"bimodal_mixture",794,300,1766978756
"gaussian",795,300,630355458
"skew_normal",795,300,1455796044
"asymmetric_mixture",795,300,1635435704
"bimodal_mixture",795,300,464821143
"gaussian",796,300,825291631
"skew_normal",796,300,1557454706
"asymmetric_mixture",796,300,740592018
"bimodal_mixture",796,300,2105734037
"gaussian",797,300,1479212340
"skew_normal",797,300,741480358
"asymmetric_mixture",797,300,393734826
"bimodal_mixture",797,300,558516798
"gaussian",798,300,2088743804
"skew_normal",798,300,1749995457
"asymmetric_mixture",798,300,1152944360
"bimodal_mixture",798,300,143194541
"gaussian",799,300,70420960
"skew_normal",799,300,515943169
"asymmetric_mixture",799,300,73066634
"bimodal_mixture",799,300,849095048
"gaussian",800,300,1017040262
"skew_normal",800,300,1271826027
"asymmetric_mixture",800,300,706189410
"bimodal_mixture",800,300,1582303232
"gaussian",801,300,1625399471
"skew_normal",801,300,1471124943
"asymmetric_mixture",801,300,1593422729
"bimodal_mixture",801,300,1663827349
"gaussian",802,300,1759678744
"skew_normal",802,300,2062787272
"asymmetric_mixture",802,300,75611722
"bimodal_mixture",802,300,2044884648
"gaussian",803,300,1676756385
"skew_normal",803,300,110476509
"asymmetric_mixture",803,300,934938909
"bimodal_mixture",803,300,1084041214
"gaussian",804,300,1456385864
"skew_normal",804,300,307960446
"asymmetric_mixture",804,300,178344980
"bimodal_mixture",804,300,681278251
"gaussian",805,300,1685141872
"skew_normal",805,300,402568426
"asymmetric_mixture",805,300,420975734
"bimodal_mixture",805,300,1115360583
"gaussian",806,300,1819568628
"skew_normal",806,300,1217003815
"asymmetric_mixture",806,300,671878516
"bimodal_mixture",806,300,179334320
"gaussian",807,300,1019623318
"skew_normal",807,300,1314880677
"asymmetric_mixture",807,300,998425533
"bimodal_mixture",807,300,2050402267
"gaussian",808,300,606186717
"skew_normal",808,300,1218821872
"asymmetric_mixture",808,300,821356483
"bimodal_mixture",808,300,1223250818
"gaussian",809,300,394607219
"skew_normal",809,300,378193290
"asymmetric_mixture",809,300,7173546
"bimodal_mixture",809,300,1804193780
"gaussian",810,300,1162172834
"skew_normal",810,300,1067769880
"asymmetric_mixture",810,300,590640518
"bimodal_mixture",810,300,117568938
"gaussian",811,300,1664840590
"skew_normal",811,300,1828254619
"asymmetric_mixture",811,300,671982970
"bimodal_mixture",811,300,596705483
"gaussian",812,300,53009358
"skew_normal",812,300,1002819863
"asymmetric_mixture",812,300,1100850463
"bimodal_mixture",812,300,453772857
"gaussian",813,300,841324894
"skew_normal",813,300,1954885381
"asymmetric_mixture",813,300,1740024319
"bimodal_mixture",813,300,300008789
"gaussian",814,300,1739835340
"skew_normal",814,300,1310714562
"asymmetric_mixture",814,300,751184082
"bimodal_mixture",814,300,364932238
"gaussian",815,300,1962661585
"skew_normal",815,300,458880146
"asymmetric_mixture",815,300,1949307304
"bimodal_mixture",815,300,183357152
"gaussian",816,300,1507931362
"skew_normal",816,300,1871931031
"asymmetric_mixture",816,300,1473901878
"bimodal_mixture",816,300,1091365141
"gaussian",817,300,689751399
"skew_normal",817,300,978275464
"asymmetric_mixture",817,300,154094367
"bimodal_mixture",817,300,403479302
"gaussian",818,300,1655191798
"skew_normal",818,300,1184785402
"asymmetric_mixture",818,300,1735318911
"bimodal_mixture",818,300,623330060
"gaussian",819,300,676413568
"skew_normal",819,300,1235763708
"asymmetric_mixture",819,300,1150486149
"bimodal_mixture",819,300,2068410861
"gaussian",820,300,159351445
"skew_normal",820,300,1132290220
"asymmetric_mixture",820,300,1116453231
"bimodal_mixture",820,300,2042335632
"gaussian",821,300,1010417877
"skew_normal",821,300,96322650
"asymmetric_mixture",821,300,140707191
"bimodal_mixture",821,300,1740072405
"gaussian",822,300,52943972
"skew_normal",822,300,1901942799
"asymmetric_mixture",822,300,562141190
"bimodal_mixture",822,300,1696347541
"gaussian",823,300,740655138
"skew_normal",823,300,1266217587
"asymmetric_mixture",823,300,598805604
"bimodal_mixture",823,300,15243129
"gaussian",824,300,77243416
"skew_normal",824,300,1219193521
"asymmetric_mixture",824,300,829450686
"bimodal_mixture",824,300,264338914
"gaussian",825,300,603224690
"skew_normal",825,300,1577593618
"asymmetric_mixture",825,300,1374957291
"bimodal_mixture",825,300,2145777134
"gaussian",826,300,927759617
"skew_normal",826,300,1215811744
"asymmetric_mixture",826,300,2076824726
"bimodal_mixture",826,300,331991451
"gaussian",827,300,1971923174
"skew_normal",827,300,1564744784
"asymmetric_mixture",827,300,1404525102
"bimodal_mixture",827,300,822883040
"gaussian",828,300,522774704
"skew_normal",828,300,371085283
"asymmetric_mixture",828,300,1945240897
"bimodal_mixture",828,300,992723061
"gaussian",829,300,301310041
"skew_normal",829,300,193891195
"asymmetric_mixture",829,300,1655988425
"bimodal_mixture",829,300,1243242055
"gaussian",830,300,1696390782
"skew_normal",830,300,1841753630
"asymmetric_mixture",830,300,1258786063
"bimodal_mixture",830,300,226870583
"gaussian",831,300,432850051
"skew_normal",831,300,1810128056
"asymmetric_mixture",831,300,196095022
"bimodal_mixture",831,300,1028199572
"gaussian",832,300,1051414890
"skew_normal",832,300,1761706214
"asymmetric_mixture",832,300,1646555709
"bimodal_mixture",832,300,1088822391
"gaussian",833,300,1547960144
"skew_normal",833,300,344790865
"asymmetric_mixture",833,300,1160582713
"bimodal_mixture",833,300,1845460985
"gaussian",834,300,119407672
"skew_normal",834,300,1558229223
"asymmetric_mixture",834,300,1259229149
"bimodal_mixture",834,300,1979083157
"gaussian",835,300,31356397
"skew_normal",835,300,415644605
"asymmetric_mixture",835,300,1771815951
"bimodal_mixture",835,300,79652726
"gaussian",836,300,462708573
"skew_normal",836,300,1787134213
"asymmetric_mixture",836,300,2012911289
"bimodal_mixture",836,300,1012505962
"gaussian",837,300,207615468
"skew_normal",837,300,1012888674
"asymmetric_mixture",837,300,198920951
"bimodal_mixture",837,300,60121864
"gaussian",838,300,788040401
"skew_normal",838,300,339397776
"asymmetric_mixture",838,300,1143057241
"bimodal_mixture",838,300,1886949155
"gaussian",839,300,922610991
"skew_normal",839,300,25971610
"asymmetric_mixture",839,300,693445577
"bimodal_mixture",839,300,134801736
"gaussian",840,300,402556245
"skew_normal",840,300,1353882627
"asymmetric_mixture",840,300,645912106
"bimodal_mixture",840,300,451421461
"gaussian",841,300,1868585230
"skew_normal",841,300,1856374863
"asymmetric_mixture",841,300,1780182523
"bimodal_mixture",841,300,1380742528
"gaussian",842,300,1195391919
"skew_normal",842,300,1246893996
"asymmetric_mixture",842,300,912367689
"bimodal_mixture",842,300,1886109799
"gaussian",843,300,671655497
"skew_normal",843,300,1600921140
"asymmetric_mixture",843,300,945630846
"bimodal_mixture",843,300,1049626132
"gaussian",844,300,911781377
"skew_normal",844,300,815307036
"asymmetric_mixture",844,300,1780704341
"bimodal_mixture",844,300,1895249354
"gaussian",845,300,1285199133
"skew_normal",845,300,1531310754
"asymmetric_mixture",845,300,719419992
"bimodal_mixture",845,300,1190397030
"gaussian",846,300,494014937
"skew_normal",846,300,746191277
"asymmetric_mixture",846,300,41337124
"bimodal_mixture",846,300,1265363013
"gaussian",847,300,1202111227
"skew_normal",847,300,597958290
"asymmetric_mixture",847,300,381094544
"bimodal_mixture",847,300,2079750082
"gaussian",848,300,82161883
"skew_normal",848,300,268182290
"asymmetric_mixture",848,300,675655644
"bimodal_mixture",848,300,641342051
"gaussian",849,300,1659402318
"skew_normal",849,300,1789012015
"asymmetric_mixture",849,300,1428578339
"bimodal_mixture",849,300,1788844589
"gaussian",850,300,1756380611
"skew_normal",850,300,1232862955
"asymmetric_mixture",850,300,1097439512
"bimodal_mixture",850,300,1456997524
"gaussian",851,300,1802311842
"skew_normal",851,300,1012677720
"asymmetric_mixture",851,300,836047739
"bimodal_mixture",851,300,1500155747
"gaussian",852,300,649349452
"skew_normal",852,300,1757888286
"asymmetric_mixture",852,300,1500147935
"bimodal_mixture",852,300,1233923972
"gaussian",853,300,1320295932
"skew_normal",853,300,21975953
"asymmetric_mixture",853,300,879156810
"bimodal_mixture",853,300,1279927151
"gaussian",854,300,359426186
"skew_normal",854,300,1922306667
"asymmetric_mixture",854,300,1283649189
"bimodal_mixture",854,300,1144583439
"gaussian",855,300,1035402936
"skew_normal",855,300,1294583589
"asymmetric_mixture",855,300,29370322
"bimodal_mixture",855,300,500363495
"gaussian",856,300,221199996
"skew_normal",856,300,1130955761
"asymmetric_mixture",856,300,1685344167
"bimodal_mixture",856,300,948556873
"gaussian",857,300,1162055129
"skew_normal",857,300,1090272136
"asymmetric_mixture",857,300,572302939
"bimodal_mixture",857,300,1872045856
"gaussian",858,300,773178961
"skew_normal",858,300,16340604
"asymmetric_mixture",858,300,385959815
"bimodal_mixture",858,300,165151111
"gaussian",859,300,97015005
"skew_normal",859,300,1871612150
"asymmetric_mixture",859,300,471068676
"bimodal_mixture",859,300,380459624
"gaussian",860,300,1278773257
"skew_normal",860,300,169796334
"asymmetric_mixture",860,300,94117315
"bimodal_mixture",860,300,1991506848
"gaussian",861,300,1639486767
"skew_normal",861,300,130738198
"asymmetric_mixture",861,300,734300562
"bimodal_mixture",861,300,1413152376
"gaussian",862,300,1225567458
"skew_normal",862,300,1442820897
"asymmetric_mixture",862,300,906186630
"bimodal_mixture",862,300,835588805
"gaussian",863,300,2091798936
"skew_normal",863,300,800470655
"asymmetric_mixture",863,300,818469641
"bimodal_mixture",863,300,621641012
"gaussian",864,300,2091075682
"skew_normal",864,300,1271303244
"asymmetric_mixture",864,300,458544169
"bimodal_mixture",864,300,945234354
"gaussian",865,300,1617374222
"skew_normal",865,300,296626758
"asymmetric_mixture",865,300,784695038
"bimodal_mixture",865,300,1440891978
"gaussian",866,300,707477729
"skew_normal",866,300,1801933223
"asymmetric_mixture",866,300,1168144251
"bimodal_mixture",866,300,2125509909
"gaussian",867,300,1976877922
"skew_normal",867,300,1118197302
"asymmetric_mixture",867,300,1374475972
"bimodal_mixture",867,300,1441852562
"gaussian",868,300,768693649
"skew_normal",868,300,1830094899
"asymmetric_mixture",868,300,716952893
"bimodal_mixture",868,300,2033651775
"gaussian",869,300,1913660766
"skew_normal",869,300,729375399
"asymmetric_mixture",869,300,1820160580
"bimodal_mixture",869,300,1120460182
"gaussian",870,300,1572842448
"skew_normal",870,300,1995267576
"asymmetric_mixture",870,300,1589448951
"bimodal_mixture",870,300,544939467
"gaussian",871,300,201388555
"skew_normal",871,300,846403357
"asymmetric_mixture",871,300,1267938190
"bimodal_mixture",871,300,1627624810
"gaussian",872,300,2021411607
"skew_normal",872,300,2135029706
"asymmetric_mixture",872,300,149320007
"bimodal_mixture",872,300,200686804
"gaussian",873,300,1736393637
"skew_normal",873,300,2005508928
"asymmetric_mixture",873,300,1992661683
"bimodal_mixture",873,300,1971464417
"gaussian",874,300,1626797918
"skew_normal",874,300,1881081309
"asymmetric_mixture",874,300,1562261671
"bimodal_mixture",874,300,1861610724
"gaussian",875,300,1372344393
"skew_normal",875,300,323915744
"asymmetric_mixture",875,300,350918282
"bimodal_mixture",875,300,540928359
"gaussian",876,300,229353111
"skew_normal",876,300,1354407845
"asymmetric_mixture",876,300,847771918
"bimodal_mixture",876,300,792304707
"gaussian",877,300,470786733
"skew_normal",877,300,1312852236
"asymmetric_mixture",877,300,236802072
"bimodal_mixture",877,300,1517980928
"gaussian",878,300,2047217576
"skew_normal",878,300,1713851882
"asymmetric_mixture",878,300,600080116
"bimodal_mixture",878,300,1002833512
"gaussian",879,300,808895146
"skew_normal",879,300,1394093497
"asymmetric_mixture",879,300,360421095
"bimodal_mixture",879,300,1680734818
"gaussian",880,300,1064860113
"skew_normal",880,300,159580635
"asymmetric_mixture",880,300,164498573
"bimodal_mixture",880,300,350434496
"gaussian",881,300,1199006748
"skew_normal",881,300,1158511982
"asymmetric_mixture",881,300,1747107781
"bimodal_mixture",881,300,223123879
"gaussian",882,300,2002038106
"skew_normal",882,300,32097930
"asymmetric_mixture",882,300,475516047
"bimodal_mixture",882,300,822274108
"gaussian",883,300,1635389586
"skew_normal",883,300,528302968
"asymmetric_mixture",883,300,1451921240
"bimodal_mixture",883,300,1973384944
"gaussian",884,300,381955623
"skew_normal",884,300,922327529
"asymmetric_mixture",884,300,247117437
"bimodal_mixture",884,300,199697564
"gaussian",885,300,1547416841
"skew_normal",885,300,1754848321
"asymmetric_mixture",885,300,1845201703
"bimodal_mixture",885,300,883695112
"gaussian",886,300,1261340692
"skew_normal",886,300,689568611
"asymmetric_mixture",886,300,170330391
"bimodal_mixture",886,300,705736472
"gaussian",887,300,1618518379
"skew_normal",887,300,775742101
"asymmetric_mixture",887,300,2065438644
"bimodal_mixture",887,300,1462203840
"gaussian",888,300,894964103
"skew_normal",888,300,1674911549
"asymmetric_mixture",888,300,1268818370
"bimodal_mixture",888,300,156396964
"gaussian",889,300,574635035
"skew_normal",889,300,1719122982
"asymmetric_mixture",889,300,463360318
"bimodal_mixture",889,300,94871360
"gaussian",890,300,1791852679
"skew_normal",890,300,2119964325
"asymmetric_mixture",890,300,538298898
"bimodal_mixture",890,300,1667305629
"gaussian",891,300,1179361274
"skew_normal",891,300,1938118726
"asymmetric_mixture",891,300,283903448
"bimodal_mixture",891,300,1323747505
"gaussian",892,300,1129840631
"skew_normal",892,300,2027066988
"asymmetric_mixture",892,300,254516545
"bimodal_mixture",892,300,354271272
"gaussian",893,300,1239895781
"skew_normal",893,300,75064256
"asymmetric_mixture",893,300,1562195152
"bimodal_mixture",893,300,1162952477
"gaussian",894,300,1062629087
"skew_normal",894,300,4294834
"asymmetric_mixture",894,300,349453855
"bimodal_mixture",894,300,418582569
"gaussian",895,300,1636316336
"skew_normal",895,300,1804488467
"asymmetric_mixture",895,300,1571397662
"bimodal_mixture",895,300,664741026
"gaussian",896,300,1884996849
"skew_normal",896,300,239907531
"asymmetric_mixture",896,300,740094506
"bimodal_mixture",896,300,1451392277
"gaussian",897,300,2019724349
"skew_normal",897,300,1738968513
"asymmetric_mixture",897,300,93552184
"bimodal_mixture",897,300,1968259998
"gaussian",898,300,655894157
"skew_normal",898,300,1070600722
"asymmetric_mixture",898,300,1590279448
"bimodal_mixture",898,300,1919907305
"gaussian",899,300,599578171
"skew_normal",899,300,168634851
"asymmetric_mixture",899,300,388779558
"bimodal_mixture",899,300,1506590985
"gaussian",900,300,1699573585
"skew_normal",900,300,633433059
"asymmetric_mixture",900,300,2074192751
"bimodal_mixture",900,300,691841637
"gaussian",901,300,251072062
"skew_normal",901,300,100745748
"asymmetric_mixture",901,300,1042940111
"bimodal_mixture",901,300,593244338
"gaussian",902,300,1651302541
"skew_normal",902,300,1708587914
"asymmetric_mixture",902,300,261794189
"bimodal_mixture",902,300,210318076
"gaussian",903,300,191450008
"skew_normal",903,300,308429805
"asymmetric_mixture",903,300,1141965844
"bimodal_mixture",903,300,976431293
"gaussian",904,300,82897101
"skew_normal",904,300,1984349672
"asymmetric_mixture",904,300,94456958
"bimodal_mixture",904,300,2034526096
"gaussian",905,300,649379325
"skew_normal",905,300,554140283
"asymmetric_mixture",905,300,89111104
"bimodal_mixture",905,300,2066275240
"gaussian",906,300,1800006096
"skew_normal",906,300,1924425415
"asymmetric_mixture",906,300,1360840347
"bimodal_mixture",906,300,1956812082
"gaussian",907,300,1584692177
"skew_normal",907,300,1774517602
"asymmetric_mixture",907,300,371324977
"bimodal_mixture",907,300,376920597
"gaussian",908,300,1041843904
"skew_normal",908,300,751549797
"asymmetric_mixture",908,300,978269716
"bimodal_mixture",908,300,17353567
"gaussian",909,300,1320398889
"skew_normal",909,300,2118322072
"asymmetric_mixture",909,300,432502042
"bimodal_mixture",909,300,693071640
"gaussian",910,300,126331008
"skew_normal",910,300,1792473826
"asymmetric_mixture",910,300,1134367893
"bimodal_mixture",910,300,745781407
"gaussian",911,300,1447642538
"skew_normal",911,300,1591562582
"asymmetric_mixture",911,300,583385539
"bimodal_mixture",911,300,412471975
"gaussian",912,300,849567672
"skew_normal",912,300,1848449865
"asymmetric_mixture",912,300,275454323
"bimodal_mixture",912,300,1987661588
"gaussian",913,300,1764153510
"skew_normal",913,300,889428938
"asymmetric_mixture",913,300,1594991046
"bimodal_mixture",913,300,884429417
"gaussian",914,300,1471133151
"skew_normal",914,300,1478703161
"asymmetric_mixture",914,300,128567405
"bimodal_mixture",914,300,1452921611
"gaussian",915,300,1504447525
"skew_normal",915,300,691373551
"asymmetric_mixture",915,300,431511289
"bimodal_mixture",915,300,170565149
"gaussian",916,300,2102465846
"skew_normal",916,300,1193664800
"asymmetric_mixture",916,300,736981983
"bimodal_mixture",916,300,684309604
"gaussian",917,300,431499145
"skew_normal",917,300,1061812417
"asymmetric_mixture",917,300,1220793812
"bimodal_mixture",917,300,1983558363
"gaussian",918,300,1604664477
"skew_normal",918,300,1398491910
"asymmetric_mixture",918,300,275569479
"bimodal_mixture",918,300,295014407
"gaussian",919,300,791791826
"skew_normal",919,300,1513002034
"asymmetric_mixture",919,300,678862332
"bimodal_mixture",919,300,1453786727
"gaussian",920,300,389500567
"skew_normal",920,300,123559572
"asymmetric_mixture",920,300,1595544906
"bimodal_mixture",920,300,787236830
"gaussian",921,300,1382427425
"skew_normal",921,300,195077572
"asymmetric_mixture",921,300,275209209
"bimodal_mixture",921,300,2005973854
"gaussian",922,300,97545596
"skew_normal",922,300,1303930688
"asymmetric_mixture",922,300,820854037
"bimodal_mixture",922,300,1470084334
"gaussian",923,300,251482541
"skew_normal",923,300,1121128175
"asymmetric_mixture",923,300,1674676408
"bimodal_mixture",923,300,1837903244
"gaussian",924,300,1753309061
"skew_normal",924,300,1487208389
"asymmetric_mixture",924,300,1777785586
"bimodal_mixture",924,300,436571042
"gaussian",925,300,1471414854
"skew_normal",925,300,1376270284
"asymmetric_mixture",925,300,736570193
"bimodal_mixture",925,300,292878053
"gaussian",926,300,687939923
"skew_normal",926,300,77393051
"asymmetric_mixture",926,300,2053283274
"bimodal_mixture",926,300,56566186
"gaussian",927,300,1165720325
"skew_normal",927,300,2131293103
"asymmetric_mixture",927,300,1917896579
"bimodal_mixture",927,300,1817936671
"gaussian",928,300,1160856953
"skew_normal",928,300,1146566034
"asymmetric_mixture",928,300,2111335546
"bimodal_mixture",928,300,463488363
"gaussian",929,300,754443213
"skew_normal",929,300,577539047
"asymmetric_mixture",929,300,543062435
"bimodal_mixture",929,300,550248568
"gaussian",930,300,1193769975
"skew_normal",930,300,94568428
"asymmetric_mixture",930,300,500590262
"bimodal_mixture",930,300,925917396
"gaussian",931,300,1481017735
"skew_normal",931,300,88739293
"asymmetric_mixture",931,300,47985787
"bimodal_mixture",931,300,399260653
"gaussian",932,300,432604594
"skew_normal",932,300,385698997
"asymmetric_mixture",932,300,1771934996
"bimodal_mixture",932,300,1358998950
"gaussian",933,300,2047601683
"skew_normal",933,300,336285695
"asymmetric_mixture",933,300,1223119695
"bimodal_mixture",933,300,181838696
"gaussian",934,300,31212449
"skew_normal",934,300,1301853665
"asymmetric_mixture",934,300,574607064
"bimodal_mixture",934,300,1300762583
"gaussian",935,300,607521798
"skew_normal",935,300,824347498
"asymmetric_mixture",935,300,986194385
"bimodal_mixture",935,300,1820987024
"gaussian",936,300,964567358
"skew_normal",936,300,1759381480
"asymmetric_mixture",936,300,1561289665
"bimodal_mixture",936,300,1049558997
"gaussian",937,300,1228700111
"skew_normal",937,300,1106178804
"asymmetric_mixture",937,300,528499310
"bimodal_mixture",937,300,944122560
"gaussian",938,300,1934844899
"skew_normal",938,300,1687540456
"asymmetric_mixture",938,300,1538580992
"bimodal_mixture",938,300,849841205
"gaussian",939,300,1378721748
"skew_normal",939,300,7786176
"asymmetric_mixture",939,300,194661853
"bimodal_mixture",939,300,1952483660
"gaussian",940,300,1949601601
"skew_normal",940,300,1627930267
"asymmetric_mixture",940,300,1658035511
"bimodal_mixture",940,300,2034127982
"gaussian",941,300,753333294
"skew_normal",941,300,481539372
"asymmetric_mixture",941,300,637516893
"bimodal_mixture",941,300,471507130
"gaussian",942,300,1788016945
"skew_normal",942,300,322922825
"asymmetric_mixture",942,300,927061710
"bimodal_mixture",942,300,1067438587
"gaussian",943,300,1206061598
"skew_normal",943,300,1344661542
"asymmetric_mixture",943,300,464737693
"bimodal_mixture",943,300,986246645
"gaussian",944,300,1043856033
"skew_normal",944,300,1130674869
"asymmetric_mixture",944,300,1275103042
"bimodal_mixture",944,300,1156687121
"gaussian",945,300,1126787034
"skew_normal",945,300,102753974
"asymmetric_mixture",945,300,565975967
"bimodal_mixture",945,300,38023541
"gaussian",946,300,22243963
"skew_normal",946,300,2004030325
"asymmetric_mixture",946,300,1883287310
"bimodal_mixture",946,300,1116332867
"gaussian",947,300,139515746
"skew_normal",947,300,175364530
"asymmetric_mixture",947,300,792259092
"bimodal_mixture",947,300,421606815
"gaussian",948,300,359055204
"skew_normal",948,300,957310679
"asymmetric_mixture",948,300,1201721107
"bimodal_mixture",948,300,1640276107
"gaussian",949,300,892885347
"skew_normal",949,300,944925074
"asymmetric_mixture",949,300,1549364681
"bimodal_mixture",949,300,573581911
"gaussian",950,300,168243525
"skew_normal",950,300,68833951
"asymmetric_mixture",950,300,914601468
"bimodal_mixture",950,300,1655999750
"gaussian",951,300,662887492
"skew_normal",951,300,1917746009
"asymmetric_mixture",951,300,1574644378
"bimodal_mixture",951,300,1695548826
"gaussian",952,300,753338081
"skew_normal",952,300,725274050
"asymmetric_mixture",952,300,1293734074
"bimodal_mixture",952,300,1713147004
"gaussian",953,300,118267193
"skew_normal",953,300,523979011
"asymmetric_mixture",953,300,573830447
"bimodal_mixture",953,300,504367815
"gaussian",954,300,1208372331
"skew_normal",954,300,391268336
"asymmetric_mixture",954,300,680393308
"bimodal_mixture",954,300,1199108707
"gaussian",955,300,1634361546
"skew_normal",955,300,1487186434
"asymmetric_mixture",955,300,1119526531
"bimodal_mixture",955,300,2069586016
"gaussian",956,300,1173744909
"skew_normal",956,300,133279112
"asymmetric_mixture",956,300,2018057947
"bimodal_mixture",956,300,49627164
"gaussian",957,300,2138419139
"skew_normal",957,300,1011224706
"asymmetric_mixture",957,300,1782657321
"bimodal_mixture",957,300,1072153199
"gaussian",958,300,43553349
"skew_normal",958,300,1284308909
"asymmetric_mixture",958,300,1399796906
"bimodal_mixture",958,300,769692966
"gaussian",959,300,1429349889
"skew_normal",959,300,1914445878
"asymmetric_mixture",959,300,969526715
"bimodal_mixture",959,300,734776195
"gaussian",960,300,866426302
"skew_normal",960,300,692162623
"asymmetric_mixture",960,300,596666239
"bimodal_mixture",960,300,554190906
"gaussian",961,300,452411668
"skew_normal",961,300,456233133
"asymmetric_mixture",961,300,2077102758
"bimodal_mixture",961,300,1415983859
"gaussian",962,300,1228130289
"skew_normal",962,300,1536063936
"asymmetric_mixture",962,300,1190949584
"bimodal_mixture",962,300,456452573
"gaussian",963,300,913753598
"skew_normal",963,300,1394654499
"asymmetric_mixture",963,300,1577272070
"bimodal_mixture",963,300,464406100
"gaussian",964,300,1188983911
"skew_normal",964,300,559166644
"asymmetric_mixture",964,300,43557900
"bimodal_mixture",964,300,274773898
"gaussian",965,300,1011649826
"skew_normal",965,300,717251658
"asymmetric_mixture",965,300,697013808
"bimodal_mixture",965,300,710461969
"gaussian",966,300,1097003435
"skew_normal",966,300,101204584
"asymmetric_mixture",966,300,668485774
"bimodal_mixture",966,300,398024619
"gaussian",967,300,1343750445
"skew_normal",967,300,669149941
"asymmetric_mixture",967,300,426232601
"bimodal_mixture",967,300,937727470
"gaussian",968,300,1461180775
"skew_normal",968,300,86158339
"asymmetric_mixture",968,300,744009962
"bimodal_mixture",968,300,435062735
"gaussian",969,300,1752836729
"skew_normal",969,300,533589697
"asymmetric_mixture",969,300,1757758159
"bimodal_mixture",969,300,1986889991
"gaussian",970,300,1707263273
"skew_normal",970,300,671942103
"asymmetric_mixture",970,300,1188352352
"bimodal_mixture",970,300,230927238
"gaussian",971,300,2108210091
"skew_normal",971,300,1612534303
"asymmetric_mixture",971,300,1029775369
"bimodal_mixture",971,300,1863166970
"gaussian",972,300,394169069
"skew_normal",972,300,1130733105
"asymmetric_mixture",972,300,865518904
"bimodal_mixture",972,300,680309981
"gaussian",973,300,1709173797
"skew_normal",973,300,757267496
"asymmetric_mixture",973,300,657864873
"bimodal_mixture",973,300,1766082552
"gaussian",974,300,2042767441
"skew_normal",974,300,1114428442
"asymmetric_mixture",974,300,1750872985
"bimodal_mixture",974,300,1456194217
"gaussian",975,300,2087667281
"skew_normal",975,300,695390149
"asymmetric_mixture",975,300,894410770
"bimodal_mixture",975,300,2021392431
"gaussian",976,300,1683419878
"skew_normal",976,300,719266707
"asymmetric_mixture",976,300,828004237
"bimodal_mixture",976,300,1215383734
"gaussian",977,300,1298149209
"skew_normal",977,300,17549750
"asymmetric_mixture",977,300,1521507486
"bimodal_mixture",977,300,1482420273
"gaussian",978,300,379905744
"skew_normal",978,300,153398330
"asymmetric_mixture",978,300,581710198
"bimodal_mixture",978,300,1422550446
"gaussian",979,300,1888288181
"skew_normal",979,300,1167529345
"asymmetric_mixture",979,300,399526520
"bimodal_mixture",979,300,1170511667
"gaussian",980,300,1492076527
"skew_normal",980,300,1447606308
"asymmetric_mixture",980,300,1075668774
"bimodal_mixture",980,300,1459844205
"gaussian",981,300,46049220
"skew_normal",981,300,1538903176
"asymmetric_mixture",981,300,1312239846
"bimodal_mixture",981,300,2052493693
"gaussian",982,300,1649148014
"skew_normal",982,300,454851487
"asymmetric_mixture",982,300,2045114248
"bimodal_mixture",982,300,1710186756
"gaussian",983,300,1077393225
"skew_normal",983,300,2034356919
"asymmetric_mixture",983,300,2104596056
"bimodal_mixture",983,300,1773050782
"gaussian",984,300,1156893333
"skew_normal",984,300,2014892559
"asymmetric_mixture",984,300,776468441
"bimodal_mixture",984,300,772780942
"gaussian",985,300,1882848427
"skew_normal",985,300,606020608
"asymmetric_mixture",985,300,884765475
"bimodal_mixture",985,300,22319274
"gaussian",986,300,1704303098
"skew_normal",986,300,428264486
"asymmetric_mixture",986,300,27453712
"bimodal_mixture",986,300,1456123704
"gaussian",987,300,1233164609
"skew_normal",987,300,2134660396
"asymmetric_mixture",987,300,652758476
"bimodal_mixture",987,300,84170421
"gaussian",988,300,58080253
"skew_normal",988,300,1865496828
"asymmetric_mixture",988,300,1620034141
"bimodal_mixture",988,300,1455143091
"gaussian",989,300,772197599
"skew_normal",989,300,473301170
"asymmetric_mixture",989,300,817462774
"bimodal_mixture",989,300,1432120986
"gaussian",990,300,656640454
"skew_normal",990,300,1712782967
"asymmetric_mixture",990,300,165857616
"bimodal_mixture",990,300,1383905269
"gaussian",991,300,800256021
"skew_normal",991,300,2111466139
"asymmetric_mixture",991,300,684317667
"bimodal_mixture",991,300,1613819955
"gaussian",992,300,1057109567
"skew_normal",992,300,188722154
"asymmetric_mixture",992,300,1565602328
"bimodal_mixture",992,300,1619556827
"gaussian",993,300,836215029
"skew_normal",993,300,1434353139
"asymmetric_mixture",993,300,1669078180
"bimodal_mixture",993,300,497689564
"gaussian",994,300,192910464
"skew_normal",994,300,1666892121
"asymmetric_mixture",994,300,1898036886
"bimodal_mixture",994,300,1228296689
"gaussian",995,300,131075476
"skew_normal",995,300,759270655
"asymmetric_mixture",995,300,1116094778
"bimodal_mixture",995,300,1240965256
"gaussian",996,300,1645925924
"skew_normal",996,300,797903826
"asymmetric_mixture",996,300,1240956636
"bimodal_mixture",996,300,622936249
"gaussian",997,300,984150924
"skew_normal",997,300,901965458
"asymmetric_mixture",997,300,1193690805
"bimodal_mixture",997,300,260893512
"gaussian",998,300,1553669307
"skew_normal",998,300,667885287
"asymmetric_mixture",998,300,963352567
"bimodal_mixture",998,300,2080858812
"gaussian",999,300,45364156
"skew_normal",999,300,592784934
"asymmetric_mixture",999,300,309482257
"bimodal_mixture",999,300,499813097
"gaussian",1000,300,355647202
"skew_normal",1000,300,703010020
"asymmetric_mixture",1000,300,1694821936
"bimodal_mixture",1000,300,2027667082
