"Scenario","TrueRho","Replication","Seed"
"gaussian",-0.3,1,1017120359
"asymmetric_mixture",-0.3,1,2073076625
"gaussian",0,1,608264593
"asymmetric_mixture",0,1,155197823
"gaussian",0.3,1,1220240863
"asymmetric_mixture",0.3,1,1979170958
"gaussian",-0.3,2,1264831624
"asymmetric_mixture",-0.3,2,2091422004
"gaussian",0,2,1834040568
"asymmetric_mixture",0,2,1972532662
"gaussian",0.3,2,1413160195
"asymmetric_mixture",0.3,2,2118035950
"gaussian",-0.3,3,525074671
"asymmetric_mixture",-0.3,3,195183430
"gaussian",0,3,1328496192
"asymmetric_mixture",0,3,787676995
"gaussian",0.3,3,1659194506
"asymmetric_mixture",0.3,3,40738423
"gaussian",-0.3,4,1587699181
"asymmetric_mixture",-0.3,4,284711375
"gaussian",0,4,2100543360
"asymmetric_mixture",0,4,1680466046
"gaussian",0.3,4,1412526601
"asymmetric_mixture",0.3,4,1085503513
"gaussian",-0.3,5,569182866
"asymmetric_mixture",-0.3,5,2045837819
"gaussian",0,5,1584021756
"asymmetric_mixture",0,5,1312514825
"gaussian",0.3,5,526959889
"asymmetric_mixture",0.3,5,847717201
"gaussian",-0.3,6,1825374506
"asymmetric_mixture",-0.3,6,1076072963
"gaussian",0,6,1549363468
"asymmetric_mixture",0,6,1472242782
"gaussian",0.3,6,1852244567
"asymmetric_mixture",0.3,6,1007019884
"gaussian",-0.3,7,1678908062
"asymmetric_mixture",-0.3,7,1191043395
"gaussian",0,7,1690369495
"asymmetric_mixture",0,7,1467515052
"gaussian",0.3,7,645997759
"asymmetric_mixture",0.3,7,1347625524
"gaussian",-0.3,8,1388996168
"asymmetric_mixture",-0.3,8,1973029693
"gaussian",0,8,632927178
"asymmetric_mixture",0,8,580088431
"gaussian",0.3,8,2110057291
"asymmetric_mixture",0.3,8,1086989165
"gaussian",-0.3,9,110867870
"asymmetric_mixture",-0.3,9,278592084
"gaussian",0,9,599528073
"asymmetric_mixture",0,9,2020295976
"gaussian",0.3,9,1484244095
"asymmetric_mixture",0.3,9,831399838
"gaussian",-0.3,10,269423862
"asymmetric_mixture",-0.3,10,898527771
"gaussian",0,10,265008792
"asymmetric_mixture",0,10,1716396191
"gaussian",0.3,10,1875035955
"asymmetric_mixture",0.3,10,1103004812
"gaussian",-0.3,11,1006719073
"asymmetric_mixture",-0.3,11,1968974081
"gaussian",0,11,2010115981
"asymmetric_mixture",0,11,1577231977
"gaussian",0.3,11,53571137
"asymmetric_mixture",0.3,11,780659663
"gaussian",-0.3,12,475935688
"asymmetric_mixture",-0.3,12,811928506
"gaussian",0,12,1472739307
"asymmetric_mixture",0,12,1344863289
"gaussian",0.3,12,1084523533
"asymmetric_mixture",0.3,12,1917605966
"gaussian",-0.3,13,39143919
"asymmetric_mixture",-0.3,13,1466192598
"gaussian",0,13,1917598442
"asymmetric_mixture",0,13,2091954767
"gaussian",0.3,13,1102434980
"asymmetric_mixture",0.3,13,712386103
"gaussian",-0.3,14,833002365
"asymmetric_mixture",-0.3,14,2122853375
"gaussian",0,14,1082411976
"asymmetric_mixture",0,14,707303325
"gaussian",0.3,14,1722114116
"asymmetric_mixture",0.3,14,1315318104
"gaussian",-0.3,15,1398834234
"asymmetric_mixture",-0.3,15,363719985
"gaussian",0,15,923378869
"asymmetric_mixture",0,15,1434178610
"gaussian",0.3,15,1526843623
"asymmetric_mixture",0.3,15,2128037339
"gaussian",-0.3,16,893847187
"asymmetric_mixture",-0.3,16,1394061212
"gaussian",0,16,1544251614
"asymmetric_mixture",0,16,1369495159
"gaussian",0.3,16,356542572
"asymmetric_mixture",0.3,16,1623688515
"gaussian",-0.3,17,745577846
"asymmetric_mixture",-0.3,17,2135180148
"gaussian",0,17,269014031
"asymmetric_mixture",0,17,1231571425
"gaussian",0.3,17,1392604459
"asymmetric_mixture",0.3,17,1727803672
"gaussian",-0.3,18,408121390
"asymmetric_mixture",-0.3,18,1850654729
"gaussian",0,18,4106350
"asymmetric_mixture",0,18,882063341
"gaussian",0.3,18,962896826
"asymmetric_mixture",0.3,18,1971284585
"gaussian",-0.3,19,1506788670
"asymmetric_mixture",-0.3,19,509559811
"gaussian",0,19,1243746203
"asymmetric_mixture",0,19,1058121640
"gaussian",0.3,19,200707765
"asymmetric_mixture",0.3,19,761001439
"gaussian",-0.3,20,1483148757
"asymmetric_mixture",-0.3,20,958155522
"gaussian",0,20,1596086695
"asymmetric_mixture",0,20,650831486
"gaussian",0.3,20,1360572704
"asymmetric_mixture",0.3,20,297767979
"gaussian",-0.3,21,1263284916
"asymmetric_mixture",-0.3,21,1093625289
"gaussian",0,21,8579367
"asymmetric_mixture",0,21,872133262
"gaussian",0.3,21,1973056142
"asymmetric_mixture",0.3,21,31688895
"gaussian",-0.3,22,1380400351
"asymmetric_mixture",-0.3,22,720117302
"gaussian",0,22,1160163911
"asymmetric_mixture",0,22,1204557189
"gaussian",0.3,22,1362624443
"asymmetric_mixture",0.3,22,149901484
"gaussian",-0.3,23,933291276
"asymmetric_mixture",-0.3,23,542078654
"gaussian",0,23,883950349
"asymmetric_mixture",0,23,585771303
"gaussian",0.3,23,1765727678
"asymmetric_mixture",0.3,23,1204685701
"gaussian",-0.3,24,1578063513
"asymmetric_mixture",-0.3,24,1835633479
"gaussian",0,24,377627886
"asymmetric_mixture",0,24,308639818
"gaussian",0.3,24,1718378552
"asymmetric_mixture",0.3,24,918198134
"gaussian",-0.3,25,1789665746
"asymmetric_mixture",-0.3,25,386235322
"gaussian",0,25,1288697697
"asymmetric_mixture",0,25,796788862
"gaussian",0.3,25,104527990
"asymmetric_mixture",0.3,25,1230608734
"gaussian",-0.3,26,676211847
"asymmetric_mixture",-0.3,26,70933791
"gaussian",0,26,1054649424
"asymmetric_mixture",0,26,1566266050
"gaussian",0.3,26,1990981178
"asymmetric_mixture",0.3,26,1053914408
"gaussian",-0.3,27,1138768431
"asymmetric_mixture",-0.3,27,1986117319
"gaussian",0,27,590494403
"asymmetric_mixture",0,27,283114265
"gaussian",0.3,27,1533809443
"asymmetric_mixture",0.3,27,1241138871
"gaussian",-0.3,28,1113660148
"asymmetric_mixture",-0.3,28,1547671500
"gaussian",0,28,1363550218
"asymmetric_mixture",0,28,1725474014
"gaussian",0.3,28,1112109305
"asymmetric_mixture",0.3,28,406972647
"gaussian",-0.3,29,1003528090
"asymmetric_mixture",-0.3,29,801798147
"gaussian",0,29,918474100
"asymmetric_mixture",0,29,1051608952
"gaussian",0.3,29,187847753
"asymmetric_mixture",0.3,29,977886352
"gaussian",-0.3,30,630751280
"asymmetric_mixture",-0.3,30,570832221
"gaussian",0,30,1261584493
"asymmetric_mixture",0,30,1631274724
"gaussian",0.3,30,924543777
"asymmetric_mixture",0.3,30,193742411
"gaussian",-0.3,31,167813254
"asymmetric_mixture",-0.3,31,273008874
"gaussian",0,31,503242643
"asymmetric_mixture",0,31,1093017583
"gaussian",0.3,31,1415669461
"asymmetric_mixture",0.3,31,1644426375
"gaussian",-0.3,32,2104026942
"asymmetric_mixture",-0.3,32,963534062
"gaussian",0,32,1667404073
"asymmetric_mixture",0,32,750147270
"gaussian",0.3,32,1116896558
"asymmetric_mixture",0.3,32,1852953644
"gaussian",-0.3,33,1814523460
"asymmetric_mixture",-0.3,33,1527071497
"gaussian",0,33,524831597
"asymmetric_mixture",0,33,1779908605
"gaussian",0.3,33,1163141545
"asymmetric_mixture",0.3,33,1136045967
"gaussian",-0.3,34,151153969
"asymmetric_mixture",-0.3,34,1974119966
"gaussian",0,34,1108271690
"asymmetric_mixture",0,34,2059326009
"gaussian",0.3,34,1312267865
"asymmetric_mixture",0.3,34,1108695086
"gaussian",-0.3,35,373266156
"asymmetric_mixture",-0.3,35,1656733343
"gaussian",0,35,358193438
"asymmetric_mixture",0,35,1229725346
"gaussian",0.3,35,85527796
"asymmetric_mixture",0.3,35,136125711
"gaussian",-0.3,36,2115814037
"asymmetric_mixture",-0.3,36,1004133988
"gaussian",0,36,339380982
"asymmetric_mixture",0,36,905166879
"gaussian",0.3,36,1239823196
"asymmetric_mixture",0.3,36,1990978158
"gaussian",-0.3,37,747381960
"asymmetric_mixture",-0.3,37,2012851495
"gaussian",0,37,1398022753
"asymmetric_mixture",0,37,531842968
"gaussian",0.3,37,207953429
"asymmetric_mixture",0.3,37,752547588
"gaussian",-0.3,38,502534797
"asymmetric_mixture",-0.3,38,1098141805
"gaussian",0,38,661533905
"asymmetric_mixture",0,38,1394739774
"gaussian",0.3,38,1249819708
"asymmetric_mixture",0.3,38,1847297322
"gaussian",-0.3,39,1541099810
"asymmetric_mixture",-0.3,39,583171404
"gaussian",0,39,427884578
"asymmetric_mixture",0,39,433552246
"gaussian",0.3,39,1532986085
"asymmetric_mixture",0.3,39,319226358
"gaussian",-0.3,40,1680312400
"asymmetric_mixture",-0.3,40,220836327
"gaussian",0,40,1249933278
"asymmetric_mixture",0,40,1743817133
"gaussian",0.3,40,762310072
"asymmetric_mixture",0.3,40,138367359
"gaussian",-0.3,41,173789949
"asymmetric_mixture",-0.3,41,1061188132
"gaussian",0,41,521331586
"asymmetric_mixture",0,41,2104117203
"gaussian",0.3,41,394754435
"asymmetric_mixture",0.3,41,650817966
"gaussian",-0.3,42,400322555
"asymmetric_mixture",-0.3,42,1701910458
"gaussian",0,42,650867787
"asymmetric_mixture",0,42,1904831107
"gaussian",0.3,42,1717063895
"asymmetric_mixture",0.3,42,766984914
"gaussian",-0.3,43,2145885002
"asymmetric_mixture",-0.3,43,1859635420
"gaussian",0,43,1190871236
"asymmetric_mixture",0,43,834689412
"gaussian",0.3,43,259296875
"asymmetric_mixture",0.3,43,1577303211
"gaussian",-0.3,44,1358325285
"asymmetric_mixture",-0.3,44,1468997504
"gaussian",0,44,1704649349
"asymmetric_mixture",0,44,2083076311
"gaussian",0.3,44,1452983334
"asymmetric_mixture",0.3,44,642296795
"gaussian",-0.3,45,301849224
"asymmetric_mixture",-0.3,45,457996077
"gaussian",0,45,501727965
"asymmetric_mixture",0,45,1567995866
"gaussian",0.3,45,2114705686
"asymmetric_mixture",0.3,45,613938075
"gaussian",-0.3,46,1098394517
"asymmetric_mixture",-0.3,46,30366010
"gaussian",0,46,1039191191
"asymmetric_mixture",0,46,1291391852
"gaussian",0.3,46,717461617
"asymmetric_mixture",0.3,46,922505146
"gaussian",-0.3,47,447220116
"asymmetric_mixture",-0.3,47,1254659188
"gaussian",0,47,209518238
"asymmetric_mixture",0,47,190077535
"gaussian",0.3,47,1111874721
"asymmetric_mixture",0.3,47,2055299474
"gaussian",-0.3,48,837008596
"asymmetric_mixture",-0.3,48,1540708284
"gaussian",0,48,1697705516
"asymmetric_mixture",0,48,1191128343
"gaussian",0.3,48,1639635991
"asymmetric_mixture",0.3,48,108978288
"gaussian",-0.3,49,2025654180
"asymmetric_mixture",-0.3,49,870754889
"gaussian",0,49,688566879
"asymmetric_mixture",0,49,1543647874
"gaussian",0.3,49,289186769
"asymmetric_mixture",0.3,49,1236805065
"gaussian",-0.3,50,623316899
"asymmetric_mixture",-0.3,50,1247863368
"gaussian",0,50,457140941
"asymmetric_mixture",0,50,1641610082
"gaussian",0.3,50,1058219472
"asymmetric_mixture",0.3,50,1079360536
"gaussian",-0.3,51,1837270168
"asymmetric_mixture",-0.3,51,526465484
"gaussian",0,51,2131933511
"asymmetric_mixture",0,51,671365440
"gaussian",0.3,51,995234171
"asymmetric_mixture",0.3,51,746698101
"gaussian",-0.3,52,1449705501
"asymmetric_mixture",-0.3,52,1108111483
"gaussian",0,52,601628256
"asymmetric_mixture",0,52,2022458923
"gaussian",0.3,52,1116701809
"asymmetric_mixture",0.3,52,2100403855
"gaussian",-0.3,53,1759195917
"asymmetric_mixture",-0.3,53,140288902
"gaussian",0,53,1521512059
"asymmetric_mixture",0,53,1939201848
"gaussian",0.3,53,520936777
"asymmetric_mixture",0.3,53,1237906825
"gaussian",-0.3,54,1009952968
"asymmetric_mixture",-0.3,54,659204101
"gaussian",0,54,1509348721
"asymmetric_mixture",0,54,1149877345
"gaussian",0.3,54,1285545143
"asymmetric_mixture",0.3,54,24138576
"gaussian",-0.3,55,309061836
"asymmetric_mixture",-0.3,55,1366667915
"gaussian",0,55,1345163861
"asymmetric_mixture",0,55,545826132
"gaussian",0.3,55,1701806798
"asymmetric_mixture",0.3,55,1914895036
"gaussian",-0.3,56,1326191251
"asymmetric_mixture",-0.3,56,1120912639
"gaussian",0,56,1680133000
"asymmetric_mixture",0,56,1585073889
"gaussian",0.3,56,1417591084
"asymmetric_mixture",0.3,56,838728366
"gaussian",-0.3,57,766439583
"asymmetric_mixture",-0.3,57,1287828811
"gaussian",0,57,477005276
"asymmetric_mixture",0,57,658464039
"gaussian",0.3,57,77004014
"asymmetric_mixture",0.3,57,185252143
"gaussian",-0.3,58,95389265
"asymmetric_mixture",-0.3,58,1814405729
"gaussian",0,58,1966865995
"asymmetric_mixture",0,58,2009471559
"gaussian",0.3,58,458349405
"asymmetric_mixture",0.3,58,1158841890
"gaussian",-0.3,59,2084737342
"asymmetric_mixture",-0.3,59,407932716
"gaussian",0,59,965471606
"asymmetric_mixture",0,59,1787111130
"gaussian",0.3,59,842924988
"asymmetric_mixture",0.3,59,155877225
"gaussian",-0.3,60,592441719
"asymmetric_mixture",-0.3,60,824988434
"gaussian",0,60,53245125
"asymmetric_mixture",0,60,366236885
"gaussian",0.3,60,1217259814
"asymmetric_mixture",0.3,60,1339060369
"gaussian",-0.3,61,1094286747
"asymmetric_mixture",-0.3,61,2127766228
"gaussian",0,61,258309983
"asymmetric_mixture",0,61,1560938365
"gaussian",0.3,61,87208174
"asymmetric_mixture",0.3,61,1605800448
"gaussian",-0.3,62,862744199
"asymmetric_mixture",-0.3,62,971761687
"gaussian",0,62,660909389
"asymmetric_mixture",0,62,781993400
"gaussian",0.3,62,659060066
"asymmetric_mixture",0.3,62,66258963
"gaussian",-0.3,63,1527717464
"asymmetric_mixture",-0.3,63,1378318618
"gaussian",0,63,1296968113
"asymmetric_mixture",0,63,1496843511
"gaussian",0.3,63,1212806038
"asymmetric_mixture",0.3,63,376896183
"gaussian",-0.3,64,350372126
"asymmetric_mixture",-0.3,64,678790574
"gaussian",0,64,787232868
"asymmetric_mixture",0,64,356088279
"gaussian",0.3,64,607675579
"asymmetric_mixture",0.3,64,2030803142
"gaussian",-0.3,65,998987531
"asymmetric_mixture",-0.3,65,1727434814
"gaussian",0,65,2062290371
"asymmetric_mixture",0,65,1900264672
"gaussian",0.3,65,277471258
"asymmetric_mixture",0.3,65,536742457
"gaussian",-0.3,66,506685391
"asymmetric_mixture",-0.3,66,1625094582
"gaussian",0,66,1840537209
"asymmetric_mixture",0,66,790071754
"gaussian",0.3,66,2053515078
"asymmetric_mixture",0.3,66,927093966
"gaussian",-0.3,67,2061218944
"asymmetric_mixture",-0.3,67,450374701
"gaussian",0,67,947536827
"asymmetric_mixture",0,67,279118316
"gaussian",0.3,67,329662976
"asymmetric_mixture",0.3,67,1490369640
"gaussian",-0.3,68,691063449
"asymmetric_mixture",-0.3,68,334189334
"gaussian",0,68,942722544
"asymmetric_mixture",0,68,1960767496
"gaussian",0.3,68,303252810
"asymmetric_mixture",0.3,68,2049296639
"gaussian",-0.3,69,556103320
"asymmetric_mixture",-0.3,69,2092324857
"gaussian",0,69,118096234
"asymmetric_mixture",0,69,2097491289
"gaussian",0.3,69,730740299
"asymmetric_mixture",0.3,69,1305518077
"gaussian",-0.3,70,1351479201
"asymmetric_mixture",-0.3,70,138572049
"gaussian",0,70,528460494
"asymmetric_mixture",0,70,74359582
"gaussian",0.3,70,311414926
"asymmetric_mixture",0.3,70,1876724646
"gaussian",-0.3,71,1637058514
"asymmetric_mixture",-0.3,71,1411187664
"gaussian",0,71,87888143
"asymmetric_mixture",0,71,1067986304
"gaussian",0.3,71,509128775
"asymmetric_mixture",0.3,71,529573940
"gaussian",-0.3,72,293860334
"asymmetric_mixture",-0.3,72,1296681935
"gaussian",0,72,1012938052
"asymmetric_mixture",0,72,1298368239
"gaussian",0.3,72,640525509
"asymmetric_mixture",0.3,72,1966206671
"gaussian",-0.3,73,1175537682
"asymmetric_mixture",-0.3,73,1320247362
"gaussian",0,73,994472419
"asymmetric_mixture",0,73,944680606
"gaussian",0.3,73,916483652
"asymmetric_mixture",0.3,73,2109152186
"gaussian",-0.3,74,1717659137
"asymmetric_mixture",-0.3,74,146362739
"gaussian",0,74,1757686102
"asymmetric_mixture",0,74,445558275
"gaussian",0.3,74,1123375584
"asymmetric_mixture",0.3,74,2103084244
"gaussian",-0.3,75,1859753815
"asymmetric_mixture",-0.3,75,1170865418
"gaussian",0,75,307356638
"asymmetric_mixture",0,75,1995054717
"gaussian",0.3,75,1927908025
"asymmetric_mixture",0.3,75,1549610106
"gaussian",-0.3,76,2025936643
"asymmetric_mixture",-0.3,76,101842565
"gaussian",0,76,46371871
"asymmetric_mixture",0,76,491994275
"gaussian",0.3,76,688866501
"asymmetric_mixture",0.3,76,1641784801
"gaussian",-0.3,77,1923186336
"asymmetric_mixture",-0.3,77,703478007
"gaussian",0,77,1168628472
"asymmetric_mixture",0,77,1629889176
"gaussian",0.3,77,1598777731
"asymmetric_mixture",0.3,77,614822615
"gaussian",-0.3,78,864055462
"asymmetric_mixture",-0.3,78,1568559505
"gaussian",0,78,1166196963
"asymmetric_mixture",0,78,330479872
"gaussian",0.3,78,1945241618
"asymmetric_mixture",0.3,78,1599244171
"gaussian",-0.3,79,2027341941
"asymmetric_mixture",-0.3,79,1673431307
"gaussian",0,79,2115434587
"asymmetric_mixture",0,79,745797978
"gaussian",0.3,79,1429456261
"asymmetric_mixture",0.3,79,1932556897
"gaussian",-0.3,80,1681609492
"asymmetric_mixture",-0.3,80,1945894681
"gaussian",0,80,739046672
"asymmetric_mixture",0,80,1736027425
"gaussian",0.3,80,1541938656
"asymmetric_mixture",0.3,80,141416663
"gaussian",-0.3,81,1582858663
"asymmetric_mixture",-0.3,81,396792059
"gaussian",0,81,889428235
"asymmetric_mixture",0,81,1926014556
"gaussian",0.3,81,372764093
"asymmetric_mixture",0.3,81,1391423625
"gaussian",-0.3,82,1503460603
"asymmetric_mixture",-0.3,82,284778846
"gaussian",0,82,568987193
"asymmetric_mixture",0,82,1333731875
"gaussian",0.3,82,1271195
"asymmetric_mixture",0.3,82,258686106
"gaussian",-0.3,83,1364333839
"asymmetric_mixture",-0.3,83,1637907859
"gaussian",0,83,275575633
"asymmetric_mixture",0,83,1638115139
"gaussian",0.3,83,1476174732
"asymmetric_mixture",0.3,83,947822087
"gaussian",-0.3,84,1004758437
"asymmetric_mixture",-0.3,84,1160390909
"gaussian",0,84,913371623
"asymmetric_mixture",0,84,702728008
"gaussian",0.3,84,179920522
"asymmetric_mixture",0.3,84,1487979224
"gaussian",-0.3,85,1514049909
"asymmetric_mixture",-0.3,85,353534506
"gaussian",0,85,1778380435
"asymmetric_mixture",0,85,218471418
"gaussian",0.3,85,969079596
"asymmetric_mixture",0.3,85,452159171
"gaussian",-0.3,86,1402056338
"asymmetric_mixture",-0.3,86,1935036582
"gaussian",0,86,46741345
"asymmetric_mixture",0,86,769596181
"gaussian",0.3,86,851463043
"asymmetric_mixture",0.3,86,1950802620
"gaussian",-0.3,87,1578531182
"asymmetric_mixture",-0.3,87,1894454494
"gaussian",0,87,1209680898
"asymmetric_mixture",0,87,2136868010
"gaussian",0.3,87,717492087
"asymmetric_mixture",0.3,87,568457840
"gaussian",-0.3,88,77693255
"asymmetric_mixture",-0.3,88,1882422500
"gaussian",0,88,1177577845
"asymmetric_mixture",0,88,1101085129
"gaussian",0.3,88,1091487029
"asymmetric_mixture",0.3,88,1725027221
"gaussian",-0.3,89,609098419
"asymmetric_mixture",-0.3,89,2136104084
"gaussian",0,89,315852299
"asymmetric_mixture",0,89,1165794538
"gaussian",0.3,89,367392848
"asymmetric_mixture",0.3,89,1202731613
"gaussian",-0.3,90,1838057959
"asymmetric_mixture",-0.3,90,429891357
"gaussian",0,90,1295045024
"asymmetric_mixture",0,90,842699944
"gaussian",0.3,90,1005392539
"asymmetric_mixture",0.3,90,1275519617
"gaussian",-0.3,91,941140034
"asymmetric_mixture",-0.3,91,309796487
"gaussian",0,91,1886783886
"asymmetric_mixture",0,91,1351962994
"gaussian",0.3,91,1591534592
"asymmetric_mixture",0.3,91,1707162019
"gaussian",-0.3,92,2127737589
"asymmetric_mixture",-0.3,92,2106277931
"gaussian",0,92,996084512
"asymmetric_mixture",0,92,1351936707
"gaussian",0.3,92,1664701095
"asymmetric_mixture",0.3,92,1292634605
"gaussian",-0.3,93,187736282
"asymmetric_mixture",-0.3,93,576029843
"gaussian",0,93,109175677
"asymmetric_mixture",0,93,497870585
"gaussian",0.3,93,1689967874
"asymmetric_mixture",0.3,93,233566245
"gaussian",-0.3,94,1628178390
"asymmetric_mixture",-0.3,94,759445121
"gaussian",0,94,141939679
"asymmetric_mixture",0,94,1359595164
"gaussian",0.3,94,1563355607
"asymmetric_mixture",0.3,94,83821551
"gaussian",-0.3,95,462434909
"asymmetric_mixture",-0.3,95,1083413877
"gaussian",0,95,1189435916
"asymmetric_mixture",0,95,1461851333
"gaussian",0.3,95,2105015689
"asymmetric_mixture",0.3,95,95182943
"gaussian",-0.3,96,1905017203
"asymmetric_mixture",-0.3,96,1969220836
"gaussian",0,96,804613828
"asymmetric_mixture",0,96,216084707
"gaussian",0.3,96,899487508
"asymmetric_mixture",0.3,96,2068344676
"gaussian",-0.3,97,610171178
"asymmetric_mixture",-0.3,97,685341682
"gaussian",0,97,2011848833
"asymmetric_mixture",0,97,869931781
"gaussian",0.3,97,1468039428
"asymmetric_mixture",0.3,97,590497543
"gaussian",-0.3,98,251033110
"asymmetric_mixture",-0.3,98,1746399202
"gaussian",0,98,350046632
"asymmetric_mixture",0,98,200967132
"gaussian",0.3,98,849951156
"asymmetric_mixture",0.3,98,1207968046
"gaussian",-0.3,99,812035622
"asymmetric_mixture",-0.3,99,1547736851
"gaussian",0,99,1314265408
"asymmetric_mixture",0,99,1953385418
"gaussian",0.3,99,1791892875
"asymmetric_mixture",0.3,99,1624688744
"gaussian",-0.3,100,103863498
"asymmetric_mixture",-0.3,100,2097497242
"gaussian",0,100,264144569
"asymmetric_mixture",0,100,27426150
"gaussian",0.3,100,961327306
"asymmetric_mixture",0.3,100,328795364
"gaussian",-0.3,101,1501897309
"asymmetric_mixture",-0.3,101,1790808027
"gaussian",0,101,1305788166
"asymmetric_mixture",0,101,1553361373
"gaussian",0.3,101,1497443365
"asymmetric_mixture",0.3,101,905111618
"gaussian",-0.3,102,470652764
"asymmetric_mixture",-0.3,102,1944835343
"gaussian",0,102,1631369651
"asymmetric_mixture",0,102,443222001
"gaussian",0.3,102,210315156
"asymmetric_mixture",0.3,102,2034929336
"gaussian",-0.3,103,1800526357
"asymmetric_mixture",-0.3,103,578391095
"gaussian",0,103,836288044
"asymmetric_mixture",0,103,1219004046
"gaussian",0.3,103,836588395
"asymmetric_mixture",0.3,103,1340674665
"gaussian",-0.3,104,1549153450
"asymmetric_mixture",-0.3,104,1599491151
"gaussian",0,104,2035569585
"asymmetric_mixture",0,104,2056319867
"gaussian",0.3,104,1647342068
"asymmetric_mixture",0.3,104,1996005690
"gaussian",-0.3,105,1301058730
"asymmetric_mixture",-0.3,105,220502802
"gaussian",0,105,401047368
"asymmetric_mixture",0,105,210845233
"gaussian",0.3,105,2096076305
"asymmetric_mixture",0.3,105,504575816
"gaussian",-0.3,106,100104426
"asymmetric_mixture",-0.3,106,1779301438
"gaussian",0,106,404690430
"asymmetric_mixture",0,106,1021668757
"gaussian",0.3,106,450816548
"asymmetric_mixture",0.3,106,1570592372
"gaussian",-0.3,107,340498477
"asymmetric_mixture",-0.3,107,1769902032
"gaussian",0,107,21866399
"asymmetric_mixture",0,107,1145958755
"gaussian",0.3,107,803080626
"asymmetric_mixture",0.3,107,1179498263
"gaussian",-0.3,108,1662988979
"asymmetric_mixture",-0.3,108,145246125
"gaussian",0,108,1677134679
"asymmetric_mixture",0,108,1020949430
"gaussian",0.3,108,891665171
"asymmetric_mixture",0.3,108,1051908092
"gaussian",-0.3,109,248737718
"asymmetric_mixture",-0.3,109,2114796826
"gaussian",0,109,1408304191
"asymmetric_mixture",0,109,302647901
"gaussian",0.3,109,1419026487
"asymmetric_mixture",0.3,109,986632591
"gaussian",-0.3,110,1710616268
"asymmetric_mixture",-0.3,110,1981794859
"gaussian",0,110,1464904335
"asymmetric_mixture",0,110,33450396
"gaussian",0.3,110,987210561
"asymmetric_mixture",0.3,110,1913351289
"gaussian",-0.3,111,1058603927
"asymmetric_mixture",-0.3,111,1042075562
"gaussian",0,111,1600345956
"asymmetric_mixture",0,111,137253027
"gaussian",0.3,111,951315975
"asymmetric_mixture",0.3,111,1191743994
"gaussian",-0.3,112,527015274
"asymmetric_mixture",-0.3,112,549753213
"gaussian",0,112,1796828220
"asymmetric_mixture",0,112,1911372101
"gaussian",0.3,112,488463610
"asymmetric_mixture",0.3,112,1206101487
"gaussian",-0.3,113,2025752492
"asymmetric_mixture",-0.3,113,1563756805
"gaussian",0,113,607430533
"asymmetric_mixture",0,113,1104084252
"gaussian",0.3,113,62622186
"asymmetric_mixture",0.3,113,1036944356
"gaussian",-0.3,114,1646484754
"asymmetric_mixture",-0.3,114,1735168611
"gaussian",0,114,1323802724
"asymmetric_mixture",0,114,1050106130
"gaussian",0.3,114,1856001281
"asymmetric_mixture",0.3,114,1108958939
"gaussian",-0.3,115,1570404514
"asymmetric_mixture",-0.3,115,1427984921
"gaussian",0,115,113556409
"asymmetric_mixture",0,115,1656370094
"gaussian",0.3,115,15730341
"asymmetric_mixture",0.3,115,201105198
"gaussian",-0.3,116,890251276
"asymmetric_mixture",-0.3,116,1741658278
"gaussian",0,116,1631092322
"asymmetric_mixture",0,116,1780799342
"gaussian",0.3,116,992177374
"asymmetric_mixture",0.3,116,95223537
"gaussian",-0.3,117,1560282335
"asymmetric_mixture",-0.3,117,1254840683
"gaussian",0,117,1161623660
"asymmetric_mixture",0,117,1757888994
"gaussian",0.3,117,1828242990
"asymmetric_mixture",0.3,117,810186823
"gaussian",-0.3,118,1557739409
"asymmetric_mixture",-0.3,118,1718874038
"gaussian",0,118,997597493
"asymmetric_mixture",0,118,727254775
"gaussian",0.3,118,717693046
"asymmetric_mixture",0.3,118,1302003607
"gaussian",-0.3,119,1632116568
"asymmetric_mixture",-0.3,119,1223181546
"gaussian",0,119,357034150
"asymmetric_mixture",0,119,1922567996
"gaussian",0.3,119,1770818813
"asymmetric_mixture",0.3,119,946315681
"gaussian",-0.3,120,396177771
"asymmetric_mixture",-0.3,120,1619060375
"gaussian",0,120,1885672010
"asymmetric_mixture",0,120,690830457
"gaussian",0.3,120,1661720606
"asymmetric_mixture",0.3,120,639837579
"gaussian",-0.3,121,1370801424
"asymmetric_mixture",-0.3,121,481418441
"gaussian",0,121,448770058
"asymmetric_mixture",0,121,501321644
"gaussian",0.3,121,890252182
"asymmetric_mixture",0.3,121,1852338872
"gaussian",-0.3,122,1064129837
"asymmetric_mixture",-0.3,122,57950897
"gaussian",0,122,807486812
"asymmetric_mixture",0,122,356259465
"gaussian",0.3,122,1607100926
"asymmetric_mixture",0.3,122,974207560
"gaussian",-0.3,123,846664814
"asymmetric_mixture",-0.3,123,1932251242
"gaussian",0,123,810000003
"asymmetric_mixture",0,123,127010331
"gaussian",0.3,123,960970499
"asymmetric_mixture",0.3,123,1502212614
"gaussian",-0.3,124,1056250198
"asymmetric_mixture",-0.3,124,883408315
"gaussian",0,124,343568015
"asymmetric_mixture",0,124,564246802
"gaussian",0.3,124,1387260007
"asymmetric_mixture",0.3,124,1282495171
"gaussian",-0.3,125,29634427
"asymmetric_mixture",-0.3,125,89094108
"gaussian",0,125,409356976
"asymmetric_mixture",0,125,606077942
"gaussian",0.3,125,1372498403
"asymmetric_mixture",0.3,125,614837731
"gaussian",-0.3,126,251527086
"asymmetric_mixture",-0.3,126,102484292
"gaussian",0,126,741851087
"asymmetric_mixture",0,126,310767984
"gaussian",0.3,126,272290045
"asymmetric_mixture",0.3,126,1483111937
"gaussian",-0.3,127,782751099
"asymmetric_mixture",-0.3,127,1076396623
"gaussian",0,127,85999747
"asymmetric_mixture",0,127,470773811
"gaussian",0.3,127,503337613
"asymmetric_mixture",0.3,127,920451622
"gaussian",-0.3,128,928426942
"asymmetric_mixture",-0.3,128,1151718663
"gaussian",0,128,1928604773
"asymmetric_mixture",0,128,853971076
"gaussian",0.3,128,1866126893
"asymmetric_mixture",0.3,128,1995567714
"gaussian",-0.3,129,59957360
"asymmetric_mixture",-0.3,129,126959874
"gaussian",0,129,70232682
"asymmetric_mixture",0,129,1440877112
"gaussian",0.3,129,1889661816
"asymmetric_mixture",0.3,129,1959817377
"gaussian",-0.3,130,987883402
"asymmetric_mixture",-0.3,130,1871468746
"gaussian",0,130,825285638
"asymmetric_mixture",0,130,995365086
"gaussian",0.3,130,273597058
"asymmetric_mixture",0.3,130,1243449158
"gaussian",-0.3,131,602618071
"asymmetric_mixture",-0.3,131,22699484
"gaussian",0,131,664366335
"asymmetric_mixture",0,131,1248217325
"gaussian",0.3,131,28642624
"asymmetric_mixture",0.3,131,904036106
"gaussian",-0.3,132,434851030
"asymmetric_mixture",-0.3,132,1836440318
"gaussian",0,132,510323579
"asymmetric_mixture",0,132,1419747114
"gaussian",0.3,132,1317886817
"asymmetric_mixture",0.3,132,131206060
"gaussian",-0.3,133,327448949
"asymmetric_mixture",-0.3,133,1843994246
"gaussian",0,133,1546521984
"asymmetric_mixture",0,133,628053150
"gaussian",0.3,133,1736172986
"asymmetric_mixture",0.3,133,512597002
"gaussian",-0.3,134,875070596
"asymmetric_mixture",-0.3,134,1131213696
"gaussian",0,134,993934234
"asymmetric_mixture",0,134,2132585566
"gaussian",0.3,134,1837815843
"asymmetric_mixture",0.3,134,1186694382
"gaussian",-0.3,135,1418512175
"asymmetric_mixture",-0.3,135,1451735096
"gaussian",0,135,1943314089
"asymmetric_mixture",0,135,1116313396
"gaussian",0.3,135,187818104
"asymmetric_mixture",0.3,135,1835639855
"gaussian",-0.3,136,1733878298
"asymmetric_mixture",-0.3,136,547507405
"gaussian",0,136,2072001967
"asymmetric_mixture",0,136,632262608
"gaussian",0.3,136,207544247
"asymmetric_mixture",0.3,136,778609028
"gaussian",-0.3,137,1520701713
"asymmetric_mixture",-0.3,137,972485414
"gaussian",0,137,967486518
"asymmetric_mixture",0,137,1020084513
"gaussian",0.3,137,48184594
"asymmetric_mixture",0.3,137,1144045713
"gaussian",-0.3,138,759152191
"asymmetric_mixture",-0.3,138,1198522361
"gaussian",0,138,1221068284
"asymmetric_mixture",0,138,214160810
"gaussian",0.3,138,1356836153
"asymmetric_mixture",0.3,138,603789268
"gaussian",-0.3,139,1681311818
"asymmetric_mixture",-0.3,139,315018145
"gaussian",0,139,906118280
"asymmetric_mixture",0,139,1471532234
"gaussian",0.3,139,1689771494
"asymmetric_mixture",0.3,139,808256765
"gaussian",-0.3,140,1309630694
"asymmetric_mixture",-0.3,140,64351609
"gaussian",0,140,1769315876
"asymmetric_mixture",0,140,660046146
"gaussian",0.3,140,1885701849
"asymmetric_mixture",0.3,140,765481494
"gaussian",-0.3,141,335871342
"asymmetric_mixture",-0.3,141,37357443
"gaussian",0,141,1425117964
"asymmetric_mixture",0,141,594934521
"gaussian",0.3,141,194553085
"asymmetric_mixture",0.3,141,812608639
"gaussian",-0.3,142,695939044
"asymmetric_mixture",-0.3,142,491341059
"gaussian",0,142,118453524
"asymmetric_mixture",0,142,785322383
"gaussian",0.3,142,1258253994
"asymmetric_mixture",0.3,142,772104483
"gaussian",-0.3,143,1261606304
"asymmetric_mixture",-0.3,143,2015228986
"gaussian",0,143,557896754
"asymmetric_mixture",0,143,1452412428
"gaussian",0.3,143,1232244806
"asymmetric_mixture",0.3,143,748082621
"gaussian",-0.3,144,151187151
"asymmetric_mixture",-0.3,144,154590941
"gaussian",0,144,30140040
"asymmetric_mixture",0,144,1077445072
"gaussian",0.3,144,541308632
"asymmetric_mixture",0.3,144,1644604289
"gaussian",-0.3,145,143341225
"asymmetric_mixture",-0.3,145,1973843148
"gaussian",0,145,2114179469
"asymmetric_mixture",0,145,1232499221
"gaussian",0.3,145,1075604183
"asymmetric_mixture",0.3,145,1681048777
"gaussian",-0.3,146,853613114
"asymmetric_mixture",-0.3,146,153061336
"gaussian",0,146,1317883003
"asymmetric_mixture",0,146,1673448087
"gaussian",0.3,146,2139683553
"asymmetric_mixture",0.3,146,1850011717
"gaussian",-0.3,147,2027424211
"asymmetric_mixture",-0.3,147,1283563088
"gaussian",0,147,653820422
"asymmetric_mixture",0,147,120977993
"gaussian",0.3,147,797682318
"asymmetric_mixture",0.3,147,1177806117
"gaussian",-0.3,148,1197279243
"asymmetric_mixture",-0.3,148,1580770991
"gaussian",0,148,882973701
"asymmetric_mixture",0,148,742098186
"gaussian",0.3,148,1396595335
"asymmetric_mixture",0.3,148,2115691896
"gaussian",-0.3,149,36423471
"asymmetric_mixture",-0.3,149,1757886019
"gaussian",0,149,490877369
"asymmetric_mixture",0,149,899355282
"gaussian",0.3,149,1457446546
"asymmetric_mixture",0.3,149,1219126026
"gaussian",-0.3,150,1371859788
"asymmetric_mixture",-0.3,150,1034791130
"gaussian",0,150,585370823
"asymmetric_mixture",0,150,1795586966
"gaussian",0.3,150,891264830
"asymmetric_mixture",0.3,150,1209879069
"gaussian",-0.3,151,631460501
"asymmetric_mixture",-0.3,151,1964085720
"gaussian",0,151,1143494566
"asymmetric_mixture",0,151,1903546901
"gaussian",0.3,151,70049195
"asymmetric_mixture",0.3,151,1335999368
"gaussian",-0.3,152,173799395
"asymmetric_mixture",-0.3,152,1999092587
"gaussian",0,152,1595595946
"asymmetric_mixture",0,152,633538210
"gaussian",0.3,152,1370591680
"asymmetric_mixture",0.3,152,795620508
"gaussian",-0.3,153,1586764184
"asymmetric_mixture",-0.3,153,1303013310
"gaussian",0,153,1294539777
"asymmetric_mixture",0,153,1884713010
"gaussian",0.3,153,625295128
"asymmetric_mixture",0.3,153,739706291
"gaussian",-0.3,154,689303165
"asymmetric_mixture",-0.3,154,1390407779
"gaussian",0,154,2075576781
"asymmetric_mixture",0,154,1464614444
"gaussian",0.3,154,1518234860
"asymmetric_mixture",0.3,154,1902700191
"gaussian",-0.3,155,774230882
"asymmetric_mixture",-0.3,155,98936109
"gaussian",0,155,705804117
"asymmetric_mixture",0,155,1395845335
"gaussian",0.3,155,2110599681
"asymmetric_mixture",0.3,155,1031470627
"gaussian",-0.3,156,254163783
"asymmetric_mixture",-0.3,156,1516872721
"gaussian",0,156,193572390
"asymmetric_mixture",0,156,1273528762
"gaussian",0.3,156,1148351404
"asymmetric_mixture",0.3,156,2059768180
"gaussian",-0.3,157,1552082034
"asymmetric_mixture",-0.3,157,769577315
"gaussian",0,157,1828710311
"asymmetric_mixture",0,157,1069808505
"gaussian",0.3,157,202352474
"asymmetric_mixture",0.3,157,955286866
"gaussian",-0.3,158,247738919
"asymmetric_mixture",-0.3,158,54707750
"gaussian",0,158,838133343
"asymmetric_mixture",0,158,1672193423
"gaussian",0.3,158,477901034
"asymmetric_mixture",0.3,158,134690812
"gaussian",-0.3,159,2106786468
"asymmetric_mixture",-0.3,159,73430244
"gaussian",0,159,128190383
"asymmetric_mixture",0,159,452021429
"gaussian",0.3,159,854584148
"asymmetric_mixture",0.3,159,832101109
"gaussian",-0.3,160,584103036
"asymmetric_mixture",-0.3,160,138544863
"gaussian",0,160,857473017
"asymmetric_mixture",0,160,55865376
"gaussian",0.3,160,1600814713
"asymmetric_mixture",0.3,160,1341131821
"gaussian",-0.3,161,748082391
"asymmetric_mixture",-0.3,161,1177352527
"gaussian",0,161,954196024
"asymmetric_mixture",0,161,312260795
"gaussian",0.3,161,477085918
"asymmetric_mixture",0.3,161,1426644955
"gaussian",-0.3,162,1385221962
"asymmetric_mixture",-0.3,162,1327422333
"gaussian",0,162,1745092676
"asymmetric_mixture",0,162,733499149
"gaussian",0.3,162,634113848
"asymmetric_mixture",0.3,162,620722644
"gaussian",-0.3,163,313192471
"asymmetric_mixture",-0.3,163,1746150121
"gaussian",0,163,525047375
"asymmetric_mixture",0,163,1789399391
"gaussian",0.3,163,935481353
"asymmetric_mixture",0.3,163,2010906617
"gaussian",-0.3,164,410922668
"asymmetric_mixture",-0.3,164,1109577625
"gaussian",0,164,839223215
"asymmetric_mixture",0,164,1485680574
"gaussian",0.3,164,489268202
"asymmetric_mixture",0.3,164,1499951065
"gaussian",-0.3,165,16587564
"asymmetric_mixture",-0.3,165,1183579725
"gaussian",0,165,2038785976
"asymmetric_mixture",0,165,1119169251
"gaussian",0.3,165,2080721228
"asymmetric_mixture",0.3,165,945391972
"gaussian",-0.3,166,401687451
"asymmetric_mixture",-0.3,166,2054646194
"gaussian",0,166,1714858397
"asymmetric_mixture",0,166,1254908288
"gaussian",0.3,166,1194740635
"asymmetric_mixture",0.3,166,931122521
"gaussian",-0.3,167,1745766757
"asymmetric_mixture",-0.3,167,355119101
"gaussian",0,167,1752477590
"asymmetric_mixture",0,167,128698311
"gaussian",0.3,167,1383783371
"asymmetric_mixture",0.3,167,1203575320
"gaussian",-0.3,168,1236940059
"asymmetric_mixture",-0.3,168,2096317097
"gaussian",0,168,268175417
"asymmetric_mixture",0,168,93499573
"gaussian",0.3,168,1679274826
"asymmetric_mixture",0.3,168,1897279446
"gaussian",-0.3,169,1781643346
"asymmetric_mixture",-0.3,169,2110786003
"gaussian",0,169,476034373
"asymmetric_mixture",0,169,43908719
"gaussian",0.3,169,910726994
"asymmetric_mixture",0.3,169,2051186094
"gaussian",-0.3,170,316607727
"asymmetric_mixture",-0.3,170,122536357
"gaussian",0,170,1172955867
"asymmetric_mixture",0,170,1284836731
"gaussian",0.3,170,1759184470
"asymmetric_mixture",0.3,170,354139052
"gaussian",-0.3,171,787301584
"asymmetric_mixture",-0.3,171,1726421885
"gaussian",0,171,806331037
"asymmetric_mixture",0,171,1860987268
"gaussian",0.3,171,1736335489
"asymmetric_mixture",0.3,171,1964364778
"gaussian",-0.3,172,99364101
"asymmetric_mixture",-0.3,172,27141477
"gaussian",0,172,1113541642
"asymmetric_mixture",0,172,2110290223
"gaussian",0.3,172,1574834170
"asymmetric_mixture",0.3,172,1436143433
"gaussian",-0.3,173,1252762031
"asymmetric_mixture",-0.3,173,1714634942
"gaussian",0,173,1541638975
"asymmetric_mixture",0,173,47753395
"gaussian",0.3,173,1669225906
"asymmetric_mixture",0.3,173,368832939
"gaussian",-0.3,174,995649590
"asymmetric_mixture",-0.3,174,524572859
"gaussian",0,174,1240763135
"asymmetric_mixture",0,174,1488808989
"gaussian",0.3,174,764918712
"asymmetric_mixture",0.3,174,708394950
"gaussian",-0.3,175,221290392
"asymmetric_mixture",-0.3,175,749184012
"gaussian",0,175,1108343781
"asymmetric_mixture",0,175,1114693255
"gaussian",0.3,175,1700147724
"asymmetric_mixture",0.3,175,1166640380
"gaussian",-0.3,176,602094996
"asymmetric_mixture",-0.3,176,675272047
"gaussian",0,176,620509522
"asymmetric_mixture",0,176,527641028
"gaussian",0.3,176,970466926
"asymmetric_mixture",0.3,176,1459253040
"gaussian",-0.3,177,1320953095
"asymmetric_mixture",-0.3,177,636586497
"gaussian",0,177,1520240983
"asymmetric_mixture",0,177,323129106
"gaussian",0.3,177,305439764
"asymmetric_mixture",0.3,177,1769423258
"gaussian",-0.3,178,638999580
"asymmetric_mixture",-0.3,178,318603272
"gaussian",0,178,2013377971
"asymmetric_mixture",0,178,974871912
"gaussian",0.3,178,1595543998
"asymmetric_mixture",0.3,178,1810440043
"gaussian",-0.3,179,1221464148
"asymmetric_mixture",-0.3,179,1487131122
"gaussian",0,179,1195592799
"asymmetric_mixture",0,179,200042356
"gaussian",0.3,179,902429603
"asymmetric_mixture",0.3,179,451605727
"gaussian",-0.3,180,74518442
"asymmetric_mixture",-0.3,180,1682406308
"gaussian",0,180,1753788949
"asymmetric_mixture",0,180,2060220969
"gaussian",0.3,180,1732488102
"asymmetric_mixture",0.3,180,2013434177
"gaussian",-0.3,181,326834261
"asymmetric_mixture",-0.3,181,1886184190
"gaussian",0,181,596123752
"asymmetric_mixture",0,181,454579293
"gaussian",0.3,181,511844651
"asymmetric_mixture",0.3,181,523736964
"gaussian",-0.3,182,975144807
"asymmetric_mixture",-0.3,182,302306913
"gaussian",0,182,1586338273
"asymmetric_mixture",0,182,1068426323
"gaussian",0.3,182,733045370
"asymmetric_mixture",0.3,182,1367741613
"gaussian",-0.3,183,1894791321
"asymmetric_mixture",-0.3,183,487716032
"gaussian",0,183,1317786090
"asymmetric_mixture",0,183,622693917
"gaussian",0.3,183,859958246
"asymmetric_mixture",0.3,183,1840044798
"gaussian",-0.3,184,317889498
"asymmetric_mixture",-0.3,184,1559522180
"gaussian",0,184,1917595375
"asymmetric_mixture",0,184,247881510
"gaussian",0.3,184,643344011
"asymmetric_mixture",0.3,184,2127607010
"gaussian",-0.3,185,1038417153
"asymmetric_mixture",-0.3,185,655234727
"gaussian",0,185,244750803
"asymmetric_mixture",0,185,969889984
"gaussian",0.3,185,1362288484
"asymmetric_mixture",0.3,185,1893715029
"gaussian",-0.3,186,984820454
"asymmetric_mixture",-0.3,186,1194748291
"gaussian",0,186,539583829
"asymmetric_mixture",0,186,813580149
"gaussian",0.3,186,1365747838
"asymmetric_mixture",0.3,186,230105091
"gaussian",-0.3,187,779403542
"asymmetric_mixture",-0.3,187,529323529
"gaussian",0,187,1313937630
"asymmetric_mixture",0,187,2116759151
"gaussian",0.3,187,1976252634
"asymmetric_mixture",0.3,187,1991818678
"gaussian",-0.3,188,24529226
"asymmetric_mixture",-0.3,188,1298388548
"gaussian",0,188,456174066
"asymmetric_mixture",0,188,670489049
"gaussian",0.3,188,925124386
"asymmetric_mixture",0.3,188,36020593
"gaussian",-0.3,189,1983440937
"asymmetric_mixture",-0.3,189,428093874
"gaussian",0,189,1871039395
"asymmetric_mixture",0,189,389432524
"gaussian",0.3,189,836229429
"asymmetric_mixture",0.3,189,1780017864
"gaussian",-0.3,190,41072848
"asymmetric_mixture",-0.3,190,427285664
"gaussian",0,190,637153892
"asymmetric_mixture",0,190,819998122
"gaussian",0.3,190,1930299118
"asymmetric_mixture",0.3,190,238721473
"gaussian",-0.3,191,577608461
"asymmetric_mixture",-0.3,191,1533933047
"gaussian",0,191,914786135
"asymmetric_mixture",0,191,635295458
"gaussian",0.3,191,2103476223
"asymmetric_mixture",0.3,191,1017025581
"gaussian",-0.3,192,1509319319
"asymmetric_mixture",-0.3,192,1642593980
"gaussian",0,192,2042421997
"asymmetric_mixture",0,192,1777990403
"gaussian",0.3,192,485302019
"asymmetric_mixture",0.3,192,136093649
"gaussian",-0.3,193,418131099
"asymmetric_mixture",-0.3,193,1684240834
"gaussian",0,193,680480565
"asymmetric_mixture",0,193,549186281
"gaussian",0.3,193,1709973923
"asymmetric_mixture",0.3,193,329333772
"gaussian",-0.3,194,96142937
"asymmetric_mixture",-0.3,194,1436067978
"gaussian",0,194,1285283268
"asymmetric_mixture",0,194,794557437
"gaussian",0.3,194,1229043694
"asymmetric_mixture",0.3,194,1515431177
"gaussian",-0.3,195,1640257293
"asymmetric_mixture",-0.3,195,1085624187
"gaussian",0,195,827829209
"asymmetric_mixture",0,195,2139794207
"gaussian",0.3,195,1577380376
"asymmetric_mixture",0.3,195,1834027687
"gaussian",-0.3,196,1171429617
"asymmetric_mixture",-0.3,196,2123714616
"gaussian",0,196,1258274373
"asymmetric_mixture",0,196,569592507
"gaussian",0.3,196,182859680
"asymmetric_mixture",0.3,196,1453917724
"gaussian",-0.3,197,607378106
"asymmetric_mixture",-0.3,197,1295078298
"gaussian",0,197,2019394645
"asymmetric_mixture",0,197,1539668639
"gaussian",0.3,197,1835410007
"asymmetric_mixture",0.3,197,953478597
"gaussian",-0.3,198,1263755682
"asymmetric_mixture",-0.3,198,813109233
"gaussian",0,198,432446376
"asymmetric_mixture",0,198,235033875
"gaussian",0.3,198,2029746079
"asymmetric_mixture",0.3,198,1449276556
"gaussian",-0.3,199,1809826650
"asymmetric_mixture",-0.3,199,462839996
"gaussian",0,199,2130873878
"asymmetric_mixture",0,199,665560047
"gaussian",0.3,199,452250309
"asymmetric_mixture",0.3,199,242923410
"gaussian",-0.3,200,2006778400
"asymmetric_mixture",-0.3,200,1068902263
"gaussian",0,200,2134241417
"asymmetric_mixture",0,200,1127540392
"gaussian",0.3,200,1890218129
"asymmetric_mixture",0.3,200,53757808
"gaussian",-0.3,201,53624236
"asymmetric_mixture",-0.3,201,1796977049
"gaussian",0,201,710748321
"asymmetric_mixture",0,201,1507601849
"gaussian",0.3,201,236201287
"asymmetric_mixture",0.3,201,2111696667
"gaussian",-0.3,202,1757865950
"asymmetric_mixture",-0.3,202,505090369
"gaussian",0,202,863286850
"asymmetric_mixture",0,202,2015255811
"gaussian",0.3,202,1144209818
"asymmetric_mixture",0.3,202,1530760498
"gaussian",-0.3,203,1339577907
"asymmetric_mixture",-0.3,203,1904019564
"gaussian",0,203,873103932
"asymmetric_mixture",0,203,634087099
"gaussian",0.3,203,1624834418
"asymmetric_mixture",0.3,203,605181017
"gaussian",-0.3,204,1533103417
"asymmetric_mixture",-0.3,204,2036460274
"gaussian",0,204,419686815
"asymmetric_mixture",0,204,542056506
"gaussian",0.3,204,2058070848
"asymmetric_mixture",0.3,204,203753384
"gaussian",-0.3,205,307460216
"asymmetric_mixture",-0.3,205,2113592900
"gaussian",0,205,1301850317
"asymmetric_mixture",0,205,450932150
"gaussian",0.3,205,937434670
"asymmetric_mixture",0.3,205,512865565
"gaussian",-0.3,206,1273778279
"asymmetric_mixture",-0.3,206,387744114
"gaussian",0,206,770628742
"asymmetric_mixture",0,206,1042810620
"gaussian",0.3,206,686887238
"asymmetric_mixture",0.3,206,1174015349
"gaussian",-0.3,207,1344067208
"asymmetric_mixture",-0.3,207,1311049904
"gaussian",0,207,197463460
"asymmetric_mixture",0,207,463984351
"gaussian",0.3,207,246104699
"asymmetric_mixture",0.3,207,2051139558
"gaussian",-0.3,208,1621784762
"asymmetric_mixture",-0.3,208,1125380405
"gaussian",0,208,772027548
"asymmetric_mixture",0,208,199859936
"gaussian",0.3,208,1332876713
"asymmetric_mixture",0.3,208,51487215
"gaussian",-0.3,209,75725459
"asymmetric_mixture",-0.3,209,600563811
"gaussian",0,209,1083898939
"asymmetric_mixture",0,209,1521539186
"gaussian",0.3,209,1698088063
"asymmetric_mixture",0.3,209,1472407021
"gaussian",-0.3,210,606418801
"asymmetric_mixture",-0.3,210,1854320825
"gaussian",0,210,675140290
"asymmetric_mixture",0,210,1411631035
"gaussian",0.3,210,2096062993
"asymmetric_mixture",0.3,210,1463291832
"gaussian",-0.3,211,617175628
"asymmetric_mixture",-0.3,211,486653982
"gaussian",0,211,245880901
"asymmetric_mixture",0,211,972249105
"gaussian",0.3,211,892829448
"asymmetric_mixture",0.3,211,915761108
"gaussian",-0.3,212,580511863
"asymmetric_mixture",-0.3,212,2093767705
"gaussian",0,212,969911624
"asymmetric_mixture",0,212,1234103364
"gaussian",0.3,212,2018159108
"asymmetric_mixture",0.3,212,625999270
"gaussian",-0.3,213,1769707509
"asymmetric_mixture",-0.3,213,1813865201
"gaussian",0,213,1869021460
"asymmetric_mixture",0,213,120993202
"gaussian",0.3,213,337447184
"asymmetric_mixture",0.3,213,1309560551
"gaussian",-0.3,214,1670577978
"asymmetric_mixture",-0.3,214,876024602
"gaussian",0,214,608221408
"asymmetric_mixture",0,214,651525894
"gaussian",0.3,214,1503367029
"asymmetric_mixture",0.3,214,1412975829
"gaussian",-0.3,215,357036763
"asymmetric_mixture",-0.3,215,631327551
"gaussian",0,215,859984097
"asymmetric_mixture",0,215,265575552
"gaussian",0.3,215,1445504156
"asymmetric_mixture",0.3,215,201584973
"gaussian",-0.3,216,1797168575
"asymmetric_mixture",-0.3,216,623201628
"gaussian",0,216,1173759814
"asymmetric_mixture",0,216,1561906406
"gaussian",0.3,216,1254916681
"asymmetric_mixture",0.3,216,394884376
"gaussian",-0.3,217,484574778
"asymmetric_mixture",-0.3,217,381144133
"gaussian",0,217,75447282
"asymmetric_mixture",0,217,1409475388
"gaussian",0.3,217,1911514965
"asymmetric_mixture",0.3,217,1879946432
"gaussian",-0.3,218,116485381
"asymmetric_mixture",-0.3,218,1937360979
"gaussian",0,218,1026951632
"asymmetric_mixture",0,218,1070355518
"gaussian",0.3,218,1699787149
"asymmetric_mixture",0.3,218,108489168
"gaussian",-0.3,219,86710375
"asymmetric_mixture",-0.3,219,862202156
"gaussian",0,219,933037825
"asymmetric_mixture",0,219,1916285836
"gaussian",0.3,219,2062753115
"asymmetric_mixture",0.3,219,743205197
"gaussian",-0.3,220,1202913957
"asymmetric_mixture",-0.3,220,1601767370
"gaussian",0,220,1509364437
"asymmetric_mixture",0,220,603012476
"gaussian",0.3,220,1099130982
"asymmetric_mixture",0.3,220,871452339
"gaussian",-0.3,221,556421526
"asymmetric_mixture",-0.3,221,659601455
"gaussian",0,221,1228760781
"asymmetric_mixture",0,221,461686925
"gaussian",0.3,221,396965233
"asymmetric_mixture",0.3,221,1332540540
"gaussian",-0.3,222,134319354
"asymmetric_mixture",-0.3,222,286404411
"gaussian",0,222,384346185
"asymmetric_mixture",0,222,290293836
"gaussian",0.3,222,1460014603
"asymmetric_mixture",0.3,222,783949095
"gaussian",-0.3,223,414209476
"asymmetric_mixture",-0.3,223,1023142093
"gaussian",0,223,999667105
"asymmetric_mixture",0,223,1724346151
"gaussian",0.3,223,1978373051
"asymmetric_mixture",0.3,223,866372083
"gaussian",-0.3,224,872446587
"asymmetric_mixture",-0.3,224,1028479777
"gaussian",0,224,73667507
"asymmetric_mixture",0,224,1962562827
"gaussian",0.3,224,590655016
"asymmetric_mixture",0.3,224,1071383098
"gaussian",-0.3,225,846837849
"asymmetric_mixture",-0.3,225,1060781092
"gaussian",0,225,1441813084
"asymmetric_mixture",0,225,1899027788
"gaussian",0.3,225,418564322
"asymmetric_mixture",0.3,225,1892023234
"gaussian",-0.3,226,461627497
"asymmetric_mixture",-0.3,226,1677458329
"gaussian",0,226,112382861
"asymmetric_mixture",0,226,388021634
"gaussian",0.3,226,499392409
"asymmetric_mixture",0.3,226,2029622068
"gaussian",-0.3,227,1264235889
"asymmetric_mixture",-0.3,227,864997425
"gaussian",0,227,872086685
"asymmetric_mixture",0,227,2084006697
"gaussian",0.3,227,1584627288
"asymmetric_mixture",0.3,227,187786812
"gaussian",-0.3,228,196038937
"asymmetric_mixture",-0.3,228,1997617251
"gaussian",0,228,313597888
"asymmetric_mixture",0,228,864703640
"gaussian",0.3,228,2054661535
"asymmetric_mixture",0.3,228,1249654755
"gaussian",-0.3,229,1890996776
"asymmetric_mixture",-0.3,229,1765096973
"gaussian",0,229,993498503
"asymmetric_mixture",0,229,569573618
"gaussian",0.3,229,707485911
"asymmetric_mixture",0.3,229,625032606
"gaussian",-0.3,230,1058091330
"asymmetric_mixture",-0.3,230,13710842
"gaussian",0,230,922747822
"asymmetric_mixture",0,230,1398448890
"gaussian",0.3,230,1037450511
"asymmetric_mixture",0.3,230,63332242
"gaussian",-0.3,231,126117653
"asymmetric_mixture",-0.3,231,1836025797
"gaussian",0,231,312178880
"asymmetric_mixture",0,231,915403878
"gaussian",0.3,231,599375762
"asymmetric_mixture",0.3,231,1257244759
"gaussian",-0.3,232,1877322023
"asymmetric_mixture",-0.3,232,2063939337
"gaussian",0,232,432902381
"asymmetric_mixture",0,232,1221650552
"gaussian",0.3,232,176441776
"asymmetric_mixture",0.3,232,1061125131
"gaussian",-0.3,233,1567353112
"asymmetric_mixture",-0.3,233,1672519173
"gaussian",0,233,85828782
"asymmetric_mixture",0,233,566740371
"gaussian",0.3,233,2140117271
"asymmetric_mixture",0.3,233,1392940628
"gaussian",-0.3,234,1852773947
"asymmetric_mixture",-0.3,234,2095798045
"gaussian",0,234,395005715
"asymmetric_mixture",0,234,368708048
"gaussian",0.3,234,1898129473
"asymmetric_mixture",0.3,234,259289683
"gaussian",-0.3,235,517900584
"asymmetric_mixture",-0.3,235,780411662
"gaussian",0,235,2061734282
"asymmetric_mixture",0,235,1591780531
"gaussian",0.3,235,59930652
"asymmetric_mixture",0.3,235,2123555525
"gaussian",-0.3,236,733131878
"asymmetric_mixture",-0.3,236,886158983
"gaussian",0,236,14238936
"asymmetric_mixture",0,236,308529923
"gaussian",0.3,236,727561133
"asymmetric_mixture",0.3,236,521427998
"gaussian",-0.3,237,1177620725
"asymmetric_mixture",-0.3,237,1939064012
"gaussian",0,237,1212517854
"asymmetric_mixture",0,237,1591887396
"gaussian",0.3,237,1406021185
"asymmetric_mixture",0.3,237,1437115642
"gaussian",-0.3,238,155184666
"asymmetric_mixture",-0.3,238,727980103
"gaussian",0,238,246757537
"asymmetric_mixture",0,238,1069663614
"gaussian",0.3,238,1665103848
"asymmetric_mixture",0.3,238,420419165
"gaussian",-0.3,239,966444708
"asymmetric_mixture",-0.3,239,51522635
"gaussian",0,239,1395375508
"asymmetric_mixture",0,239,775354321
"gaussian",0.3,239,316045380
"asymmetric_mixture",0.3,239,456837951
"gaussian",-0.3,240,751065880
"asymmetric_mixture",-0.3,240,581777299
"gaussian",0,240,594838867
"asymmetric_mixture",0,240,1981372210
"gaussian",0.3,240,1473280869
"asymmetric_mixture",0.3,240,1220524489
"gaussian",-0.3,241,150403761
"asymmetric_mixture",-0.3,241,1531841748
"gaussian",0,241,739080150
"asymmetric_mixture",0,241,1903303360
"gaussian",0.3,241,208389276
"asymmetric_mixture",0.3,241,2098481895
"gaussian",-0.3,242,935034095
"asymmetric_mixture",-0.3,242,1781143248
"gaussian",0,242,1251817109
"asymmetric_mixture",0,242,1279384802
"gaussian",0.3,242,1297663141
"asymmetric_mixture",0.3,242,585304380
"gaussian",-0.3,243,803108607
"asymmetric_mixture",-0.3,243,518466192
"gaussian",0,243,1588463042
"asymmetric_mixture",0,243,294659386
"gaussian",0.3,243,1985961096
"asymmetric_mixture",0.3,243,1412761338
"gaussian",-0.3,244,244200748
"asymmetric_mixture",-0.3,244,126478728
"gaussian",0,244,1794681933
"asymmetric_mixture",0,244,191035505
"gaussian",0.3,244,1213292743
"asymmetric_mixture",0.3,244,690473126
"gaussian",-0.3,245,1477387071
"asymmetric_mixture",-0.3,245,495390248
"gaussian",0,245,328117779
"asymmetric_mixture",0,245,1611897374
"gaussian",0.3,245,1840882814
"asymmetric_mixture",0.3,245,859572328
"gaussian",-0.3,246,1645245106
"asymmetric_mixture",-0.3,246,1808285363
"gaussian",0,246,1705839837
"asymmetric_mixture",0,246,918644024
"gaussian",0.3,246,1335038358
"asymmetric_mixture",0.3,246,2058531724
"gaussian",-0.3,247,204463280
"asymmetric_mixture",-0.3,247,1534460964
"gaussian",0,247,1472252055
"asymmetric_mixture",0,247,819034147
"gaussian",0.3,247,865160371
"asymmetric_mixture",0.3,247,1189734085
"gaussian",-0.3,248,2091434463
"asymmetric_mixture",-0.3,248,123807163
"gaussian",0,248,1018757343
"asymmetric_mixture",0,248,1339082467
"gaussian",0.3,248,765220820
"asymmetric_mixture",0.3,248,312483421
"gaussian",-0.3,249,962266025
"asymmetric_mixture",-0.3,249,1896858327
"gaussian",0,249,721308323
"asymmetric_mixture",0,249,288894334
"gaussian",0.3,249,846013553
"asymmetric_mixture",0.3,249,875180876
"gaussian",-0.3,250,789449977
"asymmetric_mixture",-0.3,250,389410277
"gaussian",0,250,705950258
"asymmetric_mixture",0,250,1257605723
"gaussian",0.3,250,1901741223
"asymmetric_mixture",0.3,250,1179721916
"gaussian",-0.3,251,344979250
"asymmetric_mixture",-0.3,251,587417265
"gaussian",0,251,178950216
"asymmetric_mixture",0,251,386344676
"gaussian",0.3,251,1085783326
"asymmetric_mixture",0.3,251,493483594
"gaussian",-0.3,252,241813351
"asymmetric_mixture",-0.3,252,575938886
"gaussian",0,252,2095004003
"asymmetric_mixture",0,252,421381992
"gaussian",0.3,252,1206608093
"asymmetric_mixture",0.3,252,2094181290
"gaussian",-0.3,253,1525044447
"asymmetric_mixture",-0.3,253,636482813
"gaussian",0,253,1914072927
"asymmetric_mixture",0,253,787959368
"gaussian",0.3,253,1908200059
"asymmetric_mixture",0.3,253,1908561401
"gaussian",-0.3,254,1423850476
"asymmetric_mixture",-0.3,254,1234549018
"gaussian",0,254,1459498673
"asymmetric_mixture",0,254,1750396312
"gaussian",0.3,254,763255971
"asymmetric_mixture",0.3,254,1802628836
"gaussian",-0.3,255,1726232837
"asymmetric_mixture",-0.3,255,1194916128
"gaussian",0,255,1770631743
"asymmetric_mixture",0,255,159181249
"gaussian",0.3,255,595963065
"asymmetric_mixture",0.3,255,1652160175
"gaussian",-0.3,256,420971130
"asymmetric_mixture",-0.3,256,1514017076
"gaussian",0,256,113390485
"asymmetric_mixture",0,256,1262773869
"gaussian",0.3,256,506771341
"asymmetric_mixture",0.3,256,2039585160
"gaussian",-0.3,257,1263686087
"asymmetric_mixture",-0.3,257,66839852
"gaussian",0,257,1913118373
"asymmetric_mixture",0,257,1504320361
"gaussian",0.3,257,1500898391
"asymmetric_mixture",0.3,257,927535829
"gaussian",-0.3,258,1523859042
"asymmetric_mixture",-0.3,258,220556773
"gaussian",0,258,12319815
"asymmetric_mixture",0,258,1384625735
"gaussian",0.3,258,1709264836
"asymmetric_mixture",0.3,258,337272460
"gaussian",-0.3,259,1670476643
"asymmetric_mixture",-0.3,259,1884691621
"gaussian",0,259,1913686364
"asymmetric_mixture",0,259,1911720310
"gaussian",0.3,259,611180802
"asymmetric_mixture",0.3,259,1678864950
"gaussian",-0.3,260,1366675997
"asymmetric_mixture",-0.3,260,1869924565
"gaussian",0,260,669737367
"asymmetric_mixture",0,260,813881070
"gaussian",0.3,260,1723474162
"asymmetric_mixture",0.3,260,479868283
"gaussian",-0.3,261,335070105
"asymmetric_mixture",-0.3,261,992647692
"gaussian",0,261,218726435
"asymmetric_mixture",0,261,538978739
"gaussian",0.3,261,1275764308
"asymmetric_mixture",0.3,261,871188126
"gaussian",-0.3,262,744778409
"asymmetric_mixture",-0.3,262,462149485
"gaussian",0,262,406625129
"asymmetric_mixture",0,262,1670507896
"gaussian",0.3,262,6973287
"asymmetric_mixture",0.3,262,1868380946
"gaussian",-0.3,263,1938741559
"asymmetric_mixture",-0.3,263,409916500
"gaussian",0,263,886952987
"asymmetric_mixture",0,263,145168851
"gaussian",0.3,263,264495666
"asymmetric_mixture",0.3,263,37887622
"gaussian",-0.3,264,169958520
"asymmetric_mixture",-0.3,264,674894267
"gaussian",0,264,1022379301
"asymmetric_mixture",0,264,1482697129
"gaussian",0.3,264,1997043260
"asymmetric_mixture",0.3,264,358256141
"gaussian",-0.3,265,943222358
"asymmetric_mixture",-0.3,265,1082266555
"gaussian",0,265,968311457
"asymmetric_mixture",0,265,1056850370
"gaussian",0.3,265,608885189
"asymmetric_mixture",0.3,265,2064271104
"gaussian",-0.3,266,742639219
"asymmetric_mixture",-0.3,266,733536656
"gaussian",0,266,430058539
"asymmetric_mixture",0,266,382781425
"gaussian",0.3,266,1629034639
"asymmetric_mixture",0.3,266,1778404683
"gaussian",-0.3,267,1180083718
"asymmetric_mixture",-0.3,267,361290910
"gaussian",0,267,377989797
"asymmetric_mixture",0,267,1661963790
"gaussian",0.3,267,1738304323
"asymmetric_mixture",0.3,267,995455153
"gaussian",-0.3,268,2100091404
"asymmetric_mixture",-0.3,268,234910018
"gaussian",0,268,5729178
"asymmetric_mixture",0,268,1339905637
"gaussian",0.3,268,414801578
"asymmetric_mixture",0.3,268,1638279181
"gaussian",-0.3,269,2028713147
"asymmetric_mixture",-0.3,269,1382902595
"gaussian",0,269,1984806593
"asymmetric_mixture",0,269,1143297549
"gaussian",0.3,269,1525013821
"asymmetric_mixture",0.3,269,1520926845
"gaussian",-0.3,270,1696953841
"asymmetric_mixture",-0.3,270,1891843555
"gaussian",0,270,1147710761
"asymmetric_mixture",0,270,1571595605
"gaussian",0.3,270,653918151
"asymmetric_mixture",0.3,270,541814887
"gaussian",-0.3,271,592457830
"asymmetric_mixture",-0.3,271,238856876
"gaussian",0,271,1082418072
"asymmetric_mixture",0,271,2020099087
"gaussian",0.3,271,444146201
"asymmetric_mixture",0.3,271,2081082078
"gaussian",-0.3,272,951094887
"asymmetric_mixture",-0.3,272,215672297
"gaussian",0,272,35352502
"asymmetric_mixture",0,272,725838559
"gaussian",0.3,272,1526981578
"asymmetric_mixture",0.3,272,1433575000
"gaussian",-0.3,273,1256046432
"asymmetric_mixture",-0.3,273,810560483
"gaussian",0,273,963573508
"asymmetric_mixture",0,273,1783890792
"gaussian",0.3,273,189529554
"asymmetric_mixture",0.3,273,417121929
"gaussian",-0.3,274,60605963
"asymmetric_mixture",-0.3,274,178964235
"gaussian",0,274,1459993762
"asymmetric_mixture",0,274,1657887070
"gaussian",0.3,274,1339533669
"asymmetric_mixture",0.3,274,1105238084
"gaussian",-0.3,275,144676743
"asymmetric_mixture",-0.3,275,781945006
"gaussian",0,275,564757977
"asymmetric_mixture",0,275,787111776
"gaussian",0.3,275,1672868403
"asymmetric_mixture",0.3,275,698015246
"gaussian",-0.3,276,705547315
"asymmetric_mixture",-0.3,276,2109371409
"gaussian",0,276,723290592
"asymmetric_mixture",0,276,22931265
"gaussian",0.3,276,1926335530
"asymmetric_mixture",0.3,276,837150895
"gaussian",-0.3,277,700387213
"asymmetric_mixture",-0.3,277,1442918660
"gaussian",0,277,1642325261
"asymmetric_mixture",0,277,898579172
"gaussian",0.3,277,396535447
"asymmetric_mixture",0.3,277,209644171
"gaussian",-0.3,278,975093160
"asymmetric_mixture",-0.3,278,172351011
"gaussian",0,278,293534228
"asymmetric_mixture",0,278,1412318768
"gaussian",0.3,278,2037028227
"asymmetric_mixture",0.3,278,1607739270
"gaussian",-0.3,279,1220536428
"asymmetric_mixture",-0.3,279,71275462
"gaussian",0,279,203639582
"asymmetric_mixture",0,279,263786986
"gaussian",0.3,279,314684310
"asymmetric_mixture",0.3,279,534086339
"gaussian",-0.3,280,1232331491
"asymmetric_mixture",-0.3,280,503387659
"gaussian",0,280,343656533
"asymmetric_mixture",0,280,307649135
"gaussian",0.3,280,1368377311
"asymmetric_mixture",0.3,280,1946982051
"gaussian",-0.3,281,566566858
"asymmetric_mixture",-0.3,281,1741811255
"gaussian",0,281,1386094642
"asymmetric_mixture",0,281,1039029736
"gaussian",0.3,281,1405389477
"asymmetric_mixture",0.3,281,1855902978
"gaussian",-0.3,282,2092486840
"asymmetric_mixture",-0.3,282,256695315
"gaussian",0,282,601931570
"asymmetric_mixture",0,282,128183249
"gaussian",0.3,282,1310579982
"asymmetric_mixture",0.3,282,2009008051
"gaussian",-0.3,283,1303376192
"asymmetric_mixture",-0.3,283,506674068
"gaussian",0,283,1159569103
"asymmetric_mixture",0,283,1814200492
"gaussian",0.3,283,656207764
"asymmetric_mixture",0.3,283,507779212
"gaussian",-0.3,284,1586659201
"asymmetric_mixture",-0.3,284,702688077
"gaussian",0,284,123546741
"asymmetric_mixture",0,284,1718883597
"gaussian",0.3,284,944070459
"asymmetric_mixture",0.3,284,1163383443
"gaussian",-0.3,285,542963580
"asymmetric_mixture",-0.3,285,730739860
"gaussian",0,285,159582864
"asymmetric_mixture",0,285,1987595524
"gaussian",0.3,285,782181635
"asymmetric_mixture",0.3,285,1008172493
"gaussian",-0.3,286,50995584
"asymmetric_mixture",-0.3,286,498191077
"gaussian",0,286,2124486299
"asymmetric_mixture",0,286,973414110
"gaussian",0.3,286,1755272392
"asymmetric_mixture",0.3,286,1480692256
"gaussian",-0.3,287,1759039876
"asymmetric_mixture",-0.3,287,44846800
"gaussian",0,287,429462188
"asymmetric_mixture",0,287,732659217
"gaussian",0.3,287,39302440
"asymmetric_mixture",0.3,287,304083780
"gaussian",-0.3,288,1612387436
"asymmetric_mixture",-0.3,288,793369144
"gaussian",0,288,101263798
"asymmetric_mixture",0,288,212970064
"gaussian",0.3,288,621762377
"asymmetric_mixture",0.3,288,1124070179
"gaussian",-0.3,289,715807589
"asymmetric_mixture",-0.3,289,1719439400
"gaussian",0,289,70907406
"asymmetric_mixture",0,289,984411256
"gaussian",0.3,289,824937489
"asymmetric_mixture",0.3,289,642115386
"gaussian",-0.3,290,1425735368
"asymmetric_mixture",-0.3,290,1862687067
"gaussian",0,290,1351894714
"asymmetric_mixture",0,290,983397515
"gaussian",0.3,290,702160725
"asymmetric_mixture",0.3,290,137790389
"gaussian",-0.3,291,1468136078
"asymmetric_mixture",-0.3,291,1592646423
"gaussian",0,291,1618439571
"asymmetric_mixture",0,291,1068967822
"gaussian",0.3,291,1364252333
"asymmetric_mixture",0.3,291,1025743565
"gaussian",-0.3,292,631544416
"asymmetric_mixture",-0.3,292,1372750458
"gaussian",0,292,2057852330
"asymmetric_mixture",0,292,1587692000
"gaussian",0.3,292,503032605
"asymmetric_mixture",0.3,292,876326901
"gaussian",-0.3,293,1904183526
"asymmetric_mixture",-0.3,293,883057593
"gaussian",0,293,1284714382
"asymmetric_mixture",0,293,956913165
"gaussian",0.3,293,766591035
"asymmetric_mixture",0.3,293,672307142
"gaussian",-0.3,294,629754373
"asymmetric_mixture",-0.3,294,1846193373
"gaussian",0,294,691497924
"asymmetric_mixture",0,294,2137843080
"gaussian",0.3,294,1625599754
"asymmetric_mixture",0.3,294,613752214
"gaussian",-0.3,295,1826985778
"asymmetric_mixture",-0.3,295,1943725175
"gaussian",0,295,327712463
"asymmetric_mixture",0,295,2135225991
"gaussian",0.3,295,1862898004
"asymmetric_mixture",0.3,295,1321015118
"gaussian",-0.3,296,1830810093
"asymmetric_mixture",-0.3,296,1209455011
"gaussian",0,296,1759545450
"asymmetric_mixture",0,296,1397378571
"gaussian",0.3,296,163726975
"asymmetric_mixture",0.3,296,1571726006
"gaussian",-0.3,297,1610671912
"asymmetric_mixture",-0.3,297,786375842
"gaussian",0,297,1548818664
"asymmetric_mixture",0,297,16254240
"gaussian",0.3,297,801859430
"asymmetric_mixture",0.3,297,207822348
"gaussian",-0.3,298,1726072318
"asymmetric_mixture",-0.3,298,433248810
"gaussian",0,298,915661694
"asymmetric_mixture",0,298,533459204
"gaussian",0.3,298,1460544492
"asymmetric_mixture",0.3,298,1074666533
"gaussian",-0.3,299,1479313741
"asymmetric_mixture",-0.3,299,1769846923
"gaussian",0,299,693065681
"asymmetric_mixture",0,299,1962450179
"gaussian",0.3,299,497208904
"asymmetric_mixture",0.3,299,1806458337
"gaussian",-0.3,300,710236313
"asymmetric_mixture",-0.3,300,1455993738
"gaussian",0,300,606643373
"asymmetric_mixture",0,300,507233585
"gaussian",0.3,300,2144703693
"asymmetric_mixture",0.3,300,1497950741
"gaussian",-0.3,301,1508010030
"asymmetric_mixture",-0.3,301,419282403
"gaussian",0,301,776195105
"asymmetric_mixture",0,301,1617709179
"gaussian",0.3,301,701184441
"asymmetric_mixture",0.3,301,1469410822
"gaussian",-0.3,302,393990290
"asymmetric_mixture",-0.3,302,1474784891
"gaussian",0,302,183479018
"asymmetric_mixture",0,302,819889324
"gaussian",0.3,302,997031255
"asymmetric_mixture",0.3,302,1480755698
"gaussian",-0.3,303,1064608453
"asymmetric_mixture",-0.3,303,1100807702
"gaussian",0,303,1331717781
"asymmetric_mixture",0,303,185904584
"gaussian",0.3,303,1200755524
"asymmetric_mixture",0.3,303,2115643502
"gaussian",-0.3,304,1802126464
"asymmetric_mixture",-0.3,304,818700711
"gaussian",0,304,1508474269
"asymmetric_mixture",0,304,1051877338
"gaussian",0.3,304,1592078707
"asymmetric_mixture",0.3,304,286461890
"gaussian",-0.3,305,1127406989
"asymmetric_mixture",-0.3,305,1121033530
"gaussian",0,305,1803150407
"asymmetric_mixture",0,305,1503864068
"gaussian",0.3,305,347656907
"asymmetric_mixture",0.3,305,1555116583
"gaussian",-0.3,306,300975408
"asymmetric_mixture",-0.3,306,438147070
"gaussian",0,306,407578784
"asymmetric_mixture",0,306,1549741699
"gaussian",0.3,306,1447500976
"asymmetric_mixture",0.3,306,1191144781
"gaussian",-0.3,307,1516466528
"asymmetric_mixture",-0.3,307,2004549199
"gaussian",0,307,1897871128
"asymmetric_mixture",0,307,906879758
"gaussian",0.3,307,873080701
"asymmetric_mixture",0.3,307,1947172681
"gaussian",-0.3,308,1009637533
"asymmetric_mixture",-0.3,308,253038521
"gaussian",0,308,590063394
"asymmetric_mixture",0,308,972099849
"gaussian",0.3,308,575130041
"asymmetric_mixture",0.3,308,694237835
"gaussian",-0.3,309,1590273140
"asymmetric_mixture",-0.3,309,460766577
"gaussian",0,309,356205080
"asymmetric_mixture",0,309,1727471116
"gaussian",0.3,309,662136829
"asymmetric_mixture",0.3,309,339792145
"gaussian",-0.3,310,1617080428
"asymmetric_mixture",-0.3,310,1192093358
"gaussian",0,310,1876794806
"asymmetric_mixture",0,310,1505048481
"gaussian",0.3,310,2045387777
"asymmetric_mixture",0.3,310,513057741
"gaussian",-0.3,311,1645938675
"asymmetric_mixture",-0.3,311,1092578427
"gaussian",0,311,313075462
"asymmetric_mixture",0,311,915772975
"gaussian",0.3,311,963020218
"asymmetric_mixture",0.3,311,1316111444
"gaussian",-0.3,312,1222780934
"asymmetric_mixture",-0.3,312,2061780779
"gaussian",0,312,947946538
"asymmetric_mixture",0,312,993217507
"gaussian",0.3,312,1314409151
"asymmetric_mixture",0.3,312,55326386
"gaussian",-0.3,313,1029814653
"asymmetric_mixture",-0.3,313,188547715
"gaussian",0,313,1847852466
"asymmetric_mixture",0,313,477256452
"gaussian",0.3,313,1784665419
"asymmetric_mixture",0.3,313,701843452
"gaussian",-0.3,314,1573880450
"asymmetric_mixture",-0.3,314,1218707122
"gaussian",0,314,1348318092
"asymmetric_mixture",0,314,1794267607
"gaussian",0.3,314,1769435871
"asymmetric_mixture",0.3,314,1985403713
"gaussian",-0.3,315,1176910965
"asymmetric_mixture",-0.3,315,747751935
"gaussian",0,315,1700284215
"asymmetric_mixture",0,315,1778893482
"gaussian",0.3,315,1827492522
"asymmetric_mixture",0.3,315,185035377
"gaussian",-0.3,316,240684526
"asymmetric_mixture",-0.3,316,993834870
"gaussian",0,316,8702698
"asymmetric_mixture",0,316,545544427
"gaussian",0.3,316,1929059241
"asymmetric_mixture",0.3,316,1850213203
"gaussian",-0.3,317,528354146
"asymmetric_mixture",-0.3,317,873007389
"gaussian",0,317,706063592
"asymmetric_mixture",0,317,1390849799
"gaussian",0.3,317,1892452754
"asymmetric_mixture",0.3,317,430099719
"gaussian",-0.3,318,548372741
"asymmetric_mixture",-0.3,318,302518872
"gaussian",0,318,764989201
"asymmetric_mixture",0,318,1711842037
"gaussian",0.3,318,1634186914
"asymmetric_mixture",0.3,318,773604420
"gaussian",-0.3,319,1329566696
"asymmetric_mixture",-0.3,319,2080050925
"gaussian",0,319,624792200
"asymmetric_mixture",0,319,856493408
"gaussian",0.3,319,1392648338
"asymmetric_mixture",0.3,319,1770372579
"gaussian",-0.3,320,1604071882
"asymmetric_mixture",-0.3,320,367044381
"gaussian",0,320,1605882058
"asymmetric_mixture",0,320,1299225710
"gaussian",0.3,320,362098485
"asymmetric_mixture",0.3,320,312428541
"gaussian",-0.3,321,1078969412
"asymmetric_mixture",-0.3,321,1409279887
"gaussian",0,321,2087262765
"asymmetric_mixture",0,321,1975814180
"gaussian",0.3,321,446380983
"asymmetric_mixture",0.3,321,1900324334
"gaussian",-0.3,322,1828084624
"asymmetric_mixture",-0.3,322,1589162084
"gaussian",0,322,837034606
"asymmetric_mixture",0,322,1800811871
"gaussian",0.3,322,664457569
"asymmetric_mixture",0.3,322,1841593539
"gaussian",-0.3,323,1562335636
"asymmetric_mixture",-0.3,323,851659490
"gaussian",0,323,593602479
"asymmetric_mixture",0,323,1533408292
"gaussian",0.3,323,69065464
"asymmetric_mixture",0.3,323,1621480050
"gaussian",-0.3,324,1226385794
"asymmetric_mixture",-0.3,324,734523330
"gaussian",0,324,1859846558
"asymmetric_mixture",0,324,376124955
"gaussian",0.3,324,1884088221
"asymmetric_mixture",0.3,324,1866483801
"gaussian",-0.3,325,2101703557
"asymmetric_mixture",-0.3,325,65938738
"gaussian",0,325,1980957646
"asymmetric_mixture",0,325,1826640950
"gaussian",0.3,325,1524978234
"asymmetric_mixture",0.3,325,1501616850
"gaussian",-0.3,326,1493181339
"asymmetric_mixture",-0.3,326,1347320912
"gaussian",0,326,648251195
"asymmetric_mixture",0,326,650150563
"gaussian",0.3,326,161340369
"asymmetric_mixture",0.3,326,453456151
"gaussian",-0.3,327,1952998679
"asymmetric_mixture",-0.3,327,2133864640
"gaussian",0,327,1116014603
"asymmetric_mixture",0,327,1738528558
"gaussian",0.3,327,483245199
"asymmetric_mixture",0.3,327,1714044826
"gaussian",-0.3,328,1126455793
"asymmetric_mixture",-0.3,328,1457497844
"gaussian",0,328,499827111
"asymmetric_mixture",0,328,276264755
"gaussian",0.3,328,16220279
"asymmetric_mixture",0.3,328,110731273
"gaussian",-0.3,329,1995027281
"asymmetric_mixture",-0.3,329,755710803
"gaussian",0,329,1059835162
"asymmetric_mixture",0,329,1273096409
"gaussian",0.3,329,606090728
"asymmetric_mixture",0.3,329,2007292006
"gaussian",-0.3,330,176149986
"asymmetric_mixture",-0.3,330,1160929698
"gaussian",0,330,765538010
"asymmetric_mixture",0,330,1915100083
"gaussian",0.3,330,226460006
"asymmetric_mixture",0.3,330,941723510
"gaussian",-0.3,331,1820362070
"asymmetric_mixture",-0.3,331,776101500
"gaussian",0,331,2147464823
"asymmetric_mixture",0,331,1784128771
"gaussian",0.3,331,1468194472
"asymmetric_mixture",0.3,331,517298982
"gaussian",-0.3,332,996087382
"asymmetric_mixture",-0.3,332,1509081037
"gaussian",0,332,1035662083
"asymmetric_mixture",0,332,1912241394
"gaussian",0.3,332,89424411
"asymmetric_mixture",0.3,332,1640256255
"gaussian",-0.3,333,790307212
"asymmetric_mixture",-0.3,333,1398769708
"gaussian",0,333,1661326532
"asymmetric_mixture",0,333,57325544
"gaussian",0.3,333,1706675791
"asymmetric_mixture",0.3,333,295325886
"gaussian",-0.3,334,1421902902
"asymmetric_mixture",-0.3,334,1347125121
"gaussian",0,334,1359609182
"asymmetric_mixture",0,334,2085885836
"gaussian",0.3,334,1444666722
"asymmetric_mixture",0.3,334,866759255
"gaussian",-0.3,335,601321730
"asymmetric_mixture",-0.3,335,922935062
"gaussian",0,335,804421638
"asymmetric_mixture",0,335,283706227
"gaussian",0.3,335,605097090
"asymmetric_mixture",0.3,335,670166232
"gaussian",-0.3,336,154021458
"asymmetric_mixture",-0.3,336,755873686
"gaussian",0,336,1666499829
"asymmetric_mixture",0,336,915009636
"gaussian",0.3,336,675898375
"asymmetric_mixture",0.3,336,1687345335
"gaussian",-0.3,337,401630172
"asymmetric_mixture",-0.3,337,1607320355
"gaussian",0,337,1836107880
"asymmetric_mixture",0,337,167674482
"gaussian",0.3,337,1338671924
"asymmetric_mixture",0.3,337,1214595425
"gaussian",-0.3,338,395965166
"asymmetric_mixture",-0.3,338,10691085
"gaussian",0,338,924992736
"asymmetric_mixture",0,338,1107275150
"gaussian",0.3,338,1252779731
"asymmetric_mixture",0.3,338,1194338346
"gaussian",-0.3,339,395349373
"asymmetric_mixture",-0.3,339,812171608
"gaussian",0,339,444507702
"asymmetric_mixture",0,339,1271733160
"gaussian",0.3,339,181591158
"asymmetric_mixture",0.3,339,1896070002
"gaussian",-0.3,340,1340892448
"asymmetric_mixture",-0.3,340,1163359676
"gaussian",0,340,1658166555
"asymmetric_mixture",0,340,270782030
"gaussian",0.3,340,853485480
"asymmetric_mixture",0.3,340,631345388
"gaussian",-0.3,341,714813241
"asymmetric_mixture",-0.3,341,1983097383
"gaussian",0,341,1022633052
"asymmetric_mixture",0,341,30915856
"gaussian",0.3,341,1453955770
"asymmetric_mixture",0.3,341,1087714702
"gaussian",-0.3,342,578636017
"asymmetric_mixture",-0.3,342,526504928
"gaussian",0,342,1972841842
"asymmetric_mixture",0,342,492560392
"gaussian",0.3,342,2135437191
"asymmetric_mixture",0.3,342,1365942771
"gaussian",-0.3,343,761711310
"asymmetric_mixture",-0.3,343,1342019474
"gaussian",0,343,712095752
"asymmetric_mixture",0,343,1462883904
"gaussian",0.3,343,176001124
"asymmetric_mixture",0.3,343,135600955
"gaussian",-0.3,344,1819109948
"asymmetric_mixture",-0.3,344,300143875
"gaussian",0,344,2141367297
"asymmetric_mixture",0,344,1610783352
"gaussian",0.3,344,1063824091
"asymmetric_mixture",0.3,344,1719579179
"gaussian",-0.3,345,231289209
"asymmetric_mixture",-0.3,345,1422861903
"gaussian",0,345,595277219
"asymmetric_mixture",0,345,779701263
"gaussian",0.3,345,603974568
"asymmetric_mixture",0.3,345,552263143
"gaussian",-0.3,346,1329808970
"asymmetric_mixture",-0.3,346,962385396
"gaussian",0,346,371857490
"asymmetric_mixture",0,346,1613056955
"gaussian",0.3,346,1394680790
"asymmetric_mixture",0.3,346,1082389768
"gaussian",-0.3,347,34389603
"asymmetric_mixture",-0.3,347,1059242655
"gaussian",0,347,1558985077
"asymmetric_mixture",0,347,78231649
"gaussian",0.3,347,1189284199
"asymmetric_mixture",0.3,347,1994883698
"gaussian",-0.3,348,741798848
"asymmetric_mixture",-0.3,348,2015581361
"gaussian",0,348,1950593905
"asymmetric_mixture",0,348,1139901242
"gaussian",0.3,348,309430360
"asymmetric_mixture",0.3,348,1935191933
"gaussian",-0.3,349,1289989686
"asymmetric_mixture",-0.3,349,473680558
"gaussian",0,349,617152592
"asymmetric_mixture",0,349,1861617642
"gaussian",0.3,349,1742259033
"asymmetric_mixture",0.3,349,21487288
"gaussian",-0.3,350,1035522390
"asymmetric_mixture",-0.3,350,317098929
"gaussian",0,350,1125740210
"asymmetric_mixture",0,350,966437526
"gaussian",0.3,350,1751366781
"asymmetric_mixture",0.3,350,1283480313
"gaussian",-0.3,351,1788323930
"asymmetric_mixture",-0.3,351,2131497410
"gaussian",0,351,301572226
"asymmetric_mixture",0,351,1406740421
"gaussian",0.3,351,2005398474
"asymmetric_mixture",0.3,351,448097015
"gaussian",-0.3,352,1429343591
"asymmetric_mixture",-0.3,352,665438463
"gaussian",0,352,1295961042
"asymmetric_mixture",0,352,1142365517
"gaussian",0.3,352,139337480
"asymmetric_mixture",0.3,352,1448164566
"gaussian",-0.3,353,557477049
"asymmetric_mixture",-0.3,353,375501112
"gaussian",0,353,865312200
"asymmetric_mixture",0,353,1384203283
"gaussian",0.3,353,1413589067
"asymmetric_mixture",0.3,353,1991939711
"gaussian",-0.3,354,281107358
"asymmetric_mixture",-0.3,354,499880492
"gaussian",0,354,519646726
"asymmetric_mixture",0,354,1828046655
"gaussian",0.3,354,1635263118
"asymmetric_mixture",0.3,354,163408183
"gaussian",-0.3,355,695197864
"asymmetric_mixture",-0.3,355,2106863595
"gaussian",0,355,731445783
"asymmetric_mixture",0,355,2088661877
"gaussian",0.3,355,1415347132
"asymmetric_mixture",0.3,355,1951135804
"gaussian",-0.3,356,310155247
"asymmetric_mixture",-0.3,356,952333009
"gaussian",0,356,275312462
"asymmetric_mixture",0,356,1521629765
"gaussian",0.3,356,920039538
"asymmetric_mixture",0.3,356,502457479
"gaussian",-0.3,357,1257056038
"asymmetric_mixture",-0.3,357,1496871573
"gaussian",0,357,1147048386
"asymmetric_mixture",0,357,231193835
"gaussian",0.3,357,1562297907
"asymmetric_mixture",0.3,357,446381256
"gaussian",-0.3,358,1170699376
"asymmetric_mixture",-0.3,358,171463547
"gaussian",0,358,1313664254
"asymmetric_mixture",0,358,1689161240
"gaussian",0.3,358,1792861543
"asymmetric_mixture",0.3,358,939589784
"gaussian",-0.3,359,605806372
"asymmetric_mixture",-0.3,359,519601598
"gaussian",0,359,321389287
"asymmetric_mixture",0,359,819350436
"gaussian",0.3,359,1043177529
"asymmetric_mixture",0.3,359,1243189979
"gaussian",-0.3,360,1671952544
"asymmetric_mixture",-0.3,360,1477732252
"gaussian",0,360,1357566691
"asymmetric_mixture",0,360,510219892
"gaussian",0.3,360,719088257
"asymmetric_mixture",0.3,360,1566064369
"gaussian",-0.3,361,315553710
"asymmetric_mixture",-0.3,361,784727601
"gaussian",0,361,815017139
"asymmetric_mixture",0,361,145639348
"gaussian",0.3,361,553238342
"asymmetric_mixture",0.3,361,1900232566
"gaussian",-0.3,362,1091803227
"asymmetric_mixture",-0.3,362,21594604
"gaussian",0,362,410127794
"asymmetric_mixture",0,362,1469801949
"gaussian",0.3,362,1469434102
"asymmetric_mixture",0.3,362,1101532866
"gaussian",-0.3,363,768212741
"asymmetric_mixture",-0.3,363,908199074
"gaussian",0,363,1699730165
"asymmetric_mixture",0,363,2131879014
"gaussian",0.3,363,1345179496
"asymmetric_mixture",0.3,363,1886888312
"gaussian",-0.3,364,1920086874
"asymmetric_mixture",-0.3,364,1512725043
"gaussian",0,364,1892921329
"asymmetric_mixture",0,364,233214295
"gaussian",0.3,364,235344271
"asymmetric_mixture",0.3,364,2098734399
"gaussian",-0.3,365,1677036011
"asymmetric_mixture",-0.3,365,487873029
"gaussian",0,365,1482104891
"asymmetric_mixture",0,365,1065643563
"gaussian",0.3,365,680369563
"asymmetric_mixture",0.3,365,2098055039
"gaussian",-0.3,366,1776757104
"asymmetric_mixture",-0.3,366,983864846
"gaussian",0,366,289763197
"asymmetric_mixture",0,366,1745433642
"gaussian",0.3,366,1177275015
"asymmetric_mixture",0.3,366,952218399
"gaussian",-0.3,367,1656410800
"asymmetric_mixture",-0.3,367,377977181
"gaussian",0,367,954233285
"asymmetric_mixture",0,367,498532763
"gaussian",0.3,367,1726719835
"asymmetric_mixture",0.3,367,2086160137
"gaussian",-0.3,368,1007713048
"asymmetric_mixture",-0.3,368,1765061090
"gaussian",0,368,1817446953
"asymmetric_mixture",0,368,1442483425
"gaussian",0.3,368,144866074
"asymmetric_mixture",0.3,368,1870618143
"gaussian",-0.3,369,916255009
"asymmetric_mixture",-0.3,369,1079439075
"gaussian",0,369,1607127563
"asymmetric_mixture",0,369,1135719227
"gaussian",0.3,369,485290641
"asymmetric_mixture",0.3,369,1793756424
"gaussian",-0.3,370,149824645
"asymmetric_mixture",-0.3,370,1131012412
"gaussian",0,370,913779601
"asymmetric_mixture",0,370,363723141
"gaussian",0.3,370,1848401195
"asymmetric_mixture",0.3,370,855962486
"gaussian",-0.3,371,1583459847
"asymmetric_mixture",-0.3,371,27466287
"gaussian",0,371,1932929215
"asymmetric_mixture",0,371,1264077118
"gaussian",0.3,371,889595496
"asymmetric_mixture",0.3,371,2080660813
"gaussian",-0.3,372,879414134
"asymmetric_mixture",-0.3,372,1113930725
"gaussian",0,372,356980386
"asymmetric_mixture",0,372,1780708915
"gaussian",0.3,372,2072289145
"asymmetric_mixture",0.3,372,19073065
"gaussian",-0.3,373,1763611164
"asymmetric_mixture",-0.3,373,520927026
"gaussian",0,373,534765756
"asymmetric_mixture",0,373,1100807433
"gaussian",0.3,373,1995974319
"asymmetric_mixture",0.3,373,1655304992
"gaussian",-0.3,374,435609366
"asymmetric_mixture",-0.3,374,1930794156
"gaussian",0,374,138410864
"asymmetric_mixture",0,374,1307993913
"gaussian",0.3,374,1192181445
"asymmetric_mixture",0.3,374,1337039350
"gaussian",-0.3,375,782752619
"asymmetric_mixture",-0.3,375,972797766
"gaussian",0,375,1599064517
"asymmetric_mixture",0,375,1464913881
"gaussian",0.3,375,356748150
"asymmetric_mixture",0.3,375,828582071
"gaussian",-0.3,376,874733545
"asymmetric_mixture",-0.3,376,1007884531
"gaussian",0,376,480059439
"asymmetric_mixture",0,376,1522669070
"gaussian",0.3,376,1128158874
"asymmetric_mixture",0.3,376,12452657
"gaussian",-0.3,377,403693559
"asymmetric_mixture",-0.3,377,755448438
"gaussian",0,377,870476609
"asymmetric_mixture",0,377,19253637
"gaussian",0.3,377,900630749
"asymmetric_mixture",0.3,377,806477387
"gaussian",-0.3,378,2028324351
"asymmetric_mixture",-0.3,378,159499165
"gaussian",0,378,1776833632
"asymmetric_mixture",0,378,193976083
"gaussian",0.3,378,437848506
"asymmetric_mixture",0.3,378,63426419
"gaussian",-0.3,379,810303365
"asymmetric_mixture",-0.3,379,1614246176
"gaussian",0,379,84810285
"asymmetric_mixture",0,379,2054148044
"gaussian",0.3,379,1693315976
"asymmetric_mixture",0.3,379,1709249709
"gaussian",-0.3,380,1789933313
"asymmetric_mixture",-0.3,380,1258166113
"gaussian",0,380,2085808873
"asymmetric_mixture",0,380,111585117
"gaussian",0.3,380,773889586
"asymmetric_mixture",0.3,380,1581079593
"gaussian",-0.3,381,1695390456
"asymmetric_mixture",-0.3,381,1069588317
"gaussian",0,381,1919043680
"asymmetric_mixture",0,381,294416851
"gaussian",0.3,381,610362423
"asymmetric_mixture",0.3,381,148364458
"gaussian",-0.3,382,1851755158
"asymmetric_mixture",-0.3,382,205902721
"gaussian",0,382,1228506311
"asymmetric_mixture",0,382,733743287
"gaussian",0.3,382,1719115076
"asymmetric_mixture",0.3,382,1128096545
"gaussian",-0.3,383,1754366636
"asymmetric_mixture",-0.3,383,414154580
"gaussian",0,383,695582908
"asymmetric_mixture",0,383,1163791094
"gaussian",0.3,383,98573922
"asymmetric_mixture",0.3,383,1152556680
"gaussian",-0.3,384,1390809058
"asymmetric_mixture",-0.3,384,2145303091
"gaussian",0,384,335637754
"asymmetric_mixture",0,384,558183070
"gaussian",0.3,384,299093464
"asymmetric_mixture",0.3,384,1142276125
"gaussian",-0.3,385,1316155408
"asymmetric_mixture",-0.3,385,352042055
"gaussian",0,385,1681535002
"asymmetric_mixture",0,385,849916064
"gaussian",0.3,385,877847482
"asymmetric_mixture",0.3,385,41697849
"gaussian",-0.3,386,97778369
"asymmetric_mixture",-0.3,386,1346125148
"gaussian",0,386,1747100810
"asymmetric_mixture",0,386,188818050
"gaussian",0.3,386,506646724
"asymmetric_mixture",0.3,386,254109529
"gaussian",-0.3,387,113277749
"asymmetric_mixture",-0.3,387,80466445
"gaussian",0,387,723732005
"asymmetric_mixture",0,387,1700934346
"gaussian",0.3,387,573508569
"asymmetric_mixture",0.3,387,1346920771
"gaussian",-0.3,388,1955634692
"asymmetric_mixture",-0.3,388,1668555774
"gaussian",0,388,884495235
"asymmetric_mixture",0,388,1494580412
"gaussian",0.3,388,578707412
"asymmetric_mixture",0.3,388,1936745879
"gaussian",-0.3,389,1477814346
"asymmetric_mixture",-0.3,389,320741677
"gaussian",0,389,1545382070
"asymmetric_mixture",0,389,1252407398
"gaussian",0.3,389,611634091
"asymmetric_mixture",0.3,389,791294859
"gaussian",-0.3,390,1072914238
"asymmetric_mixture",-0.3,390,1616208517
"gaussian",0,390,748098514
"asymmetric_mixture",0,390,8699527
"gaussian",0.3,390,1762546114
"asymmetric_mixture",0.3,390,1238945955
"gaussian",-0.3,391,1222253578
"asymmetric_mixture",-0.3,391,1254973725
"gaussian",0,391,942617377
"asymmetric_mixture",0,391,1753010185
"gaussian",0.3,391,621882716
"asymmetric_mixture",0.3,391,1860896896
"gaussian",-0.3,392,798653013
"asymmetric_mixture",-0.3,392,249474610
"gaussian",0,392,1615739923
"asymmetric_mixture",0,392,1511277734
"gaussian",0.3,392,1289600717
"asymmetric_mixture",0.3,392,1999070690
"gaussian",-0.3,393,1972388830
"asymmetric_mixture",-0.3,393,523967690
"gaussian",0,393,1518889114
"asymmetric_mixture",0,393,746034401
"gaussian",0.3,393,973376390
"asymmetric_mixture",0.3,393,239972859
"gaussian",-0.3,394,1330814372
"asymmetric_mixture",-0.3,394,223776688
"gaussian",0,394,201733859
"asymmetric_mixture",0,394,562670273
"gaussian",0.3,394,457160759
"asymmetric_mixture",0.3,394,1735540551
"gaussian",-0.3,395,1101860167
"asymmetric_mixture",-0.3,395,820069694
"gaussian",0,395,858081498
"asymmetric_mixture",0,395,2005001938
"gaussian",0.3,395,1795779235
"asymmetric_mixture",0.3,395,1271519638
"gaussian",-0.3,396,2040309995
"asymmetric_mixture",-0.3,396,657058806
"gaussian",0,396,1093549589
"asymmetric_mixture",0,396,277139680
"gaussian",0.3,396,1846928008
"asymmetric_mixture",0.3,396,1240989515
"gaussian",-0.3,397,1818309337
"asymmetric_mixture",-0.3,397,1464731224
"gaussian",0,397,1202221946
"asymmetric_mixture",0,397,2042204275
"gaussian",0.3,397,1554148492
"asymmetric_mixture",0.3,397,341012812
"gaussian",-0.3,398,1052991474
"asymmetric_mixture",-0.3,398,1998504082
"gaussian",0,398,86369187
"asymmetric_mixture",0,398,1602683265
"gaussian",0.3,398,1502195984
"asymmetric_mixture",0.3,398,688585042
"gaussian",-0.3,399,643959621
"asymmetric_mixture",-0.3,399,1323574335
"gaussian",0,399,2100482768
"asymmetric_mixture",0,399,2069817443
"gaussian",0.3,399,984952537
"asymmetric_mixture",0.3,399,401063961
"gaussian",-0.3,400,384057332
"asymmetric_mixture",-0.3,400,77578917
"gaussian",0,400,244019990
"asymmetric_mixture",0,400,1964677503
"gaussian",0.3,400,1158114229
"asymmetric_mixture",0.3,400,1367920223
"gaussian",-0.3,401,1262707092
"asymmetric_mixture",-0.3,401,1399139949
"gaussian",0,401,181728163
"asymmetric_mixture",0,401,91891142
"gaussian",0.3,401,62908384
"asymmetric_mixture",0.3,401,270802625
"gaussian",-0.3,402,1706993787
"asymmetric_mixture",-0.3,402,1915590098
"gaussian",0,402,12529561
"asymmetric_mixture",0,402,453839333
"gaussian",0.3,402,517316978
"asymmetric_mixture",0.3,402,859208199
"gaussian",-0.3,403,1345921960
"asymmetric_mixture",-0.3,403,801321241
"gaussian",0,403,727226205
"asymmetric_mixture",0,403,1163373425
"gaussian",0.3,403,1771086459
"asymmetric_mixture",0.3,403,1478134787
"gaussian",-0.3,404,2020219756
"asymmetric_mixture",-0.3,404,1831703582
"gaussian",0,404,980021604
"asymmetric_mixture",0,404,2091866791
"gaussian",0.3,404,7641661
"asymmetric_mixture",0.3,404,119133778
"gaussian",-0.3,405,1466568798
"asymmetric_mixture",-0.3,405,956136947
"gaussian",0,405,284374586
"asymmetric_mixture",0,405,459710131
"gaussian",0.3,405,1130425615
"asymmetric_mixture",0.3,405,310604557
"gaussian",-0.3,406,1168292552
"asymmetric_mixture",-0.3,406,934072998
"gaussian",0,406,804284810
"asymmetric_mixture",0,406,271468184
"gaussian",0.3,406,1447044715
"asymmetric_mixture",0.3,406,1206559775
"gaussian",-0.3,407,965008693
"asymmetric_mixture",-0.3,407,397559979
"gaussian",0,407,1152634173
"asymmetric_mixture",0,407,2120802902
"gaussian",0.3,407,1553527234
"asymmetric_mixture",0.3,407,602782708
"gaussian",-0.3,408,177016210
"asymmetric_mixture",-0.3,408,1770036357
"gaussian",0,408,1392495521
"asymmetric_mixture",0,408,1144494106
"gaussian",0.3,408,1682709030
"asymmetric_mixture",0.3,408,762274551
"gaussian",-0.3,409,1991013371
"asymmetric_mixture",-0.3,409,862386637
"gaussian",0,409,1286875757
"asymmetric_mixture",0,409,1934523475
"gaussian",0.3,409,1227838948
"asymmetric_mixture",0.3,409,1197781318
"gaussian",-0.3,410,1008725230
"asymmetric_mixture",-0.3,410,23594969
"gaussian",0,410,647960425
"asymmetric_mixture",0,410,2076946328
"gaussian",0.3,410,1380804289
"asymmetric_mixture",0.3,410,902743235
"gaussian",-0.3,411,1122116580
"asymmetric_mixture",-0.3,411,580116315
"gaussian",0,411,82346533
"asymmetric_mixture",0,411,2001343100
"gaussian",0.3,411,310040043
"asymmetric_mixture",0.3,411,489392065
"gaussian",-0.3,412,1174097653
"asymmetric_mixture",-0.3,412,1854805605
"gaussian",0,412,745312071
"asymmetric_mixture",0,412,1764056810
"gaussian",0.3,412,1152837932
"asymmetric_mixture",0.3,412,928436057
"gaussian",-0.3,413,1041825320
"asymmetric_mixture",-0.3,413,49808544
"gaussian",0,413,814394780
"asymmetric_mixture",0,413,206228200
"gaussian",0.3,413,898335746
"asymmetric_mixture",0.3,413,1288458573
"gaussian",-0.3,414,1963395275
"asymmetric_mixture",-0.3,414,1287747606
"gaussian",0,414,380943080
"asymmetric_mixture",0,414,1779892866
"gaussian",0.3,414,1769997385
"asymmetric_mixture",0.3,414,171446797
"gaussian",-0.3,415,1161812710
"asymmetric_mixture",-0.3,415,781473249
"gaussian",0,415,151954612
"asymmetric_mixture",0,415,641271272
"gaussian",0.3,415,928592529
"asymmetric_mixture",0.3,415,1440099675
"gaussian",-0.3,416,850065485
"asymmetric_mixture",-0.3,416,120399025
"gaussian",0,416,1998758356
"asymmetric_mixture",0,416,777353242
"gaussian",0.3,416,1369514453
"asymmetric_mixture",0.3,416,1960463222
"gaussian",-0.3,417,1558874351
"asymmetric_mixture",-0.3,417,1828951117
"gaussian",0,417,1252585122
"asymmetric_mixture",0,417,899429231
"gaussian",0.3,417,359792224
"asymmetric_mixture",0.3,417,910191320
"gaussian",-0.3,418,1235070049
"asymmetric_mixture",-0.3,418,1635921239
"gaussian",0,418,903838541
"asymmetric_mixture",0,418,46893291
"gaussian",0.3,418,1165221093
"asymmetric_mixture",0.3,418,572722721
"gaussian",-0.3,419,468834654
"asymmetric_mixture",-0.3,419,2010372410
"gaussian",0,419,786855924
"asymmetric_mixture",0,419,436274229
"gaussian",0.3,419,1915371409
"asymmetric_mixture",0.3,419,1955160836
"gaussian",-0.3,420,371526280
"asymmetric_mixture",-0.3,420,1301832460
"gaussian",0,420,1756272482
"asymmetric_mixture",0,420,1399022130
"gaussian",0.3,420,1689011654
"asymmetric_mixture",0.3,420,502327999
"gaussian",-0.3,421,1799148944
"asymmetric_mixture",-0.3,421,1899268447
"gaussian",0,421,2070666885
"asymmetric_mixture",0,421,983619719
"gaussian",0.3,421,2062046167
"asymmetric_mixture",0.3,421,1531565650
"gaussian",-0.3,422,148540063
"asymmetric_mixture",-0.3,422,2051324572
"gaussian",0,422,2030438994
"asymmetric_mixture",0,422,1162467228
"gaussian",0.3,422,130772869
"asymmetric_mixture",0.3,422,667917590
"gaussian",-0.3,423,1288884532
"asymmetric_mixture",-0.3,423,1656939380
"gaussian",0,423,87977837
"asymmetric_mixture",0,423,1618097612
"gaussian",0.3,423,1799252252
"asymmetric_mixture",0.3,423,1051354512
"gaussian",-0.3,424,1423330083
"asymmetric_mixture",-0.3,424,1753343788
"gaussian",0,424,1310874195
"asymmetric_mixture",0,424,1636008088
"gaussian",0.3,424,671212115
"asymmetric_mixture",0.3,424,798758593
"gaussian",-0.3,425,2042042758
"asymmetric_mixture",-0.3,425,496605458
"gaussian",0,425,699252473
"asymmetric_mixture",0,425,1773706986
"gaussian",0.3,425,1523426005
"asymmetric_mixture",0.3,425,1771659021
"gaussian",-0.3,426,789060122
"asymmetric_mixture",-0.3,426,1151746774
"gaussian",0,426,296989914
"asymmetric_mixture",0,426,656474125
"gaussian",0.3,426,703909556
"asymmetric_mixture",0.3,426,1846733380
"gaussian",-0.3,427,1811447639
"asymmetric_mixture",-0.3,427,1192549479
"gaussian",0,427,1240026324
"asymmetric_mixture",0,427,905761720
"gaussian",0.3,427,1078620877
"asymmetric_mixture",0.3,427,509093992
"gaussian",-0.3,428,773547070
"asymmetric_mixture",-0.3,428,1664554258
"gaussian",0,428,2127938082
"asymmetric_mixture",0,428,2020933782
"gaussian",0.3,428,237417322
"asymmetric_mixture",0.3,428,1893584639
"gaussian",-0.3,429,918331791
"asymmetric_mixture",-0.3,429,1707510592
"gaussian",0,429,1827371419
"asymmetric_mixture",0,429,664477272
"gaussian",0.3,429,1237540729
"asymmetric_mixture",0.3,429,697631772
"gaussian",-0.3,430,73624847
"asymmetric_mixture",-0.3,430,675883899
"gaussian",0,430,122869511
"asymmetric_mixture",0,430,1893811314
"gaussian",0.3,430,1464808704
"asymmetric_mixture",0.3,430,1112048354
"gaussian",-0.3,431,2062257751
"asymmetric_mixture",-0.3,431,524942482
"gaussian",0,431,1465159071
"asymmetric_mixture",0,431,1677522145
"gaussian",0.3,431,864600428
"asymmetric_mixture",0.3,431,1832369188
"gaussian",-0.3,432,581704981
"asymmetric_mixture",-0.3,432,1901199028
"gaussian",0,432,1712243430
"asymmetric_mixture",0,432,1692425215
"gaussian",0.3,432,827988724
"asymmetric_mixture",0.3,432,767795425
"gaussian",-0.3,433,622520727
"asymmetric_mixture",-0.3,433,1791680124
"gaussian",0,433,2088472931
"asymmetric_mixture",0,433,1902556235
"gaussian",0.3,433,465508505
"asymmetric_mixture",0.3,433,1745973068
"gaussian",-0.3,434,363526147
"asymmetric_mixture",-0.3,434,1427229638
"gaussian",0,434,1934962801
"asymmetric_mixture",0,434,2185429
"gaussian",0.3,434,1046665859
"asymmetric_mixture",0.3,434,1308193727
"gaussian",-0.3,435,2123004687
"asymmetric_mixture",-0.3,435,299018160
"gaussian",0,435,1592723376
"asymmetric_mixture",0,435,334707242
"gaussian",0.3,435,1034665013
"asymmetric_mixture",0.3,435,394468311
"gaussian",-0.3,436,571591773
"asymmetric_mixture",-0.3,436,649768744
"gaussian",0,436,756848511
"asymmetric_mixture",0,436,1322024145
"gaussian",0.3,436,997545098
"asymmetric_mixture",0.3,436,2095765885
"gaussian",-0.3,437,292991004
"asymmetric_mixture",-0.3,437,218318961
"gaussian",0,437,437978475
"asymmetric_mixture",0,437,996326874
"gaussian",0.3,437,805318023
"asymmetric_mixture",0.3,437,2043702615
"gaussian",-0.3,438,1082044768
"asymmetric_mixture",-0.3,438,1695929927
"gaussian",0,438,1494811502
"asymmetric_mixture",0,438,1158316103
"gaussian",0.3,438,112912282
"asymmetric_mixture",0.3,438,898473143
"gaussian",-0.3,439,2116345225
"asymmetric_mixture",-0.3,439,2072370549
"gaussian",0,439,1677141284
"asymmetric_mixture",0,439,275217865
"gaussian",0.3,439,270333155
"asymmetric_mixture",0.3,439,1367024471
"gaussian",-0.3,440,1828745116
"asymmetric_mixture",-0.3,440,564719662
"gaussian",0,440,1297216524
"asymmetric_mixture",0,440,2055871960
"gaussian",0.3,440,978557287
"asymmetric_mixture",0.3,440,1904031920
"gaussian",-0.3,441,1292538908
"asymmetric_mixture",-0.3,441,1450493180
"gaussian",0,441,102337915
"asymmetric_mixture",0,441,462506918
"gaussian",0.3,441,221535009
"asymmetric_mixture",0.3,441,214374674
"gaussian",-0.3,442,950779774
"asymmetric_mixture",-0.3,442,1436934921
"gaussian",0,442,555553455
"asymmetric_mixture",0,442,265175546
"gaussian",0.3,442,1930958576
"asymmetric_mixture",0.3,442,1320328136
"gaussian",-0.3,443,1516504904
"asymmetric_mixture",-0.3,443,1964768442
"gaussian",0,443,1121489895
"asymmetric_mixture",0,443,6387442
"gaussian",0.3,443,1081103633
"asymmetric_mixture",0.3,443,521787115
"gaussian",-0.3,444,2018992953
"asymmetric_mixture",-0.3,444,2095943170
"gaussian",0,444,1497084849
"asymmetric_mixture",0,444,271714272
"gaussian",0.3,444,2103594256
"asymmetric_mixture",0.3,444,91013142
"gaussian",-0.3,445,344561848
"asymmetric_mixture",-0.3,445,446430824
"gaussian",0,445,1875555681
"asymmetric_mixture",0,445,1332900419
"gaussian",0.3,445,1557500723
"asymmetric_mixture",0.3,445,452260619
"gaussian",-0.3,446,139058569
"asymmetric_mixture",-0.3,446,723224264
"gaussian",0,446,1281730663
"asymmetric_mixture",0,446,1581548999
"gaussian",0.3,446,255929244
"asymmetric_mixture",0.3,446,1278066062
"gaussian",-0.3,447,6998631
"asymmetric_mixture",-0.3,447,1165974
"gaussian",0,447,509194229
"asymmetric_mixture",0,447,1677025270
"gaussian",0.3,447,686894811
"asymmetric_mixture",0.3,447,1109231968
"gaussian",-0.3,448,887899960
"asymmetric_mixture",-0.3,448,982737756
"gaussian",0,448,1703829299
"asymmetric_mixture",0,448,846796057
"gaussian",0.3,448,645085197
"asymmetric_mixture",0.3,448,1601455583
"gaussian",-0.3,449,751081426
"asymmetric_mixture",-0.3,449,408977937
"gaussian",0,449,181146804
"asymmetric_mixture",0,449,1709266258
"gaussian",0.3,449,498204375
"asymmetric_mixture",0.3,449,2104404915
"gaussian",-0.3,450,1794710496
"asymmetric_mixture",-0.3,450,1966477619
"gaussian",0,450,1786400828
"asymmetric_mixture",0,450,152037463
"gaussian",0.3,450,678025023
"asymmetric_mixture",0.3,450,1003948337
"gaussian",-0.3,451,388814360
"asymmetric_mixture",-0.3,451,394566085
"gaussian",0,451,1275362432
"asymmetric_mixture",0,451,741605233
"gaussian",0.3,451,369902753
"asymmetric_mixture",0.3,451,58127853
"gaussian",-0.3,452,1486612290
"asymmetric_mixture",-0.3,452,277474108
"gaussian",0,452,1251731312
"asymmetric_mixture",0,452,584889872
"gaussian",0.3,452,690208793
"asymmetric_mixture",0.3,452,149938246
"gaussian",-0.3,453,1132976416
"asymmetric_mixture",-0.3,453,1113877384
"gaussian",0,453,138185395
"asymmetric_mixture",0,453,1133132004
"gaussian",0.3,453,1493384025
"asymmetric_mixture",0.3,453,715899891
"gaussian",-0.3,454,1156525514
"asymmetric_mixture",-0.3,454,2009875308
"gaussian",0,454,915831300
"asymmetric_mixture",0,454,850456772
"gaussian",0.3,454,2141247105
"asymmetric_mixture",0.3,454,2054165833
"gaussian",-0.3,455,431683139
"asymmetric_mixture",-0.3,455,2139558121
"gaussian",0,455,1142023731
"asymmetric_mixture",0,455,2029387464
"gaussian",0.3,455,464734048
"asymmetric_mixture",0.3,455,989412590
"gaussian",-0.3,456,1700413455
"asymmetric_mixture",-0.3,456,811438522
"gaussian",0,456,629566511
"asymmetric_mixture",0,456,994703591
"gaussian",0.3,456,1069261157
"asymmetric_mixture",0.3,456,1579997181
"gaussian",-0.3,457,1722813639
"asymmetric_mixture",-0.3,457,44885659
"gaussian",0,457,1880235233
"asymmetric_mixture",0,457,1597890121
"gaussian",0.3,457,108335095
"asymmetric_mixture",0.3,457,1494642253
"gaussian",-0.3,458,1257776133
"asymmetric_mixture",-0.3,458,118679039
"gaussian",0,458,201542054
"asymmetric_mixture",0,458,736905281
"gaussian",0.3,458,1545031803
"asymmetric_mixture",0.3,458,1867405513
"gaussian",-0.3,459,718445258
"asymmetric_mixture",-0.3,459,1010618988
"gaussian",0,459,785853623
"asymmetric_mixture",0,459,337537148
"gaussian",0.3,459,1099874570
"asymmetric_mixture",0.3,459,1526308190
"gaussian",-0.3,460,1099867548
"asymmetric_mixture",-0.3,460,806561339
"gaussian",0,460,4721971
"asymmetric_mixture",0,460,1837699207
"gaussian",0.3,460,2036315095
"asymmetric_mixture",0.3,460,977145022
"gaussian",-0.3,461,1886321015
"asymmetric_mixture",-0.3,461,1909662838
"gaussian",0,461,119232377
"asymmetric_mixture",0,461,1992942501
"gaussian",0.3,461,1467910039
"asymmetric_mixture",0.3,461,482353798
"gaussian",-0.3,462,901152115
"asymmetric_mixture",-0.3,462,24314296
"gaussian",0,462,1587548636
"asymmetric_mixture",0,462,2048194705
"gaussian",0.3,462,1434224291
"asymmetric_mixture",0.3,462,1463020392
"gaussian",-0.3,463,1859924476
"asymmetric_mixture",-0.3,463,1338330750
"gaussian",0,463,1267588974
"asymmetric_mixture",0,463,2012118130
"gaussian",0.3,463,392470678
"asymmetric_mixture",0.3,463,525558842
"gaussian",-0.3,464,860747081
"asymmetric_mixture",-0.3,464,1865160468
"gaussian",0,464,594416742
"asymmetric_mixture",0,464,590871790
"gaussian",0.3,464,1532155109
"asymmetric_mixture",0.3,464,373317447
"gaussian",-0.3,465,81825801
"asymmetric_mixture",-0.3,465,530075494
"gaussian",0,465,1985814648
"asymmetric_mixture",0,465,1766672487
"gaussian",0.3,465,1383820217
"asymmetric_mixture",0.3,465,1880023381
"gaussian",-0.3,466,339344834
"asymmetric_mixture",-0.3,466,2027213349
"gaussian",0,466,655048532
"asymmetric_mixture",0,466,1264817991
"gaussian",0.3,466,423772841
"asymmetric_mixture",0.3,466,449976716
"gaussian",-0.3,467,1635275489
"asymmetric_mixture",-0.3,467,1228694832
"gaussian",0,467,1530487543
"asymmetric_mixture",0,467,954576188
"gaussian",0.3,467,1281363424
"asymmetric_mixture",0.3,467,1216698482
"gaussian",-0.3,468,903467856
"asymmetric_mixture",-0.3,468,459260597
"gaussian",0,468,790101317
"asymmetric_mixture",0,468,211600186
"gaussian",0.3,468,123700985
"asymmetric_mixture",0.3,468,1193812975
"gaussian",-0.3,469,112772737
"asymmetric_mixture",-0.3,469,1804371002
"gaussian",0,469,1461723107
"asymmetric_mixture",0,469,24581282
"gaussian",0.3,469,1814355985
"asymmetric_mixture",0.3,469,1636940328
"gaussian",-0.3,470,1221597981
"asymmetric_mixture",-0.3,470,460789301
"gaussian",0,470,1307302181
"asymmetric_mixture",0,470,348017163
"gaussian",0.3,470,285698884
"asymmetric_mixture",0.3,470,2106909711
"gaussian",-0.3,471,667943548
"asymmetric_mixture",-0.3,471,1557011820
"gaussian",0,471,2063395063
"asymmetric_mixture",0,471,1539375044
"gaussian",0.3,471,201950939
"asymmetric_mixture",0.3,471,1846540662
"gaussian",-0.3,472,291526191
"asymmetric_mixture",-0.3,472,2106913523
"gaussian",0,472,271244894
"asymmetric_mixture",0,472,1499984131
"gaussian",0.3,472,603540869
"asymmetric_mixture",0.3,472,539393649
"gaussian",-0.3,473,291380036
"asymmetric_mixture",-0.3,473,1324067415
"gaussian",0,473,668777688
"asymmetric_mixture",0,473,700477156
"gaussian",0.3,473,237071830
"asymmetric_mixture",0.3,473,154022423
"gaussian",-0.3,474,2047344117
"asymmetric_mixture",-0.3,474,1114828096
"gaussian",0,474,1292866685
"asymmetric_mixture",0,474,497342613
"gaussian",0.3,474,1661197378
"asymmetric_mixture",0.3,474,160165856
"gaussian",-0.3,475,686498448
"asymmetric_mixture",-0.3,475,1323572133
"gaussian",0,475,1489991457
"asymmetric_mixture",0,475,245448834
"gaussian",0.3,475,977841105
"asymmetric_mixture",0.3,475,1937877826
"gaussian",-0.3,476,2129201893
"asymmetric_mixture",-0.3,476,416359055
"gaussian",0,476,1922505604
"asymmetric_mixture",0,476,162532999
"gaussian",0.3,476,228358056
"asymmetric_mixture",0.3,476,1507640896
"gaussian",-0.3,477,724194579
"asymmetric_mixture",-0.3,477,1540315907
"gaussian",0,477,805993564
"asymmetric_mixture",0,477,910855079
"gaussian",0.3,477,937452868
"asymmetric_mixture",0.3,477,559405425
"gaussian",-0.3,478,2032396595
"asymmetric_mixture",-0.3,478,1869966992
"gaussian",0,478,354175521
"asymmetric_mixture",0,478,161352474
"gaussian",0.3,478,62243514
"asymmetric_mixture",0.3,478,1202017041
"gaussian",-0.3,479,539792644
"asymmetric_mixture",-0.3,479,916084199
"gaussian",0,479,1441462401
"asymmetric_mixture",0,479,1479817218
"gaussian",0.3,479,1650645122
"asymmetric_mixture",0.3,479,735100785
"gaussian",-0.3,480,1381433343
"asymmetric_mixture",-0.3,480,1893676031
"gaussian",0,480,1958474771
"asymmetric_mixture",0,480,182604674
"gaussian",0.3,480,1155782920
"asymmetric_mixture",0.3,480,1202834015
"gaussian",-0.3,481,2009661354
"asymmetric_mixture",-0.3,481,144078716
"gaussian",0,481,1817849261
"asymmetric_mixture",0,481,1578208328
"gaussian",0.3,481,1713215271
"asymmetric_mixture",0.3,481,548613581
"gaussian",-0.3,482,2003969974
"asymmetric_mixture",-0.3,482,1893676215
"gaussian",0,482,282632224
"asymmetric_mixture",0,482,102667542
"gaussian",0.3,482,1376686579
"asymmetric_mixture",0.3,482,520429751
"gaussian",-0.3,483,506234087
"asymmetric_mixture",-0.3,483,1212861170
"gaussian",0,483,547031505
"asymmetric_mixture",0,483,869855125
"gaussian",0.3,483,1886552138
"asymmetric_mixture",0.3,483,1686533769
"gaussian",-0.3,484,261198506
"asymmetric_mixture",-0.3,484,1736694839
"gaussian",0,484,941804135
"asymmetric_mixture",0,484,1738998855
"gaussian",0.3,484,32532055
"asymmetric_mixture",0.3,484,425806543
"gaussian",-0.3,485,2048063241
"asymmetric_mixture",-0.3,485,757557622
"gaussian",0,485,1063488073
"asymmetric_mixture",0,485,1841516077
"gaussian",0.3,485,613977233
"asymmetric_mixture",0.3,485,701278443
"gaussian",-0.3,486,1790311235
"asymmetric_mixture",-0.3,486,2123882264
"gaussian",0,486,2136439850
"asymmetric_mixture",0,486,571246588
"gaussian",0.3,486,295916876
"asymmetric_mixture",0.3,486,895875530
"gaussian",-0.3,487,555379583
"asymmetric_mixture",-0.3,487,23531054
"gaussian",0,487,330002402
"asymmetric_mixture",0,487,48483007
"gaussian",0.3,487,2078561191
"asymmetric_mixture",0.3,487,31847406
"gaussian",-0.3,488,1586701450
"asymmetric_mixture",-0.3,488,1287343584
"gaussian",0,488,458399201
"asymmetric_mixture",0,488,1816530502
"gaussian",0.3,488,976607710
"asymmetric_mixture",0.3,488,616873137
"gaussian",-0.3,489,2144393128
"asymmetric_mixture",-0.3,489,1732502718
"gaussian",0,489,256879824
"asymmetric_mixture",0,489,1034878698
"gaussian",0.3,489,1504287356
"asymmetric_mixture",0.3,489,1713812379
"gaussian",-0.3,490,1546994931
"asymmetric_mixture",-0.3,490,2088979403
"gaussian",0,490,1093736837
"asymmetric_mixture",0,490,1670945793
"gaussian",0.3,490,2064256941
"asymmetric_mixture",0.3,490,443763083
"gaussian",-0.3,491,551592764
"asymmetric_mixture",-0.3,491,2054025765
"gaussian",0,491,1146989649
"asymmetric_mixture",0,491,1437231220
"gaussian",0.3,491,129690868
"asymmetric_mixture",0.3,491,1911956890
"gaussian",-0.3,492,1458841362
"asymmetric_mixture",-0.3,492,833297281
"gaussian",0,492,574534490
"asymmetric_mixture",0,492,458522144
"gaussian",0.3,492,793088307
"asymmetric_mixture",0.3,492,1624167669
"gaussian",-0.3,493,1966899928
"asymmetric_mixture",-0.3,493,1465178294
"gaussian",0,493,1957334136
"asymmetric_mixture",0,493,1673140899
"gaussian",0.3,493,90147608
"asymmetric_mixture",0.3,493,1951003248
"gaussian",-0.3,494,1528408725
"asymmetric_mixture",-0.3,494,1294695969
"gaussian",0,494,1985411775
"asymmetric_mixture",0,494,1941159392
"gaussian",0.3,494,1981117979
"asymmetric_mixture",0.3,494,1132114303
"gaussian",-0.3,495,1445727734
"asymmetric_mixture",-0.3,495,1809059882
"gaussian",0,495,1978966143
"asymmetric_mixture",0,495,1067073970
"gaussian",0.3,495,747394359
"asymmetric_mixture",0.3,495,2112614023
"gaussian",-0.3,496,1373397346
"asymmetric_mixture",-0.3,496,1486663877
"gaussian",0,496,197889454
"asymmetric_mixture",0,496,875303369
"gaussian",0.3,496,465076650
"asymmetric_mixture",0.3,496,1257100723
"gaussian",-0.3,497,445687663
"asymmetric_mixture",-0.3,497,1593259482
"gaussian",0,497,737421407
"asymmetric_mixture",0,497,1453191237
"gaussian",0.3,497,73618389
"asymmetric_mixture",0.3,497,2063050683
"gaussian",-0.3,498,1522920202
"asymmetric_mixture",-0.3,498,2027936134
"gaussian",0,498,1355289717
"asymmetric_mixture",0,498,1462315572
"gaussian",0.3,498,1831153094
"asymmetric_mixture",0.3,498,646065109
"gaussian",-0.3,499,423529136
"asymmetric_mixture",-0.3,499,1331399237
"gaussian",0,499,1979359924
"asymmetric_mixture",0,499,477764889
"gaussian",0.3,499,417399338
"asymmetric_mixture",0.3,499,1217462490
"gaussian",-0.3,500,895680249
"asymmetric_mixture",-0.3,500,1667161553
"gaussian",0,500,1153595551
"asymmetric_mixture",0,500,238140144
"gaussian",0.3,500,823405273
"asymmetric_mixture",0.3,500,1518450770
