"Scenario","TrueRho","Replication","Seed","Method","Success","FailureReason"
"gaussian",-0.3,1,1017120359,"OLS",TRUE,""
"gaussian",-0.3,1,1017120359,"Semiparametric",TRUE,""
"asymmetric_mixture",-0.3,1,2073076625,"OLS",TRUE,""
"asymmetric_mixture",-0.3,1,2073076625,"Semiparametric",TRUE,""
"gaussian",0,1,608264593,"OLS",TRUE,""
"gaussian",0,1,608264593,"Semiparametric",TRUE,""
"asymmetric_mixture",0,1,155197823,"OLS",TRUE,""
"asymmetric_mixture",0,1,155197823,"Semiparametric",TRUE,""
"gaussian",0.3,1,1220240863,"OLS",TRUE,""
"gaussian",0.3,1,1220240863,"Semiparametric",TRUE,""
"asymmetric_mixture",0.3,1,1979170958,"OLS",TRUE,""
"asymmetric_mixture",0.3,1,1979170958,"Semiparametric",TRUE,""
"gaussian",-0.3,2,1264831624,"OLS",TRUE,""
"gaussian",-0.3,2,1264831624,"Semiparametric",TRUE,""
"asymmetric_mixture",-0.3,2,2091422004,"OLS",TRUE,""
"asymmetric_mixture",-0.3,2,2091422004,"Semiparametric",TRUE,""
"gaussian",0,2,1834040568,"OLS",TRUE,""
"gaussian",0,2,1834040568,"Semiparametric",TRUE,""
"asymmetric_mixture",0,2,1972532662,"OLS",TRUE,""
"asymmetric_mixture",0,2,1972532662,"Semiparametric",TRUE,""
"gaussian",0.3,2,1413160195,"OLS",TRUE,""
"gaussian",0.3,2,1413160195,"Semiparametric",TRUE,""
"asymmetric_mixture",0.3,2,2118035950,"OLS",TRUE,""
"asymmetric_mixture",0.3,2,2118035950,"Semiparametric",TRUE,""
"gaussian",-0.3,3,525074671,"OLS",TRUE,""
"gaussian",-0.3,3,525074671,"Semiparametric",TRUE,""
"asymmetric_mixture",-0.3,3,195183430,"OLS",TRUE,""
"asymmetric_mixture",-0.3,3,195183430,"Semiparametric",TRUE,""
"gaussian",0,3,1328496192,"OLS",TRUE,""
"gaussian",0,3,1328496192,"Semiparametric",TRUE,""
"asymmetric_mixture",0,3,787676995,"OLS",TRUE,""
"asymmetric_mixture",0,3,787676995,"Semiparametric",TRUE,""
"gaussian",0.3,3,1659194506,"OLS",TRUE,""
"gaussian",0.3,3,1659194506,"Semiparametric",TRUE,""
"asymmetric_mixture",0.3,3,40738423,"OLS",TRUE,""
"asymmetric_mixture",0.3,3,40738423,"Semiparametric",TRUE,""
"gaussian",-0.3,4,1587699181,"OLS",TRUE,""
"gaussian",-0.3,4,1587699181,"Semiparametric",TRUE,""
"asymmetric_mixture",-0.3,4,284711375,"OLS",TRUE,""
"asymmetric_mixture",-0.3,4,284711375,"Semiparametric",TRUE,""
"gaussian",0,4,2100543360,"OLS",TRUE,""
"gaussian",0,4,2100543360,"Semiparametric",TRUE,""
"asymmetric_mixture",0,4,1680466046,"OLS",TRUE,""
"asymmetric_mixture",0,4,1680466046,"Semiparametric",TRUE,""
"gaussian",0.3,4,1412526601,"OLS",TRUE,""
"gaussian",0.3,4,1412526601,"Semiparametric",TRUE,""
"asymmetric_mixture",0.3,4,1085503513,"OLS",TRUE,""
"asymmetric_mixture",0.3,4,1085503513,"Semiparametric",TRUE,""
"gaussian",-0.3,5,569182866,"OLS",TRUE,""
"gaussian",-0.3,5,569182866,"Semiparametric",TRUE,""
"asymmetric_mixture",-0.3,5,2045837819,"OLS",TRUE,""
"asymmetric_mixture",-0.3,5,2045837819,"Semiparametric",TRUE,""
"gaussian",0,5,1584021756,"OLS",TRUE,""
"gaussian",0,5,1584021756,"Semiparametric",TRUE,""
"asymmetric_mixture",0,5,1312514825,"OLS",TRUE,""
"asymmetric_mixture",0,5,1312514825,"Semiparametric",TRUE,""
"gaussian",0.3,5,526959889,"OLS",TRUE,""
"gaussian",0.3,5,526959889,"Semiparametric",TRUE,""
"asymmetric_mixture",0.3,5,847717201,"OLS",TRUE,""
"asymmetric_mixture",0.3,5,847717201,"Semiparametric",TRUE,""
"gaussian",-0.3,6,1825374506,"OLS",TRUE,""
"gaussian",-0.3,6,1825374506,"Semiparametric",TRUE,""
"asymmetric_mixture",-0.3,6,1076072963,"OLS",TRUE,""
"asymmetric_mixture",-0.3,6,1076072963,"Semiparametric",TRUE,""
"gaussian",0,6,1549363468,"OLS",TRUE,""
"gaussian",0,6,1549363468,"Semiparametric",TRUE,""
"asymmetric_mixture",0,6,1472242782,"OLS",TRUE,""
"asymmetric_mixture",0,6,1472242782,"Semiparametric",TRUE,""
"gaussian",0.3,6,1852244567,"OLS",TRUE,""
"gaussian",0.3,6,1852244567,"Semiparametric",TRUE,""
"asymmetric_mixture",0.3,6,1007019884,"OLS",TRUE,""
"asymmetric_mixture",0.3,6,1007019884,"Semiparametric",TRUE,""
"gaussian",-0.3,7,1678908062,"OLS",TRUE,""
"gaussian",-0.3,7,1678908062,"Semiparametric",TRUE,""
"asymmetric_mixture",-0.3,7,1191043395,"OLS",TRUE,""
"asymmetric_mixture",-0.3,7,1191043395,"Semiparametric",TRUE,""
"gaussian",0,7,1690369495,"OLS",TRUE,""
"gaussian",0,7,1690369495,"Semiparametric",TRUE,""
"asymmetric_mixture",0,7,1467515052,"OLS",TRUE,""
"asymmetric_mixture",0,7,1467515052,"Semiparametric",TRUE,""
"gaussian",0.3,7,645997759,"OLS",TRUE,""
"gaussian",0.3,7,645997759,"Semiparametric",TRUE,""
"asymmetric_mixture",0.3,7,1347625524,"OLS",TRUE,""
"asymmetric_mixture",0.3,7,1347625524,"Semiparametric",TRUE,""
"gaussian",-0.3,8,1388996168,"OLS",TRUE,""
"gaussian",-0.3,8,1388996168,"Semiparametric",TRUE,""
"asymmetric_mixture",-0.3,8,1973029693,"OLS",TRUE,""
"asymmetric_mixture",-0.3,8,1973029693,"Semiparametric",TRUE,""
"gaussian",0,8,632927178,"OLS",TRUE,""
"gaussian",0,8,632927178,"Semiparametric",TRUE,""
"asymmetric_mixture",0,8,580088431,"OLS",TRUE,""
"asymmetric_mixture",0,8,580088431,"Semiparametric",TRUE,""
"gaussian",0.3,8,2110057291,"OLS",TRUE,""
"gaussian",0.3,8,2110057291,"Semiparametric",TRUE,""
"asymmetric_mixture",0.3,8,1086989165,"OLS",TRUE,""
"asymmetric_mixture",0.3,8,1086989165,"Semiparametric",TRUE,""
"gaussian",-0.3,9,110867870,"OLS",TRUE,""
"gaussian",-0.3,9,110867870,"Semiparametric",TRUE,""
"asymmetric_mixture",-0.3,9,278592084,"OLS",TRUE,""
"asymmetric_mixture",-0.3,9,278592084,"Semiparametric",TRUE,""
"gaussian",0,9,599528073,"OLS",TRUE,""
"gaussian",0,9,599528073,"Semiparametric",TRUE,""
"asymmetric_mixture",0,9,2020295976,"OLS",TRUE,""
"asymmetric_mixture",0,9,2020295976,"Semiparametric",TRUE,""
"gaussian",0.3,9,1484244095,"OLS",TRUE,""
"gaussian",0.3,9,1484244095,"Semiparametric",TRUE,""
"asymmetric_mixture",0.3,9,831399838,"OLS",TRUE,""
"asymmetric_mixture",0.3,9,831399838,"Semiparametric",TRUE,""
"gaussian",-0.3,10,269423862,"OLS",TRUE,""
"gaussian",-0.3,10,269423862,"Semiparametric",TRUE,""
"asymmetric_mixture",-0.3,10,898527771,"OLS",TRUE,""
"asymmetric_mixture",-0.3,10,898527771,"Semiparametric",TRUE,""
"gaussian",0,10,265008792,"OLS",TRUE,""
"gaussian",0,10,265008792,"Semiparametric",TRUE,""
"asymmetric_mixture",0,10,1716396191,"OLS",TRUE,""
"asymmetric_mixture",0,10,1716396191,"Semiparametric",TRUE,""
"gaussian",0.3,10,1875035955,"OLS",TRUE,""
"gaussian",0.3,10,1875035955,"Semiparametric",TRUE,""
"asymmetric_mixture",0.3,10,1103004812,"OLS",TRUE,""
"asymmetric_mixture",0.3,10,1103004812,"Semiparametric",TRUE,""
"gaussian",-0.3,11,1006719073,"OLS",TRUE,""
"gaussian",-0.3,11,1006719073,"Semiparametric",TRUE,""
"asymmetric_mixture",-0.3,11,1968974081,"OLS",TRUE,""
"asymmetric_mixture",-0.3,11,1968974081,"Semiparametric",TRUE,""
"gaussian",0,11,2010115981,"OLS",TRUE,""
"gaussian",0,11,2010115981,"Semiparametric",TRUE,""
"asymmetric_mixture",0,11,1577231977,"OLS",TRUE,""
"asymmetric_mixture",0,11,1577231977,"Semiparametric",TRUE,""
"gaussian",0.3,11,53571137,"OLS",TRUE,""
"gaussian",0.3,11,53571137,"Semiparametric",TRUE,""
"asymmetric_mixture",0.3,11,780659663,"OLS",TRUE,""
"asymmetric_mixture",0.3,11,780659663,"Semiparametric",TRUE,""
"gaussian",-0.3,12,475935688,"OLS",TRUE,""
"gaussian",-0.3,12,475935688,"Semiparametric",TRUE,""
"asymmetric_mixture",-0.3,12,811928506,"OLS",TRUE,""
"asymmetric_mixture",-0.3,12,811928506,"Semiparametric",TRUE,""
"gaussian",0,12,1472739307,"OLS",TRUE,""
"gaussian",0,12,1472739307,"Semiparametric",TRUE,""
"asymmetric_mixture",0,12,1344863289,"OLS",TRUE,""
"asymmetric_mixture",0,12,1344863289,"Semiparametric",TRUE,""
"gaussian",0.3,12,1084523533,"OLS",TRUE,""
"gaussian",0.3,12,1084523533,"Semiparametric",TRUE,""
"asymmetric_mixture",0.3,12,1917605966,"OLS",TRUE,""
"asymmetric_mixture",0.3,12,1917605966,"Semiparametric",TRUE,""
"gaussian",-0.3,13,39143919,"OLS",TRUE,""
"gaussian",-0.3,13,39143919,"Semiparametric",TRUE,""
"asymmetric_mixture",-0.3,13,1466192598,"OLS",TRUE,""
"asymmetric_mixture",-0.3,13,1466192598,"Semiparametric",TRUE,""
"gaussian",0,13,1917598442,"OLS",TRUE,""
"gaussian",0,13,1917598442,"Semiparametric",TRUE,""
"asymmetric_mixture",0,13,2091954767,"OLS",TRUE,""
"asymmetric_mixture",0,13,2091954767,"Semiparametric",TRUE,""
"gaussian",0.3,13,1102434980,"OLS",TRUE,""
"gaussian",0.3,13,1102434980,"Semiparametric",TRUE,""
"asymmetric_mixture",0.3,13,712386103,"OLS",TRUE,""
"asymmetric_mixture",0.3,13,712386103,"Semiparametric",TRUE,""
"gaussian",-0.3,14,833002365,"OLS",TRUE,""
"gaussian",-0.3,14,833002365,"Semiparametric",TRUE,""
"asymmetric_mixture",-0.3,14,2122853375,"OLS",TRUE,""
"asymmetric_mixture",-0.3,14,2122853375,"Semiparametric",TRUE,""
"gaussian",0,14,1082411976,"OLS",TRUE,""
"gaussian",0,14,1082411976,"Semiparametric",TRUE,""
"asymmetric_mixture",0,14,707303325,"OLS",TRUE,""
"asymmetric_mixture",0,14,707303325,"Semiparametric",TRUE,""
"gaussian",0.3,14,1722114116,"OLS",TRUE,""
"gaussian",0.3,14,1722114116,"Semiparametric",TRUE,""
"asymmetric_mixture",0.3,14,1315318104,"OLS",TRUE,""
"asymmetric_mixture",0.3,14,1315318104,"Semiparametric",TRUE,""
"gaussian",-0.3,15,1398834234,"OLS",TRUE,""
"gaussian",-0.3,15,1398834234,"Semiparametric",TRUE,""
"asymmetric_mixture",-0.3,15,363719985,"OLS",TRUE,""
"asymmetric_mixture",-0.3,15,363719985,"Semiparametric",TRUE,""
"gaussian",0,15,923378869,"OLS",TRUE,""
"gaussian",0,15,923378869,"Semiparametric",TRUE,""
"asymmetric_mixture",0,15,1434178610,"OLS",TRUE,""
"asymmetric_mixture",0,15,1434178610,"Semiparametric",TRUE,""
"gaussian",0.3,15,1526843623,"OLS",TRUE,""
"gaussian",0.3,15,1526843623,"Semiparametric",TRUE,""
"asymmetric_mixture",0.3,15,2128037339,"OLS",TRUE,""
"asymmetric_mixture",0.3,15,2128037339,"Semiparametric",TRUE,""
"gaussian",-0.3,16,893847187,"OLS",TRUE,""
"gaussian",-0.3,16,893847187,"Semiparametric",TRUE,""
"asymmetric_mixture",-0.3,16,1394061212,"OLS",TRUE,""
"asymmetric_mixture",-0.3,16,1394061212,"Semiparametric",TRUE,""
"gaussian",0,16,1544251614,"OLS",TRUE,""
"gaussian",0,16,1544251614,"Semiparametric",TRUE,""
"asymmetric_mixture",0,16,1369495159,"OLS",TRUE,""
"asymmetric_mixture",0,16,1369495159,"Semiparametric",TRUE,""
"gaussian",0.3,16,356542572,"OLS",TRUE,""
"gaussian",0.3,16,356542572,"Semiparametric",TRUE,""
"asymmetric_mixture",0.3,16,1623688515,"OLS",TRUE,""
"asymmetric_mixture",0.3,16,1623688515,"Semiparametric",TRUE,""
"gaussian",-0.3,17,745577846,"OLS",TRUE,""
"gaussian",-0.3,17,745577846,"Semiparametric",TRUE,""
"asymmetric_mixture",-0.3,17,2135180148,"OLS",TRUE,""
"asymmetric_mixture",-0.3,17,2135180148,"Semiparametric",TRUE,""
"gaussian",0,17,269014031,"OLS",TRUE,""
"gaussian",0,17,269014031,"Semiparametric",TRUE,""
"asymmetric_mixture",0,17,1231571425,"OLS",TRUE,""
"asymmetric_mixture",0,17,1231571425,"Semiparametric",TRUE,""
"gaussian",0.3,17,1392604459,"OLS",TRUE,""
"gaussian",0.3,17,1392604459,"Semiparametric",TRUE,""
"asymmetric_mixture",0.3,17,1727803672,"OLS",TRUE,""
"asymmetric_mixture",0.3,17,1727803672,"Semiparametric",TRUE,""
"gaussian",-0.3,18,408121390,"OLS",TRUE,""
"gaussian",-0.3,18,408121390,"Semiparametric",TRUE,""
"asymmetric_mixture",-0.3,18,1850654729,"OLS",TRUE,""
"asymmetric_mixture",-0.3,18,1850654729,"Semiparametric",TRUE,""
"gaussian",0,18,4106350,"OLS",TRUE,""
"gaussian",0,18,4106350,"Semiparametric",TRUE,""
"asymmetric_mixture",0,18,882063341,"OLS",TRUE,""
"asymmetric_mixture",0,18,882063341,"Semiparametric",TRUE,""
"gaussian",0.3,18,962896826,"OLS",TRUE,""
"gaussian",0.3,18,962896826,"Semiparametric",TRUE,""
"asymmetric_mixture",0.3,18,1971284585,"OLS",TRUE,""
"asymmetric_mixture",0.3,18,1971284585,"Semiparametric",TRUE,""
"gaussian",-0.3,19,1506788670,"OLS",TRUE,""
"gaussian",-0.3,19,1506788670,"Semiparametric",TRUE,""
"asymmetric_mixture",-0.3,19,509559811,"OLS",TRUE,""
"asymmetric_mixture",-0.3,19,509559811,"Semiparametric",TRUE,""
"gaussian",0,19,1243746203,"OLS",TRUE,""
"gaussian",0,19,1243746203,"Semiparametric",TRUE,""
"asymmetric_mixture",0,19,1058121640,"OLS",TRUE,""
"asymmetric_mixture",0,19,1058121640,"Semiparametric",TRUE,""
"gaussian",0.3,19,200707765,"OLS",TRUE,""
"gaussian",0.3,19,200707765,"Semiparametric",TRUE,""
"asymmetric_mixture",0.3,19,761001439,"OLS",TRUE,""
"asymmetric_mixture",0.3,19,761001439,"Semiparametric",TRUE,""
"gaussian",-0.3,20,1483148757,"OLS",TRUE,""
"gaussian",-0.3,20,1483148757,"Semiparametric",TRUE,""
"asymmetric_mixture",-0.3,20,958155522,"OLS",TRUE,""
"asymmetric_mixture",-0.3,20,958155522,"Semiparametric",TRUE,""
"gaussian",0,20,1596086695,"OLS",TRUE,""
"gaussian",0,20,1596086695,"Semiparametric",TRUE,""
"asymmetric_mixture",0,20,650831486,"OLS",TRUE,""
"asymmetric_mixture",0,20,650831486,"Semiparametric",TRUE,""
"gaussian",0.3,20,1360572704,"OLS",TRUE,""
"gaussian",0.3,20,1360572704,"Semiparametric",TRUE,""
"asymmetric_mixture",0.3,20,297767979,"OLS",TRUE,""
"asymmetric_mixture",0.3,20,297767979,"Semiparametric",TRUE,""
"gaussian",-0.3,21,1263284916,"OLS",TRUE,""
"gaussian",-0.3,21,1263284916,"Semiparametric",TRUE,""
"asymmetric_mixture",-0.3,21,1093625289,"OLS",TRUE,""
"asymmetric_mixture",-0.3,21,1093625289,"Semiparametric",TRUE,""
"gaussian",0,21,8579367,"OLS",TRUE,""
"gaussian",0,21,8579367,"Semiparametric",TRUE,""
"asymmetric_mixture",0,21,872133262,"OLS",TRUE,""
"asymmetric_mixture",0,21,872133262,"Semiparametric",TRUE,""
"gaussian",0.3,21,1973056142,"OLS",TRUE,""
"gaussian",0.3,21,1973056142,"Semiparametric",TRUE,""
"asymmetric_mixture",0.3,21,31688895,"OLS",TRUE,""
"asymmetric_mixture",0.3,21,31688895,"Semiparametric",TRUE,""
"gaussian",-0.3,22,1380400351,"OLS",TRUE,""
"gaussian",-0.3,22,1380400351,"Semiparametric",TRUE,""
"asymmetric_mixture",-0.3,22,720117302,"OLS",TRUE,""
"asymmetric_mixture",-0.3,22,720117302,"Semiparametric",TRUE,""
"gaussian",0,22,1160163911,"OLS",TRUE,""
"gaussian",0,22,1160163911,"Semiparametric",TRUE,""
"asymmetric_mixture",0,22,1204557189,"OLS",TRUE,""
"asymmetric_mixture",0,22,1204557189,"Semiparametric",TRUE,""
"gaussian",0.3,22,1362624443,"OLS",TRUE,""
"gaussian",0.3,22,1362624443,"Semiparametric",TRUE,""
"asymmetric_mixture",0.3,22,149901484,"OLS",TRUE,""
"asymmetric_mixture",0.3,22,149901484,"Semiparametric",TRUE,""
"gaussian",-0.3,23,933291276,"OLS",TRUE,""
"gaussian",-0.3,23,933291276,"Semiparametric",TRUE,""
"asymmetric_mixture",-0.3,23,542078654,"OLS",TRUE,""
"asymmetric_mixture",-0.3,23,542078654,"Semiparametric",TRUE,""
"gaussian",0,23,883950349,"OLS",TRUE,""
"gaussian",0,23,883950349,"Semiparametric",TRUE,""
"asymmetric_mixture",0,23,585771303,"OLS",TRUE,""
"asymmetric_mixture",0,23,585771303,"Semiparametric",TRUE,""
"gaussian",0.3,23,1765727678,"OLS",TRUE,""
"gaussian",0.3,23,1765727678,"Semiparametric",TRUE,""
"asymmetric_mixture",0.3,23,1204685701,"OLS",TRUE,""
"asymmetric_mixture",0.3,23,1204685701,"Semiparametric",TRUE,""
"gaussian",-0.3,24,1578063513,"OLS",TRUE,""
"gaussian",-0.3,24,1578063513,"Semiparametric",TRUE,""
"asymmetric_mixture",-0.3,24,1835633479,"OLS",TRUE,""
"asymmetric_mixture",-0.3,24,1835633479,"Semiparametric",TRUE,""
"gaussian",0,24,377627886,"OLS",TRUE,""
"gaussian",0,24,377627886,"Semiparametric",TRUE,""
"asymmetric_mixture",0,24,308639818,"OLS",TRUE,""
"asymmetric_mixture",0,24,308639818,"Semiparametric",TRUE,""
"gaussian",0.3,24,1718378552,"OLS",TRUE,""
"gaussian",0.3,24,1718378552,"Semiparametric",TRUE,""
"asymmetric_mixture",0.3,24,918198134,"OLS",TRUE,""
"asymmetric_mixture",0.3,24,918198134,"Semiparametric",TRUE,""
"gaussian",-0.3,25,1789665746,"OLS",TRUE,""
"gaussian",-0.3,25,1789665746,"Semiparametric",TRUE,""
"asymmetric_mixture",-0.3,25,386235322,"OLS",TRUE,""
"asymmetric_mixture",-0.3,25,386235322,"Semiparametric",TRUE,""
"gaussian",0,25,1288697697,"OLS",TRUE,""
"gaussian",0,25,1288697697,"Semiparametric",TRUE,""
"asymmetric_mixture",0,25,796788862,"OLS",TRUE,""
"asymmetric_mixture",0,25,796788862,"Semiparametric",TRUE,""
"gaussian",0.3,25,104527990,"OLS",TRUE,""
"gaussian",0.3,25,104527990,"Semiparametric",TRUE,""
"asymmetric_mixture",0.3,25,1230608734,"OLS",TRUE,""
"asymmetric_mixture",0.3,25,1230608734,"Semiparametric",TRUE,""
"gaussian",-0.3,26,676211847,"OLS",TRUE,""
"gaussian",-0.3,26,676211847,"Semiparametric",TRUE,""
"asymmetric_mixture",-0.3,26,70933791,"OLS",TRUE,""
"asymmetric_mixture",-0.3,26,70933791,"Semiparametric",TRUE,""
"gaussian",0,26,1054649424,"OLS",TRUE,""
"gaussian",0,26,1054649424,"Semiparametric",TRUE,""
"asymmetric_mixture",0,26,1566266050,"OLS",TRUE,""
"asymmetric_mixture",0,26,1566266050,"Semiparametric",TRUE,""
"gaussian",0.3,26,1990981178,"OLS",TRUE,""
"gaussian",0.3,26,1990981178,"Semiparametric",TRUE,""
"asymmetric_mixture",0.3,26,1053914408,"OLS",TRUE,""
"asymmetric_mixture",0.3,26,1053914408,"Semiparametric",TRUE,""
"gaussian",-0.3,27,1138768431,"OLS",TRUE,""
"gaussian",-0.3,27,1138768431,"Semiparametric",TRUE,""
"asymmetric_mixture",-0.3,27,1986117319,"OLS",TRUE,""
"asymmetric_mixture",-0.3,27,1986117319,"Semiparametric",TRUE,""
"gaussian",0,27,590494403,"OLS",TRUE,""
"gaussian",0,27,590494403,"Semiparametric",TRUE,""
"asymmetric_mixture",0,27,283114265,"OLS",TRUE,""
"asymmetric_mixture",0,27,283114265,"Semiparametric",TRUE,""
"gaussian",0.3,27,1533809443,"OLS",TRUE,""
"gaussian",0.3,27,1533809443,"Semiparametric",TRUE,""
"asymmetric_mixture",0.3,27,1241138871,"OLS",TRUE,""
"asymmetric_mixture",0.3,27,1241138871,"Semiparametric",TRUE,""
"gaussian",-0.3,28,1113660148,"OLS",TRUE,""
"gaussian",-0.3,28,1113660148,"Semiparametric",TRUE,""
"asymmetric_mixture",-0.3,28,1547671500,"OLS",TRUE,""
"asymmetric_mixture",-0.3,28,1547671500,"Semiparametric",TRUE,""
"gaussian",0,28,1363550218,"OLS",TRUE,""
"gaussian",0,28,1363550218,"Semiparametric",TRUE,""
"asymmetric_mixture",0,28,1725474014,"OLS",TRUE,""
"asymmetric_mixture",0,28,1725474014,"Semiparametric",TRUE,""
"gaussian",0.3,28,1112109305,"OLS",TRUE,""
"gaussian",0.3,28,1112109305,"Semiparametric",TRUE,""
"asymmetric_mixture",0.3,28,406972647,"OLS",TRUE,""
"asymmetric_mixture",0.3,28,406972647,"Semiparametric",TRUE,""
"gaussian",-0.3,29,1003528090,"OLS",TRUE,""
"gaussian",-0.3,29,1003528090,"Semiparametric",TRUE,""
"asymmetric_mixture",-0.3,29,801798147,"OLS",TRUE,""
"asymmetric_mixture",-0.3,29,801798147,"Semiparametric",TRUE,""
"gaussian",0,29,918474100,"OLS",TRUE,""
"gaussian",0,29,918474100,"Semiparametric",TRUE,""
"asymmetric_mixture",0,29,1051608952,"OLS",TRUE,""
"asymmetric_mixture",0,29,1051608952,"Semiparametric",TRUE,""
"gaussian",0.3,29,187847753,"OLS",TRUE,""
"gaussian",0.3,29,187847753,"Semiparametric",TRUE,""
"asymmetric_mixture",0.3,29,977886352,"OLS",TRUE,""
"asymmetric_mixture",0.3,29,977886352,"Semiparametric",TRUE,""
"gaussian",-0.3,30,630751280,"OLS",TRUE,""
"gaussian",-0.3,30,630751280,"Semiparametric",TRUE,""
"asymmetric_mixture",-0.3,30,570832221,"OLS",TRUE,""
"asymmetric_mixture",-0.3,30,570832221,"Semiparametric",TRUE,""
"gaussian",0,30,1261584493,"OLS",TRUE,""
"gaussian",0,30,1261584493,"Semiparametric",TRUE,""
"asymmetric_mixture",0,30,1631274724,"OLS",TRUE,""
"asymmetric_mixture",0,30,1631274724,"Semiparametric",TRUE,""
"gaussian",0.3,30,924543777,"OLS",TRUE,""
"gaussian",0.3,30,924543777,"Semiparametric",TRUE,""
"asymmetric_mixture",0.3,30,193742411,"OLS",TRUE,""
"asymmetric_mixture",0.3,30,193742411,"Semiparametric",TRUE,""
"gaussian",-0.3,31,167813254,"OLS",TRUE,""
"gaussian",-0.3,31,167813254,"Semiparametric",TRUE,""
"asymmetric_mixture",-0.3,31,273008874,"OLS",TRUE,""
"asymmetric_mixture",-0.3,31,273008874,"Semiparametric",TRUE,""
"gaussian",0,31,503242643,"OLS",TRUE,""
"gaussian",0,31,503242643,"Semiparametric",TRUE,""
"asymmetric_mixture",0,31,1093017583,"OLS",TRUE,""
"asymmetric_mixture",0,31,1093017583,"Semiparametric",TRUE,""
"gaussian",0.3,31,1415669461,"OLS",TRUE,""
"gaussian",0.3,31,1415669461,"Semiparametric",TRUE,""
"asymmetric_mixture",0.3,31,1644426375,"OLS",TRUE,""
"asymmetric_mixture",0.3,31,1644426375,"Semiparametric",TRUE,""
"gaussian",-0.3,32,2104026942,"OLS",TRUE,""
"gaussian",-0.3,32,2104026942,"Semiparametric",TRUE,""
"asymmetric_mixture",-0.3,32,963534062,"OLS",TRUE,""
"asymmetric_mixture",-0.3,32,963534062,"Semiparametric",TRUE,""
"gaussian",0,32,1667404073,"OLS",TRUE,""
"gaussian",0,32,1667404073,"Semiparametric",TRUE,""
"asymmetric_mixture",0,32,750147270,"OLS",TRUE,""
"asymmetric_mixture",0,32,750147270,"Semiparametric",TRUE,""
"gaussian",0.3,32,1116896558,"OLS",TRUE,""
"gaussian",0.3,32,1116896558,"Semiparametric",TRUE,""
"asymmetric_mixture",0.3,32,1852953644,"OLS",TRUE,""
"asymmetric_mixture",0.3,32,1852953644,"Semiparametric",TRUE,""
"gaussian",-0.3,33,1814523460,"OLS",TRUE,""
"gaussian",-0.3,33,1814523460,"Semiparametric",TRUE,""
"asymmetric_mixture",-0.3,33,1527071497,"OLS",TRUE,""
"asymmetric_mixture",-0.3,33,1527071497,"Semiparametric",TRUE,""
"gaussian",0,33,524831597,"OLS",TRUE,""
"gaussian",0,33,524831597,"Semiparametric",TRUE,""
"asymmetric_mixture",0,33,1779908605,"OLS",TRUE,""
"asymmetric_mixture",0,33,1779908605,"Semiparametric",TRUE,""
"gaussian",0.3,33,1163141545,"OLS",TRUE,""
"gaussian",0.3,33,1163141545,"Semiparametric",TRUE,""
"asymmetric_mixture",0.3,33,1136045967,"OLS",TRUE,""
"asymmetric_mixture",0.3,33,1136045967,"Semiparametric",TRUE,""
"gaussian",-0.3,34,151153969,"OLS",TRUE,""
"gaussian",-0.3,34,151153969,"Semiparametric",TRUE,""
"asymmetric_mixture",-0.3,34,1974119966,"OLS",TRUE,""
"asymmetric_mixture",-0.3,34,1974119966,"Semiparametric",TRUE,""
"gaussian",0,34,1108271690,"OLS",TRUE,""
"gaussian",0,34,1108271690,"Semiparametric",TRUE,""
"asymmetric_mixture",0,34,2059326009,"OLS",TRUE,""
"asymmetric_mixture",0,34,2059326009,"Semiparametric",TRUE,""
"gaussian",0.3,34,1312267865,"OLS",TRUE,""
"gaussian",0.3,34,1312267865,"Semiparametric",TRUE,""
"asymmetric_mixture",0.3,34,1108695086,"OLS",TRUE,""
"asymmetric_mixture",0.3,34,1108695086,"Semiparametric",TRUE,""
"gaussian",-0.3,35,373266156,"OLS",TRUE,""
"gaussian",-0.3,35,373266156,"Semiparametric",TRUE,""
"asymmetric_mixture",-0.3,35,1656733343,"OLS",TRUE,""
"asymmetric_mixture",-0.3,35,1656733343,"Semiparametric",TRUE,""
"gaussian",0,35,358193438,"OLS",TRUE,""
"gaussian",0,35,358193438,"Semiparametric",TRUE,""
"asymmetric_mixture",0,35,1229725346,"OLS",TRUE,""
"asymmetric_mixture",0,35,1229725346,"Semiparametric",TRUE,""
"gaussian",0.3,35,85527796,"OLS",TRUE,""
"gaussian",0.3,35,85527796,"Semiparametric",TRUE,""
"asymmetric_mixture",0.3,35,136125711,"OLS",TRUE,""
"asymmetric_mixture",0.3,35,136125711,"Semiparametric",TRUE,""
"gaussian",-0.3,36,2115814037,"OLS",TRUE,""
"gaussian",-0.3,36,2115814037,"Semiparametric",TRUE,""
"asymmetric_mixture",-0.3,36,1004133988,"OLS",TRUE,""
"asymmetric_mixture",-0.3,36,1004133988,"Semiparametric",TRUE,""
"gaussian",0,36,339380982,"OLS",TRUE,""
"gaussian",0,36,339380982,"Semiparametric",TRUE,""
"asymmetric_mixture",0,36,905166879,"OLS",TRUE,""
"asymmetric_mixture",0,36,905166879,"Semiparametric",TRUE,""
"gaussian",0.3,36,1239823196,"OLS",TRUE,""
"gaussian",0.3,36,1239823196,"Semiparametric",TRUE,""
"asymmetric_mixture",0.3,36,1990978158,"OLS",TRUE,""
"asymmetric_mixture",0.3,36,1990978158,"Semiparametric",TRUE,""
"gaussian",-0.3,37,747381960,"OLS",TRUE,""
"gaussian",-0.3,37,747381960,"Semiparametric",TRUE,""
"asymmetric_mixture",-0.3,37,2012851495,"OLS",TRUE,""
"asymmetric_mixture",-0.3,37,2012851495,"Semiparametric",TRUE,""
"gaussian",0,37,1398022753,"OLS",TRUE,""
"gaussian",0,37,1398022753,"Semiparametric",TRUE,""
"asymmetric_mixture",0,37,531842968,"OLS",TRUE,""
"asymmetric_mixture",0,37,531842968,"Semiparametric",TRUE,""
"gaussian",0.3,37,207953429,"OLS",TRUE,""
"gaussian",0.3,37,207953429,"Semiparametric",TRUE,""
"asymmetric_mixture",0.3,37,752547588,"OLS",TRUE,""
"asymmetric_mixture",0.3,37,752547588,"Semiparametric",TRUE,""
"gaussian",-0.3,38,502534797,"OLS",TRUE,""
"gaussian",-0.3,38,502534797,"Semiparametric",TRUE,""
"asymmetric_mixture",-0.3,38,1098141805,"OLS",TRUE,""
"asymmetric_mixture",-0.3,38,1098141805,"Semiparametric",TRUE,""
"gaussian",0,38,661533905,"OLS",TRUE,""
"gaussian",0,38,661533905,"Semiparametric",TRUE,""
"asymmetric_mixture",0,38,1394739774,"OLS",TRUE,""
"asymmetric_mixture",0,38,1394739774,"Semiparametric",TRUE,""
"gaussian",0.3,38,1249819708,"OLS",TRUE,""
"gaussian",0.3,38,1249819708,"Semiparametric",TRUE,""
"asymmetric_mixture",0.3,38,1847297322,"OLS",TRUE,""
"asymmetric_mixture",0.3,38,1847297322,"Semiparametric",TRUE,""
"gaussian",-0.3,39,1541099810,"OLS",TRUE,""
"gaussian",-0.3,39,1541099810,"Semiparametric",TRUE,""
"asymmetric_mixture",-0.3,39,583171404,"OLS",TRUE,""
"asymmetric_mixture",-0.3,39,583171404,"Semiparametric",TRUE,""
"gaussian",0,39,427884578,"OLS",TRUE,""
"gaussian",0,39,427884578,"Semiparametric",TRUE,""
"asymmetric_mixture",0,39,433552246,"OLS",TRUE,""
"asymmetric_mixture",0,39,433552246,"Semiparametric",TRUE,""
"gaussian",0.3,39,1532986085,"OLS",TRUE,""
"gaussian",0.3,39,1532986085,"Semiparametric",TRUE,""
"asymmetric_mixture",0.3,39,319226358,"OLS",TRUE,""
"asymmetric_mixture",0.3,39,319226358,"Semiparametric",TRUE,""
"gaussian",-0.3,40,1680312400,"OLS",TRUE,""
"gaussian",-0.3,40,1680312400,"Semiparametric",TRUE,""
"asymmetric_mixture",-0.3,40,220836327,"OLS",TRUE,""
"asymmetric_mixture",-0.3,40,220836327,"Semiparametric",TRUE,""
"gaussian",0,40,1249933278,"OLS",TRUE,""
"gaussian",0,40,1249933278,"Semiparametric",TRUE,""
"asymmetric_mixture",0,40,1743817133,"OLS",TRUE,""
"asymmetric_mixture",0,40,1743817133,"Semiparametric",TRUE,""
"gaussian",0.3,40,762310072,"OLS",TRUE,""
"gaussian",0.3,40,762310072,"Semiparametric",TRUE,""
"asymmetric_mixture",0.3,40,138367359,"OLS",TRUE,""
"asymmetric_mixture",0.3,40,138367359,"Semiparametric",TRUE,""
"gaussian",-0.3,41,173789949,"OLS",TRUE,""
"gaussian",-0.3,41,173789949,"Semiparametric",TRUE,""
"asymmetric_mixture",-0.3,41,1061188132,"OLS",TRUE,""
"asymmetric_mixture",-0.3,41,1061188132,"Semiparametric",TRUE,""
"gaussian",0,41,521331586,"OLS",TRUE,""
"gaussian",0,41,521331586,"Semiparametric",TRUE,""
"asymmetric_mixture",0,41,2104117203,"OLS",TRUE,""
"asymmetric_mixture",0,41,2104117203,"Semiparametric",TRUE,""
"gaussian",0.3,41,394754435,"OLS",TRUE,""
"gaussian",0.3,41,394754435,"Semiparametric",TRUE,""
"asymmetric_mixture",0.3,41,650817966,"OLS",TRUE,""
"asymmetric_mixture",0.3,41,650817966,"Semiparametric",TRUE,""
"gaussian",-0.3,42,400322555,"OLS",TRUE,""
"gaussian",-0.3,42,400322555,"Semiparametric",TRUE,""
"asymmetric_mixture",-0.3,42,1701910458,"OLS",TRUE,""
"asymmetric_mixture",-0.3,42,1701910458,"Semiparametric",TRUE,""
"gaussian",0,42,650867787,"OLS",TRUE,""
"gaussian",0,42,650867787,"Semiparametric",TRUE,""
"asymmetric_mixture",0,42,1904831107,"OLS",TRUE,""
"asymmetric_mixture",0,42,1904831107,"Semiparametric",TRUE,""
"gaussian",0.3,42,1717063895,"OLS",TRUE,""
"gaussian",0.3,42,1717063895,"Semiparametric",TRUE,""
"asymmetric_mixture",0.3,42,766984914,"OLS",TRUE,""
"asymmetric_mixture",0.3,42,766984914,"Semiparametric",TRUE,""
"gaussian",-0.3,43,2145885002,"OLS",TRUE,""
"gaussian",-0.3,43,2145885002,"Semiparametric",TRUE,""
"asymmetric_mixture",-0.3,43,1859635420,"OLS",TRUE,""
"asymmetric_mixture",-0.3,43,1859635420,"Semiparametric",TRUE,""
"gaussian",0,43,1190871236,"OLS",TRUE,""
"gaussian",0,43,1190871236,"Semiparametric",TRUE,""
"asymmetric_mixture",0,43,834689412,"OLS",TRUE,""
"asymmetric_mixture",0,43,834689412,"Semiparametric",TRUE,""
"gaussian",0.3,43,259296875,"OLS",TRUE,""
"gaussian",0.3,43,259296875,"Semiparametric",TRUE,""
"asymmetric_mixture",0.3,43,1577303211,"OLS",TRUE,""
"asymmetric_mixture",0.3,43,1577303211,"Semiparametric",TRUE,""
"gaussian",-0.3,44,1358325285,"OLS",TRUE,""
"gaussian",-0.3,44,1358325285,"Semiparametric",TRUE,""
"asymmetric_mixture",-0.3,44,1468997504,"OLS",TRUE,""
"asymmetric_mixture",-0.3,44,1468997504,"Semiparametric",TRUE,""
"gaussian",0,44,1704649349,"OLS",TRUE,""
"gaussian",0,44,1704649349,"Semiparametric",TRUE,""
"asymmetric_mixture",0,44,2083076311,"OLS",TRUE,""
"asymmetric_mixture",0,44,2083076311,"Semiparametric",TRUE,""
"gaussian",0.3,44,1452983334,"OLS",TRUE,""
"gaussian",0.3,44,1452983334,"Semiparametric",TRUE,""
"asymmetric_mixture",0.3,44,642296795,"OLS",TRUE,""
"asymmetric_mixture",0.3,44,642296795,"Semiparametric",TRUE,""
"gaussian",-0.3,45,301849224,"OLS",TRUE,""
"gaussian",-0.3,45,301849224,"Semiparametric",TRUE,""
"asymmetric_mixture",-0.3,45,457996077,"OLS",TRUE,""
"asymmetric_mixture",-0.3,45,457996077,"Semiparametric",TRUE,""
"gaussian",0,45,501727965,"OLS",TRUE,""
"gaussian",0,45,501727965,"Semiparametric",TRUE,""
"asymmetric_mixture",0,45,1567995866,"OLS",TRUE,""
"asymmetric_mixture",0,45,1567995866,"Semiparametric",TRUE,""
"gaussian",0.3,45,2114705686,"OLS",TRUE,""
"gaussian",0.3,45,2114705686,"Semiparametric",TRUE,""
"asymmetric_mixture",0.3,45,613938075,"OLS",TRUE,""
"asymmetric_mixture",0.3,45,613938075,"Semiparametric",TRUE,""
"gaussian",-0.3,46,1098394517,"OLS",TRUE,""
"gaussian",-0.3,46,1098394517,"Semiparametric",TRUE,""
"asymmetric_mixture",-0.3,46,30366010,"OLS",TRUE,""
"asymmetric_mixture",-0.3,46,30366010,"Semiparametric",TRUE,""
"gaussian",0,46,1039191191,"OLS",TRUE,""
"gaussian",0,46,1039191191,"Semiparametric",TRUE,""
"asymmetric_mixture",0,46,1291391852,"OLS",TRUE,""
"asymmetric_mixture",0,46,1291391852,"Semiparametric",TRUE,""
"gaussian",0.3,46,717461617,"OLS",TRUE,""
"gaussian",0.3,46,717461617,"Semiparametric",TRUE,""
"asymmetric_mixture",0.3,46,922505146,"OLS",TRUE,""
"asymmetric_mixture",0.3,46,922505146,"Semiparametric",TRUE,""
"gaussian",-0.3,47,447220116,"OLS",TRUE,""
"gaussian",-0.3,47,447220116,"Semiparametric",TRUE,""
"asymmetric_mixture",-0.3,47,1254659188,"OLS",TRUE,""
"asymmetric_mixture",-0.3,47,1254659188,"Semiparametric",TRUE,""
"gaussian",0,47,209518238,"OLS",TRUE,""
"gaussian",0,47,209518238,"Semiparametric",TRUE,""
"asymmetric_mixture",0,47,190077535,"OLS",TRUE,""
"asymmetric_mixture",0,47,190077535,"Semiparametric",TRUE,""
"gaussian",0.3,47,1111874721,"OLS",TRUE,""
"gaussian",0.3,47,1111874721,"Semiparametric",TRUE,""
"asymmetric_mixture",0.3,47,2055299474,"OLS",TRUE,""
"asymmetric_mixture",0.3,47,2055299474,"Semiparametric",TRUE,""
"gaussian",-0.3,48,837008596,"OLS",TRUE,""
"gaussian",-0.3,48,837008596,"Semiparametric",TRUE,""
"asymmetric_mixture",-0.3,48,1540708284,"OLS",TRUE,""
"asymmetric_mixture",-0.3,48,1540708284,"Semiparametric",TRUE,""
"gaussian",0,48,1697705516,"OLS",TRUE,""
"gaussian",0,48,1697705516,"Semiparametric",TRUE,""
"asymmetric_mixture",0,48,1191128343,"OLS",TRUE,""
"asymmetric_mixture",0,48,1191128343,"Semiparametric",TRUE,""
"gaussian",0.3,48,1639635991,"OLS",TRUE,""
"gaussian",0.3,48,1639635991,"Semiparametric",TRUE,""
"asymmetric_mixture",0.3,48,108978288,"OLS",TRUE,""
"asymmetric_mixture",0.3,48,108978288,"Semiparametric",TRUE,""
"gaussian",-0.3,49,2025654180,"OLS",TRUE,""
"gaussian",-0.3,49,2025654180,"Semiparametric",TRUE,""
"asymmetric_mixture",-0.3,49,870754889,"OLS",TRUE,""
"asymmetric_mixture",-0.3,49,870754889,"Semiparametric",TRUE,""
"gaussian",0,49,688566879,"OLS",TRUE,""
"gaussian",0,49,688566879,"Semiparametric",TRUE,""
"asymmetric_mixture",0,49,1543647874,"OLS",TRUE,""
"asymmetric_mixture",0,49,1543647874,"Semiparametric",TRUE,""
"gaussian",0.3,49,289186769,"OLS",TRUE,""
"gaussian",0.3,49,289186769,"Semiparametric",TRUE,""
"asymmetric_mixture",0.3,49,1236805065,"OLS",TRUE,""
"asymmetric_mixture",0.3,49,1236805065,"Semiparametric",TRUE,""
"gaussian",-0.3,50,623316899,"OLS",TRUE,""
"gaussian",-0.3,50,623316899,"Semiparametric",TRUE,""
"asymmetric_mixture",-0.3,50,1247863368,"OLS",TRUE,""
"asymmetric_mixture",-0.3,50,1247863368,"Semiparametric",TRUE,""
"gaussian",0,50,457140941,"OLS",TRUE,""
"gaussian",0,50,457140941,"Semiparametric",TRUE,""
"asymmetric_mixture",0,50,1641610082,"OLS",TRUE,""
"asymmetric_mixture",0,50,1641610082,"Semiparametric",TRUE,""
"gaussian",0.3,50,1058219472,"OLS",TRUE,""
"gaussian",0.3,50,1058219472,"Semiparametric",TRUE,""
"asymmetric_mixture",0.3,50,1079360536,"OLS",TRUE,""
"asymmetric_mixture",0.3,50,1079360536,"Semiparametric",TRUE,""
"gaussian",-0.3,51,1837270168,"OLS",TRUE,""
"gaussian",-0.3,51,1837270168,"Semiparametric",TRUE,""
"asymmetric_mixture",-0.3,51,526465484,"OLS",TRUE,""
"asymmetric_mixture",-0.3,51,526465484,"Semiparametric",TRUE,""
"gaussian",0,51,2131933511,"OLS",TRUE,""
"gaussian",0,51,2131933511,"Semiparametric",TRUE,""
"asymmetric_mixture",0,51,671365440,"OLS",TRUE,""
"asymmetric_mixture",0,51,671365440,"Semiparametric",TRUE,""
"gaussian",0.3,51,995234171,"OLS",TRUE,""
"gaussian",0.3,51,995234171,"Semiparametric",TRUE,""
"asymmetric_mixture",0.3,51,746698101,"OLS",TRUE,""
"asymmetric_mixture",0.3,51,746698101,"Semiparametric",TRUE,""
"gaussian",-0.3,52,1449705501,"OLS",TRUE,""
"gaussian",-0.3,52,1449705501,"Semiparametric",TRUE,""
"asymmetric_mixture",-0.3,52,1108111483,"OLS",TRUE,""
"asymmetric_mixture",-0.3,52,1108111483,"Semiparametric",TRUE,""
"gaussian",0,52,601628256,"OLS",TRUE,""
"gaussian",0,52,601628256,"Semiparametric",TRUE,""
"asymmetric_mixture",0,52,2022458923,"OLS",TRUE,""
"asymmetric_mixture",0,52,2022458923,"Semiparametric",TRUE,""
"gaussian",0.3,52,1116701809,"OLS",TRUE,""
"gaussian",0.3,52,1116701809,"Semiparametric",TRUE,""
"asymmetric_mixture",0.3,52,2100403855,"OLS",TRUE,""
"asymmetric_mixture",0.3,52,2100403855,"Semiparametric",TRUE,""
"gaussian",-0.3,53,1759195917,"OLS",TRUE,""
"gaussian",-0.3,53,1759195917,"Semiparametric",TRUE,""
"asymmetric_mixture",-0.3,53,140288902,"OLS",TRUE,""
"asymmetric_mixture",-0.3,53,140288902,"Semiparametric",TRUE,""
"gaussian",0,53,1521512059,"OLS",TRUE,""
"gaussian",0,53,1521512059,"Semiparametric",TRUE,""
"asymmetric_mixture",0,53,1939201848,"OLS",TRUE,""
"asymmetric_mixture",0,53,1939201848,"Semiparametric",TRUE,""
"gaussian",0.3,53,520936777,"OLS",TRUE,""
"gaussian",0.3,53,520936777,"Semiparametric",TRUE,""
"asymmetric_mixture",0.3,53,1237906825,"OLS",TRUE,""
"asymmetric_mixture",0.3,53,1237906825,"Semiparametric",TRUE,""
"gaussian",-0.3,54,1009952968,"OLS",TRUE,""
"gaussian",-0.3,54,1009952968,"Semiparametric",TRUE,""
"asymmetric_mixture",-0.3,54,659204101,"OLS",TRUE,""
"asymmetric_mixture",-0.3,54,659204101,"Semiparametric",TRUE,""
"gaussian",0,54,1509348721,"OLS",TRUE,""
"gaussian",0,54,1509348721,"Semiparametric",TRUE,""
"asymmetric_mixture",0,54,1149877345,"OLS",TRUE,""
"asymmetric_mixture",0,54,1149877345,"Semiparametric",TRUE,""
"gaussian",0.3,54,1285545143,"OLS",TRUE,""
"gaussian",0.3,54,1285545143,"Semiparametric",TRUE,""
"asymmetric_mixture",0.3,54,24138576,"OLS",TRUE,""
"asymmetric_mixture",0.3,54,24138576,"Semiparametric",TRUE,""
"gaussian",-0.3,55,309061836,"OLS",TRUE,""
"gaussian",-0.3,55,309061836,"Semiparametric",TRUE,""
"asymmetric_mixture",-0.3,55,1366667915,"OLS",TRUE,""
"asymmetric_mixture",-0.3,55,1366667915,"Semiparametric",TRUE,""
"gaussian",0,55,1345163861,"OLS",TRUE,""
"gaussian",0,55,1345163861,"Semiparametric",TRUE,""
"asymmetric_mixture",0,55,545826132,"OLS",TRUE,""
"asymmetric_mixture",0,55,545826132,"Semiparametric",TRUE,""
"gaussian",0.3,55,1701806798,"OLS",TRUE,""
"gaussian",0.3,55,1701806798,"Semiparametric",TRUE,""
"asymmetric_mixture",0.3,55,1914895036,"OLS",TRUE,""
"asymmetric_mixture",0.3,55,1914895036,"Semiparametric",TRUE,""
"gaussian",-0.3,56,1326191251,"OLS",TRUE,""
"gaussian",-0.3,56,1326191251,"Semiparametric",TRUE,""
"asymmetric_mixture",-0.3,56,1120912639,"OLS",TRUE,""
"asymmetric_mixture",-0.3,56,1120912639,"Semiparametric",TRUE,""
"gaussian",0,56,1680133000,"OLS",TRUE,""
"gaussian",0,56,1680133000,"Semiparametric",TRUE,""
"asymmetric_mixture",0,56,1585073889,"OLS",TRUE,""
"asymmetric_mixture",0,56,1585073889,"Semiparametric",TRUE,""
"gaussian",0.3,56,1417591084,"OLS",TRUE,""
"gaussian",0.3,56,1417591084,"Semiparametric",TRUE,""
"asymmetric_mixture",0.3,56,838728366,"OLS",TRUE,""
"asymmetric_mixture",0.3,56,838728366,"Semiparametric",TRUE,""
"gaussian",-0.3,57,766439583,"OLS",TRUE,""
"gaussian",-0.3,57,766439583,"Semiparametric",TRUE,""
"asymmetric_mixture",-0.3,57,1287828811,"OLS",TRUE,""
"asymmetric_mixture",-0.3,57,1287828811,"Semiparametric",TRUE,""
"gaussian",0,57,477005276,"OLS",TRUE,""
"gaussian",0,57,477005276,"Semiparametric",TRUE,""
"asymmetric_mixture",0,57,658464039,"OLS",TRUE,""
"asymmetric_mixture",0,57,658464039,"Semiparametric",TRUE,""
"gaussian",0.3,57,77004014,"OLS",TRUE,""
"gaussian",0.3,57,77004014,"Semiparametric",TRUE,""
"asymmetric_mixture",0.3,57,185252143,"OLS",TRUE,""
"asymmetric_mixture",0.3,57,185252143,"Semiparametric",TRUE,""
"gaussian",-0.3,58,95389265,"OLS",TRUE,""
"gaussian",-0.3,58,95389265,"Semiparametric",TRUE,""
"asymmetric_mixture",-0.3,58,1814405729,"OLS",TRUE,""
"asymmetric_mixture",-0.3,58,1814405729,"Semiparametric",TRUE,""
"gaussian",0,58,1966865995,"OLS",TRUE,""
"gaussian",0,58,1966865995,"Semiparametric",TRUE,""
"asymmetric_mixture",0,58,2009471559,"OLS",TRUE,""
"asymmetric_mixture",0,58,2009471559,"Semiparametric",TRUE,""
"gaussian",0.3,58,458349405,"OLS",TRUE,""
"gaussian",0.3,58,458349405,"Semiparametric",TRUE,""
"asymmetric_mixture",0.3,58,1158841890,"OLS",TRUE,""
"asymmetric_mixture",0.3,58,1158841890,"Semiparametric",TRUE,""
"gaussian",-0.3,59,2084737342,"OLS",TRUE,""
"gaussian",-0.3,59,2084737342,"Semiparametric",TRUE,""
"asymmetric_mixture",-0.3,59,407932716,"OLS",TRUE,""
"asymmetric_mixture",-0.3,59,407932716,"Semiparametric",TRUE,""
"gaussian",0,59,965471606,"OLS",TRUE,""
"gaussian",0,59,965471606,"Semiparametric",TRUE,""
"asymmetric_mixture",0,59,1787111130,"OLS",TRUE,""
"asymmetric_mixture",0,59,1787111130,"Semiparametric",TRUE,""
"gaussian",0.3,59,842924988,"OLS",TRUE,""
"gaussian",0.3,59,842924988,"Semiparametric",TRUE,""
"asymmetric_mixture",0.3,59,155877225,"OLS",TRUE,""
"asymmetric_mixture",0.3,59,155877225,"Semiparametric",TRUE,""
"gaussian",-0.3,60,592441719,"OLS",TRUE,""
"gaussian",-0.3,60,592441719,"Semiparametric",TRUE,""
"asymmetric_mixture",-0.3,60,824988434,"OLS",TRUE,""
"asymmetric_mixture",-0.3,60,824988434,"Semiparametric",TRUE,""
"gaussian",0,60,53245125,"OLS",TRUE,""
"gaussian",0,60,53245125,"Semiparametric",TRUE,""
"asymmetric_mixture",0,60,366236885,"OLS",TRUE,""
"asymmetric_mixture",0,60,366236885,"Semiparametric",TRUE,""
"gaussian",0.3,60,1217259814,"OLS",TRUE,""
"gaussian",0.3,60,1217259814,"Semiparametric",TRUE,""
"asymmetric_mixture",0.3,60,1339060369,"OLS",TRUE,""
"asymmetric_mixture",0.3,60,1339060369,"Semiparametric",TRUE,""
"gaussian",-0.3,61,1094286747,"OLS",TRUE,""
"gaussian",-0.3,61,1094286747,"Semiparametric",TRUE,""
"asymmetric_mixture",-0.3,61,2127766228,"OLS",TRUE,""
"asymmetric_mixture",-0.3,61,2127766228,"Semiparametric",TRUE,""
"gaussian",0,61,258309983,"OLS",TRUE,""
"gaussian",0,61,258309983,"Semiparametric",TRUE,""
"asymmetric_mixture",0,61,1560938365,"OLS",TRUE,""
"asymmetric_mixture",0,61,1560938365,"Semiparametric",TRUE,""
"gaussian",0.3,61,87208174,"OLS",TRUE,""
"gaussian",0.3,61,87208174,"Semiparametric",TRUE,""
"asymmetric_mixture",0.3,61,1605800448,"OLS",TRUE,""
"asymmetric_mixture",0.3,61,1605800448,"Semiparametric",TRUE,""
"gaussian",-0.3,62,862744199,"OLS",TRUE,""
"gaussian",-0.3,62,862744199,"Semiparametric",TRUE,""
"asymmetric_mixture",-0.3,62,971761687,"OLS",TRUE,""
"asymmetric_mixture",-0.3,62,971761687,"Semiparametric",TRUE,""
"gaussian",0,62,660909389,"OLS",TRUE,""
"gaussian",0,62,660909389,"Semiparametric",TRUE,""
"asymmetric_mixture",0,62,781993400,"OLS",TRUE,""
"asymmetric_mixture",0,62,781993400,"Semiparametric",TRUE,""
"gaussian",0.3,62,659060066,"OLS",TRUE,""
"gaussian",0.3,62,659060066,"Semiparametric",TRUE,""
"asymmetric_mixture",0.3,62,66258963,"OLS",TRUE,""
"asymmetric_mixture",0.3,62,66258963,"Semiparametric",TRUE,""
"gaussian",-0.3,63,1527717464,"OLS",TRUE,""
"gaussian",-0.3,63,1527717464,"Semiparametric",TRUE,""
"asymmetric_mixture",-0.3,63,1378318618,"OLS",TRUE,""
"asymmetric_mixture",-0.3,63,1378318618,"Semiparametric",TRUE,""
"gaussian",0,63,1296968113,"OLS",TRUE,""
"gaussian",0,63,1296968113,"Semiparametric",TRUE,""
"asymmetric_mixture",0,63,1496843511,"OLS",TRUE,""
"asymmetric_mixture",0,63,1496843511,"Semiparametric",TRUE,""
"gaussian",0.3,63,1212806038,"OLS",TRUE,""
"gaussian",0.3,63,1212806038,"Semiparametric",TRUE,""
"asymmetric_mixture",0.3,63,376896183,"OLS",TRUE,""
"asymmetric_mixture",0.3,63,376896183,"Semiparametric",TRUE,""
"gaussian",-0.3,64,350372126,"OLS",TRUE,""
"gaussian",-0.3,64,350372126,"Semiparametric",TRUE,""
"asymmetric_mixture",-0.3,64,678790574,"OLS",TRUE,""
"asymmetric_mixture",-0.3,64,678790574,"Semiparametric",TRUE,""
"gaussian",0,64,787232868,"OLS",TRUE,""
"gaussian",0,64,787232868,"Semiparametric",TRUE,""
"asymmetric_mixture",0,64,356088279,"OLS",TRUE,""
"asymmetric_mixture",0,64,356088279,"Semiparametric",TRUE,""
"gaussian",0.3,64,607675579,"OLS",TRUE,""
"gaussian",0.3,64,607675579,"Semiparametric",TRUE,""
"asymmetric_mixture",0.3,64,2030803142,"OLS",TRUE,""
"asymmetric_mixture",0.3,64,2030803142,"Semiparametric",TRUE,""
"gaussian",-0.3,65,998987531,"OLS",TRUE,""
"gaussian",-0.3,65,998987531,"Semiparametric",TRUE,""
"asymmetric_mixture",-0.3,65,1727434814,"OLS",TRUE,""
"asymmetric_mixture",-0.3,65,1727434814,"Semiparametric",TRUE,""
"gaussian",0,65,2062290371,"OLS",TRUE,""
"gaussian",0,65,2062290371,"Semiparametric",TRUE,""
"asymmetric_mixture",0,65,1900264672,"OLS",TRUE,""
"asymmetric_mixture",0,65,1900264672,"Semiparametric",TRUE,""
"gaussian",0.3,65,277471258,"OLS",TRUE,""
"gaussian",0.3,65,277471258,"Semiparametric",TRUE,""
"asymmetric_mixture",0.3,65,536742457,"OLS",TRUE,""
"asymmetric_mixture",0.3,65,536742457,"Semiparametric",TRUE,""
"gaussian",-0.3,66,506685391,"OLS",TRUE,""
"gaussian",-0.3,66,506685391,"Semiparametric",TRUE,""
"asymmetric_mixture",-0.3,66,1625094582,"OLS",TRUE,""
"asymmetric_mixture",-0.3,66,1625094582,"Semiparametric",TRUE,""
"gaussian",0,66,1840537209,"OLS",TRUE,""
"gaussian",0,66,1840537209,"Semiparametric",TRUE,""
"asymmetric_mixture",0,66,790071754,"OLS",TRUE,""
"asymmetric_mixture",0,66,790071754,"Semiparametric",TRUE,""
"gaussian",0.3,66,2053515078,"OLS",TRUE,""
"gaussian",0.3,66,2053515078,"Semiparametric",TRUE,""
"asymmetric_mixture",0.3,66,927093966,"OLS",TRUE,""
"asymmetric_mixture",0.3,66,927093966,"Semiparametric",TRUE,""
"gaussian",-0.3,67,2061218944,"OLS",TRUE,""
"gaussian",-0.3,67,2061218944,"Semiparametric",TRUE,""
"asymmetric_mixture",-0.3,67,450374701,"OLS",TRUE,""
"asymmetric_mixture",-0.3,67,450374701,"Semiparametric",TRUE,""
"gaussian",0,67,947536827,"OLS",TRUE,""
"gaussian",0,67,947536827,"Semiparametric",TRUE,""
"asymmetric_mixture",0,67,279118316,"OLS",TRUE,""
"asymmetric_mixture",0,67,279118316,"Semiparametric",TRUE,""
"gaussian",0.3,67,329662976,"OLS",TRUE,""
"gaussian",0.3,67,329662976,"Semiparametric",TRUE,""
"asymmetric_mixture",0.3,67,1490369640,"OLS",TRUE,""
"asymmetric_mixture",0.3,67,1490369640,"Semiparametric",TRUE,""
"gaussian",-0.3,68,691063449,"OLS",TRUE,""
"gaussian",-0.3,68,691063449,"Semiparametric",TRUE,""
"asymmetric_mixture",-0.3,68,334189334,"OLS",TRUE,""
"asymmetric_mixture",-0.3,68,334189334,"Semiparametric",TRUE,""
"gaussian",0,68,942722544,"OLS",TRUE,""
"gaussian",0,68,942722544,"Semiparametric",TRUE,""
"asymmetric_mixture",0,68,1960767496,"OLS",TRUE,""
"asymmetric_mixture",0,68,1960767496,"Semiparametric",TRUE,""
"gaussian",0.3,68,303252810,"OLS",TRUE,""
"gaussian",0.3,68,303252810,"Semiparametric",TRUE,""
"asymmetric_mixture",0.3,68,2049296639,"OLS",TRUE,""
"asymmetric_mixture",0.3,68,2049296639,"Semiparametric",TRUE,""
"gaussian",-0.3,69,556103320,"OLS",TRUE,""
"gaussian",-0.3,69,556103320,"Semiparametric",TRUE,""
"asymmetric_mixture",-0.3,69,2092324857,"OLS",TRUE,""
"asymmetric_mixture",-0.3,69,2092324857,"Semiparametric",TRUE,""
"gaussian",0,69,118096234,"OLS",TRUE,""
"gaussian",0,69,118096234,"Semiparametric",TRUE,""
"asymmetric_mixture",0,69,2097491289,"OLS",TRUE,""
"asymmetric_mixture",0,69,2097491289,"Semiparametric",TRUE,""
"gaussian",0.3,69,730740299,"OLS",TRUE,""
"gaussian",0.3,69,730740299,"Semiparametric",TRUE,""
"asymmetric_mixture",0.3,69,1305518077,"OLS",TRUE,""
"asymmetric_mixture",0.3,69,1305518077,"Semiparametric",TRUE,""
"gaussian",-0.3,70,1351479201,"OLS",TRUE,""
"gaussian",-0.3,70,1351479201,"Semiparametric",TRUE,""
"asymmetric_mixture",-0.3,70,138572049,"OLS",TRUE,""
"asymmetric_mixture",-0.3,70,138572049,"Semiparametric",TRUE,""
"gaussian",0,70,528460494,"OLS",TRUE,""
"gaussian",0,70,528460494,"Semiparametric",TRUE,""
"asymmetric_mixture",0,70,74359582,"OLS",TRUE,""
"asymmetric_mixture",0,70,74359582,"Semiparametric",TRUE,""
"gaussian",0.3,70,311414926,"OLS",TRUE,""
"gaussian",0.3,70,311414926,"Semiparametric",TRUE,""
"asymmetric_mixture",0.3,70,1876724646,"OLS",TRUE,""
"asymmetric_mixture",0.3,70,1876724646,"Semiparametric",TRUE,""
"gaussian",-0.3,71,1637058514,"OLS",TRUE,""
"gaussian",-0.3,71,1637058514,"Semiparametric",TRUE,""
"asymmetric_mixture",-0.3,71,1411187664,"OLS",TRUE,""
"asymmetric_mixture",-0.3,71,1411187664,"Semiparametric",TRUE,""
"gaussian",0,71,87888143,"OLS",TRUE,""
"gaussian",0,71,87888143,"Semiparametric",TRUE,""
"asymmetric_mixture",0,71,1067986304,"OLS",TRUE,""
"asymmetric_mixture",0,71,1067986304,"Semiparametric",TRUE,""
"gaussian",0.3,71,509128775,"OLS",TRUE,""
"gaussian",0.3,71,509128775,"Semiparametric",TRUE,""
"asymmetric_mixture",0.3,71,529573940,"OLS",TRUE,""
"asymmetric_mixture",0.3,71,529573940,"Semiparametric",TRUE,""
"gaussian",-0.3,72,293860334,"OLS",TRUE,""
"gaussian",-0.3,72,293860334,"Semiparametric",TRUE,""
"asymmetric_mixture",-0.3,72,1296681935,"OLS",TRUE,""
"asymmetric_mixture",-0.3,72,1296681935,"Semiparametric",TRUE,""
"gaussian",0,72,1012938052,"OLS",TRUE,""
"gaussian",0,72,1012938052,"Semiparametric",TRUE,""
"asymmetric_mixture",0,72,1298368239,"OLS",TRUE,""
"asymmetric_mixture",0,72,1298368239,"Semiparametric",TRUE,""
"gaussian",0.3,72,640525509,"OLS",TRUE,""
"gaussian",0.3,72,640525509,"Semiparametric",TRUE,""
"asymmetric_mixture",0.3,72,1966206671,"OLS",TRUE,""
"asymmetric_mixture",0.3,72,1966206671,"Semiparametric",TRUE,""
"gaussian",-0.3,73,1175537682,"OLS",TRUE,""
"gaussian",-0.3,73,1175537682,"Semiparametric",TRUE,""
"asymmetric_mixture",-0.3,73,1320247362,"OLS",TRUE,""
"asymmetric_mixture",-0.3,73,1320247362,"Semiparametric",TRUE,""
"gaussian",0,73,994472419,"OLS",TRUE,""
"gaussian",0,73,994472419,"Semiparametric",TRUE,""
"asymmetric_mixture",0,73,944680606,"OLS",TRUE,""
"asymmetric_mixture",0,73,944680606,"Semiparametric",TRUE,""
"gaussian",0.3,73,916483652,"OLS",TRUE,""
"gaussian",0.3,73,916483652,"Semiparametric",TRUE,""
"asymmetric_mixture",0.3,73,2109152186,"OLS",TRUE,""
"asymmetric_mixture",0.3,73,2109152186,"Semiparametric",TRUE,""
"gaussian",-0.3,74,1717659137,"OLS",TRUE,""
"gaussian",-0.3,74,1717659137,"Semiparametric",TRUE,""
"asymmetric_mixture",-0.3,74,146362739,"OLS",TRUE,""
"asymmetric_mixture",-0.3,74,146362739,"Semiparametric",TRUE,""
"gaussian",0,74,1757686102,"OLS",TRUE,""
"gaussian",0,74,1757686102,"Semiparametric",TRUE,""
"asymmetric_mixture",0,74,445558275,"OLS",TRUE,""
"asymmetric_mixture",0,74,445558275,"Semiparametric",TRUE,""
"gaussian",0.3,74,1123375584,"OLS",TRUE,""
"gaussian",0.3,74,1123375584,"Semiparametric",TRUE,""
"asymmetric_mixture",0.3,74,2103084244,"OLS",TRUE,""
"asymmetric_mixture",0.3,74,2103084244,"Semiparametric",TRUE,""
"gaussian",-0.3,75,1859753815,"OLS",TRUE,""
"gaussian",-0.3,75,1859753815,"Semiparametric",TRUE,""
"asymmetric_mixture",-0.3,75,1170865418,"OLS",TRUE,""
"asymmetric_mixture",-0.3,75,1170865418,"Semiparametric",TRUE,""
"gaussian",0,75,307356638,"OLS",TRUE,""
"gaussian",0,75,307356638,"Semiparametric",TRUE,""
"asymmetric_mixture",0,75,1995054717,"OLS",TRUE,""
"asymmetric_mixture",0,75,1995054717,"Semiparametric",TRUE,""
"gaussian",0.3,75,1927908025,"OLS",TRUE,""
"gaussian",0.3,75,1927908025,"Semiparametric",TRUE,""
"asymmetric_mixture",0.3,75,1549610106,"OLS",TRUE,""
"asymmetric_mixture",0.3,75,1549610106,"Semiparametric",TRUE,""
"gaussian",-0.3,76,2025936643,"OLS",TRUE,""
"gaussian",-0.3,76,2025936643,"Semiparametric",TRUE,""
"asymmetric_mixture",-0.3,76,101842565,"OLS",TRUE,""
"asymmetric_mixture",-0.3,76,101842565,"Semiparametric",TRUE,""
"gaussian",0,76,46371871,"OLS",TRUE,""
"gaussian",0,76,46371871,"Semiparametric",TRUE,""
"asymmetric_mixture",0,76,491994275,"OLS",TRUE,""
"asymmetric_mixture",0,76,491994275,"Semiparametric",TRUE,""
"gaussian",0.3,76,688866501,"OLS",TRUE,""
"gaussian",0.3,76,688866501,"Semiparametric",TRUE,""
"asymmetric_mixture",0.3,76,1641784801,"OLS",TRUE,""
"asymmetric_mixture",0.3,76,1641784801,"Semiparametric",TRUE,""
"gaussian",-0.3,77,1923186336,"OLS",TRUE,""
"gaussian",-0.3,77,1923186336,"Semiparametric",TRUE,""
"asymmetric_mixture",-0.3,77,703478007,"OLS",TRUE,""
"asymmetric_mixture",-0.3,77,703478007,"Semiparametric",TRUE,""
"gaussian",0,77,1168628472,"OLS",TRUE,""
"gaussian",0,77,1168628472,"Semiparametric",TRUE,""
"asymmetric_mixture",0,77,1629889176,"OLS",TRUE,""
"asymmetric_mixture",0,77,1629889176,"Semiparametric",TRUE,""
"gaussian",0.3,77,1598777731,"OLS",TRUE,""
"gaussian",0.3,77,1598777731,"Semiparametric",TRUE,""
"asymmetric_mixture",0.3,77,614822615,"OLS",TRUE,""
"asymmetric_mixture",0.3,77,614822615,"Semiparametric",TRUE,""
"gaussian",-0.3,78,864055462,"OLS",TRUE,""
"gaussian",-0.3,78,864055462,"Semiparametric",TRUE,""
"asymmetric_mixture",-0.3,78,1568559505,"OLS",TRUE,""
"asymmetric_mixture",-0.3,78,1568559505,"Semiparametric",TRUE,""
"gaussian",0,78,1166196963,"OLS",TRUE,""
"gaussian",0,78,1166196963,"Semiparametric",TRUE,""
"asymmetric_mixture",0,78,330479872,"OLS",TRUE,""
"asymmetric_mixture",0,78,330479872,"Semiparametric",TRUE,""
"gaussian",0.3,78,1945241618,"OLS",TRUE,""
"gaussian",0.3,78,1945241618,"Semiparametric",TRUE,""
"asymmetric_mixture",0.3,78,1599244171,"OLS",TRUE,""
"asymmetric_mixture",0.3,78,1599244171,"Semiparametric",TRUE,""
"gaussian",-0.3,79,2027341941,"OLS",TRUE,""
"gaussian",-0.3,79,2027341941,"Semiparametric",TRUE,""
"asymmetric_mixture",-0.3,79,1673431307,"OLS",TRUE,""
"asymmetric_mixture",-0.3,79,1673431307,"Semiparametric",TRUE,""
"gaussian",0,79,2115434587,"OLS",TRUE,""
"gaussian",0,79,2115434587,"Semiparametric",TRUE,""
"asymmetric_mixture",0,79,745797978,"OLS",TRUE,""
"asymmetric_mixture",0,79,745797978,"Semiparametric",TRUE,""
"gaussian",0.3,79,1429456261,"OLS",TRUE,""
"gaussian",0.3,79,1429456261,"Semiparametric",TRUE,""
"asymmetric_mixture",0.3,79,1932556897,"OLS",TRUE,""
"asymmetric_mixture",0.3,79,1932556897,"Semiparametric",TRUE,""
"gaussian",-0.3,80,1681609492,"OLS",TRUE,""
"gaussian",-0.3,80,1681609492,"Semiparametric",TRUE,""
"asymmetric_mixture",-0.3,80,1945894681,"OLS",TRUE,""
"asymmetric_mixture",-0.3,80,1945894681,"Semiparametric",TRUE,""
"gaussian",0,80,739046672,"OLS",TRUE,""
"gaussian",0,80,739046672,"Semiparametric",TRUE,""
"asymmetric_mixture",0,80,1736027425,"OLS",TRUE,""
"asymmetric_mixture",0,80,1736027425,"Semiparametric",TRUE,""
"gaussian",0.3,80,1541938656,"OLS",TRUE,""
"gaussian",0.3,80,1541938656,"Semiparametric",TRUE,""
"asymmetric_mixture",0.3,80,141416663,"OLS",TRUE,""
"asymmetric_mixture",0.3,80,141416663,"Semiparametric",TRUE,""
"gaussian",-0.3,81,1582858663,"OLS",TRUE,""
"gaussian",-0.3,81,1582858663,"Semiparametric",TRUE,""
"asymmetric_mixture",-0.3,81,396792059,"OLS",TRUE,""
"asymmetric_mixture",-0.3,81,396792059,"Semiparametric",TRUE,""
"gaussian",0,81,889428235,"OLS",TRUE,""
"gaussian",0,81,889428235,"Semiparametric",TRUE,""
"asymmetric_mixture",0,81,1926014556,"OLS",TRUE,""
"asymmetric_mixture",0,81,1926014556,"Semiparametric",TRUE,""
"gaussian",0.3,81,372764093,"OLS",TRUE,""
"gaussian",0.3,81,372764093,"Semiparametric",TRUE,""
"asymmetric_mixture",0.3,81,1391423625,"OLS",TRUE,""
"asymmetric_mixture",0.3,81,1391423625,"Semiparametric",TRUE,""
"gaussian",-0.3,82,1503460603,"OLS",TRUE,""
"gaussian",-0.3,82,1503460603,"Semiparametric",TRUE,""
"asymmetric_mixture",-0.3,82,284778846,"OLS",TRUE,""
"asymmetric_mixture",-0.3,82,284778846,"Semiparametric",TRUE,""
"gaussian",0,82,568987193,"OLS",TRUE,""
"gaussian",0,82,568987193,"Semiparametric",TRUE,""
"asymmetric_mixture",0,82,1333731875,"OLS",TRUE,""
"asymmetric_mixture",0,82,1333731875,"Semiparametric",TRUE,""
"gaussian",0.3,82,1271195,"OLS",TRUE,""
"gaussian",0.3,82,1271195,"Semiparametric",TRUE,""
"asymmetric_mixture",0.3,82,258686106,"OLS",TRUE,""
"asymmetric_mixture",0.3,82,258686106,"Semiparametric",TRUE,""
"gaussian",-0.3,83,1364333839,"OLS",TRUE,""
"gaussian",-0.3,83,1364333839,"Semiparametric",TRUE,""
"asymmetric_mixture",-0.3,83,1637907859,"OLS",TRUE,""
"asymmetric_mixture",-0.3,83,1637907859,"Semiparametric",TRUE,""
"gaussian",0,83,275575633,"OLS",TRUE,""
"gaussian",0,83,275575633,"Semiparametric",TRUE,""
"asymmetric_mixture",0,83,1638115139,"OLS",TRUE,""
"asymmetric_mixture",0,83,1638115139,"Semiparametric",TRUE,""
"gaussian",0.3,83,1476174732,"OLS",TRUE,""
"gaussian",0.3,83,1476174732,"Semiparametric",TRUE,""
"asymmetric_mixture",0.3,83,947822087,"OLS",TRUE,""
"asymmetric_mixture",0.3,83,947822087,"Semiparametric",TRUE,""
"gaussian",-0.3,84,1004758437,"OLS",TRUE,""
"gaussian",-0.3,84,1004758437,"Semiparametric",TRUE,""
"asymmetric_mixture",-0.3,84,1160390909,"OLS",TRUE,""
"asymmetric_mixture",-0.3,84,1160390909,"Semiparametric",TRUE,""
"gaussian",0,84,913371623,"OLS",TRUE,""
"gaussian",0,84,913371623,"Semiparametric",TRUE,""
"asymmetric_mixture",0,84,702728008,"OLS",TRUE,""
"asymmetric_mixture",0,84,702728008,"Semiparametric",TRUE,""
"gaussian",0.3,84,179920522,"OLS",TRUE,""
"gaussian",0.3,84,179920522,"Semiparametric",TRUE,""
"asymmetric_mixture",0.3,84,1487979224,"OLS",TRUE,""
"asymmetric_mixture",0.3,84,1487979224,"Semiparametric",TRUE,""
"gaussian",-0.3,85,1514049909,"OLS",TRUE,""
"gaussian",-0.3,85,1514049909,"Semiparametric",TRUE,""
"asymmetric_mixture",-0.3,85,353534506,"OLS",TRUE,""
"asymmetric_mixture",-0.3,85,353534506,"Semiparametric",TRUE,""
"gaussian",0,85,1778380435,"OLS",TRUE,""
"gaussian",0,85,1778380435,"Semiparametric",TRUE,""
"asymmetric_mixture",0,85,218471418,"OLS",TRUE,""
"asymmetric_mixture",0,85,218471418,"Semiparametric",TRUE,""
"gaussian",0.3,85,969079596,"OLS",TRUE,""
"gaussian",0.3,85,969079596,"Semiparametric",TRUE,""
"asymmetric_mixture",0.3,85,452159171,"OLS",TRUE,""
"asymmetric_mixture",0.3,85,452159171,"Semiparametric",TRUE,""
"gaussian",-0.3,86,1402056338,"OLS",TRUE,""
"gaussian",-0.3,86,1402056338,"Semiparametric",TRUE,""
"asymmetric_mixture",-0.3,86,1935036582,"OLS",TRUE,""
"asymmetric_mixture",-0.3,86,1935036582,"Semiparametric",TRUE,""
"gaussian",0,86,46741345,"OLS",TRUE,""
"gaussian",0,86,46741345,"Semiparametric",TRUE,""
"asymmetric_mixture",0,86,769596181,"OLS",TRUE,""
"asymmetric_mixture",0,86,769596181,"Semiparametric",TRUE,""
"gaussian",0.3,86,851463043,"OLS",TRUE,""
"gaussian",0.3,86,851463043,"Semiparametric",TRUE,""
"asymmetric_mixture",0.3,86,1950802620,"OLS",TRUE,""
"asymmetric_mixture",0.3,86,1950802620,"Semiparametric",TRUE,""
"gaussian",-0.3,87,1578531182,"OLS",TRUE,""
"gaussian",-0.3,87,1578531182,"Semiparametric",TRUE,""
"asymmetric_mixture",-0.3,87,1894454494,"OLS",TRUE,""
"asymmetric_mixture",-0.3,87,1894454494,"Semiparametric",TRUE,""
"gaussian",0,87,1209680898,"OLS",TRUE,""
"gaussian",0,87,1209680898,"Semiparametric",TRUE,""
"asymmetric_mixture",0,87,2136868010,"OLS",TRUE,""
"asymmetric_mixture",0,87,2136868010,"Semiparametric",TRUE,""
"gaussian",0.3,87,717492087,"OLS",TRUE,""
"gaussian",0.3,87,717492087,"Semiparametric",TRUE,""
"asymmetric_mixture",0.3,87,568457840,"OLS",TRUE,""
"asymmetric_mixture",0.3,87,568457840,"Semiparametric",TRUE,""
"gaussian",-0.3,88,77693255,"OLS",TRUE,""
"gaussian",-0.3,88,77693255,"Semiparametric",TRUE,""
"asymmetric_mixture",-0.3,88,1882422500,"OLS",TRUE,""
"asymmetric_mixture",-0.3,88,1882422500,"Semiparametric",TRUE,""
"gaussian",0,88,1177577845,"OLS",TRUE,""
"gaussian",0,88,1177577845,"Semiparametric",TRUE,""
"asymmetric_mixture",0,88,1101085129,"OLS",TRUE,""
"asymmetric_mixture",0,88,1101085129,"Semiparametric",TRUE,""
"gaussian",0.3,88,1091487029,"OLS",TRUE,""
"gaussian",0.3,88,1091487029,"Semiparametric",TRUE,""
"asymmetric_mixture",0.3,88,1725027221,"OLS",TRUE,""
"asymmetric_mixture",0.3,88,1725027221,"Semiparametric",TRUE,""
"gaussian",-0.3,89,609098419,"OLS",TRUE,""
"gaussian",-0.3,89,609098419,"Semiparametric",TRUE,""
"asymmetric_mixture",-0.3,89,2136104084,"OLS",TRUE,""
"asymmetric_mixture",-0.3,89,2136104084,"Semiparametric",TRUE,""
"gaussian",0,89,315852299,"OLS",TRUE,""
"gaussian",0,89,315852299,"Semiparametric",TRUE,""
"asymmetric_mixture",0,89,1165794538,"OLS",TRUE,""
"asymmetric_mixture",0,89,1165794538,"Semiparametric",TRUE,""
"gaussian",0.3,89,367392848,"OLS",TRUE,""
"gaussian",0.3,89,367392848,"Semiparametric",TRUE,""
"asymmetric_mixture",0.3,89,1202731613,"OLS",TRUE,""
"asymmetric_mixture",0.3,89,1202731613,"Semiparametric",TRUE,""
"gaussian",-0.3,90,1838057959,"OLS",TRUE,""
"gaussian",-0.3,90,1838057959,"Semiparametric",TRUE,""
"asymmetric_mixture",-0.3,90,429891357,"OLS",TRUE,""
"asymmetric_mixture",-0.3,90,429891357,"Semiparametric",TRUE,""
"gaussian",0,90,1295045024,"OLS",TRUE,""
"gaussian",0,90,1295045024,"Semiparametric",TRUE,""
"asymmetric_mixture",0,90,842699944,"OLS",TRUE,""
"asymmetric_mixture",0,90,842699944,"Semiparametric",TRUE,""
"gaussian",0.3,90,1005392539,"OLS",TRUE,""
"gaussian",0.3,90,1005392539,"Semiparametric",TRUE,""
"asymmetric_mixture",0.3,90,1275519617,"OLS",TRUE,""
"asymmetric_mixture",0.3,90,1275519617,"Semiparametric",TRUE,""
"gaussian",-0.3,91,941140034,"OLS",TRUE,""
"gaussian",-0.3,91,941140034,"Semiparametric",TRUE,""
"asymmetric_mixture",-0.3,91,309796487,"OLS",TRUE,""
"asymmetric_mixture",-0.3,91,309796487,"Semiparametric",TRUE,""
"gaussian",0,91,1886783886,"OLS",TRUE,""
"gaussian",0,91,1886783886,"Semiparametric",TRUE,""
"asymmetric_mixture",0,91,1351962994,"OLS",TRUE,""
"asymmetric_mixture",0,91,1351962994,"Semiparametric",TRUE,""
"gaussian",0.3,91,1591534592,"OLS",TRUE,""
"gaussian",0.3,91,1591534592,"Semiparametric",TRUE,""
"asymmetric_mixture",0.3,91,1707162019,"OLS",TRUE,""
"asymmetric_mixture",0.3,91,1707162019,"Semiparametric",TRUE,""
"gaussian",-0.3,92,2127737589,"OLS",TRUE,""
"gaussian",-0.3,92,2127737589,"Semiparametric",TRUE,""
"asymmetric_mixture",-0.3,92,2106277931,"OLS",TRUE,""
"asymmetric_mixture",-0.3,92,2106277931,"Semiparametric",TRUE,""
"gaussian",0,92,996084512,"OLS",TRUE,""
"gaussian",0,92,996084512,"Semiparametric",TRUE,""
"asymmetric_mixture",0,92,1351936707,"OLS",TRUE,""
"asymmetric_mixture",0,92,1351936707,"Semiparametric",TRUE,""
"gaussian",0.3,92,1664701095,"OLS",TRUE,""
"gaussian",0.3,92,1664701095,"Semiparametric",TRUE,""
"asymmetric_mixture",0.3,92,1292634605,"OLS",TRUE,""
"asymmetric_mixture",0.3,92,1292634605,"Semiparametric",TRUE,""
"gaussian",-0.3,93,187736282,"OLS",TRUE,""
"gaussian",-0.3,93,187736282,"Semiparametric",TRUE,""
"asymmetric_mixture",-0.3,93,576029843,"OLS",TRUE,""
"asymmetric_mixture",-0.3,93,576029843,"Semiparametric",TRUE,""
"gaussian",0,93,109175677,"OLS",TRUE,""
"gaussian",0,93,109175677,"Semiparametric",TRUE,""
"asymmetric_mixture",0,93,497870585,"OLS",TRUE,""
"asymmetric_mixture",0,93,497870585,"Semiparametric",TRUE,""
"gaussian",0.3,93,1689967874,"OLS",TRUE,""
"gaussian",0.3,93,1689967874,"Semiparametric",TRUE,""
"asymmetric_mixture",0.3,93,233566245,"OLS",TRUE,""
"asymmetric_mixture",0.3,93,233566245,"Semiparametric",TRUE,""
"gaussian",-0.3,94,1628178390,"OLS",TRUE,""
"gaussian",-0.3,94,1628178390,"Semiparametric",TRUE,""
"asymmetric_mixture",-0.3,94,759445121,"OLS",TRUE,""
"asymmetric_mixture",-0.3,94,759445121,"Semiparametric",TRUE,""
"gaussian",0,94,141939679,"OLS",TRUE,""
"gaussian",0,94,141939679,"Semiparametric",TRUE,""
"asymmetric_mixture",0,94,1359595164,"OLS",TRUE,""
"asymmetric_mixture",0,94,1359595164,"Semiparametric",TRUE,""
"gaussian",0.3,94,1563355607,"OLS",TRUE,""
"gaussian",0.3,94,1563355607,"Semiparametric",TRUE,""
"asymmetric_mixture",0.3,94,83821551,"OLS",TRUE,""
"asymmetric_mixture",0.3,94,83821551,"Semiparametric",TRUE,""
"gaussian",-0.3,95,462434909,"OLS",TRUE,""
"gaussian",-0.3,95,462434909,"Semiparametric",TRUE,""
"asymmetric_mixture",-0.3,95,1083413877,"OLS",TRUE,""
"asymmetric_mixture",-0.3,95,1083413877,"Semiparametric",TRUE,""
"gaussian",0,95,1189435916,"OLS",TRUE,""
"gaussian",0,95,1189435916,"Semiparametric",TRUE,""
"asymmetric_mixture",0,95,1461851333,"OLS",TRUE,""
"asymmetric_mixture",0,95,1461851333,"Semiparametric",TRUE,""
"gaussian",0.3,95,2105015689,"OLS",TRUE,""
"gaussian",0.3,95,2105015689,"Semiparametric",TRUE,""
"asymmetric_mixture",0.3,95,95182943,"OLS",TRUE,""
"asymmetric_mixture",0.3,95,95182943,"Semiparametric",TRUE,""
"gaussian",-0.3,96,1905017203,"OLS",TRUE,""
"gaussian",-0.3,96,1905017203,"Semiparametric",TRUE,""
"asymmetric_mixture",-0.3,96,1969220836,"OLS",TRUE,""
"asymmetric_mixture",-0.3,96,1969220836,"Semiparametric",TRUE,""
"gaussian",0,96,804613828,"OLS",TRUE,""
"gaussian",0,96,804613828,"Semiparametric",TRUE,""
"asymmetric_mixture",0,96,216084707,"OLS",TRUE,""
"asymmetric_mixture",0,96,216084707,"Semiparametric",TRUE,""
"gaussian",0.3,96,899487508,"OLS",TRUE,""
"gaussian",0.3,96,899487508,"Semiparametric",TRUE,""
"asymmetric_mixture",0.3,96,2068344676,"OLS",TRUE,""
"asymmetric_mixture",0.3,96,2068344676,"Semiparametric",TRUE,""
"gaussian",-0.3,97,610171178,"OLS",TRUE,""
"gaussian",-0.3,97,610171178,"Semiparametric",TRUE,""
"asymmetric_mixture",-0.3,97,685341682,"OLS",TRUE,""
"asymmetric_mixture",-0.3,97,685341682,"Semiparametric",TRUE,""
"gaussian",0,97,2011848833,"OLS",TRUE,""
"gaussian",0,97,2011848833,"Semiparametric",TRUE,""
"asymmetric_mixture",0,97,869931781,"OLS",TRUE,""
"asymmetric_mixture",0,97,869931781,"Semiparametric",TRUE,""
"gaussian",0.3,97,1468039428,"OLS",TRUE,""
"gaussian",0.3,97,1468039428,"Semiparametric",TRUE,""
"asymmetric_mixture",0.3,97,590497543,"OLS",TRUE,""
"asymmetric_mixture",0.3,97,590497543,"Semiparametric",TRUE,""
"gaussian",-0.3,98,251033110,"OLS",TRUE,""
"gaussian",-0.3,98,251033110,"Semiparametric",TRUE,""
"asymmetric_mixture",-0.3,98,1746399202,"OLS",TRUE,""
"asymmetric_mixture",-0.3,98,1746399202,"Semiparametric",TRUE,""
"gaussian",0,98,350046632,"OLS",TRUE,""
"gaussian",0,98,350046632,"Semiparametric",TRUE,""
"asymmetric_mixture",0,98,200967132,"OLS",TRUE,""
"asymmetric_mixture",0,98,200967132,"Semiparametric",TRUE,""
"gaussian",0.3,98,849951156,"OLS",TRUE,""
"gaussian",0.3,98,849951156,"Semiparametric",TRUE,""
"asymmetric_mixture",0.3,98,1207968046,"OLS",TRUE,""
"asymmetric_mixture",0.3,98,1207968046,"Semiparametric",TRUE,""
"gaussian",-0.3,99,812035622,"OLS",TRUE,""
"gaussian",-0.3,99,812035622,"Semiparametric",TRUE,""
"asymmetric_mixture",-0.3,99,1547736851,"OLS",TRUE,""
"asymmetric_mixture",-0.3,99,1547736851,"Semiparametric",TRUE,""
"gaussian",0,99,1314265408,"OLS",TRUE,""
"gaussian",0,99,1314265408,"Semiparametric",TRUE,""
"asymmetric_mixture",0,99,1953385418,"OLS",TRUE,""
"asymmetric_mixture",0,99,1953385418,"Semiparametric",TRUE,""
"gaussian",0.3,99,1791892875,"OLS",TRUE,""
"gaussian",0.3,99,1791892875,"Semiparametric",TRUE,""
"asymmetric_mixture",0.3,99,1624688744,"OLS",TRUE,""
"asymmetric_mixture",0.3,99,1624688744,"Semiparametric",TRUE,""
"gaussian",-0.3,100,103863498,"OLS",TRUE,""
"gaussian",-0.3,100,103863498,"Semiparametric",TRUE,""
"asymmetric_mixture",-0.3,100,2097497242,"OLS",TRUE,""
"asymmetric_mixture",-0.3,100,2097497242,"Semiparametric",TRUE,""
"gaussian",0,100,264144569,"OLS",TRUE,""
"gaussian",0,100,264144569,"Semiparametric",TRUE,""
"asymmetric_mixture",0,100,27426150,"OLS",TRUE,""
"asymmetric_mixture",0,100,27426150,"Semiparametric",TRUE,""
"gaussian",0.3,100,961327306,"OLS",TRUE,""
"gaussian",0.3,100,961327306,"Semiparametric",TRUE,""
"asymmetric_mixture",0.3,100,328795364,"OLS",TRUE,""
"asymmetric_mixture",0.3,100,328795364,"Semiparametric",TRUE,""
"gaussian",-0.3,101,1501897309,"OLS",TRUE,""
"gaussian",-0.3,101,1501897309,"Semiparametric",TRUE,""
"asymmetric_mixture",-0.3,101,1790808027,"OLS",TRUE,""
"asymmetric_mixture",-0.3,101,1790808027,"Semiparametric",TRUE,""
"gaussian",0,101,1305788166,"OLS",TRUE,""
"gaussian",0,101,1305788166,"Semiparametric",TRUE,""
"asymmetric_mixture",0,101,1553361373,"OLS",TRUE,""
"asymmetric_mixture",0,101,1553361373,"Semiparametric",TRUE,""
"gaussian",0.3,101,1497443365,"OLS",TRUE,""
"gaussian",0.3,101,1497443365,"Semiparametric",TRUE,""
"asymmetric_mixture",0.3,101,905111618,"OLS",TRUE,""
"asymmetric_mixture",0.3,101,905111618,"Semiparametric",TRUE,""
"gaussian",-0.3,102,470652764,"OLS",TRUE,""
"gaussian",-0.3,102,470652764,"Semiparametric",TRUE,""
"asymmetric_mixture",-0.3,102,1944835343,"OLS",TRUE,""
"asymmetric_mixture",-0.3,102,1944835343,"Semiparametric",TRUE,""
"gaussian",0,102,1631369651,"OLS",TRUE,""
"gaussian",0,102,1631369651,"Semiparametric",TRUE,""
"asymmetric_mixture",0,102,443222001,"OLS",TRUE,""
"asymmetric_mixture",0,102,443222001,"Semiparametric",TRUE,""
"gaussian",0.3,102,210315156,"OLS",TRUE,""
"gaussian",0.3,102,210315156,"Semiparametric",TRUE,""
"asymmetric_mixture",0.3,102,2034929336,"OLS",TRUE,""
"asymmetric_mixture",0.3,102,2034929336,"Semiparametric",TRUE,""
"gaussian",-0.3,103,1800526357,"OLS",TRUE,""
"gaussian",-0.3,103,1800526357,"Semiparametric",TRUE,""
"asymmetric_mixture",-0.3,103,578391095,"OLS",TRUE,""
"asymmetric_mixture",-0.3,103,578391095,"Semiparametric",TRUE,""
"gaussian",0,103,836288044,"OLS",TRUE,""
"gaussian",0,103,836288044,"Semiparametric",TRUE,""
"asymmetric_mixture",0,103,1219004046,"OLS",TRUE,""
"asymmetric_mixture",0,103,1219004046,"Semiparametric",TRUE,""
"gaussian",0.3,103,836588395,"OLS",TRUE,""
"gaussian",0.3,103,836588395,"Semiparametric",TRUE,""
"asymmetric_mixture",0.3,103,1340674665,"OLS",TRUE,""
"asymmetric_mixture",0.3,103,1340674665,"Semiparametric",TRUE,""
"gaussian",-0.3,104,1549153450,"OLS",TRUE,""
"gaussian",-0.3,104,1549153450,"Semiparametric",TRUE,""
"asymmetric_mixture",-0.3,104,1599491151,"OLS",TRUE,""
"asymmetric_mixture",-0.3,104,1599491151,"Semiparametric",TRUE,""
"gaussian",0,104,2035569585,"OLS",TRUE,""
"gaussian",0,104,2035569585,"Semiparametric",TRUE,""
"asymmetric_mixture",0,104,2056319867,"OLS",TRUE,""
"asymmetric_mixture",0,104,2056319867,"Semiparametric",TRUE,""
"gaussian",0.3,104,1647342068,"OLS",TRUE,""
"gaussian",0.3,104,1647342068,"Semiparametric",TRUE,""
"asymmetric_mixture",0.3,104,1996005690,"OLS",TRUE,""
"asymmetric_mixture",0.3,104,1996005690,"Semiparametric",TRUE,""
"gaussian",-0.3,105,1301058730,"OLS",TRUE,""
"gaussian",-0.3,105,1301058730,"Semiparametric",TRUE,""
"asymmetric_mixture",-0.3,105,220502802,"OLS",TRUE,""
"asymmetric_mixture",-0.3,105,220502802,"Semiparametric",TRUE,""
"gaussian",0,105,401047368,"OLS",TRUE,""
"gaussian",0,105,401047368,"Semiparametric",TRUE,""
"asymmetric_mixture",0,105,210845233,"OLS",TRUE,""
"asymmetric_mixture",0,105,210845233,"Semiparametric",TRUE,""
"gaussian",0.3,105,2096076305,"OLS",TRUE,""
"gaussian",0.3,105,2096076305,"Semiparametric",TRUE,""
"asymmetric_mixture",0.3,105,504575816,"OLS",TRUE,""
"asymmetric_mixture",0.3,105,504575816,"Semiparametric",TRUE,""
"gaussian",-0.3,106,100104426,"OLS",TRUE,""
"gaussian",-0.3,106,100104426,"Semiparametric",TRUE,""
"asymmetric_mixture",-0.3,106,1779301438,"OLS",TRUE,""
"asymmetric_mixture",-0.3,106,1779301438,"Semiparametric",TRUE,""
"gaussian",0,106,404690430,"OLS",TRUE,""
"gaussian",0,106,404690430,"Semiparametric",TRUE,""
"asymmetric_mixture",0,106,1021668757,"OLS",TRUE,""
"asymmetric_mixture",0,106,1021668757,"Semiparametric",TRUE,""
"gaussian",0.3,106,450816548,"OLS",TRUE,""
"gaussian",0.3,106,450816548,"Semiparametric",TRUE,""
"asymmetric_mixture",0.3,106,1570592372,"OLS",TRUE,""
"asymmetric_mixture",0.3,106,1570592372,"Semiparametric",TRUE,""
"gaussian",-0.3,107,340498477,"OLS",TRUE,""
"gaussian",-0.3,107,340498477,"Semiparametric",TRUE,""
"asymmetric_mixture",-0.3,107,1769902032,"OLS",TRUE,""
"asymmetric_mixture",-0.3,107,1769902032,"Semiparametric",FALSE,"No numerically valid semiparametric root was found."
"gaussian",0,107,21866399,"OLS",TRUE,""
"gaussian",0,107,21866399,"Semiparametric",TRUE,""
"asymmetric_mixture",0,107,1145958755,"OLS",TRUE,""
"asymmetric_mixture",0,107,1145958755,"Semiparametric",TRUE,""
"gaussian",0.3,107,803080626,"OLS",TRUE,""
"gaussian",0.3,107,803080626,"Semiparametric",TRUE,""
"asymmetric_mixture",0.3,107,1179498263,"OLS",TRUE,""
"asymmetric_mixture",0.3,107,1179498263,"Semiparametric",TRUE,""
"gaussian",-0.3,108,1662988979,"OLS",TRUE,""
"gaussian",-0.3,108,1662988979,"Semiparametric",TRUE,""
"asymmetric_mixture",-0.3,108,145246125,"OLS",TRUE,""
"asymmetric_mixture",-0.3,108,145246125,"Semiparametric",TRUE,""
"gaussian",0,108,1677134679,"OLS",TRUE,""
"gaussian",0,108,1677134679,"Semiparametric",TRUE,""
"asymmetric_mixture",0,108,1020949430,"OLS",TRUE,""
"asymmetric_mixture",0,108,1020949430,"Semiparametric",TRUE,""
"gaussian",0.3,108,891665171,"OLS",TRUE,""
"gaussian",0.3,108,891665171,"Semiparametric",TRUE,""
"asymmetric_mixture",0.3,108,1051908092,"OLS",TRUE,""
"asymmetric_mixture",0.3,108,1051908092,"Semiparametric",TRUE,""
"gaussian",-0.3,109,248737718,"OLS",TRUE,""
"gaussian",-0.3,109,248737718,"Semiparametric",TRUE,""
"asymmetric_mixture",-0.3,109,2114796826,"OLS",TRUE,""
"asymmetric_mixture",-0.3,109,2114796826,"Semiparametric",TRUE,""
"gaussian",0,109,1408304191,"OLS",TRUE,""
"gaussian",0,109,1408304191,"Semiparametric",TRUE,""
"asymmetric_mixture",0,109,302647901,"OLS",TRUE,""
"asymmetric_mixture",0,109,302647901,"Semiparametric",TRUE,""
"gaussian",0.3,109,1419026487,"OLS",TRUE,""
"gaussian",0.3,109,1419026487,"Semiparametric",TRUE,""
"asymmetric_mixture",0.3,109,986632591,"OLS",TRUE,""
"asymmetric_mixture",0.3,109,986632591,"Semiparametric",TRUE,""
"gaussian",-0.3,110,1710616268,"OLS",TRUE,""
"gaussian",-0.3,110,1710616268,"Semiparametric",TRUE,""
"asymmetric_mixture",-0.3,110,1981794859,"OLS",TRUE,""
"asymmetric_mixture",-0.3,110,1981794859,"Semiparametric",TRUE,""
"gaussian",0,110,1464904335,"OLS",TRUE,""
"gaussian",0,110,1464904335,"Semiparametric",TRUE,""
"asymmetric_mixture",0,110,33450396,"OLS",TRUE,""
"asymmetric_mixture",0,110,33450396,"Semiparametric",TRUE,""
"gaussian",0.3,110,987210561,"OLS",TRUE,""
"gaussian",0.3,110,987210561,"Semiparametric",TRUE,""
"asymmetric_mixture",0.3,110,1913351289,"OLS",TRUE,""
"asymmetric_mixture",0.3,110,1913351289,"Semiparametric",TRUE,""
"gaussian",-0.3,111,1058603927,"OLS",TRUE,""
"gaussian",-0.3,111,1058603927,"Semiparametric",TRUE,""
"asymmetric_mixture",-0.3,111,1042075562,"OLS",TRUE,""
"asymmetric_mixture",-0.3,111,1042075562,"Semiparametric",TRUE,""
"gaussian",0,111,1600345956,"OLS",TRUE,""
"gaussian",0,111,1600345956,"Semiparametric",TRUE,""
"asymmetric_mixture",0,111,137253027,"OLS",TRUE,""
"asymmetric_mixture",0,111,137253027,"Semiparametric",TRUE,""
"gaussian",0.3,111,951315975,"OLS",TRUE,""
"gaussian",0.3,111,951315975,"Semiparametric",TRUE,""
"asymmetric_mixture",0.3,111,1191743994,"OLS",TRUE,""
"asymmetric_mixture",0.3,111,1191743994,"Semiparametric",TRUE,""
"gaussian",-0.3,112,527015274,"OLS",TRUE,""
"gaussian",-0.3,112,527015274,"Semiparametric",TRUE,""
"asymmetric_mixture",-0.3,112,549753213,"OLS",TRUE,""
"asymmetric_mixture",-0.3,112,549753213,"Semiparametric",TRUE,""
"gaussian",0,112,1796828220,"OLS",TRUE,""
"gaussian",0,112,1796828220,"Semiparametric",TRUE,""
"asymmetric_mixture",0,112,1911372101,"OLS",TRUE,""
"asymmetric_mixture",0,112,1911372101,"Semiparametric",TRUE,""
"gaussian",0.3,112,488463610,"OLS",TRUE,""
"gaussian",0.3,112,488463610,"Semiparametric",TRUE,""
"asymmetric_mixture",0.3,112,1206101487,"OLS",TRUE,""
"asymmetric_mixture",0.3,112,1206101487,"Semiparametric",TRUE,""
"gaussian",-0.3,113,2025752492,"OLS",TRUE,""
"gaussian",-0.3,113,2025752492,"Semiparametric",TRUE,""
"asymmetric_mixture",-0.3,113,1563756805,"OLS",TRUE,""
"asymmetric_mixture",-0.3,113,1563756805,"Semiparametric",TRUE,""
"gaussian",0,113,607430533,"OLS",TRUE,""
"gaussian",0,113,607430533,"Semiparametric",TRUE,""
"asymmetric_mixture",0,113,1104084252,"OLS",TRUE,""
"asymmetric_mixture",0,113,1104084252,"Semiparametric",TRUE,""
"gaussian",0.3,113,62622186,"OLS",TRUE,""
"gaussian",0.3,113,62622186,"Semiparametric",TRUE,""
"asymmetric_mixture",0.3,113,1036944356,"OLS",TRUE,""
"asymmetric_mixture",0.3,113,1036944356,"Semiparametric",TRUE,""
"gaussian",-0.3,114,1646484754,"OLS",TRUE,""
"gaussian",-0.3,114,1646484754,"Semiparametric",TRUE,""
"asymmetric_mixture",-0.3,114,1735168611,"OLS",TRUE,""
"asymmetric_mixture",-0.3,114,1735168611,"Semiparametric",TRUE,""
"gaussian",0,114,1323802724,"OLS",TRUE,""
"gaussian",0,114,1323802724,"Semiparametric",TRUE,""
"asymmetric_mixture",0,114,1050106130,"OLS",TRUE,""
"asymmetric_mixture",0,114,1050106130,"Semiparametric",TRUE,""
"gaussian",0.3,114,1856001281,"OLS",TRUE,""
"gaussian",0.3,114,1856001281,"Semiparametric",TRUE,""
"asymmetric_mixture",0.3,114,1108958939,"OLS",TRUE,""
"asymmetric_mixture",0.3,114,1108958939,"Semiparametric",TRUE,""
"gaussian",-0.3,115,1570404514,"OLS",TRUE,""
"gaussian",-0.3,115,1570404514,"Semiparametric",TRUE,""
"asymmetric_mixture",-0.3,115,1427984921,"OLS",TRUE,""
"asymmetric_mixture",-0.3,115,1427984921,"Semiparametric",TRUE,""
"gaussian",0,115,113556409,"OLS",TRUE,""
"gaussian",0,115,113556409,"Semiparametric",TRUE,""
"asymmetric_mixture",0,115,1656370094,"OLS",TRUE,""
"asymmetric_mixture",0,115,1656370094,"Semiparametric",TRUE,""
"gaussian",0.3,115,15730341,"OLS",TRUE,""
"gaussian",0.3,115,15730341,"Semiparametric",TRUE,""
"asymmetric_mixture",0.3,115,201105198,"OLS",TRUE,""
"asymmetric_mixture",0.3,115,201105198,"Semiparametric",TRUE,""
"gaussian",-0.3,116,890251276,"OLS",TRUE,""
"gaussian",-0.3,116,890251276,"Semiparametric",TRUE,""
"asymmetric_mixture",-0.3,116,1741658278,"OLS",TRUE,""
"asymmetric_mixture",-0.3,116,1741658278,"Semiparametric",TRUE,""
"gaussian",0,116,1631092322,"OLS",TRUE,""
"gaussian",0,116,1631092322,"Semiparametric",TRUE,""
"asymmetric_mixture",0,116,1780799342,"OLS",TRUE,""
"asymmetric_mixture",0,116,1780799342,"Semiparametric",TRUE,""
"gaussian",0.3,116,992177374,"OLS",TRUE,""
"gaussian",0.3,116,992177374,"Semiparametric",TRUE,""
"asymmetric_mixture",0.3,116,95223537,"OLS",TRUE,""
"asymmetric_mixture",0.3,116,95223537,"Semiparametric",TRUE,""
"gaussian",-0.3,117,1560282335,"OLS",TRUE,""
"gaussian",-0.3,117,1560282335,"Semiparametric",TRUE,""
"asymmetric_mixture",-0.3,117,1254840683,"OLS",TRUE,""
"asymmetric_mixture",-0.3,117,1254840683,"Semiparametric",TRUE,""
"gaussian",0,117,1161623660,"OLS",TRUE,""
"gaussian",0,117,1161623660,"Semiparametric",TRUE,""
"asymmetric_mixture",0,117,1757888994,"OLS",TRUE,""
"asymmetric_mixture",0,117,1757888994,"Semiparametric",TRUE,""
"gaussian",0.3,117,1828242990,"OLS",TRUE,""
"gaussian",0.3,117,1828242990,"Semiparametric",TRUE,""
"asymmetric_mixture",0.3,117,810186823,"OLS",TRUE,""
"asymmetric_mixture",0.3,117,810186823,"Semiparametric",TRUE,""
"gaussian",-0.3,118,1557739409,"OLS",TRUE,""
"gaussian",-0.3,118,1557739409,"Semiparametric",TRUE,""
"asymmetric_mixture",-0.3,118,1718874038,"OLS",TRUE,""
"asymmetric_mixture",-0.3,118,1718874038,"Semiparametric",TRUE,""
"gaussian",0,118,997597493,"OLS",TRUE,""
"gaussian",0,118,997597493,"Semiparametric",TRUE,""
"asymmetric_mixture",0,118,727254775,"OLS",TRUE,""
"asymmetric_mixture",0,118,727254775,"Semiparametric",TRUE,""
"gaussian",0.3,118,717693046,"OLS",TRUE,""
"gaussian",0.3,118,717693046,"Semiparametric",TRUE,""
"asymmetric_mixture",0.3,118,1302003607,"OLS",TRUE,""
"asymmetric_mixture",0.3,118,1302003607,"Semiparametric",TRUE,""
"gaussian",-0.3,119,1632116568,"OLS",TRUE,""
"gaussian",-0.3,119,1632116568,"Semiparametric",TRUE,""
"asymmetric_mixture",-0.3,119,1223181546,"OLS",TRUE,""
"asymmetric_mixture",-0.3,119,1223181546,"Semiparametric",TRUE,""
"gaussian",0,119,357034150,"OLS",TRUE,""
"gaussian",0,119,357034150,"Semiparametric",TRUE,""
"asymmetric_mixture",0,119,1922567996,"OLS",TRUE,""
"asymmetric_mixture",0,119,1922567996,"Semiparametric",TRUE,""
"gaussian",0.3,119,1770818813,"OLS",TRUE,""
"gaussian",0.3,119,1770818813,"Semiparametric",TRUE,""
"asymmetric_mixture",0.3,119,946315681,"OLS",TRUE,""
"asymmetric_mixture",0.3,119,946315681,"Semiparametric",TRUE,""
"gaussian",-0.3,120,396177771,"OLS",TRUE,""
"gaussian",-0.3,120,396177771,"Semiparametric",TRUE,""
"asymmetric_mixture",-0.3,120,1619060375,"OLS",TRUE,""
"asymmetric_mixture",-0.3,120,1619060375,"Semiparametric",TRUE,""
"gaussian",0,120,1885672010,"OLS",TRUE,""
"gaussian",0,120,1885672010,"Semiparametric",TRUE,""
"asymmetric_mixture",0,120,690830457,"OLS",TRUE,""
"asymmetric_mixture",0,120,690830457,"Semiparametric",TRUE,""
"gaussian",0.3,120,1661720606,"OLS",TRUE,""
"gaussian",0.3,120,1661720606,"Semiparametric",TRUE,""
"asymmetric_mixture",0.3,120,639837579,"OLS",TRUE,""
"asymmetric_mixture",0.3,120,639837579,"Semiparametric",TRUE,""
"gaussian",-0.3,121,1370801424,"OLS",TRUE,""
"gaussian",-0.3,121,1370801424,"Semiparametric",TRUE,""
"asymmetric_mixture",-0.3,121,481418441,"OLS",TRUE,""
"asymmetric_mixture",-0.3,121,481418441,"Semiparametric",TRUE,""
"gaussian",0,121,448770058,"OLS",TRUE,""
"gaussian",0,121,448770058,"Semiparametric",TRUE,""
"asymmetric_mixture",0,121,501321644,"OLS",TRUE,""
"asymmetric_mixture",0,121,501321644,"Semiparametric",TRUE,""
"gaussian",0.3,121,890252182,"OLS",TRUE,""
"gaussian",0.3,121,890252182,"Semiparametric",TRUE,""
"asymmetric_mixture",0.3,121,1852338872,"OLS",TRUE,""
"asymmetric_mixture",0.3,121,1852338872,"Semiparametric",TRUE,""
"gaussian",-0.3,122,1064129837,"OLS",TRUE,""
"gaussian",-0.3,122,1064129837,"Semiparametric",TRUE,""
"asymmetric_mixture",-0.3,122,57950897,"OLS",TRUE,""
"asymmetric_mixture",-0.3,122,57950897,"Semiparametric",TRUE,""
"gaussian",0,122,807486812,"OLS",TRUE,""
"gaussian",0,122,807486812,"Semiparametric",TRUE,""
"asymmetric_mixture",0,122,356259465,"OLS",TRUE,""
"asymmetric_mixture",0,122,356259465,"Semiparametric",TRUE,""
"gaussian",0.3,122,1607100926,"OLS",TRUE,""
"gaussian",0.3,122,1607100926,"Semiparametric",TRUE,""
"asymmetric_mixture",0.3,122,974207560,"OLS",TRUE,""
"asymmetric_mixture",0.3,122,974207560,"Semiparametric",TRUE,""
"gaussian",-0.3,123,846664814,"OLS",TRUE,""
"gaussian",-0.3,123,846664814,"Semiparametric",TRUE,""
"asymmetric_mixture",-0.3,123,1932251242,"OLS",TRUE,""
"asymmetric_mixture",-0.3,123,1932251242,"Semiparametric",TRUE,""
"gaussian",0,123,810000003,"OLS",TRUE,""
"gaussian",0,123,810000003,"Semiparametric",TRUE,""
"asymmetric_mixture",0,123,127010331,"OLS",TRUE,""
"asymmetric_mixture",0,123,127010331,"Semiparametric",TRUE,""
"gaussian",0.3,123,960970499,"OLS",TRUE,""
"gaussian",0.3,123,960970499,"Semiparametric",TRUE,""
"asymmetric_mixture",0.3,123,1502212614,"OLS",TRUE,""
"asymmetric_mixture",0.3,123,1502212614,"Semiparametric",TRUE,""
"gaussian",-0.3,124,1056250198,"OLS",TRUE,""
"gaussian",-0.3,124,1056250198,"Semiparametric",TRUE,""
"asymmetric_mixture",-0.3,124,883408315,"OLS",TRUE,""
"asymmetric_mixture",-0.3,124,883408315,"Semiparametric",TRUE,""
"gaussian",0,124,343568015,"OLS",TRUE,""
"gaussian",0,124,343568015,"Semiparametric",TRUE,""
"asymmetric_mixture",0,124,564246802,"OLS",TRUE,""
"asymmetric_mixture",0,124,564246802,"Semiparametric",TRUE,""
"gaussian",0.3,124,1387260007,"OLS",TRUE,""
"gaussian",0.3,124,1387260007,"Semiparametric",TRUE,""
"asymmetric_mixture",0.3,124,1282495171,"OLS",TRUE,""
"asymmetric_mixture",0.3,124,1282495171,"Semiparametric",TRUE,""
"gaussian",-0.3,125,29634427,"OLS",TRUE,""
"gaussian",-0.3,125,29634427,"Semiparametric",TRUE,""
"asymmetric_mixture",-0.3,125,89094108,"OLS",TRUE,""
"asymmetric_mixture",-0.3,125,89094108,"Semiparametric",TRUE,""
"gaussian",0,125,409356976,"OLS",TRUE,""
"gaussian",0,125,409356976,"Semiparametric",TRUE,""
"asymmetric_mixture",0,125,606077942,"OLS",TRUE,""
"asymmetric_mixture",0,125,606077942,"Semiparametric",TRUE,""
"gaussian",0.3,125,1372498403,"OLS",TRUE,""
"gaussian",0.3,125,1372498403,"Semiparametric",TRUE,""
"asymmetric_mixture",0.3,125,614837731,"OLS",TRUE,""
"asymmetric_mixture",0.3,125,614837731,"Semiparametric",TRUE,""
"gaussian",-0.3,126,251527086,"OLS",TRUE,""
"gaussian",-0.3,126,251527086,"Semiparametric",TRUE,""
"asymmetric_mixture",-0.3,126,102484292,"OLS",TRUE,""
"asymmetric_mixture",-0.3,126,102484292,"Semiparametric",TRUE,""
"gaussian",0,126,741851087,"OLS",TRUE,""
"gaussian",0,126,741851087,"Semiparametric",TRUE,""
"asymmetric_mixture",0,126,310767984,"OLS",TRUE,""
"asymmetric_mixture",0,126,310767984,"Semiparametric",TRUE,""
"gaussian",0.3,126,272290045,"OLS",TRUE,""
"gaussian",0.3,126,272290045,"Semiparametric",TRUE,""
"asymmetric_mixture",0.3,126,1483111937,"OLS",TRUE,""
"asymmetric_mixture",0.3,126,1483111937,"Semiparametric",TRUE,""
"gaussian",-0.3,127,782751099,"OLS",TRUE,""
"gaussian",-0.3,127,782751099,"Semiparametric",TRUE,""
"asymmetric_mixture",-0.3,127,1076396623,"OLS",TRUE,""
"asymmetric_mixture",-0.3,127,1076396623,"Semiparametric",TRUE,""
"gaussian",0,127,85999747,"OLS",TRUE,""
"gaussian",0,127,85999747,"Semiparametric",TRUE,""
"asymmetric_mixture",0,127,470773811,"OLS",TRUE,""
"asymmetric_mixture",0,127,470773811,"Semiparametric",TRUE,""
"gaussian",0.3,127,503337613,"OLS",TRUE,""
"gaussian",0.3,127,503337613,"Semiparametric",TRUE,""
"asymmetric_mixture",0.3,127,920451622,"OLS",TRUE,""
"asymmetric_mixture",0.3,127,920451622,"Semiparametric",TRUE,""
"gaussian",-0.3,128,928426942,"OLS",TRUE,""
"gaussian",-0.3,128,928426942,"Semiparametric",TRUE,""
"asymmetric_mixture",-0.3,128,1151718663,"OLS",TRUE,""
"asymmetric_mixture",-0.3,128,1151718663,"Semiparametric",TRUE,""
"gaussian",0,128,1928604773,"OLS",TRUE,""
"gaussian",0,128,1928604773,"Semiparametric",TRUE,""
"asymmetric_mixture",0,128,853971076,"OLS",TRUE,""
"asymmetric_mixture",0,128,853971076,"Semiparametric",TRUE,""
"gaussian",0.3,128,1866126893,"OLS",TRUE,""
"gaussian",0.3,128,1866126893,"Semiparametric",TRUE,""
"asymmetric_mixture",0.3,128,1995567714,"OLS",TRUE,""
"asymmetric_mixture",0.3,128,1995567714,"Semiparametric",TRUE,""
"gaussian",-0.3,129,59957360,"OLS",TRUE,""
"gaussian",-0.3,129,59957360,"Semiparametric",TRUE,""
"asymmetric_mixture",-0.3,129,126959874,"OLS",TRUE,""
"asymmetric_mixture",-0.3,129,126959874,"Semiparametric",TRUE,""
"gaussian",0,129,70232682,"OLS",TRUE,""
"gaussian",0,129,70232682,"Semiparametric",TRUE,""
"asymmetric_mixture",0,129,1440877112,"OLS",TRUE,""
"asymmetric_mixture",0,129,1440877112,"Semiparametric",TRUE,""
"gaussian",0.3,129,1889661816,"OLS",TRUE,""
"gaussian",0.3,129,1889661816,"Semiparametric",TRUE,""
"asymmetric_mixture",0.3,129,1959817377,"OLS",TRUE,""
"asymmetric_mixture",0.3,129,1959817377,"Semiparametric",TRUE,""
"gaussian",-0.3,130,987883402,"OLS",TRUE,""
"gaussian",-0.3,130,987883402,"Semiparametric",TRUE,""
"asymmetric_mixture",-0.3,130,1871468746,"OLS",TRUE,""
"asymmetric_mixture",-0.3,130,1871468746,"Semiparametric",TRUE,""
"gaussian",0,130,825285638,"OLS",TRUE,""
"gaussian",0,130,825285638,"Semiparametric",TRUE,""
"asymmetric_mixture",0,130,995365086,"OLS",TRUE,""
"asymmetric_mixture",0,130,995365086,"Semiparametric",TRUE,""
"gaussian",0.3,130,273597058,"OLS",TRUE,""
"gaussian",0.3,130,273597058,"Semiparametric",TRUE,""
"asymmetric_mixture",0.3,130,1243449158,"OLS",TRUE,""
"asymmetric_mixture",0.3,130,1243449158,"Semiparametric",TRUE,""
"gaussian",-0.3,131,602618071,"OLS",TRUE,""
"gaussian",-0.3,131,602618071,"Semiparametric",TRUE,""
"asymmetric_mixture",-0.3,131,22699484,"OLS",TRUE,""
"asymmetric_mixture",-0.3,131,22699484,"Semiparametric",TRUE,""
"gaussian",0,131,664366335,"OLS",TRUE,""
"gaussian",0,131,664366335,"Semiparametric",TRUE,""
"asymmetric_mixture",0,131,1248217325,"OLS",TRUE,""
"asymmetric_mixture",0,131,1248217325,"Semiparametric",TRUE,""
"gaussian",0.3,131,28642624,"OLS",TRUE,""
"gaussian",0.3,131,28642624,"Semiparametric",TRUE,""
"asymmetric_mixture",0.3,131,904036106,"OLS",TRUE,""
"asymmetric_mixture",0.3,131,904036106,"Semiparametric",TRUE,""
"gaussian",-0.3,132,434851030,"OLS",TRUE,""
"gaussian",-0.3,132,434851030,"Semiparametric",TRUE,""
"asymmetric_mixture",-0.3,132,1836440318,"OLS",TRUE,""
"asymmetric_mixture",-0.3,132,1836440318,"Semiparametric",TRUE,""
"gaussian",0,132,510323579,"OLS",TRUE,""
"gaussian",0,132,510323579,"Semiparametric",TRUE,""
"asymmetric_mixture",0,132,1419747114,"OLS",TRUE,""
"asymmetric_mixture",0,132,1419747114,"Semiparametric",TRUE,""
"gaussian",0.3,132,1317886817,"OLS",TRUE,""
"gaussian",0.3,132,1317886817,"Semiparametric",TRUE,""
"asymmetric_mixture",0.3,132,131206060,"OLS",TRUE,""
"asymmetric_mixture",0.3,132,131206060,"Semiparametric",TRUE,""
"gaussian",-0.3,133,327448949,"OLS",TRUE,""
"gaussian",-0.3,133,327448949,"Semiparametric",TRUE,""
"asymmetric_mixture",-0.3,133,1843994246,"OLS",TRUE,""
"asymmetric_mixture",-0.3,133,1843994246,"Semiparametric",TRUE,""
"gaussian",0,133,1546521984,"OLS",TRUE,""
"gaussian",0,133,1546521984,"Semiparametric",TRUE,""
"asymmetric_mixture",0,133,628053150,"OLS",TRUE,""
"asymmetric_mixture",0,133,628053150,"Semiparametric",TRUE,""
"gaussian",0.3,133,1736172986,"OLS",TRUE,""
"gaussian",0.3,133,1736172986,"Semiparametric",TRUE,""
"asymmetric_mixture",0.3,133,512597002,"OLS",TRUE,""
"asymmetric_mixture",0.3,133,512597002,"Semiparametric",TRUE,""
"gaussian",-0.3,134,875070596,"OLS",TRUE,""
"gaussian",-0.3,134,875070596,"Semiparametric",TRUE,""
"asymmetric_mixture",-0.3,134,1131213696,"OLS",TRUE,""
"asymmetric_mixture",-0.3,134,1131213696,"Semiparametric",TRUE,""
"gaussian",0,134,993934234,"OLS",TRUE,""
"gaussian",0,134,993934234,"Semiparametric",TRUE,""
"asymmetric_mixture",0,134,2132585566,"OLS",TRUE,""
"asymmetric_mixture",0,134,2132585566,"Semiparametric",TRUE,""
"gaussian",0.3,134,1837815843,"OLS",TRUE,""
"gaussian",0.3,134,1837815843,"Semiparametric",TRUE,""
"asymmetric_mixture",0.3,134,1186694382,"OLS",TRUE,""
"asymmetric_mixture",0.3,134,1186694382,"Semiparametric",TRUE,""
"gaussian",-0.3,135,1418512175,"OLS",TRUE,""
"gaussian",-0.3,135,1418512175,"Semiparametric",TRUE,""
"asymmetric_mixture",-0.3,135,1451735096,"OLS",TRUE,""
"asymmetric_mixture",-0.3,135,1451735096,"Semiparametric",TRUE,""
"gaussian",0,135,1943314089,"OLS",TRUE,""
"gaussian",0,135,1943314089,"Semiparametric",TRUE,""
"asymmetric_mixture",0,135,1116313396,"OLS",TRUE,""
"asymmetric_mixture",0,135,1116313396,"Semiparametric",TRUE,""
"gaussian",0.3,135,187818104,"OLS",TRUE,""
"gaussian",0.3,135,187818104,"Semiparametric",TRUE,""
"asymmetric_mixture",0.3,135,1835639855,"OLS",TRUE,""
"asymmetric_mixture",0.3,135,1835639855,"Semiparametric",TRUE,""
"gaussian",-0.3,136,1733878298,"OLS",TRUE,""
"gaussian",-0.3,136,1733878298,"Semiparametric",TRUE,""
"asymmetric_mixture",-0.3,136,547507405,"OLS",TRUE,""
"asymmetric_mixture",-0.3,136,547507405,"Semiparametric",TRUE,""
"gaussian",0,136,2072001967,"OLS",TRUE,""
"gaussian",0,136,2072001967,"Semiparametric",TRUE,""
"asymmetric_mixture",0,136,632262608,"OLS",TRUE,""
"asymmetric_mixture",0,136,632262608,"Semiparametric",TRUE,""
"gaussian",0.3,136,207544247,"OLS",TRUE,""
"gaussian",0.3,136,207544247,"Semiparametric",TRUE,""
"asymmetric_mixture",0.3,136,778609028,"OLS",TRUE,""
"asymmetric_mixture",0.3,136,778609028,"Semiparametric",TRUE,""
"gaussian",-0.3,137,1520701713,"OLS",TRUE,""
"gaussian",-0.3,137,1520701713,"Semiparametric",TRUE,""
"asymmetric_mixture",-0.3,137,972485414,"OLS",TRUE,""
"asymmetric_mixture",-0.3,137,972485414,"Semiparametric",TRUE,""
"gaussian",0,137,967486518,"OLS",TRUE,""
"gaussian",0,137,967486518,"Semiparametric",TRUE,""
"asymmetric_mixture",0,137,1020084513,"OLS",TRUE,""
"asymmetric_mixture",0,137,1020084513,"Semiparametric",TRUE,""
"gaussian",0.3,137,48184594,"OLS",TRUE,""
"gaussian",0.3,137,48184594,"Semiparametric",TRUE,""
"asymmetric_mixture",0.3,137,1144045713,"OLS",TRUE,""
"asymmetric_mixture",0.3,137,1144045713,"Semiparametric",TRUE,""
"gaussian",-0.3,138,759152191,"OLS",TRUE,""
"gaussian",-0.3,138,759152191,"Semiparametric",TRUE,""
"asymmetric_mixture",-0.3,138,1198522361,"OLS",TRUE,""
"asymmetric_mixture",-0.3,138,1198522361,"Semiparametric",TRUE,""
"gaussian",0,138,1221068284,"OLS",TRUE,""
"gaussian",0,138,1221068284,"Semiparametric",TRUE,""
"asymmetric_mixture",0,138,214160810,"OLS",TRUE,""
"asymmetric_mixture",0,138,214160810,"Semiparametric",TRUE,""
"gaussian",0.3,138,1356836153,"OLS",TRUE,""
"gaussian",0.3,138,1356836153,"Semiparametric",TRUE,""
"asymmetric_mixture",0.3,138,603789268,"OLS",TRUE,""
"asymmetric_mixture",0.3,138,603789268,"Semiparametric",TRUE,""
"gaussian",-0.3,139,1681311818,"OLS",TRUE,""
"gaussian",-0.3,139,1681311818,"Semiparametric",TRUE,""
"asymmetric_mixture",-0.3,139,315018145,"OLS",TRUE,""
"asymmetric_mixture",-0.3,139,315018145,"Semiparametric",TRUE,""
"gaussian",0,139,906118280,"OLS",TRUE,""
"gaussian",0,139,906118280,"Semiparametric",TRUE,""
"asymmetric_mixture",0,139,1471532234,"OLS",TRUE,""
"asymmetric_mixture",0,139,1471532234,"Semiparametric",TRUE,""
"gaussian",0.3,139,1689771494,"OLS",TRUE,""
"gaussian",0.3,139,1689771494,"Semiparametric",TRUE,""
"asymmetric_mixture",0.3,139,808256765,"OLS",TRUE,""
"asymmetric_mixture",0.3,139,808256765,"Semiparametric",TRUE,""
"gaussian",-0.3,140,1309630694,"OLS",TRUE,""
"gaussian",-0.3,140,1309630694,"Semiparametric",TRUE,""
"asymmetric_mixture",-0.3,140,64351609,"OLS",TRUE,""
"asymmetric_mixture",-0.3,140,64351609,"Semiparametric",TRUE,""
"gaussian",0,140,1769315876,"OLS",TRUE,""
"gaussian",0,140,1769315876,"Semiparametric",TRUE,""
"asymmetric_mixture",0,140,660046146,"OLS",TRUE,""
"asymmetric_mixture",0,140,660046146,"Semiparametric",TRUE,""
"gaussian",0.3,140,1885701849,"OLS",TRUE,""
"gaussian",0.3,140,1885701849,"Semiparametric",TRUE,""
"asymmetric_mixture",0.3,140,765481494,"OLS",TRUE,""
"asymmetric_mixture",0.3,140,765481494,"Semiparametric",TRUE,""
"gaussian",-0.3,141,335871342,"OLS",TRUE,""
"gaussian",-0.3,141,335871342,"Semiparametric",TRUE,""
"asymmetric_mixture",-0.3,141,37357443,"OLS",TRUE,""
"asymmetric_mixture",-0.3,141,37357443,"Semiparametric",TRUE,""
"gaussian",0,141,1425117964,"OLS",TRUE,""
"gaussian",0,141,1425117964,"Semiparametric",TRUE,""
"asymmetric_mixture",0,141,594934521,"OLS",TRUE,""
"asymmetric_mixture",0,141,594934521,"Semiparametric",TRUE,""
"gaussian",0.3,141,194553085,"OLS",TRUE,""
"gaussian",0.3,141,194553085,"Semiparametric",TRUE,""
"asymmetric_mixture",0.3,141,812608639,"OLS",TRUE,""
"asymmetric_mixture",0.3,141,812608639,"Semiparametric",TRUE,""
"gaussian",-0.3,142,695939044,"OLS",TRUE,""
"gaussian",-0.3,142,695939044,"Semiparametric",TRUE,""
"asymmetric_mixture",-0.3,142,491341059,"OLS",TRUE,""
"asymmetric_mixture",-0.3,142,491341059,"Semiparametric",TRUE,""
"gaussian",0,142,118453524,"OLS",TRUE,""
"gaussian",0,142,118453524,"Semiparametric",TRUE,""
"asymmetric_mixture",0,142,785322383,"OLS",TRUE,""
"asymmetric_mixture",0,142,785322383,"Semiparametric",TRUE,""
"gaussian",0.3,142,1258253994,"OLS",TRUE,""
"gaussian",0.3,142,1258253994,"Semiparametric",TRUE,""
"asymmetric_mixture",0.3,142,772104483,"OLS",TRUE,""
"asymmetric_mixture",0.3,142,772104483,"Semiparametric",TRUE,""
"gaussian",-0.3,143,1261606304,"OLS",TRUE,""
"gaussian",-0.3,143,1261606304,"Semiparametric",TRUE,""
"asymmetric_mixture",-0.3,143,2015228986,"OLS",TRUE,""
"asymmetric_mixture",-0.3,143,2015228986,"Semiparametric",TRUE,""
"gaussian",0,143,557896754,"OLS",TRUE,""
"gaussian",0,143,557896754,"Semiparametric",TRUE,""
"asymmetric_mixture",0,143,1452412428,"OLS",TRUE,""
"asymmetric_mixture",0,143,1452412428,"Semiparametric",TRUE,""
"gaussian",0.3,143,1232244806,"OLS",TRUE,""
"gaussian",0.3,143,1232244806,"Semiparametric",TRUE,""
"asymmetric_mixture",0.3,143,748082621,"OLS",TRUE,""
"asymmetric_mixture",0.3,143,748082621,"Semiparametric",TRUE,""
"gaussian",-0.3,144,151187151,"OLS",TRUE,""
"gaussian",-0.3,144,151187151,"Semiparametric",TRUE,""
"asymmetric_mixture",-0.3,144,154590941,"OLS",TRUE,""
"asymmetric_mixture",-0.3,144,154590941,"Semiparametric",TRUE,""
"gaussian",0,144,30140040,"OLS",TRUE,""
"gaussian",0,144,30140040,"Semiparametric",TRUE,""
"asymmetric_mixture",0,144,1077445072,"OLS",TRUE,""
"asymmetric_mixture",0,144,1077445072,"Semiparametric",TRUE,""
"gaussian",0.3,144,541308632,"OLS",TRUE,""
"gaussian",0.3,144,541308632,"Semiparametric",TRUE,""
"asymmetric_mixture",0.3,144,1644604289,"OLS",TRUE,""
"asymmetric_mixture",0.3,144,1644604289,"Semiparametric",TRUE,""
"gaussian",-0.3,145,143341225,"OLS",TRUE,""
"gaussian",-0.3,145,143341225,"Semiparametric",TRUE,""
"asymmetric_mixture",-0.3,145,1973843148,"OLS",TRUE,""
"asymmetric_mixture",-0.3,145,1973843148,"Semiparametric",TRUE,""
"gaussian",0,145,2114179469,"OLS",TRUE,""
"gaussian",0,145,2114179469,"Semiparametric",TRUE,""
"asymmetric_mixture",0,145,1232499221,"OLS",TRUE,""
"asymmetric_mixture",0,145,1232499221,"Semiparametric",TRUE,""
"gaussian",0.3,145,1075604183,"OLS",TRUE,""
"gaussian",0.3,145,1075604183,"Semiparametric",TRUE,""
"asymmetric_mixture",0.3,145,1681048777,"OLS",TRUE,""
"asymmetric_mixture",0.3,145,1681048777,"Semiparametric",TRUE,""
"gaussian",-0.3,146,853613114,"OLS",TRUE,""
"gaussian",-0.3,146,853613114,"Semiparametric",TRUE,""
"asymmetric_mixture",-0.3,146,153061336,"OLS",TRUE,""
"asymmetric_mixture",-0.3,146,153061336,"Semiparametric",FALSE,"No numerically valid semiparametric root was found."
"gaussian",0,146,1317883003,"OLS",TRUE,""
"gaussian",0,146,1317883003,"Semiparametric",TRUE,""
"asymmetric_mixture",0,146,1673448087,"OLS",TRUE,""
"asymmetric_mixture",0,146,1673448087,"Semiparametric",TRUE,""
"gaussian",0.3,146,2139683553,"OLS",TRUE,""
"gaussian",0.3,146,2139683553,"Semiparametric",TRUE,""
"asymmetric_mixture",0.3,146,1850011717,"OLS",TRUE,""
"asymmetric_mixture",0.3,146,1850011717,"Semiparametric",TRUE,""
"gaussian",-0.3,147,2027424211,"OLS",TRUE,""
"gaussian",-0.3,147,2027424211,"Semiparametric",TRUE,""
"asymmetric_mixture",-0.3,147,1283563088,"OLS",TRUE,""
"asymmetric_mixture",-0.3,147,1283563088,"Semiparametric",TRUE,""
"gaussian",0,147,653820422,"OLS",TRUE,""
"gaussian",0,147,653820422,"Semiparametric",TRUE,""
"asymmetric_mixture",0,147,120977993,"OLS",TRUE,""
"asymmetric_mixture",0,147,120977993,"Semiparametric",TRUE,""
"gaussian",0.3,147,797682318,"OLS",TRUE,""
"gaussian",0.3,147,797682318,"Semiparametric",TRUE,""
"asymmetric_mixture",0.3,147,1177806117,"OLS",TRUE,""
"asymmetric_mixture",0.3,147,1177806117,"Semiparametric",TRUE,""
"gaussian",-0.3,148,1197279243,"OLS",TRUE,""
"gaussian",-0.3,148,1197279243,"Semiparametric",TRUE,""
"asymmetric_mixture",-0.3,148,1580770991,"OLS",TRUE,""
"asymmetric_mixture",-0.3,148,1580770991,"Semiparametric",TRUE,""
"gaussian",0,148,882973701,"OLS",TRUE,""
"gaussian",0,148,882973701,"Semiparametric",TRUE,""
"asymmetric_mixture",0,148,742098186,"OLS",TRUE,""
"asymmetric_mixture",0,148,742098186,"Semiparametric",TRUE,""
"gaussian",0.3,148,1396595335,"OLS",TRUE,""
"gaussian",0.3,148,1396595335,"Semiparametric",TRUE,""
"asymmetric_mixture",0.3,148,2115691896,"OLS",TRUE,""
"asymmetric_mixture",0.3,148,2115691896,"Semiparametric",TRUE,""
"gaussian",-0.3,149,36423471,"OLS",TRUE,""
"gaussian",-0.3,149,36423471,"Semiparametric",TRUE,""
"asymmetric_mixture",-0.3,149,1757886019,"OLS",TRUE,""
"asymmetric_mixture",-0.3,149,1757886019,"Semiparametric",TRUE,""
"gaussian",0,149,490877369,"OLS",TRUE,""
"gaussian",0,149,490877369,"Semiparametric",TRUE,""
"asymmetric_mixture",0,149,899355282,"OLS",TRUE,""
"asymmetric_mixture",0,149,899355282,"Semiparametric",TRUE,""
"gaussian",0.3,149,1457446546,"OLS",TRUE,""
"gaussian",0.3,149,1457446546,"Semiparametric",TRUE,""
"asymmetric_mixture",0.3,149,1219126026,"OLS",TRUE,""
"asymmetric_mixture",0.3,149,1219126026,"Semiparametric",TRUE,""
"gaussian",-0.3,150,1371859788,"OLS",TRUE,""
"gaussian",-0.3,150,1371859788,"Semiparametric",TRUE,""
"asymmetric_mixture",-0.3,150,1034791130,"OLS",TRUE,""
"asymmetric_mixture",-0.3,150,1034791130,"Semiparametric",TRUE,""
"gaussian",0,150,585370823,"OLS",TRUE,""
"gaussian",0,150,585370823,"Semiparametric",TRUE,""
"asymmetric_mixture",0,150,1795586966,"OLS",TRUE,""
"asymmetric_mixture",0,150,1795586966,"Semiparametric",TRUE,""
"gaussian",0.3,150,891264830,"OLS",TRUE,""
"gaussian",0.3,150,891264830,"Semiparametric",TRUE,""
"asymmetric_mixture",0.3,150,1209879069,"OLS",TRUE,""
"asymmetric_mixture",0.3,150,1209879069,"Semiparametric",TRUE,""
"gaussian",-0.3,151,631460501,"OLS",TRUE,""
"gaussian",-0.3,151,631460501,"Semiparametric",TRUE,""
"asymmetric_mixture",-0.3,151,1964085720,"OLS",TRUE,""
"asymmetric_mixture",-0.3,151,1964085720,"Semiparametric",TRUE,""
"gaussian",0,151,1143494566,"OLS",TRUE,""
"gaussian",0,151,1143494566,"Semiparametric",TRUE,""
"asymmetric_mixture",0,151,1903546901,"OLS",TRUE,""
"asymmetric_mixture",0,151,1903546901,"Semiparametric",TRUE,""
"gaussian",0.3,151,70049195,"OLS",TRUE,""
"gaussian",0.3,151,70049195,"Semiparametric",TRUE,""
"asymmetric_mixture",0.3,151,1335999368,"OLS",TRUE,""
"asymmetric_mixture",0.3,151,1335999368,"Semiparametric",TRUE,""
"gaussian",-0.3,152,173799395,"OLS",TRUE,""
"gaussian",-0.3,152,173799395,"Semiparametric",TRUE,""
"asymmetric_mixture",-0.3,152,1999092587,"OLS",TRUE,""
"asymmetric_mixture",-0.3,152,1999092587,"Semiparametric",TRUE,""
"gaussian",0,152,1595595946,"OLS",TRUE,""
"gaussian",0,152,1595595946,"Semiparametric",TRUE,""
"asymmetric_mixture",0,152,633538210,"OLS",TRUE,""
"asymmetric_mixture",0,152,633538210,"Semiparametric",TRUE,""
"gaussian",0.3,152,1370591680,"OLS",TRUE,""
"gaussian",0.3,152,1370591680,"Semiparametric",TRUE,""
"asymmetric_mixture",0.3,152,795620508,"OLS",TRUE,""
"asymmetric_mixture",0.3,152,795620508,"Semiparametric",TRUE,""
"gaussian",-0.3,153,1586764184,"OLS",TRUE,""
"gaussian",-0.3,153,1586764184,"Semiparametric",TRUE,""
"asymmetric_mixture",-0.3,153,1303013310,"OLS",TRUE,""
"asymmetric_mixture",-0.3,153,1303013310,"Semiparametric",TRUE,""
"gaussian",0,153,1294539777,"OLS",TRUE,""
"gaussian",0,153,1294539777,"Semiparametric",TRUE,""
"asymmetric_mixture",0,153,1884713010,"OLS",TRUE,""
"asymmetric_mixture",0,153,1884713010,"Semiparametric",TRUE,""
"gaussian",0.3,153,625295128,"OLS",TRUE,""
"gaussian",0.3,153,625295128,"Semiparametric",TRUE,""
"asymmetric_mixture",0.3,153,739706291,"OLS",TRUE,""
"asymmetric_mixture",0.3,153,739706291,"Semiparametric",TRUE,""
"gaussian",-0.3,154,689303165,"OLS",TRUE,""
"gaussian",-0.3,154,689303165,"Semiparametric",TRUE,""
"asymmetric_mixture",-0.3,154,1390407779,"OLS",TRUE,""
"asymmetric_mixture",-0.3,154,1390407779,"Semiparametric",TRUE,""
"gaussian",0,154,2075576781,"OLS",TRUE,""
"gaussian",0,154,2075576781,"Semiparametric",TRUE,""
"asymmetric_mixture",0,154,1464614444,"OLS",TRUE,""
"asymmetric_mixture",0,154,1464614444,"Semiparametric",TRUE,""
"gaussian",0.3,154,1518234860,"OLS",TRUE,""
"gaussian",0.3,154,1518234860,"Semiparametric",TRUE,""
"asymmetric_mixture",0.3,154,1902700191,"OLS",TRUE,""
"asymmetric_mixture",0.3,154,1902700191,"Semiparametric",TRUE,""
"gaussian",-0.3,155,774230882,"OLS",TRUE,""
"gaussian",-0.3,155,774230882,"Semiparametric",TRUE,""
"asymmetric_mixture",-0.3,155,98936109,"OLS",TRUE,""
"asymmetric_mixture",-0.3,155,98936109,"Semiparametric",TRUE,""
"gaussian",0,155,705804117,"OLS",TRUE,""
"gaussian",0,155,705804117,"Semiparametric",TRUE,""
"asymmetric_mixture",0,155,1395845335,"OLS",TRUE,""
"asymmetric_mixture",0,155,1395845335,"Semiparametric",TRUE,""
"gaussian",0.3,155,2110599681,"OLS",TRUE,""
"gaussian",0.3,155,2110599681,"Semiparametric",TRUE,""
"asymmetric_mixture",0.3,155,1031470627,"OLS",TRUE,""
"asymmetric_mixture",0.3,155,1031470627,"Semiparametric",TRUE,""
"gaussian",-0.3,156,254163783,"OLS",TRUE,""
"gaussian",-0.3,156,254163783,"Semiparametric",TRUE,""
"asymmetric_mixture",-0.3,156,1516872721,"OLS",TRUE,""
"asymmetric_mixture",-0.3,156,1516872721,"Semiparametric",TRUE,""
"gaussian",0,156,193572390,"OLS",TRUE,""
"gaussian",0,156,193572390,"Semiparametric",TRUE,""
"asymmetric_mixture",0,156,1273528762,"OLS",TRUE,""
"asymmetric_mixture",0,156,1273528762,"Semiparametric",TRUE,""
"gaussian",0.3,156,1148351404,"OLS",TRUE,""
"gaussian",0.3,156,1148351404,"Semiparametric",TRUE,""
"asymmetric_mixture",0.3,156,2059768180,"OLS",TRUE,""
"asymmetric_mixture",0.3,156,2059768180,"Semiparametric",TRUE,""
"gaussian",-0.3,157,1552082034,"OLS",TRUE,""
"gaussian",-0.3,157,1552082034,"Semiparametric",TRUE,""
"asymmetric_mixture",-0.3,157,769577315,"OLS",TRUE,""
"asymmetric_mixture",-0.3,157,769577315,"Semiparametric",TRUE,""
"gaussian",0,157,1828710311,"OLS",TRUE,""
"gaussian",0,157,1828710311,"Semiparametric",TRUE,""
"asymmetric_mixture",0,157,1069808505,"OLS",TRUE,""
"asymmetric_mixture",0,157,1069808505,"Semiparametric",TRUE,""
"gaussian",0.3,157,202352474,"OLS",TRUE,""
"gaussian",0.3,157,202352474,"Semiparametric",TRUE,""
"asymmetric_mixture",0.3,157,955286866,"OLS",TRUE,""
"asymmetric_mixture",0.3,157,955286866,"Semiparametric",TRUE,""
"gaussian",-0.3,158,247738919,"OLS",TRUE,""
"gaussian",-0.3,158,247738919,"Semiparametric",TRUE,""
"asymmetric_mixture",-0.3,158,54707750,"OLS",TRUE,""
"asymmetric_mixture",-0.3,158,54707750,"Semiparametric",TRUE,""
"gaussian",0,158,838133343,"OLS",TRUE,""
"gaussian",0,158,838133343,"Semiparametric",TRUE,""
"asymmetric_mixture",0,158,1672193423,"OLS",TRUE,""
"asymmetric_mixture",0,158,1672193423,"Semiparametric",TRUE,""
"gaussian",0.3,158,477901034,"OLS",TRUE,""
"gaussian",0.3,158,477901034,"Semiparametric",TRUE,""
"asymmetric_mixture",0.3,158,134690812,"OLS",TRUE,""
"asymmetric_mixture",0.3,158,134690812,"Semiparametric",TRUE,""
"gaussian",-0.3,159,2106786468,"OLS",TRUE,""
"gaussian",-0.3,159,2106786468,"Semiparametric",TRUE,""
"asymmetric_mixture",-0.3,159,73430244,"OLS",TRUE,""
"asymmetric_mixture",-0.3,159,73430244,"Semiparametric",TRUE,""
"gaussian",0,159,128190383,"OLS",TRUE,""
"gaussian",0,159,128190383,"Semiparametric",TRUE,""
"asymmetric_mixture",0,159,452021429,"OLS",TRUE,""
"asymmetric_mixture",0,159,452021429,"Semiparametric",TRUE,""
"gaussian",0.3,159,854584148,"OLS",TRUE,""
"gaussian",0.3,159,854584148,"Semiparametric",TRUE,""
"asymmetric_mixture",0.3,159,832101109,"OLS",TRUE,""
"asymmetric_mixture",0.3,159,832101109,"Semiparametric",TRUE,""
"gaussian",-0.3,160,584103036,"OLS",TRUE,""
"gaussian",-0.3,160,584103036,"Semiparametric",TRUE,""
"asymmetric_mixture",-0.3,160,138544863,"OLS",TRUE,""
"asymmetric_mixture",-0.3,160,138544863,"Semiparametric",TRUE,""
"gaussian",0,160,857473017,"OLS",TRUE,""
"gaussian",0,160,857473017,"Semiparametric",TRUE,""
"asymmetric_mixture",0,160,55865376,"OLS",TRUE,""
"asymmetric_mixture",0,160,55865376,"Semiparametric",TRUE,""
"gaussian",0.3,160,1600814713,"OLS",TRUE,""
"gaussian",0.3,160,1600814713,"Semiparametric",TRUE,""
"asymmetric_mixture",0.3,160,1341131821,"OLS",TRUE,""
"asymmetric_mixture",0.3,160,1341131821,"Semiparametric",TRUE,""
"gaussian",-0.3,161,748082391,"OLS",TRUE,""
"gaussian",-0.3,161,748082391,"Semiparametric",TRUE,""
"asymmetric_mixture",-0.3,161,1177352527,"OLS",TRUE,""
"asymmetric_mixture",-0.3,161,1177352527,"Semiparametric",TRUE,""
"gaussian",0,161,954196024,"OLS",TRUE,""
"gaussian",0,161,954196024,"Semiparametric",TRUE,""
"asymmetric_mixture",0,161,312260795,"OLS",TRUE,""
"asymmetric_mixture",0,161,312260795,"Semiparametric",TRUE,""
"gaussian",0.3,161,477085918,"OLS",TRUE,""
"gaussian",0.3,161,477085918,"Semiparametric",TRUE,""
"asymmetric_mixture",0.3,161,1426644955,"OLS",TRUE,""
"asymmetric_mixture",0.3,161,1426644955,"Semiparametric",TRUE,""
"gaussian",-0.3,162,1385221962,"OLS",TRUE,""
"gaussian",-0.3,162,1385221962,"Semiparametric",TRUE,""
"asymmetric_mixture",-0.3,162,1327422333,"OLS",TRUE,""
"asymmetric_mixture",-0.3,162,1327422333,"Semiparametric",TRUE,""
"gaussian",0,162,1745092676,"OLS",TRUE,""
"gaussian",0,162,1745092676,"Semiparametric",TRUE,""
"asymmetric_mixture",0,162,733499149,"OLS",TRUE,""
"asymmetric_mixture",0,162,733499149,"Semiparametric",TRUE,""
"gaussian",0.3,162,634113848,"OLS",TRUE,""
"gaussian",0.3,162,634113848,"Semiparametric",TRUE,""
"asymmetric_mixture",0.3,162,620722644,"OLS",TRUE,""
"asymmetric_mixture",0.3,162,620722644,"Semiparametric",TRUE,""
"gaussian",-0.3,163,313192471,"OLS",TRUE,""
"gaussian",-0.3,163,313192471,"Semiparametric",TRUE,""
"asymmetric_mixture",-0.3,163,1746150121,"OLS",TRUE,""
"asymmetric_mixture",-0.3,163,1746150121,"Semiparametric",TRUE,""
"gaussian",0,163,525047375,"OLS",TRUE,""
"gaussian",0,163,525047375,"Semiparametric",TRUE,""
"asymmetric_mixture",0,163,1789399391,"OLS",TRUE,""
"asymmetric_mixture",0,163,1789399391,"Semiparametric",TRUE,""
"gaussian",0.3,163,935481353,"OLS",TRUE,""
"gaussian",0.3,163,935481353,"Semiparametric",TRUE,""
"asymmetric_mixture",0.3,163,2010906617,"OLS",TRUE,""
"asymmetric_mixture",0.3,163,2010906617,"Semiparametric",TRUE,""
"gaussian",-0.3,164,410922668,"OLS",TRUE,""
"gaussian",-0.3,164,410922668,"Semiparametric",TRUE,""
"asymmetric_mixture",-0.3,164,1109577625,"OLS",TRUE,""
"asymmetric_mixture",-0.3,164,1109577625,"Semiparametric",TRUE,""
"gaussian",0,164,839223215,"OLS",TRUE,""
"gaussian",0,164,839223215,"Semiparametric",TRUE,""
"asymmetric_mixture",0,164,1485680574,"OLS",TRUE,""
"asymmetric_mixture",0,164,1485680574,"Semiparametric",TRUE,""
"gaussian",0.3,164,489268202,"OLS",TRUE,""
"gaussian",0.3,164,489268202,"Semiparametric",TRUE,""
"asymmetric_mixture",0.3,164,1499951065,"OLS",TRUE,""
"asymmetric_mixture",0.3,164,1499951065,"Semiparametric",TRUE,""
"gaussian",-0.3,165,16587564,"OLS",TRUE,""
"gaussian",-0.3,165,16587564,"Semiparametric",TRUE,""
"asymmetric_mixture",-0.3,165,1183579725,"OLS",TRUE,""
"asymmetric_mixture",-0.3,165,1183579725,"Semiparametric",TRUE,""
"gaussian",0,165,2038785976,"OLS",TRUE,""
"gaussian",0,165,2038785976,"Semiparametric",TRUE,""
"asymmetric_mixture",0,165,1119169251,"OLS",TRUE,""
"asymmetric_mixture",0,165,1119169251,"Semiparametric",TRUE,""
"gaussian",0.3,165,2080721228,"OLS",TRUE,""
"gaussian",0.3,165,2080721228,"Semiparametric",TRUE,""
"asymmetric_mixture",0.3,165,945391972,"OLS",TRUE,""
"asymmetric_mixture",0.3,165,945391972,"Semiparametric",TRUE,""
"gaussian",-0.3,166,401687451,"OLS",TRUE,""
"gaussian",-0.3,166,401687451,"Semiparametric",TRUE,""
"asymmetric_mixture",-0.3,166,2054646194,"OLS",TRUE,""
"asymmetric_mixture",-0.3,166,2054646194,"Semiparametric",TRUE,""
"gaussian",0,166,1714858397,"OLS",TRUE,""
"gaussian",0,166,1714858397,"Semiparametric",TRUE,""
"asymmetric_mixture",0,166,1254908288,"OLS",TRUE,""
"asymmetric_mixture",0,166,1254908288,"Semiparametric",TRUE,""
"gaussian",0.3,166,1194740635,"OLS",TRUE,""
"gaussian",0.3,166,1194740635,"Semiparametric",TRUE,""
"asymmetric_mixture",0.3,166,931122521,"OLS",TRUE,""
"asymmetric_mixture",0.3,166,931122521,"Semiparametric",TRUE,""
"gaussian",-0.3,167,1745766757,"OLS",TRUE,""
"gaussian",-0.3,167,1745766757,"Semiparametric",TRUE,""
"asymmetric_mixture",-0.3,167,355119101,"OLS",TRUE,""
"asymmetric_mixture",-0.3,167,355119101,"Semiparametric",TRUE,""
"gaussian",0,167,1752477590,"OLS",TRUE,""
"gaussian",0,167,1752477590,"Semiparametric",TRUE,""
"asymmetric_mixture",0,167,128698311,"OLS",TRUE,""
"asymmetric_mixture",0,167,128698311,"Semiparametric",TRUE,""
"gaussian",0.3,167,1383783371,"OLS",TRUE,""
"gaussian",0.3,167,1383783371,"Semiparametric",TRUE,""
"asymmetric_mixture",0.3,167,1203575320,"OLS",TRUE,""
"asymmetric_mixture",0.3,167,1203575320,"Semiparametric",TRUE,""
"gaussian",-0.3,168,1236940059,"OLS",TRUE,""
"gaussian",-0.3,168,1236940059,"Semiparametric",TRUE,""
"asymmetric_mixture",-0.3,168,2096317097,"OLS",TRUE,""
"asymmetric_mixture",-0.3,168,2096317097,"Semiparametric",TRUE,""
"gaussian",0,168,268175417,"OLS",TRUE,""
"gaussian",0,168,268175417,"Semiparametric",TRUE,""
"asymmetric_mixture",0,168,93499573,"OLS",TRUE,""
"asymmetric_mixture",0,168,93499573,"Semiparametric",TRUE,""
"gaussian",0.3,168,1679274826,"OLS",TRUE,""
"gaussian",0.3,168,1679274826,"Semiparametric",TRUE,""
"asymmetric_mixture",0.3,168,1897279446,"OLS",TRUE,""
"asymmetric_mixture",0.3,168,1897279446,"Semiparametric",TRUE,""
"gaussian",-0.3,169,1781643346,"OLS",TRUE,""
"gaussian",-0.3,169,1781643346,"Semiparametric",TRUE,""
"asymmetric_mixture",-0.3,169,2110786003,"OLS",TRUE,""
"asymmetric_mixture",-0.3,169,2110786003,"Semiparametric",TRUE,""
"gaussian",0,169,476034373,"OLS",TRUE,""
"gaussian",0,169,476034373,"Semiparametric",TRUE,""
"asymmetric_mixture",0,169,43908719,"OLS",TRUE,""
"asymmetric_mixture",0,169,43908719,"Semiparametric",TRUE,""
"gaussian",0.3,169,910726994,"OLS",TRUE,""
"gaussian",0.3,169,910726994,"Semiparametric",TRUE,""
"asymmetric_mixture",0.3,169,2051186094,"OLS",TRUE,""
"asymmetric_mixture",0.3,169,2051186094,"Semiparametric",TRUE,""
"gaussian",-0.3,170,316607727,"OLS",TRUE,""
"gaussian",-0.3,170,316607727,"Semiparametric",TRUE,""
"asymmetric_mixture",-0.3,170,122536357,"OLS",TRUE,""
"asymmetric_mixture",-0.3,170,122536357,"Semiparametric",TRUE,""
"gaussian",0,170,1172955867,"OLS",TRUE,""
"gaussian",0,170,1172955867,"Semiparametric",TRUE,""
"asymmetric_mixture",0,170,1284836731,"OLS",TRUE,""
"asymmetric_mixture",0,170,1284836731,"Semiparametric",TRUE,""
"gaussian",0.3,170,1759184470,"OLS",TRUE,""
"gaussian",0.3,170,1759184470,"Semiparametric",TRUE,""
"asymmetric_mixture",0.3,170,354139052,"OLS",TRUE,""
"asymmetric_mixture",0.3,170,354139052,"Semiparametric",TRUE,""
"gaussian",-0.3,171,787301584,"OLS",TRUE,""
"gaussian",-0.3,171,787301584,"Semiparametric",TRUE,""
"asymmetric_mixture",-0.3,171,1726421885,"OLS",TRUE,""
"asymmetric_mixture",-0.3,171,1726421885,"Semiparametric",TRUE,""
"gaussian",0,171,806331037,"OLS",TRUE,""
"gaussian",0,171,806331037,"Semiparametric",TRUE,""
"asymmetric_mixture",0,171,1860987268,"OLS",TRUE,""
"asymmetric_mixture",0,171,1860987268,"Semiparametric",TRUE,""
"gaussian",0.3,171,1736335489,"OLS",TRUE,""
"gaussian",0.3,171,1736335489,"Semiparametric",TRUE,""
"asymmetric_mixture",0.3,171,1964364778,"OLS",TRUE,""
"asymmetric_mixture",0.3,171,1964364778,"Semiparametric",TRUE,""
"gaussian",-0.3,172,99364101,"OLS",TRUE,""
"gaussian",-0.3,172,99364101,"Semiparametric",TRUE,""
"asymmetric_mixture",-0.3,172,27141477,"OLS",TRUE,""
"asymmetric_mixture",-0.3,172,27141477,"Semiparametric",TRUE,""
"gaussian",0,172,1113541642,"OLS",TRUE,""
"gaussian",0,172,1113541642,"Semiparametric",TRUE,""
"asymmetric_mixture",0,172,2110290223,"OLS",TRUE,""
"asymmetric_mixture",0,172,2110290223,"Semiparametric",TRUE,""
"gaussian",0.3,172,1574834170,"OLS",TRUE,""
"gaussian",0.3,172,1574834170,"Semiparametric",TRUE,""
"asymmetric_mixture",0.3,172,1436143433,"OLS",TRUE,""
"asymmetric_mixture",0.3,172,1436143433,"Semiparametric",TRUE,""
"gaussian",-0.3,173,1252762031,"OLS",TRUE,""
"gaussian",-0.3,173,1252762031,"Semiparametric",TRUE,""
"asymmetric_mixture",-0.3,173,1714634942,"OLS",TRUE,""
"asymmetric_mixture",-0.3,173,1714634942,"Semiparametric",TRUE,""
"gaussian",0,173,1541638975,"OLS",TRUE,""
"gaussian",0,173,1541638975,"Semiparametric",TRUE,""
"asymmetric_mixture",0,173,47753395,"OLS",TRUE,""
"asymmetric_mixture",0,173,47753395,"Semiparametric",TRUE,""
"gaussian",0.3,173,1669225906,"OLS",TRUE,""
"gaussian",0.3,173,1669225906,"Semiparametric",TRUE,""
"asymmetric_mixture",0.3,173,368832939,"OLS",TRUE,""
"asymmetric_mixture",0.3,173,368832939,"Semiparametric",TRUE,""
"gaussian",-0.3,174,995649590,"OLS",TRUE,""
"gaussian",-0.3,174,995649590,"Semiparametric",TRUE,""
"asymmetric_mixture",-0.3,174,524572859,"OLS",TRUE,""
"asymmetric_mixture",-0.3,174,524572859,"Semiparametric",TRUE,""
"gaussian",0,174,1240763135,"OLS",TRUE,""
"gaussian",0,174,1240763135,"Semiparametric",TRUE,""
"asymmetric_mixture",0,174,1488808989,"OLS",TRUE,""
"asymmetric_mixture",0,174,1488808989,"Semiparametric",TRUE,""
"gaussian",0.3,174,764918712,"OLS",TRUE,""
"gaussian",0.3,174,764918712,"Semiparametric",TRUE,""
"asymmetric_mixture",0.3,174,708394950,"OLS",TRUE,""
"asymmetric_mixture",0.3,174,708394950,"Semiparametric",TRUE,""
"gaussian",-0.3,175,221290392,"OLS",TRUE,""
"gaussian",-0.3,175,221290392,"Semiparametric",TRUE,""
"asymmetric_mixture",-0.3,175,749184012,"OLS",TRUE,""
"asymmetric_mixture",-0.3,175,749184012,"Semiparametric",TRUE,""
"gaussian",0,175,1108343781,"OLS",TRUE,""
"gaussian",0,175,1108343781,"Semiparametric",TRUE,""
"asymmetric_mixture",0,175,1114693255,"OLS",TRUE,""
"asymmetric_mixture",0,175,1114693255,"Semiparametric",TRUE,""
"gaussian",0.3,175,1700147724,"OLS",TRUE,""
"gaussian",0.3,175,1700147724,"Semiparametric",TRUE,""
"asymmetric_mixture",0.3,175,1166640380,"OLS",TRUE,""
"asymmetric_mixture",0.3,175,1166640380,"Semiparametric",TRUE,""
"gaussian",-0.3,176,602094996,"OLS",TRUE,""
"gaussian",-0.3,176,602094996,"Semiparametric",TRUE,""
"asymmetric_mixture",-0.3,176,675272047,"OLS",TRUE,""
"asymmetric_mixture",-0.3,176,675272047,"Semiparametric",TRUE,""
"gaussian",0,176,620509522,"OLS",TRUE,""
"gaussian",0,176,620509522,"Semiparametric",TRUE,""
"asymmetric_mixture",0,176,527641028,"OLS",TRUE,""
"asymmetric_mixture",0,176,527641028,"Semiparametric",TRUE,""
"gaussian",0.3,176,970466926,"OLS",TRUE,""
"gaussian",0.3,176,970466926,"Semiparametric",TRUE,""
"asymmetric_mixture",0.3,176,1459253040,"OLS",TRUE,""
"asymmetric_mixture",0.3,176,1459253040,"Semiparametric",TRUE,""
"gaussian",-0.3,177,1320953095,"OLS",TRUE,""
"gaussian",-0.3,177,1320953095,"Semiparametric",TRUE,""
"asymmetric_mixture",-0.3,177,636586497,"OLS",TRUE,""
"asymmetric_mixture",-0.3,177,636586497,"Semiparametric",TRUE,""
"gaussian",0,177,1520240983,"OLS",TRUE,""
"gaussian",0,177,1520240983,"Semiparametric",TRUE,""
"asymmetric_mixture",0,177,323129106,"OLS",TRUE,""
"asymmetric_mixture",0,177,323129106,"Semiparametric",TRUE,""
"gaussian",0.3,177,305439764,"OLS",TRUE,""
"gaussian",0.3,177,305439764,"Semiparametric",TRUE,""
"asymmetric_mixture",0.3,177,1769423258,"OLS",TRUE,""
"asymmetric_mixture",0.3,177,1769423258,"Semiparametric",TRUE,""
"gaussian",-0.3,178,638999580,"OLS",TRUE,""
"gaussian",-0.3,178,638999580,"Semiparametric",TRUE,""
"asymmetric_mixture",-0.3,178,318603272,"OLS",TRUE,""
"asymmetric_mixture",-0.3,178,318603272,"Semiparametric",TRUE,""
"gaussian",0,178,2013377971,"OLS",TRUE,""
"gaussian",0,178,2013377971,"Semiparametric",TRUE,""
"asymmetric_mixture",0,178,974871912,"OLS",TRUE,""
"asymmetric_mixture",0,178,974871912,"Semiparametric",TRUE,""
"gaussian",0.3,178,1595543998,"OLS",TRUE,""
"gaussian",0.3,178,1595543998,"Semiparametric",TRUE,""
"asymmetric_mixture",0.3,178,1810440043,"OLS",TRUE,""
"asymmetric_mixture",0.3,178,1810440043,"Semiparametric",TRUE,""
"gaussian",-0.3,179,1221464148,"OLS",TRUE,""
"gaussian",-0.3,179,1221464148,"Semiparametric",TRUE,""
"asymmetric_mixture",-0.3,179,1487131122,"OLS",TRUE,""
"asymmetric_mixture",-0.3,179,1487131122,"Semiparametric",TRUE,""
"gaussian",0,179,1195592799,"OLS",TRUE,""
"gaussian",0,179,1195592799,"Semiparametric",TRUE,""
"asymmetric_mixture",0,179,200042356,"OLS",TRUE,""
"asymmetric_mixture",0,179,200042356,"Semiparametric",TRUE,""
"gaussian",0.3,179,902429603,"OLS",TRUE,""
"gaussian",0.3,179,902429603,"Semiparametric",TRUE,""
"asymmetric_mixture",0.3,179,451605727,"OLS",TRUE,""
"asymmetric_mixture",0.3,179,451605727,"Semiparametric",TRUE,""
"gaussian",-0.3,180,74518442,"OLS",TRUE,""
"gaussian",-0.3,180,74518442,"Semiparametric",TRUE,""
"asymmetric_mixture",-0.3,180,1682406308,"OLS",TRUE,""
"asymmetric_mixture",-0.3,180,1682406308,"Semiparametric",TRUE,""
"gaussian",0,180,1753788949,"OLS",TRUE,""
"gaussian",0,180,1753788949,"Semiparametric",TRUE,""
"asymmetric_mixture",0,180,2060220969,"OLS",TRUE,""
"asymmetric_mixture",0,180,2060220969,"Semiparametric",TRUE,""
"gaussian",0.3,180,1732488102,"OLS",TRUE,""
"gaussian",0.3,180,1732488102,"Semiparametric",TRUE,""
"asymmetric_mixture",0.3,180,2013434177,"OLS",TRUE,""
"asymmetric_mixture",0.3,180,2013434177,"Semiparametric",TRUE,""
"gaussian",-0.3,181,326834261,"OLS",TRUE,""
"gaussian",-0.3,181,326834261,"Semiparametric",TRUE,""
"asymmetric_mixture",-0.3,181,1886184190,"OLS",TRUE,""
"asymmetric_mixture",-0.3,181,1886184190,"Semiparametric",TRUE,""
"gaussian",0,181,596123752,"OLS",TRUE,""
"gaussian",0,181,596123752,"Semiparametric",TRUE,""
"asymmetric_mixture",0,181,454579293,"OLS",TRUE,""
"asymmetric_mixture",0,181,454579293,"Semiparametric",TRUE,""
"gaussian",0.3,181,511844651,"OLS",TRUE,""
"gaussian",0.3,181,511844651,"Semiparametric",TRUE,""
"asymmetric_mixture",0.3,181,523736964,"OLS",TRUE,""
"asymmetric_mixture",0.3,181,523736964,"Semiparametric",TRUE,""
"gaussian",-0.3,182,975144807,"OLS",TRUE,""
"gaussian",-0.3,182,975144807,"Semiparametric",TRUE,""
"asymmetric_mixture",-0.3,182,302306913,"OLS",TRUE,""
"asymmetric_mixture",-0.3,182,302306913,"Semiparametric",TRUE,""
"gaussian",0,182,1586338273,"OLS",TRUE,""
"gaussian",0,182,1586338273,"Semiparametric",TRUE,""
"asymmetric_mixture",0,182,1068426323,"OLS",TRUE,""
"asymmetric_mixture",0,182,1068426323,"Semiparametric",TRUE,""
"gaussian",0.3,182,733045370,"OLS",TRUE,""
"gaussian",0.3,182,733045370,"Semiparametric",TRUE,""
"asymmetric_mixture",0.3,182,1367741613,"OLS",TRUE,""
"asymmetric_mixture",0.3,182,1367741613,"Semiparametric",FALSE,"No numerically valid semiparametric root was found."
"gaussian",-0.3,183,1894791321,"OLS",TRUE,""
"gaussian",-0.3,183,1894791321,"Semiparametric",TRUE,""
"asymmetric_mixture",-0.3,183,487716032,"OLS",TRUE,""
"asymmetric_mixture",-0.3,183,487716032,"Semiparametric",TRUE,""
"gaussian",0,183,1317786090,"OLS",TRUE,""
"gaussian",0,183,1317786090,"Semiparametric",TRUE,""
"asymmetric_mixture",0,183,622693917,"OLS",TRUE,""
"asymmetric_mixture",0,183,622693917,"Semiparametric",TRUE,""
"gaussian",0.3,183,859958246,"OLS",TRUE,""
"gaussian",0.3,183,859958246,"Semiparametric",TRUE,""
"asymmetric_mixture",0.3,183,1840044798,"OLS",TRUE,""
"asymmetric_mixture",0.3,183,1840044798,"Semiparametric",TRUE,""
"gaussian",-0.3,184,317889498,"OLS",TRUE,""
"gaussian",-0.3,184,317889498,"Semiparametric",TRUE,""
"asymmetric_mixture",-0.3,184,1559522180,"OLS",TRUE,""
"asymmetric_mixture",-0.3,184,1559522180,"Semiparametric",TRUE,""
"gaussian",0,184,1917595375,"OLS",TRUE,""
"gaussian",0,184,1917595375,"Semiparametric",TRUE,""
"asymmetric_mixture",0,184,247881510,"OLS",TRUE,""
"asymmetric_mixture",0,184,247881510,"Semiparametric",TRUE,""
"gaussian",0.3,184,643344011,"OLS",TRUE,""
"gaussian",0.3,184,643344011,"Semiparametric",TRUE,""
"asymmetric_mixture",0.3,184,2127607010,"OLS",TRUE,""
"asymmetric_mixture",0.3,184,2127607010,"Semiparametric",TRUE,""
"gaussian",-0.3,185,1038417153,"OLS",TRUE,""
"gaussian",-0.3,185,1038417153,"Semiparametric",TRUE,""
"asymmetric_mixture",-0.3,185,655234727,"OLS",TRUE,""
"asymmetric_mixture",-0.3,185,655234727,"Semiparametric",TRUE,""
"gaussian",0,185,244750803,"OLS",TRUE,""
"gaussian",0,185,244750803,"Semiparametric",TRUE,""
"asymmetric_mixture",0,185,969889984,"OLS",TRUE,""
"asymmetric_mixture",0,185,969889984,"Semiparametric",TRUE,""
"gaussian",0.3,185,1362288484,"OLS",TRUE,""
"gaussian",0.3,185,1362288484,"Semiparametric",TRUE,""
"asymmetric_mixture",0.3,185,1893715029,"OLS",TRUE,""
"asymmetric_mixture",0.3,185,1893715029,"Semiparametric",TRUE,""
"gaussian",-0.3,186,984820454,"OLS",TRUE,""
"gaussian",-0.3,186,984820454,"Semiparametric",TRUE,""
"asymmetric_mixture",-0.3,186,1194748291,"OLS",TRUE,""
"asymmetric_mixture",-0.3,186,1194748291,"Semiparametric",TRUE,""
"gaussian",0,186,539583829,"OLS",TRUE,""
"gaussian",0,186,539583829,"Semiparametric",TRUE,""
"asymmetric_mixture",0,186,813580149,"OLS",TRUE,""
"asymmetric_mixture",0,186,813580149,"Semiparametric",TRUE,""
"gaussian",0.3,186,1365747838,"OLS",TRUE,""
"gaussian",0.3,186,1365747838,"Semiparametric",TRUE,""
"asymmetric_mixture",0.3,186,230105091,"OLS",TRUE,""
"asymmetric_mixture",0.3,186,230105091,"Semiparametric",TRUE,""
"gaussian",-0.3,187,779403542,"OLS",TRUE,""
"gaussian",-0.3,187,779403542,"Semiparametric",TRUE,""
"asymmetric_mixture",-0.3,187,529323529,"OLS",TRUE,""
"asymmetric_mixture",-0.3,187,529323529,"Semiparametric",TRUE,""
"gaussian",0,187,1313937630,"OLS",TRUE,""
"gaussian",0,187,1313937630,"Semiparametric",TRUE,""
"asymmetric_mixture",0,187,2116759151,"OLS",TRUE,""
"asymmetric_mixture",0,187,2116759151,"Semiparametric",TRUE,""
"gaussian",0.3,187,1976252634,"OLS",TRUE,""
"gaussian",0.3,187,1976252634,"Semiparametric",TRUE,""
"asymmetric_mixture",0.3,187,1991818678,"OLS",TRUE,""
"asymmetric_mixture",0.3,187,1991818678,"Semiparametric",TRUE,""
"gaussian",-0.3,188,24529226,"OLS",TRUE,""
"gaussian",-0.3,188,24529226,"Semiparametric",TRUE,""
"asymmetric_mixture",-0.3,188,1298388548,"OLS",TRUE,""
"asymmetric_mixture",-0.3,188,1298388548,"Semiparametric",TRUE,""
"gaussian",0,188,456174066,"OLS",TRUE,""
"gaussian",0,188,456174066,"Semiparametric",TRUE,""
"asymmetric_mixture",0,188,670489049,"OLS",TRUE,""
"asymmetric_mixture",0,188,670489049,"Semiparametric",TRUE,""
"gaussian",0.3,188,925124386,"OLS",TRUE,""
"gaussian",0.3,188,925124386,"Semiparametric",TRUE,""
"asymmetric_mixture",0.3,188,36020593,"OLS",TRUE,""
"asymmetric_mixture",0.3,188,36020593,"Semiparametric",TRUE,""
"gaussian",-0.3,189,1983440937,"OLS",TRUE,""
"gaussian",-0.3,189,1983440937,"Semiparametric",TRUE,""
"asymmetric_mixture",-0.3,189,428093874,"OLS",TRUE,""
"asymmetric_mixture",-0.3,189,428093874,"Semiparametric",TRUE,""
"gaussian",0,189,1871039395,"OLS",TRUE,""
"gaussian",0,189,1871039395,"Semiparametric",TRUE,""
"asymmetric_mixture",0,189,389432524,"OLS",TRUE,""
"asymmetric_mixture",0,189,389432524,"Semiparametric",TRUE,""
"gaussian",0.3,189,836229429,"OLS",TRUE,""
"gaussian",0.3,189,836229429,"Semiparametric",TRUE,""
"asymmetric_mixture",0.3,189,1780017864,"OLS",TRUE,""
"asymmetric_mixture",0.3,189,1780017864,"Semiparametric",TRUE,""
"gaussian",-0.3,190,41072848,"OLS",TRUE,""
"gaussian",-0.3,190,41072848,"Semiparametric",TRUE,""
"asymmetric_mixture",-0.3,190,427285664,"OLS",TRUE,""
"asymmetric_mixture",-0.3,190,427285664,"Semiparametric",TRUE,""
"gaussian",0,190,637153892,"OLS",TRUE,""
"gaussian",0,190,637153892,"Semiparametric",TRUE,""
"asymmetric_mixture",0,190,819998122,"OLS",TRUE,""
"asymmetric_mixture",0,190,819998122,"Semiparametric",TRUE,""
"gaussian",0.3,190,1930299118,"OLS",TRUE,""
"gaussian",0.3,190,1930299118,"Semiparametric",TRUE,""
"asymmetric_mixture",0.3,190,238721473,"OLS",TRUE,""
"asymmetric_mixture",0.3,190,238721473,"Semiparametric",TRUE,""
"gaussian",-0.3,191,577608461,"OLS",TRUE,""
"gaussian",-0.3,191,577608461,"Semiparametric",TRUE,""
"asymmetric_mixture",-0.3,191,1533933047,"OLS",TRUE,""
"asymmetric_mixture",-0.3,191,1533933047,"Semiparametric",TRUE,""
"gaussian",0,191,914786135,"OLS",TRUE,""
"gaussian",0,191,914786135,"Semiparametric",TRUE,""
"asymmetric_mixture",0,191,635295458,"OLS",TRUE,""
"asymmetric_mixture",0,191,635295458,"Semiparametric",TRUE,""
"gaussian",0.3,191,2103476223,"OLS",TRUE,""
"gaussian",0.3,191,2103476223,"Semiparametric",TRUE,""
"asymmetric_mixture",0.3,191,1017025581,"OLS",TRUE,""
"asymmetric_mixture",0.3,191,1017025581,"Semiparametric",TRUE,""
"gaussian",-0.3,192,1509319319,"OLS",TRUE,""
"gaussian",-0.3,192,1509319319,"Semiparametric",TRUE,""
"asymmetric_mixture",-0.3,192,1642593980,"OLS",TRUE,""
"asymmetric_mixture",-0.3,192,1642593980,"Semiparametric",TRUE,""
"gaussian",0,192,2042421997,"OLS",TRUE,""
"gaussian",0,192,2042421997,"Semiparametric",TRUE,""
"asymmetric_mixture",0,192,1777990403,"OLS",TRUE,""
"asymmetric_mixture",0,192,1777990403,"Semiparametric",TRUE,""
"gaussian",0.3,192,485302019,"OLS",TRUE,""
"gaussian",0.3,192,485302019,"Semiparametric",TRUE,""
"asymmetric_mixture",0.3,192,136093649,"OLS",TRUE,""
"asymmetric_mixture",0.3,192,136093649,"Semiparametric",TRUE,""
"gaussian",-0.3,193,418131099,"OLS",TRUE,""
"gaussian",-0.3,193,418131099,"Semiparametric",TRUE,""
"asymmetric_mixture",-0.3,193,1684240834,"OLS",TRUE,""
"asymmetric_mixture",-0.3,193,1684240834,"Semiparametric",TRUE,""
"gaussian",0,193,680480565,"OLS",TRUE,""
"gaussian",0,193,680480565,"Semiparametric",TRUE,""
"asymmetric_mixture",0,193,549186281,"OLS",TRUE,""
"asymmetric_mixture",0,193,549186281,"Semiparametric",TRUE,""
"gaussian",0.3,193,1709973923,"OLS",TRUE,""
"gaussian",0.3,193,1709973923,"Semiparametric",TRUE,""
"asymmetric_mixture",0.3,193,329333772,"OLS",TRUE,""
"asymmetric_mixture",0.3,193,329333772,"Semiparametric",TRUE,""
"gaussian",-0.3,194,96142937,"OLS",TRUE,""
"gaussian",-0.3,194,96142937,"Semiparametric",TRUE,""
"asymmetric_mixture",-0.3,194,1436067978,"OLS",TRUE,""
"asymmetric_mixture",-0.3,194,1436067978,"Semiparametric",TRUE,""
"gaussian",0,194,1285283268,"OLS",TRUE,""
"gaussian",0,194,1285283268,"Semiparametric",TRUE,""
"asymmetric_mixture",0,194,794557437,"OLS",TRUE,""
"asymmetric_mixture",0,194,794557437,"Semiparametric",TRUE,""
"gaussian",0.3,194,1229043694,"OLS",TRUE,""
"gaussian",0.3,194,1229043694,"Semiparametric",TRUE,""
"asymmetric_mixture",0.3,194,1515431177,"OLS",TRUE,""
"asymmetric_mixture",0.3,194,1515431177,"Semiparametric",TRUE,""
"gaussian",-0.3,195,1640257293,"OLS",TRUE,""
"gaussian",-0.3,195,1640257293,"Semiparametric",TRUE,""
"asymmetric_mixture",-0.3,195,1085624187,"OLS",TRUE,""
"asymmetric_mixture",-0.3,195,1085624187,"Semiparametric",TRUE,""
"gaussian",0,195,827829209,"OLS",TRUE,""
"gaussian",0,195,827829209,"Semiparametric",TRUE,""
"asymmetric_mixture",0,195,2139794207,"OLS",TRUE,""
"asymmetric_mixture",0,195,2139794207,"Semiparametric",TRUE,""
"gaussian",0.3,195,1577380376,"OLS",TRUE,""
"gaussian",0.3,195,1577380376,"Semiparametric",TRUE,""
"asymmetric_mixture",0.3,195,1834027687,"OLS",TRUE,""
"asymmetric_mixture",0.3,195,1834027687,"Semiparametric",TRUE,""
"gaussian",-0.3,196,1171429617,"OLS",TRUE,""
"gaussian",-0.3,196,1171429617,"Semiparametric",TRUE,""
"asymmetric_mixture",-0.3,196,2123714616,"OLS",TRUE,""
"asymmetric_mixture",-0.3,196,2123714616,"Semiparametric",TRUE,""
"gaussian",0,196,1258274373,"OLS",TRUE,""
"gaussian",0,196,1258274373,"Semiparametric",TRUE,""
"asymmetric_mixture",0,196,569592507,"OLS",TRUE,""
"asymmetric_mixture",0,196,569592507,"Semiparametric",TRUE,""
"gaussian",0.3,196,182859680,"OLS",TRUE,""
"gaussian",0.3,196,182859680,"Semiparametric",TRUE,""
"asymmetric_mixture",0.3,196,1453917724,"OLS",TRUE,""
"asymmetric_mixture",0.3,196,1453917724,"Semiparametric",TRUE,""
"gaussian",-0.3,197,607378106,"OLS",TRUE,""
"gaussian",-0.3,197,607378106,"Semiparametric",TRUE,""
"asymmetric_mixture",-0.3,197,1295078298,"OLS",TRUE,""
"asymmetric_mixture",-0.3,197,1295078298,"Semiparametric",TRUE,""
"gaussian",0,197,2019394645,"OLS",TRUE,""
"gaussian",0,197,2019394645,"Semiparametric",TRUE,""
"asymmetric_mixture",0,197,1539668639,"OLS",TRUE,""
"asymmetric_mixture",0,197,1539668639,"Semiparametric",TRUE,""
"gaussian",0.3,197,1835410007,"OLS",TRUE,""
"gaussian",0.3,197,1835410007,"Semiparametric",TRUE,""
"asymmetric_mixture",0.3,197,953478597,"OLS",TRUE,""
"asymmetric_mixture",0.3,197,953478597,"Semiparametric",TRUE,""
"gaussian",-0.3,198,1263755682,"OLS",TRUE,""
"gaussian",-0.3,198,1263755682,"Semiparametric",TRUE,""
"asymmetric_mixture",-0.3,198,813109233,"OLS",TRUE,""
"asymmetric_mixture",-0.3,198,813109233,"Semiparametric",TRUE,""
"gaussian",0,198,432446376,"OLS",TRUE,""
"gaussian",0,198,432446376,"Semiparametric",TRUE,""
"asymmetric_mixture",0,198,235033875,"OLS",TRUE,""
"asymmetric_mixture",0,198,235033875,"Semiparametric",TRUE,""
"gaussian",0.3,198,2029746079,"OLS",TRUE,""
"gaussian",0.3,198,2029746079,"Semiparametric",TRUE,""
"asymmetric_mixture",0.3,198,1449276556,"OLS",TRUE,""
"asymmetric_mixture",0.3,198,1449276556,"Semiparametric",TRUE,""
"gaussian",-0.3,199,1809826650,"OLS",TRUE,""
"gaussian",-0.3,199,1809826650,"Semiparametric",TRUE,""
"asymmetric_mixture",-0.3,199,462839996,"OLS",TRUE,""
"asymmetric_mixture",-0.3,199,462839996,"Semiparametric",TRUE,""
"gaussian",0,199,2130873878,"OLS",TRUE,""
"gaussian",0,199,2130873878,"Semiparametric",TRUE,""
"asymmetric_mixture",0,199,665560047,"OLS",TRUE,""
"asymmetric_mixture",0,199,665560047,"Semiparametric",TRUE,""
"gaussian",0.3,199,452250309,"OLS",TRUE,""
"gaussian",0.3,199,452250309,"Semiparametric",TRUE,""
"asymmetric_mixture",0.3,199,242923410,"OLS",TRUE,""
"asymmetric_mixture",0.3,199,242923410,"Semiparametric",TRUE,""
"gaussian",-0.3,200,2006778400,"OLS",TRUE,""
"gaussian",-0.3,200,2006778400,"Semiparametric",TRUE,""
"asymmetric_mixture",-0.3,200,1068902263,"OLS",TRUE,""
"asymmetric_mixture",-0.3,200,1068902263,"Semiparametric",TRUE,""
"gaussian",0,200,2134241417,"OLS",TRUE,""
"gaussian",0,200,2134241417,"Semiparametric",TRUE,""
"asymmetric_mixture",0,200,1127540392,"OLS",TRUE,""
"asymmetric_mixture",0,200,1127540392,"Semiparametric",TRUE,""
"gaussian",0.3,200,1890218129,"OLS",TRUE,""
"gaussian",0.3,200,1890218129,"Semiparametric",TRUE,""
"asymmetric_mixture",0.3,200,53757808,"OLS",TRUE,""
"asymmetric_mixture",0.3,200,53757808,"Semiparametric",TRUE,""
"gaussian",-0.3,201,53624236,"OLS",TRUE,""
"gaussian",-0.3,201,53624236,"Semiparametric",TRUE,""
"asymmetric_mixture",-0.3,201,1796977049,"OLS",TRUE,""
"asymmetric_mixture",-0.3,201,1796977049,"Semiparametric",TRUE,""
"gaussian",0,201,710748321,"OLS",TRUE,""
"gaussian",0,201,710748321,"Semiparametric",TRUE,""
"asymmetric_mixture",0,201,1507601849,"OLS",TRUE,""
"asymmetric_mixture",0,201,1507601849,"Semiparametric",TRUE,""
"gaussian",0.3,201,236201287,"OLS",TRUE,""
"gaussian",0.3,201,236201287,"Semiparametric",TRUE,""
"asymmetric_mixture",0.3,201,2111696667,"OLS",TRUE,""
"asymmetric_mixture",0.3,201,2111696667,"Semiparametric",TRUE,""
"gaussian",-0.3,202,1757865950,"OLS",TRUE,""
"gaussian",-0.3,202,1757865950,"Semiparametric",TRUE,""
"asymmetric_mixture",-0.3,202,505090369,"OLS",TRUE,""
"asymmetric_mixture",-0.3,202,505090369,"Semiparametric",TRUE,""
"gaussian",0,202,863286850,"OLS",TRUE,""
"gaussian",0,202,863286850,"Semiparametric",TRUE,""
"asymmetric_mixture",0,202,2015255811,"OLS",TRUE,""
"asymmetric_mixture",0,202,2015255811,"Semiparametric",TRUE,""
"gaussian",0.3,202,1144209818,"OLS",TRUE,""
"gaussian",0.3,202,1144209818,"Semiparametric",TRUE,""
"asymmetric_mixture",0.3,202,1530760498,"OLS",TRUE,""
"asymmetric_mixture",0.3,202,1530760498,"Semiparametric",TRUE,""
"gaussian",-0.3,203,1339577907,"OLS",TRUE,""
"gaussian",-0.3,203,1339577907,"Semiparametric",TRUE,""
"asymmetric_mixture",-0.3,203,1904019564,"OLS",TRUE,""
"asymmetric_mixture",-0.3,203,1904019564,"Semiparametric",TRUE,""
"gaussian",0,203,873103932,"OLS",TRUE,""
"gaussian",0,203,873103932,"Semiparametric",TRUE,""
"asymmetric_mixture",0,203,634087099,"OLS",TRUE,""
"asymmetric_mixture",0,203,634087099,"Semiparametric",TRUE,""
"gaussian",0.3,203,1624834418,"OLS",TRUE,""
"gaussian",0.3,203,1624834418,"Semiparametric",TRUE,""
"asymmetric_mixture",0.3,203,605181017,"OLS",TRUE,""
"asymmetric_mixture",0.3,203,605181017,"Semiparametric",TRUE,""
"gaussian",-0.3,204,1533103417,"OLS",TRUE,""
"gaussian",-0.3,204,1533103417,"Semiparametric",TRUE,""
"asymmetric_mixture",-0.3,204,2036460274,"OLS",TRUE,""
"asymmetric_mixture",-0.3,204,2036460274,"Semiparametric",TRUE,""
"gaussian",0,204,419686815,"OLS",TRUE,""
"gaussian",0,204,419686815,"Semiparametric",TRUE,""
"asymmetric_mixture",0,204,542056506,"OLS",TRUE,""
"asymmetric_mixture",0,204,542056506,"Semiparametric",TRUE,""
"gaussian",0.3,204,2058070848,"OLS",TRUE,""
"gaussian",0.3,204,2058070848,"Semiparametric",TRUE,""
"asymmetric_mixture",0.3,204,203753384,"OLS",TRUE,""
"asymmetric_mixture",0.3,204,203753384,"Semiparametric",TRUE,""
"gaussian",-0.3,205,307460216,"OLS",TRUE,""
"gaussian",-0.3,205,307460216,"Semiparametric",TRUE,""
"asymmetric_mixture",-0.3,205,2113592900,"OLS",TRUE,""
"asymmetric_mixture",-0.3,205,2113592900,"Semiparametric",TRUE,""
"gaussian",0,205,1301850317,"OLS",TRUE,""
"gaussian",0,205,1301850317,"Semiparametric",TRUE,""
"asymmetric_mixture",0,205,450932150,"OLS",TRUE,""
"asymmetric_mixture",0,205,450932150,"Semiparametric",TRUE,""
"gaussian",0.3,205,937434670,"OLS",TRUE,""
"gaussian",0.3,205,937434670,"Semiparametric",TRUE,""
"asymmetric_mixture",0.3,205,512865565,"OLS",TRUE,""
"asymmetric_mixture",0.3,205,512865565,"Semiparametric",TRUE,""
"gaussian",-0.3,206,1273778279,"OLS",TRUE,""
"gaussian",-0.3,206,1273778279,"Semiparametric",TRUE,""
"asymmetric_mixture",-0.3,206,387744114,"OLS",TRUE,""
"asymmetric_mixture",-0.3,206,387744114,"Semiparametric",TRUE,""
"gaussian",0,206,770628742,"OLS",TRUE,""
"gaussian",0,206,770628742,"Semiparametric",TRUE,""
"asymmetric_mixture",0,206,1042810620,"OLS",TRUE,""
"asymmetric_mixture",0,206,1042810620,"Semiparametric",TRUE,""
"gaussian",0.3,206,686887238,"OLS",TRUE,""
"gaussian",0.3,206,686887238,"Semiparametric",TRUE,""
"asymmetric_mixture",0.3,206,1174015349,"OLS",TRUE,""
"asymmetric_mixture",0.3,206,1174015349,"Semiparametric",TRUE,""
"gaussian",-0.3,207,1344067208,"OLS",TRUE,""
"gaussian",-0.3,207,1344067208,"Semiparametric",TRUE,""
"asymmetric_mixture",-0.3,207,1311049904,"OLS",TRUE,""
"asymmetric_mixture",-0.3,207,1311049904,"Semiparametric",TRUE,""
"gaussian",0,207,197463460,"OLS",TRUE,""
"gaussian",0,207,197463460,"Semiparametric",TRUE,""
"asymmetric_mixture",0,207,463984351,"OLS",TRUE,""
"asymmetric_mixture",0,207,463984351,"Semiparametric",TRUE,""
"gaussian",0.3,207,246104699,"OLS",TRUE,""
"gaussian",0.3,207,246104699,"Semiparametric",TRUE,""
"asymmetric_mixture",0.3,207,2051139558,"OLS",TRUE,""
"asymmetric_mixture",0.3,207,2051139558,"Semiparametric",TRUE,""
"gaussian",-0.3,208,1621784762,"OLS",TRUE,""
"gaussian",-0.3,208,1621784762,"Semiparametric",TRUE,""
"asymmetric_mixture",-0.3,208,1125380405,"OLS",TRUE,""
"asymmetric_mixture",-0.3,208,1125380405,"Semiparametric",TRUE,""
"gaussian",0,208,772027548,"OLS",TRUE,""
"gaussian",0,208,772027548,"Semiparametric",TRUE,""
"asymmetric_mixture",0,208,199859936,"OLS",TRUE,""
"asymmetric_mixture",0,208,199859936,"Semiparametric",TRUE,""
"gaussian",0.3,208,1332876713,"OLS",TRUE,""
"gaussian",0.3,208,1332876713,"Semiparametric",TRUE,""
"asymmetric_mixture",0.3,208,51487215,"OLS",TRUE,""
"asymmetric_mixture",0.3,208,51487215,"Semiparametric",TRUE,""
"gaussian",-0.3,209,75725459,"OLS",TRUE,""
"gaussian",-0.3,209,75725459,"Semiparametric",TRUE,""
"asymmetric_mixture",-0.3,209,600563811,"OLS",TRUE,""
"asymmetric_mixture",-0.3,209,600563811,"Semiparametric",TRUE,""
"gaussian",0,209,1083898939,"OLS",TRUE,""
"gaussian",0,209,1083898939,"Semiparametric",TRUE,""
"asymmetric_mixture",0,209,1521539186,"OLS",TRUE,""
"asymmetric_mixture",0,209,1521539186,"Semiparametric",TRUE,""
"gaussian",0.3,209,1698088063,"OLS",TRUE,""
"gaussian",0.3,209,1698088063,"Semiparametric",TRUE,""
"asymmetric_mixture",0.3,209,1472407021,"OLS",TRUE,""
"asymmetric_mixture",0.3,209,1472407021,"Semiparametric",TRUE,""
"gaussian",-0.3,210,606418801,"OLS",TRUE,""
"gaussian",-0.3,210,606418801,"Semiparametric",TRUE,""
"asymmetric_mixture",-0.3,210,1854320825,"OLS",TRUE,""
"asymmetric_mixture",-0.3,210,1854320825,"Semiparametric",TRUE,""
"gaussian",0,210,675140290,"OLS",TRUE,""
"gaussian",0,210,675140290,"Semiparametric",TRUE,""
"asymmetric_mixture",0,210,1411631035,"OLS",TRUE,""
"asymmetric_mixture",0,210,1411631035,"Semiparametric",TRUE,""
"gaussian",0.3,210,2096062993,"OLS",TRUE,""
"gaussian",0.3,210,2096062993,"Semiparametric",TRUE,""
"asymmetric_mixture",0.3,210,1463291832,"OLS",TRUE,""
"asymmetric_mixture",0.3,210,1463291832,"Semiparametric",TRUE,""
"gaussian",-0.3,211,617175628,"OLS",TRUE,""
"gaussian",-0.3,211,617175628,"Semiparametric",TRUE,""
"asymmetric_mixture",-0.3,211,486653982,"OLS",TRUE,""
"asymmetric_mixture",-0.3,211,486653982,"Semiparametric",TRUE,""
"gaussian",0,211,245880901,"OLS",TRUE,""
"gaussian",0,211,245880901,"Semiparametric",TRUE,""
"asymmetric_mixture",0,211,972249105,"OLS",TRUE,""
"asymmetric_mixture",0,211,972249105,"Semiparametric",TRUE,""
"gaussian",0.3,211,892829448,"OLS",TRUE,""
"gaussian",0.3,211,892829448,"Semiparametric",TRUE,""
"asymmetric_mixture",0.3,211,915761108,"OLS",TRUE,""
"asymmetric_mixture",0.3,211,915761108,"Semiparametric",TRUE,""
"gaussian",-0.3,212,580511863,"OLS",TRUE,""
"gaussian",-0.3,212,580511863,"Semiparametric",TRUE,""
"asymmetric_mixture",-0.3,212,2093767705,"OLS",TRUE,""
"asymmetric_mixture",-0.3,212,2093767705,"Semiparametric",TRUE,""
"gaussian",0,212,969911624,"OLS",TRUE,""
"gaussian",0,212,969911624,"Semiparametric",TRUE,""
"asymmetric_mixture",0,212,1234103364,"OLS",TRUE,""
"asymmetric_mixture",0,212,1234103364,"Semiparametric",TRUE,""
"gaussian",0.3,212,2018159108,"OLS",TRUE,""
"gaussian",0.3,212,2018159108,"Semiparametric",TRUE,""
"asymmetric_mixture",0.3,212,625999270,"OLS",TRUE,""
"asymmetric_mixture",0.3,212,625999270,"Semiparametric",TRUE,""
"gaussian",-0.3,213,1769707509,"OLS",TRUE,""
"gaussian",-0.3,213,1769707509,"Semiparametric",TRUE,""
"asymmetric_mixture",-0.3,213,1813865201,"OLS",TRUE,""
"asymmetric_mixture",-0.3,213,1813865201,"Semiparametric",TRUE,""
"gaussian",0,213,1869021460,"OLS",TRUE,""
"gaussian",0,213,1869021460,"Semiparametric",TRUE,""
"asymmetric_mixture",0,213,120993202,"OLS",TRUE,""
"asymmetric_mixture",0,213,120993202,"Semiparametric",TRUE,""
"gaussian",0.3,213,337447184,"OLS",TRUE,""
"gaussian",0.3,213,337447184,"Semiparametric",TRUE,""
"asymmetric_mixture",0.3,213,1309560551,"OLS",TRUE,""
"asymmetric_mixture",0.3,213,1309560551,"Semiparametric",TRUE,""
"gaussian",-0.3,214,1670577978,"OLS",TRUE,""
"gaussian",-0.3,214,1670577978,"Semiparametric",TRUE,""
"asymmetric_mixture",-0.3,214,876024602,"OLS",TRUE,""
"asymmetric_mixture",-0.3,214,876024602,"Semiparametric",TRUE,""
"gaussian",0,214,608221408,"OLS",TRUE,""
"gaussian",0,214,608221408,"Semiparametric",TRUE,""
"asymmetric_mixture",0,214,651525894,"OLS",TRUE,""
"asymmetric_mixture",0,214,651525894,"Semiparametric",TRUE,""
"gaussian",0.3,214,1503367029,"OLS",TRUE,""
"gaussian",0.3,214,1503367029,"Semiparametric",TRUE,""
"asymmetric_mixture",0.3,214,1412975829,"OLS",TRUE,""
"asymmetric_mixture",0.3,214,1412975829,"Semiparametric",TRUE,""
"gaussian",-0.3,215,357036763,"OLS",TRUE,""
"gaussian",-0.3,215,357036763,"Semiparametric",TRUE,""
"asymmetric_mixture",-0.3,215,631327551,"OLS",TRUE,""
"asymmetric_mixture",-0.3,215,631327551,"Semiparametric",TRUE,""
"gaussian",0,215,859984097,"OLS",TRUE,""
"gaussian",0,215,859984097,"Semiparametric",TRUE,""
"asymmetric_mixture",0,215,265575552,"OLS",TRUE,""
"asymmetric_mixture",0,215,265575552,"Semiparametric",TRUE,""
"gaussian",0.3,215,1445504156,"OLS",TRUE,""
"gaussian",0.3,215,1445504156,"Semiparametric",TRUE,""
"asymmetric_mixture",0.3,215,201584973,"OLS",TRUE,""
"asymmetric_mixture",0.3,215,201584973,"Semiparametric",TRUE,""
"gaussian",-0.3,216,1797168575,"OLS",TRUE,""
"gaussian",-0.3,216,1797168575,"Semiparametric",TRUE,""
"asymmetric_mixture",-0.3,216,623201628,"OLS",TRUE,""
"asymmetric_mixture",-0.3,216,623201628,"Semiparametric",TRUE,""
"gaussian",0,216,1173759814,"OLS",TRUE,""
"gaussian",0,216,1173759814,"Semiparametric",TRUE,""
"asymmetric_mixture",0,216,1561906406,"OLS",TRUE,""
"asymmetric_mixture",0,216,1561906406,"Semiparametric",TRUE,""
"gaussian",0.3,216,1254916681,"OLS",TRUE,""
"gaussian",0.3,216,1254916681,"Semiparametric",TRUE,""
"asymmetric_mixture",0.3,216,394884376,"OLS",TRUE,""
"asymmetric_mixture",0.3,216,394884376,"Semiparametric",TRUE,""
"gaussian",-0.3,217,484574778,"OLS",TRUE,""
"gaussian",-0.3,217,484574778,"Semiparametric",TRUE,""
"asymmetric_mixture",-0.3,217,381144133,"OLS",TRUE,""
"asymmetric_mixture",-0.3,217,381144133,"Semiparametric",TRUE,""
"gaussian",0,217,75447282,"OLS",TRUE,""
"gaussian",0,217,75447282,"Semiparametric",TRUE,""
"asymmetric_mixture",0,217,1409475388,"OLS",TRUE,""
"asymmetric_mixture",0,217,1409475388,"Semiparametric",TRUE,""
"gaussian",0.3,217,1911514965,"OLS",TRUE,""
"gaussian",0.3,217,1911514965,"Semiparametric",TRUE,""
"asymmetric_mixture",0.3,217,1879946432,"OLS",TRUE,""
"asymmetric_mixture",0.3,217,1879946432,"Semiparametric",TRUE,""
"gaussian",-0.3,218,116485381,"OLS",TRUE,""
"gaussian",-0.3,218,116485381,"Semiparametric",TRUE,""
"asymmetric_mixture",-0.3,218,1937360979,"OLS",TRUE,""
"asymmetric_mixture",-0.3,218,1937360979,"Semiparametric",TRUE,""
"gaussian",0,218,1026951632,"OLS",TRUE,""
"gaussian",0,218,1026951632,"Semiparametric",TRUE,""
"asymmetric_mixture",0,218,1070355518,"OLS",TRUE,""
"asymmetric_mixture",0,218,1070355518,"Semiparametric",TRUE,""
"gaussian",0.3,218,1699787149,"OLS",TRUE,""
"gaussian",0.3,218,1699787149,"Semiparametric",TRUE,""
"asymmetric_mixture",0.3,218,108489168,"OLS",TRUE,""
"asymmetric_mixture",0.3,218,108489168,"Semiparametric",TRUE,""
"gaussian",-0.3,219,86710375,"OLS",TRUE,""
"gaussian",-0.3,219,86710375,"Semiparametric",TRUE,""
"asymmetric_mixture",-0.3,219,862202156,"OLS",TRUE,""
"asymmetric_mixture",-0.3,219,862202156,"Semiparametric",TRUE,""
"gaussian",0,219,933037825,"OLS",TRUE,""
"gaussian",0,219,933037825,"Semiparametric",TRUE,""
"asymmetric_mixture",0,219,1916285836,"OLS",TRUE,""
"asymmetric_mixture",0,219,1916285836,"Semiparametric",TRUE,""
"gaussian",0.3,219,2062753115,"OLS",TRUE,""
"gaussian",0.3,219,2062753115,"Semiparametric",TRUE,""
"asymmetric_mixture",0.3,219,743205197,"OLS",TRUE,""
"asymmetric_mixture",0.3,219,743205197,"Semiparametric",TRUE,""
"gaussian",-0.3,220,1202913957,"OLS",TRUE,""
"gaussian",-0.3,220,1202913957,"Semiparametric",TRUE,""
"asymmetric_mixture",-0.3,220,1601767370,"OLS",TRUE,""
"asymmetric_mixture",-0.3,220,1601767370,"Semiparametric",TRUE,""
"gaussian",0,220,1509364437,"OLS",TRUE,""
"gaussian",0,220,1509364437,"Semiparametric",TRUE,""
"asymmetric_mixture",0,220,603012476,"OLS",TRUE,""
"asymmetric_mixture",0,220,603012476,"Semiparametric",TRUE,""
"gaussian",0.3,220,1099130982,"OLS",TRUE,""
"gaussian",0.3,220,1099130982,"Semiparametric",TRUE,""
"asymmetric_mixture",0.3,220,871452339,"OLS",TRUE,""
"asymmetric_mixture",0.3,220,871452339,"Semiparametric",TRUE,""
"gaussian",-0.3,221,556421526,"OLS",TRUE,""
"gaussian",-0.3,221,556421526,"Semiparametric",TRUE,""
"asymmetric_mixture",-0.3,221,659601455,"OLS",TRUE,""
"asymmetric_mixture",-0.3,221,659601455,"Semiparametric",TRUE,""
"gaussian",0,221,1228760781,"OLS",TRUE,""
"gaussian",0,221,1228760781,"Semiparametric",TRUE,""
"asymmetric_mixture",0,221,461686925,"OLS",TRUE,""
"asymmetric_mixture",0,221,461686925,"Semiparametric",TRUE,""
"gaussian",0.3,221,396965233,"OLS",TRUE,""
"gaussian",0.3,221,396965233,"Semiparametric",TRUE,""
"asymmetric_mixture",0.3,221,1332540540,"OLS",TRUE,""
"asymmetric_mixture",0.3,221,1332540540,"Semiparametric",TRUE,""
"gaussian",-0.3,222,134319354,"OLS",TRUE,""
"gaussian",-0.3,222,134319354,"Semiparametric",TRUE,""
"asymmetric_mixture",-0.3,222,286404411,"OLS",TRUE,""
"asymmetric_mixture",-0.3,222,286404411,"Semiparametric",TRUE,""
"gaussian",0,222,384346185,"OLS",TRUE,""
"gaussian",0,222,384346185,"Semiparametric",TRUE,""
"asymmetric_mixture",0,222,290293836,"OLS",TRUE,""
"asymmetric_mixture",0,222,290293836,"Semiparametric",TRUE,""
"gaussian",0.3,222,1460014603,"OLS",TRUE,""
"gaussian",0.3,222,1460014603,"Semiparametric",TRUE,""
"asymmetric_mixture",0.3,222,783949095,"OLS",TRUE,""
"asymmetric_mixture",0.3,222,783949095,"Semiparametric",TRUE,""
"gaussian",-0.3,223,414209476,"OLS",TRUE,""
"gaussian",-0.3,223,414209476,"Semiparametric",TRUE,""
"asymmetric_mixture",-0.3,223,1023142093,"OLS",TRUE,""
"asymmetric_mixture",-0.3,223,1023142093,"Semiparametric",TRUE,""
"gaussian",0,223,999667105,"OLS",TRUE,""
"gaussian",0,223,999667105,"Semiparametric",TRUE,""
"asymmetric_mixture",0,223,1724346151,"OLS",TRUE,""
"asymmetric_mixture",0,223,1724346151,"Semiparametric",TRUE,""
"gaussian",0.3,223,1978373051,"OLS",TRUE,""
"gaussian",0.3,223,1978373051,"Semiparametric",TRUE,""
"asymmetric_mixture",0.3,223,866372083,"OLS",TRUE,""
"asymmetric_mixture",0.3,223,866372083,"Semiparametric",TRUE,""
"gaussian",-0.3,224,872446587,"OLS",TRUE,""
"gaussian",-0.3,224,872446587,"Semiparametric",TRUE,""
"asymmetric_mixture",-0.3,224,1028479777,"OLS",TRUE,""
"asymmetric_mixture",-0.3,224,1028479777,"Semiparametric",TRUE,""
"gaussian",0,224,73667507,"OLS",TRUE,""
"gaussian",0,224,73667507,"Semiparametric",TRUE,""
"asymmetric_mixture",0,224,1962562827,"OLS",TRUE,""
"asymmetric_mixture",0,224,1962562827,"Semiparametric",TRUE,""
"gaussian",0.3,224,590655016,"OLS",TRUE,""
"gaussian",0.3,224,590655016,"Semiparametric",TRUE,""
"asymmetric_mixture",0.3,224,1071383098,"OLS",TRUE,""
"asymmetric_mixture",0.3,224,1071383098,"Semiparametric",TRUE,""
"gaussian",-0.3,225,846837849,"OLS",TRUE,""
"gaussian",-0.3,225,846837849,"Semiparametric",TRUE,""
"asymmetric_mixture",-0.3,225,1060781092,"OLS",TRUE,""
"asymmetric_mixture",-0.3,225,1060781092,"Semiparametric",TRUE,""
"gaussian",0,225,1441813084,"OLS",TRUE,""
"gaussian",0,225,1441813084,"Semiparametric",TRUE,""
"asymmetric_mixture",0,225,1899027788,"OLS",TRUE,""
"asymmetric_mixture",0,225,1899027788,"Semiparametric",TRUE,""
"gaussian",0.3,225,418564322,"OLS",TRUE,""
"gaussian",0.3,225,418564322,"Semiparametric",TRUE,""
"asymmetric_mixture",0.3,225,1892023234,"OLS",TRUE,""
"asymmetric_mixture",0.3,225,1892023234,"Semiparametric",TRUE,""
"gaussian",-0.3,226,461627497,"OLS",TRUE,""
"gaussian",-0.3,226,461627497,"Semiparametric",TRUE,""
"asymmetric_mixture",-0.3,226,1677458329,"OLS",TRUE,""
"asymmetric_mixture",-0.3,226,1677458329,"Semiparametric",TRUE,""
"gaussian",0,226,112382861,"OLS",TRUE,""
"gaussian",0,226,112382861,"Semiparametric",TRUE,""
"asymmetric_mixture",0,226,388021634,"OLS",TRUE,""
"asymmetric_mixture",0,226,388021634,"Semiparametric",TRUE,""
"gaussian",0.3,226,499392409,"OLS",TRUE,""
"gaussian",0.3,226,499392409,"Semiparametric",TRUE,""
"asymmetric_mixture",0.3,226,2029622068,"OLS",TRUE,""
"asymmetric_mixture",0.3,226,2029622068,"Semiparametric",TRUE,""
"gaussian",-0.3,227,1264235889,"OLS",TRUE,""
"gaussian",-0.3,227,1264235889,"Semiparametric",TRUE,""
"asymmetric_mixture",-0.3,227,864997425,"OLS",TRUE,""
"asymmetric_mixture",-0.3,227,864997425,"Semiparametric",TRUE,""
"gaussian",0,227,872086685,"OLS",TRUE,""
"gaussian",0,227,872086685,"Semiparametric",TRUE,""
"asymmetric_mixture",0,227,2084006697,"OLS",TRUE,""
"asymmetric_mixture",0,227,2084006697,"Semiparametric",TRUE,""
"gaussian",0.3,227,1584627288,"OLS",TRUE,""
"gaussian",0.3,227,1584627288,"Semiparametric",TRUE,""
"asymmetric_mixture",0.3,227,187786812,"OLS",TRUE,""
"asymmetric_mixture",0.3,227,187786812,"Semiparametric",TRUE,""
"gaussian",-0.3,228,196038937,"OLS",TRUE,""
"gaussian",-0.3,228,196038937,"Semiparametric",TRUE,""
"asymmetric_mixture",-0.3,228,1997617251,"OLS",TRUE,""
"asymmetric_mixture",-0.3,228,1997617251,"Semiparametric",TRUE,""
"gaussian",0,228,313597888,"OLS",TRUE,""
"gaussian",0,228,313597888,"Semiparametric",TRUE,""
"asymmetric_mixture",0,228,864703640,"OLS",TRUE,""
"asymmetric_mixture",0,228,864703640,"Semiparametric",TRUE,""
"gaussian",0.3,228,2054661535,"OLS",TRUE,""
"gaussian",0.3,228,2054661535,"Semiparametric",TRUE,""
"asymmetric_mixture",0.3,228,1249654755,"OLS",TRUE,""
"asymmetric_mixture",0.3,228,1249654755,"Semiparametric",TRUE,""
"gaussian",-0.3,229,1890996776,"OLS",TRUE,""
"gaussian",-0.3,229,1890996776,"Semiparametric",TRUE,""
"asymmetric_mixture",-0.3,229,1765096973,"OLS",TRUE,""
"asymmetric_mixture",-0.3,229,1765096973,"Semiparametric",TRUE,""
"gaussian",0,229,993498503,"OLS",TRUE,""
"gaussian",0,229,993498503,"Semiparametric",TRUE,""
"asymmetric_mixture",0,229,569573618,"OLS",TRUE,""
"asymmetric_mixture",0,229,569573618,"Semiparametric",TRUE,""
"gaussian",0.3,229,707485911,"OLS",TRUE,""
"gaussian",0.3,229,707485911,"Semiparametric",TRUE,""
"asymmetric_mixture",0.3,229,625032606,"OLS",TRUE,""
"asymmetric_mixture",0.3,229,625032606,"Semiparametric",TRUE,""
"gaussian",-0.3,230,1058091330,"OLS",TRUE,""
"gaussian",-0.3,230,1058091330,"Semiparametric",TRUE,""
"asymmetric_mixture",-0.3,230,13710842,"OLS",TRUE,""
"asymmetric_mixture",-0.3,230,13710842,"Semiparametric",TRUE,""
"gaussian",0,230,922747822,"OLS",TRUE,""
"gaussian",0,230,922747822,"Semiparametric",TRUE,""
"asymmetric_mixture",0,230,1398448890,"OLS",TRUE,""
"asymmetric_mixture",0,230,1398448890,"Semiparametric",TRUE,""
"gaussian",0.3,230,1037450511,"OLS",TRUE,""
"gaussian",0.3,230,1037450511,"Semiparametric",TRUE,""
"asymmetric_mixture",0.3,230,63332242,"OLS",TRUE,""
"asymmetric_mixture",0.3,230,63332242,"Semiparametric",TRUE,""
"gaussian",-0.3,231,126117653,"OLS",TRUE,""
"gaussian",-0.3,231,126117653,"Semiparametric",TRUE,""
"asymmetric_mixture",-0.3,231,1836025797,"OLS",TRUE,""
"asymmetric_mixture",-0.3,231,1836025797,"Semiparametric",TRUE,""
"gaussian",0,231,312178880,"OLS",TRUE,""
"gaussian",0,231,312178880,"Semiparametric",TRUE,""
"asymmetric_mixture",0,231,915403878,"OLS",TRUE,""
"asymmetric_mixture",0,231,915403878,"Semiparametric",TRUE,""
"gaussian",0.3,231,599375762,"OLS",TRUE,""
"gaussian",0.3,231,599375762,"Semiparametric",TRUE,""
"asymmetric_mixture",0.3,231,1257244759,"OLS",TRUE,""
"asymmetric_mixture",0.3,231,1257244759,"Semiparametric",TRUE,""
"gaussian",-0.3,232,1877322023,"OLS",TRUE,""
"gaussian",-0.3,232,1877322023,"Semiparametric",TRUE,""
"asymmetric_mixture",-0.3,232,2063939337,"OLS",TRUE,""
"asymmetric_mixture",-0.3,232,2063939337,"Semiparametric",TRUE,""
"gaussian",0,232,432902381,"OLS",TRUE,""
"gaussian",0,232,432902381,"Semiparametric",TRUE,""
"asymmetric_mixture",0,232,1221650552,"OLS",TRUE,""
"asymmetric_mixture",0,232,1221650552,"Semiparametric",TRUE,""
"gaussian",0.3,232,176441776,"OLS",TRUE,""
"gaussian",0.3,232,176441776,"Semiparametric",TRUE,""
"asymmetric_mixture",0.3,232,1061125131,"OLS",TRUE,""
"asymmetric_mixture",0.3,232,1061125131,"Semiparametric",TRUE,""
"gaussian",-0.3,233,1567353112,"OLS",TRUE,""
"gaussian",-0.3,233,1567353112,"Semiparametric",TRUE,""
"asymmetric_mixture",-0.3,233,1672519173,"OLS",TRUE,""
"asymmetric_mixture",-0.3,233,1672519173,"Semiparametric",TRUE,""
"gaussian",0,233,85828782,"OLS",TRUE,""
"gaussian",0,233,85828782,"Semiparametric",TRUE,""
"asymmetric_mixture",0,233,566740371,"OLS",TRUE,""
"asymmetric_mixture",0,233,566740371,"Semiparametric",TRUE,""
"gaussian",0.3,233,2140117271,"OLS",TRUE,""
"gaussian",0.3,233,2140117271,"Semiparametric",TRUE,""
"asymmetric_mixture",0.3,233,1392940628,"OLS",TRUE,""
"asymmetric_mixture",0.3,233,1392940628,"Semiparametric",TRUE,""
"gaussian",-0.3,234,1852773947,"OLS",TRUE,""
"gaussian",-0.3,234,1852773947,"Semiparametric",TRUE,""
"asymmetric_mixture",-0.3,234,2095798045,"OLS",TRUE,""
"asymmetric_mixture",-0.3,234,2095798045,"Semiparametric",TRUE,""
"gaussian",0,234,395005715,"OLS",TRUE,""
"gaussian",0,234,395005715,"Semiparametric",TRUE,""
"asymmetric_mixture",0,234,368708048,"OLS",TRUE,""
"asymmetric_mixture",0,234,368708048,"Semiparametric",TRUE,""
"gaussian",0.3,234,1898129473,"OLS",TRUE,""
"gaussian",0.3,234,1898129473,"Semiparametric",TRUE,""
"asymmetric_mixture",0.3,234,259289683,"OLS",TRUE,""
"asymmetric_mixture",0.3,234,259289683,"Semiparametric",TRUE,""
"gaussian",-0.3,235,517900584,"OLS",TRUE,""
"gaussian",-0.3,235,517900584,"Semiparametric",TRUE,""
"asymmetric_mixture",-0.3,235,780411662,"OLS",TRUE,""
"asymmetric_mixture",-0.3,235,780411662,"Semiparametric",TRUE,""
"gaussian",0,235,2061734282,"OLS",TRUE,""
"gaussian",0,235,2061734282,"Semiparametric",TRUE,""
"asymmetric_mixture",0,235,1591780531,"OLS",TRUE,""
"asymmetric_mixture",0,235,1591780531,"Semiparametric",TRUE,""
"gaussian",0.3,235,59930652,"OLS",TRUE,""
"gaussian",0.3,235,59930652,"Semiparametric",TRUE,""
"asymmetric_mixture",0.3,235,2123555525,"OLS",TRUE,""
"asymmetric_mixture",0.3,235,2123555525,"Semiparametric",TRUE,""
"gaussian",-0.3,236,733131878,"OLS",TRUE,""
"gaussian",-0.3,236,733131878,"Semiparametric",TRUE,""
"asymmetric_mixture",-0.3,236,886158983,"OLS",TRUE,""
"asymmetric_mixture",-0.3,236,886158983,"Semiparametric",TRUE,""
"gaussian",0,236,14238936,"OLS",TRUE,""
"gaussian",0,236,14238936,"Semiparametric",TRUE,""
"asymmetric_mixture",0,236,308529923,"OLS",TRUE,""
"asymmetric_mixture",0,236,308529923,"Semiparametric",TRUE,""
"gaussian",0.3,236,727561133,"OLS",TRUE,""
"gaussian",0.3,236,727561133,"Semiparametric",TRUE,""
"asymmetric_mixture",0.3,236,521427998,"OLS",TRUE,""
"asymmetric_mixture",0.3,236,521427998,"Semiparametric",TRUE,""
"gaussian",-0.3,237,1177620725,"OLS",TRUE,""
"gaussian",-0.3,237,1177620725,"Semiparametric",TRUE,""
"asymmetric_mixture",-0.3,237,1939064012,"OLS",TRUE,""
"asymmetric_mixture",-0.3,237,1939064012,"Semiparametric",TRUE,""
"gaussian",0,237,1212517854,"OLS",TRUE,""
"gaussian",0,237,1212517854,"Semiparametric",TRUE,""
"asymmetric_mixture",0,237,1591887396,"OLS",TRUE,""
"asymmetric_mixture",0,237,1591887396,"Semiparametric",TRUE,""
"gaussian",0.3,237,1406021185,"OLS",TRUE,""
"gaussian",0.3,237,1406021185,"Semiparametric",TRUE,""
"asymmetric_mixture",0.3,237,1437115642,"OLS",TRUE,""
"asymmetric_mixture",0.3,237,1437115642,"Semiparametric",TRUE,""
"gaussian",-0.3,238,155184666,"OLS",TRUE,""
"gaussian",-0.3,238,155184666,"Semiparametric",TRUE,""
"asymmetric_mixture",-0.3,238,727980103,"OLS",TRUE,""
"asymmetric_mixture",-0.3,238,727980103,"Semiparametric",TRUE,""
"gaussian",0,238,246757537,"OLS",TRUE,""
"gaussian",0,238,246757537,"Semiparametric",TRUE,""
"asymmetric_mixture",0,238,1069663614,"OLS",TRUE,""
"asymmetric_mixture",0,238,1069663614,"Semiparametric",TRUE,""
"gaussian",0.3,238,1665103848,"OLS",TRUE,""
"gaussian",0.3,238,1665103848,"Semiparametric",TRUE,""
"asymmetric_mixture",0.3,238,420419165,"OLS",TRUE,""
"asymmetric_mixture",0.3,238,420419165,"Semiparametric",TRUE,""
"gaussian",-0.3,239,966444708,"OLS",TRUE,""
"gaussian",-0.3,239,966444708,"Semiparametric",TRUE,""
"asymmetric_mixture",-0.3,239,51522635,"OLS",TRUE,""
"asymmetric_mixture",-0.3,239,51522635,"Semiparametric",TRUE,""
"gaussian",0,239,1395375508,"OLS",TRUE,""
"gaussian",0,239,1395375508,"Semiparametric",TRUE,""
"asymmetric_mixture",0,239,775354321,"OLS",TRUE,""
"asymmetric_mixture",0,239,775354321,"Semiparametric",TRUE,""
"gaussian",0.3,239,316045380,"OLS",TRUE,""
"gaussian",0.3,239,316045380,"Semiparametric",TRUE,""
"asymmetric_mixture",0.3,239,456837951,"OLS",TRUE,""
"asymmetric_mixture",0.3,239,456837951,"Semiparametric",TRUE,""
"gaussian",-0.3,240,751065880,"OLS",TRUE,""
"gaussian",-0.3,240,751065880,"Semiparametric",TRUE,""
"asymmetric_mixture",-0.3,240,581777299,"OLS",TRUE,""
"asymmetric_mixture",-0.3,240,581777299,"Semiparametric",TRUE,""
"gaussian",0,240,594838867,"OLS",TRUE,""
"gaussian",0,240,594838867,"Semiparametric",TRUE,""
"asymmetric_mixture",0,240,1981372210,"OLS",TRUE,""
"asymmetric_mixture",0,240,1981372210,"Semiparametric",TRUE,""
"gaussian",0.3,240,1473280869,"OLS",TRUE,""
"gaussian",0.3,240,1473280869,"Semiparametric",TRUE,""
"asymmetric_mixture",0.3,240,1220524489,"OLS",TRUE,""
"asymmetric_mixture",0.3,240,1220524489,"Semiparametric",TRUE,""
"gaussian",-0.3,241,150403761,"OLS",TRUE,""
"gaussian",-0.3,241,150403761,"Semiparametric",TRUE,""
"asymmetric_mixture",-0.3,241,1531841748,"OLS",TRUE,""
"asymmetric_mixture",-0.3,241,1531841748,"Semiparametric",TRUE,""
"gaussian",0,241,739080150,"OLS",TRUE,""
"gaussian",0,241,739080150,"Semiparametric",TRUE,""
"asymmetric_mixture",0,241,1903303360,"OLS",TRUE,""
"asymmetric_mixture",0,241,1903303360,"Semiparametric",TRUE,""
"gaussian",0.3,241,208389276,"OLS",TRUE,""
"gaussian",0.3,241,208389276,"Semiparametric",TRUE,""
"asymmetric_mixture",0.3,241,2098481895,"OLS",TRUE,""
"asymmetric_mixture",0.3,241,2098481895,"Semiparametric",TRUE,""
"gaussian",-0.3,242,935034095,"OLS",TRUE,""
"gaussian",-0.3,242,935034095,"Semiparametric",TRUE,""
"asymmetric_mixture",-0.3,242,1781143248,"OLS",TRUE,""
"asymmetric_mixture",-0.3,242,1781143248,"Semiparametric",TRUE,""
"gaussian",0,242,1251817109,"OLS",TRUE,""
"gaussian",0,242,1251817109,"Semiparametric",TRUE,""
"asymmetric_mixture",0,242,1279384802,"OLS",TRUE,""
"asymmetric_mixture",0,242,1279384802,"Semiparametric",TRUE,""
"gaussian",0.3,242,1297663141,"OLS",TRUE,""
"gaussian",0.3,242,1297663141,"Semiparametric",TRUE,""
"asymmetric_mixture",0.3,242,585304380,"OLS",TRUE,""
"asymmetric_mixture",0.3,242,585304380,"Semiparametric",TRUE,""
"gaussian",-0.3,243,803108607,"OLS",TRUE,""
"gaussian",-0.3,243,803108607,"Semiparametric",TRUE,""
"asymmetric_mixture",-0.3,243,518466192,"OLS",TRUE,""
"asymmetric_mixture",-0.3,243,518466192,"Semiparametric",TRUE,""
"gaussian",0,243,1588463042,"OLS",TRUE,""
"gaussian",0,243,1588463042,"Semiparametric",TRUE,""
"asymmetric_mixture",0,243,294659386,"OLS",TRUE,""
"asymmetric_mixture",0,243,294659386,"Semiparametric",TRUE,""
"gaussian",0.3,243,1985961096,"OLS",TRUE,""
"gaussian",0.3,243,1985961096,"Semiparametric",TRUE,""
"asymmetric_mixture",0.3,243,1412761338,"OLS",TRUE,""
"asymmetric_mixture",0.3,243,1412761338,"Semiparametric",TRUE,""
"gaussian",-0.3,244,244200748,"OLS",TRUE,""
"gaussian",-0.3,244,244200748,"Semiparametric",TRUE,""
"asymmetric_mixture",-0.3,244,126478728,"OLS",TRUE,""
"asymmetric_mixture",-0.3,244,126478728,"Semiparametric",TRUE,""
"gaussian",0,244,1794681933,"OLS",TRUE,""
"gaussian",0,244,1794681933,"Semiparametric",TRUE,""
"asymmetric_mixture",0,244,191035505,"OLS",TRUE,""
"asymmetric_mixture",0,244,191035505,"Semiparametric",TRUE,""
"gaussian",0.3,244,1213292743,"OLS",TRUE,""
"gaussian",0.3,244,1213292743,"Semiparametric",TRUE,""
"asymmetric_mixture",0.3,244,690473126,"OLS",TRUE,""
"asymmetric_mixture",0.3,244,690473126,"Semiparametric",TRUE,""
"gaussian",-0.3,245,1477387071,"OLS",TRUE,""
"gaussian",-0.3,245,1477387071,"Semiparametric",TRUE,""
"asymmetric_mixture",-0.3,245,495390248,"OLS",TRUE,""
"asymmetric_mixture",-0.3,245,495390248,"Semiparametric",TRUE,""
"gaussian",0,245,328117779,"OLS",TRUE,""
"gaussian",0,245,328117779,"Semiparametric",TRUE,""
"asymmetric_mixture",0,245,1611897374,"OLS",TRUE,""
"asymmetric_mixture",0,245,1611897374,"Semiparametric",TRUE,""
"gaussian",0.3,245,1840882814,"OLS",TRUE,""
"gaussian",0.3,245,1840882814,"Semiparametric",TRUE,""
"asymmetric_mixture",0.3,245,859572328,"OLS",TRUE,""
"asymmetric_mixture",0.3,245,859572328,"Semiparametric",TRUE,""
"gaussian",-0.3,246,1645245106,"OLS",TRUE,""
"gaussian",-0.3,246,1645245106,"Semiparametric",TRUE,""
"asymmetric_mixture",-0.3,246,1808285363,"OLS",TRUE,""
"asymmetric_mixture",-0.3,246,1808285363,"Semiparametric",TRUE,""
"gaussian",0,246,1705839837,"OLS",TRUE,""
"gaussian",0,246,1705839837,"Semiparametric",TRUE,""
"asymmetric_mixture",0,246,918644024,"OLS",TRUE,""
"asymmetric_mixture",0,246,918644024,"Semiparametric",TRUE,""
"gaussian",0.3,246,1335038358,"OLS",TRUE,""
"gaussian",0.3,246,1335038358,"Semiparametric",TRUE,""
"asymmetric_mixture",0.3,246,2058531724,"OLS",TRUE,""
"asymmetric_mixture",0.3,246,2058531724,"Semiparametric",TRUE,""
"gaussian",-0.3,247,204463280,"OLS",TRUE,""
"gaussian",-0.3,247,204463280,"Semiparametric",TRUE,""
"asymmetric_mixture",-0.3,247,1534460964,"OLS",TRUE,""
"asymmetric_mixture",-0.3,247,1534460964,"Semiparametric",TRUE,""
"gaussian",0,247,1472252055,"OLS",TRUE,""
"gaussian",0,247,1472252055,"Semiparametric",TRUE,""
"asymmetric_mixture",0,247,819034147,"OLS",TRUE,""
"asymmetric_mixture",0,247,819034147,"Semiparametric",TRUE,""
"gaussian",0.3,247,865160371,"OLS",TRUE,""
"gaussian",0.3,247,865160371,"Semiparametric",TRUE,""
"asymmetric_mixture",0.3,247,1189734085,"OLS",TRUE,""
"asymmetric_mixture",0.3,247,1189734085,"Semiparametric",TRUE,""
"gaussian",-0.3,248,2091434463,"OLS",TRUE,""
"gaussian",-0.3,248,2091434463,"Semiparametric",TRUE,""
"asymmetric_mixture",-0.3,248,123807163,"OLS",TRUE,""
"asymmetric_mixture",-0.3,248,123807163,"Semiparametric",TRUE,""
"gaussian",0,248,1018757343,"OLS",TRUE,""
"gaussian",0,248,1018757343,"Semiparametric",TRUE,""
"asymmetric_mixture",0,248,1339082467,"OLS",TRUE,""
"asymmetric_mixture",0,248,1339082467,"Semiparametric",TRUE,""
"gaussian",0.3,248,765220820,"OLS",TRUE,""
"gaussian",0.3,248,765220820,"Semiparametric",TRUE,""
"asymmetric_mixture",0.3,248,312483421,"OLS",TRUE,""
"asymmetric_mixture",0.3,248,312483421,"Semiparametric",TRUE,""
"gaussian",-0.3,249,962266025,"OLS",TRUE,""
"gaussian",-0.3,249,962266025,"Semiparametric",TRUE,""
"asymmetric_mixture",-0.3,249,1896858327,"OLS",TRUE,""
"asymmetric_mixture",-0.3,249,1896858327,"Semiparametric",TRUE,""
"gaussian",0,249,721308323,"OLS",TRUE,""
"gaussian",0,249,721308323,"Semiparametric",TRUE,""
"asymmetric_mixture",0,249,288894334,"OLS",TRUE,""
"asymmetric_mixture",0,249,288894334,"Semiparametric",TRUE,""
"gaussian",0.3,249,846013553,"OLS",TRUE,""
"gaussian",0.3,249,846013553,"Semiparametric",TRUE,""
"asymmetric_mixture",0.3,249,875180876,"OLS",TRUE,""
"asymmetric_mixture",0.3,249,875180876,"Semiparametric",TRUE,""
"gaussian",-0.3,250,789449977,"OLS",TRUE,""
"gaussian",-0.3,250,789449977,"Semiparametric",TRUE,""
"asymmetric_mixture",-0.3,250,389410277,"OLS",TRUE,""
"asymmetric_mixture",-0.3,250,389410277,"Semiparametric",TRUE,""
"gaussian",0,250,705950258,"OLS",TRUE,""
"gaussian",0,250,705950258,"Semiparametric",TRUE,""
"asymmetric_mixture",0,250,1257605723,"OLS",TRUE,""
"asymmetric_mixture",0,250,1257605723,"Semiparametric",TRUE,""
"gaussian",0.3,250,1901741223,"OLS",TRUE,""
"gaussian",0.3,250,1901741223,"Semiparametric",TRUE,""
"asymmetric_mixture",0.3,250,1179721916,"OLS",TRUE,""
"asymmetric_mixture",0.3,250,1179721916,"Semiparametric",TRUE,""
"gaussian",-0.3,251,344979250,"OLS",TRUE,""
"gaussian",-0.3,251,344979250,"Semiparametric",TRUE,""
"asymmetric_mixture",-0.3,251,587417265,"OLS",TRUE,""
"asymmetric_mixture",-0.3,251,587417265,"Semiparametric",TRUE,""
"gaussian",0,251,178950216,"OLS",TRUE,""
"gaussian",0,251,178950216,"Semiparametric",TRUE,""
"asymmetric_mixture",0,251,386344676,"OLS",TRUE,""
"asymmetric_mixture",0,251,386344676,"Semiparametric",TRUE,""
"gaussian",0.3,251,1085783326,"OLS",TRUE,""
"gaussian",0.3,251,1085783326,"Semiparametric",TRUE,""
"asymmetric_mixture",0.3,251,493483594,"OLS",TRUE,""
"asymmetric_mixture",0.3,251,493483594,"Semiparametric",TRUE,""
"gaussian",-0.3,252,241813351,"OLS",TRUE,""
"gaussian",-0.3,252,241813351,"Semiparametric",TRUE,""
"asymmetric_mixture",-0.3,252,575938886,"OLS",TRUE,""
"asymmetric_mixture",-0.3,252,575938886,"Semiparametric",TRUE,""
"gaussian",0,252,2095004003,"OLS",TRUE,""
"gaussian",0,252,2095004003,"Semiparametric",TRUE,""
"asymmetric_mixture",0,252,421381992,"OLS",TRUE,""
"asymmetric_mixture",0,252,421381992,"Semiparametric",TRUE,""
"gaussian",0.3,252,1206608093,"OLS",TRUE,""
"gaussian",0.3,252,1206608093,"Semiparametric",TRUE,""
"asymmetric_mixture",0.3,252,2094181290,"OLS",TRUE,""
"asymmetric_mixture",0.3,252,2094181290,"Semiparametric",TRUE,""
"gaussian",-0.3,253,1525044447,"OLS",TRUE,""
"gaussian",-0.3,253,1525044447,"Semiparametric",TRUE,""
"asymmetric_mixture",-0.3,253,636482813,"OLS",TRUE,""
"asymmetric_mixture",-0.3,253,636482813,"Semiparametric",TRUE,""
"gaussian",0,253,1914072927,"OLS",TRUE,""
"gaussian",0,253,1914072927,"Semiparametric",TRUE,""
"asymmetric_mixture",0,253,787959368,"OLS",TRUE,""
"asymmetric_mixture",0,253,787959368,"Semiparametric",TRUE,""
"gaussian",0.3,253,1908200059,"OLS",TRUE,""
"gaussian",0.3,253,1908200059,"Semiparametric",TRUE,""
"asymmetric_mixture",0.3,253,1908561401,"OLS",TRUE,""
"asymmetric_mixture",0.3,253,1908561401,"Semiparametric",TRUE,""
"gaussian",-0.3,254,1423850476,"OLS",TRUE,""
"gaussian",-0.3,254,1423850476,"Semiparametric",TRUE,""
"asymmetric_mixture",-0.3,254,1234549018,"OLS",TRUE,""
"asymmetric_mixture",-0.3,254,1234549018,"Semiparametric",TRUE,""
"gaussian",0,254,1459498673,"OLS",TRUE,""
"gaussian",0,254,1459498673,"Semiparametric",TRUE,""
"asymmetric_mixture",0,254,1750396312,"OLS",TRUE,""
"asymmetric_mixture",0,254,1750396312,"Semiparametric",TRUE,""
"gaussian",0.3,254,763255971,"OLS",TRUE,""
"gaussian",0.3,254,763255971,"Semiparametric",TRUE,""
"asymmetric_mixture",0.3,254,1802628836,"OLS",TRUE,""
"asymmetric_mixture",0.3,254,1802628836,"Semiparametric",TRUE,""
"gaussian",-0.3,255,1726232837,"OLS",TRUE,""
"gaussian",-0.3,255,1726232837,"Semiparametric",TRUE,""
"asymmetric_mixture",-0.3,255,1194916128,"OLS",TRUE,""
"asymmetric_mixture",-0.3,255,1194916128,"Semiparametric",TRUE,""
"gaussian",0,255,1770631743,"OLS",TRUE,""
"gaussian",0,255,1770631743,"Semiparametric",TRUE,""
"asymmetric_mixture",0,255,159181249,"OLS",TRUE,""
"asymmetric_mixture",0,255,159181249,"Semiparametric",TRUE,""
"gaussian",0.3,255,595963065,"OLS",TRUE,""
"gaussian",0.3,255,595963065,"Semiparametric",TRUE,""
"asymmetric_mixture",0.3,255,1652160175,"OLS",TRUE,""
"asymmetric_mixture",0.3,255,1652160175,"Semiparametric",TRUE,""
"gaussian",-0.3,256,420971130,"OLS",TRUE,""
"gaussian",-0.3,256,420971130,"Semiparametric",TRUE,""
"asymmetric_mixture",-0.3,256,1514017076,"OLS",TRUE,""
"asymmetric_mixture",-0.3,256,1514017076,"Semiparametric",TRUE,""
"gaussian",0,256,113390485,"OLS",TRUE,""
"gaussian",0,256,113390485,"Semiparametric",TRUE,""
"asymmetric_mixture",0,256,1262773869,"OLS",TRUE,""
"asymmetric_mixture",0,256,1262773869,"Semiparametric",TRUE,""
"gaussian",0.3,256,506771341,"OLS",TRUE,""
"gaussian",0.3,256,506771341,"Semiparametric",TRUE,""
"asymmetric_mixture",0.3,256,2039585160,"OLS",TRUE,""
"asymmetric_mixture",0.3,256,2039585160,"Semiparametric",TRUE,""
"gaussian",-0.3,257,1263686087,"OLS",TRUE,""
"gaussian",-0.3,257,1263686087,"Semiparametric",TRUE,""
"asymmetric_mixture",-0.3,257,66839852,"OLS",TRUE,""
"asymmetric_mixture",-0.3,257,66839852,"Semiparametric",TRUE,""
"gaussian",0,257,1913118373,"OLS",TRUE,""
"gaussian",0,257,1913118373,"Semiparametric",TRUE,""
"asymmetric_mixture",0,257,1504320361,"OLS",TRUE,""
"asymmetric_mixture",0,257,1504320361,"Semiparametric",TRUE,""
"gaussian",0.3,257,1500898391,"OLS",TRUE,""
"gaussian",0.3,257,1500898391,"Semiparametric",TRUE,""
"asymmetric_mixture",0.3,257,927535829,"OLS",TRUE,""
"asymmetric_mixture",0.3,257,927535829,"Semiparametric",TRUE,""
"gaussian",-0.3,258,1523859042,"OLS",TRUE,""
"gaussian",-0.3,258,1523859042,"Semiparametric",TRUE,""
"asymmetric_mixture",-0.3,258,220556773,"OLS",TRUE,""
"asymmetric_mixture",-0.3,258,220556773,"Semiparametric",TRUE,""
"gaussian",0,258,12319815,"OLS",TRUE,""
"gaussian",0,258,12319815,"Semiparametric",TRUE,""
"asymmetric_mixture",0,258,1384625735,"OLS",TRUE,""
"asymmetric_mixture",0,258,1384625735,"Semiparametric",TRUE,""
"gaussian",0.3,258,1709264836,"OLS",TRUE,""
"gaussian",0.3,258,1709264836,"Semiparametric",TRUE,""
"asymmetric_mixture",0.3,258,337272460,"OLS",TRUE,""
"asymmetric_mixture",0.3,258,337272460,"Semiparametric",TRUE,""
"gaussian",-0.3,259,1670476643,"OLS",TRUE,""
"gaussian",-0.3,259,1670476643,"Semiparametric",TRUE,""
"asymmetric_mixture",-0.3,259,1884691621,"OLS",TRUE,""
"asymmetric_mixture",-0.3,259,1884691621,"Semiparametric",TRUE,""
"gaussian",0,259,1913686364,"OLS",TRUE,""
"gaussian",0,259,1913686364,"Semiparametric",TRUE,""
"asymmetric_mixture",0,259,1911720310,"OLS",TRUE,""
"asymmetric_mixture",0,259,1911720310,"Semiparametric",TRUE,""
"gaussian",0.3,259,611180802,"OLS",TRUE,""
"gaussian",0.3,259,611180802,"Semiparametric",TRUE,""
"asymmetric_mixture",0.3,259,1678864950,"OLS",TRUE,""
"asymmetric_mixture",0.3,259,1678864950,"Semiparametric",TRUE,""
"gaussian",-0.3,260,1366675997,"OLS",TRUE,""
"gaussian",-0.3,260,1366675997,"Semiparametric",TRUE,""
"asymmetric_mixture",-0.3,260,1869924565,"OLS",TRUE,""
"asymmetric_mixture",-0.3,260,1869924565,"Semiparametric",TRUE,""
"gaussian",0,260,669737367,"OLS",TRUE,""
"gaussian",0,260,669737367,"Semiparametric",TRUE,""
"asymmetric_mixture",0,260,813881070,"OLS",TRUE,""
"asymmetric_mixture",0,260,813881070,"Semiparametric",TRUE,""
"gaussian",0.3,260,1723474162,"OLS",TRUE,""
"gaussian",0.3,260,1723474162,"Semiparametric",TRUE,""
"asymmetric_mixture",0.3,260,479868283,"OLS",TRUE,""
"asymmetric_mixture",0.3,260,479868283,"Semiparametric",TRUE,""
"gaussian",-0.3,261,335070105,"OLS",TRUE,""
"gaussian",-0.3,261,335070105,"Semiparametric",TRUE,""
"asymmetric_mixture",-0.3,261,992647692,"OLS",TRUE,""
"asymmetric_mixture",-0.3,261,992647692,"Semiparametric",TRUE,""
"gaussian",0,261,218726435,"OLS",TRUE,""
"gaussian",0,261,218726435,"Semiparametric",TRUE,""
"asymmetric_mixture",0,261,538978739,"OLS",TRUE,""
"asymmetric_mixture",0,261,538978739,"Semiparametric",TRUE,""
"gaussian",0.3,261,1275764308,"OLS",TRUE,""
"gaussian",0.3,261,1275764308,"Semiparametric",TRUE,""
"asymmetric_mixture",0.3,261,871188126,"OLS",TRUE,""
"asymmetric_mixture",0.3,261,871188126,"Semiparametric",TRUE,""
"gaussian",-0.3,262,744778409,"OLS",TRUE,""
"gaussian",-0.3,262,744778409,"Semiparametric",TRUE,""
"asymmetric_mixture",-0.3,262,462149485,"OLS",TRUE,""
"asymmetric_mixture",-0.3,262,462149485,"Semiparametric",TRUE,""
"gaussian",0,262,406625129,"OLS",TRUE,""
"gaussian",0,262,406625129,"Semiparametric",TRUE,""
"asymmetric_mixture",0,262,1670507896,"OLS",TRUE,""
"asymmetric_mixture",0,262,1670507896,"Semiparametric",TRUE,""
"gaussian",0.3,262,6973287,"OLS",TRUE,""
"gaussian",0.3,262,6973287,"Semiparametric",TRUE,""
"asymmetric_mixture",0.3,262,1868380946,"OLS",TRUE,""
"asymmetric_mixture",0.3,262,1868380946,"Semiparametric",TRUE,""
"gaussian",-0.3,263,1938741559,"OLS",TRUE,""
"gaussian",-0.3,263,1938741559,"Semiparametric",TRUE,""
"asymmetric_mixture",-0.3,263,409916500,"OLS",TRUE,""
"asymmetric_mixture",-0.3,263,409916500,"Semiparametric",TRUE,""
"gaussian",0,263,886952987,"OLS",TRUE,""
"gaussian",0,263,886952987,"Semiparametric",TRUE,""
"asymmetric_mixture",0,263,145168851,"OLS",TRUE,""
"asymmetric_mixture",0,263,145168851,"Semiparametric",TRUE,""
"gaussian",0.3,263,264495666,"OLS",TRUE,""
"gaussian",0.3,263,264495666,"Semiparametric",TRUE,""
"asymmetric_mixture",0.3,263,37887622,"OLS",TRUE,""
"asymmetric_mixture",0.3,263,37887622,"Semiparametric",TRUE,""
"gaussian",-0.3,264,169958520,"OLS",TRUE,""
"gaussian",-0.3,264,169958520,"Semiparametric",TRUE,""
"asymmetric_mixture",-0.3,264,674894267,"OLS",TRUE,""
"asymmetric_mixture",-0.3,264,674894267,"Semiparametric",TRUE,""
"gaussian",0,264,1022379301,"OLS",TRUE,""
"gaussian",0,264,1022379301,"Semiparametric",TRUE,""
"asymmetric_mixture",0,264,1482697129,"OLS",TRUE,""
"asymmetric_mixture",0,264,1482697129,"Semiparametric",TRUE,""
"gaussian",0.3,264,1997043260,"OLS",TRUE,""
"gaussian",0.3,264,1997043260,"Semiparametric",TRUE,""
"asymmetric_mixture",0.3,264,358256141,"OLS",TRUE,""
"asymmetric_mixture",0.3,264,358256141,"Semiparametric",TRUE,""
"gaussian",-0.3,265,943222358,"OLS",TRUE,""
"gaussian",-0.3,265,943222358,"Semiparametric",TRUE,""
"asymmetric_mixture",-0.3,265,1082266555,"OLS",TRUE,""
"asymmetric_mixture",-0.3,265,1082266555,"Semiparametric",TRUE,""
"gaussian",0,265,968311457,"OLS",TRUE,""
"gaussian",0,265,968311457,"Semiparametric",TRUE,""
"asymmetric_mixture",0,265,1056850370,"OLS",TRUE,""
"asymmetric_mixture",0,265,1056850370,"Semiparametric",TRUE,""
"gaussian",0.3,265,608885189,"OLS",TRUE,""
"gaussian",0.3,265,608885189,"Semiparametric",TRUE,""
"asymmetric_mixture",0.3,265,2064271104,"OLS",TRUE,""
"asymmetric_mixture",0.3,265,2064271104,"Semiparametric",TRUE,""
"gaussian",-0.3,266,742639219,"OLS",TRUE,""
"gaussian",-0.3,266,742639219,"Semiparametric",TRUE,""
"asymmetric_mixture",-0.3,266,733536656,"OLS",TRUE,""
"asymmetric_mixture",-0.3,266,733536656,"Semiparametric",TRUE,""
"gaussian",0,266,430058539,"OLS",TRUE,""
"gaussian",0,266,430058539,"Semiparametric",TRUE,""
"asymmetric_mixture",0,266,382781425,"OLS",TRUE,""
"asymmetric_mixture",0,266,382781425,"Semiparametric",TRUE,""
"gaussian",0.3,266,1629034639,"OLS",TRUE,""
"gaussian",0.3,266,1629034639,"Semiparametric",TRUE,""
"asymmetric_mixture",0.3,266,1778404683,"OLS",TRUE,""
"asymmetric_mixture",0.3,266,1778404683,"Semiparametric",TRUE,""
"gaussian",-0.3,267,1180083718,"OLS",TRUE,""
"gaussian",-0.3,267,1180083718,"Semiparametric",TRUE,""
"asymmetric_mixture",-0.3,267,361290910,"OLS",TRUE,""
"asymmetric_mixture",-0.3,267,361290910,"Semiparametric",TRUE,""
"gaussian",0,267,377989797,"OLS",TRUE,""
"gaussian",0,267,377989797,"Semiparametric",TRUE,""
"asymmetric_mixture",0,267,1661963790,"OLS",TRUE,""
"asymmetric_mixture",0,267,1661963790,"Semiparametric",TRUE,""
"gaussian",0.3,267,1738304323,"OLS",TRUE,""
"gaussian",0.3,267,1738304323,"Semiparametric",TRUE,""
"asymmetric_mixture",0.3,267,995455153,"OLS",TRUE,""
"asymmetric_mixture",0.3,267,995455153,"Semiparametric",TRUE,""
"gaussian",-0.3,268,2100091404,"OLS",TRUE,""
"gaussian",-0.3,268,2100091404,"Semiparametric",TRUE,""
"asymmetric_mixture",-0.3,268,234910018,"OLS",TRUE,""
"asymmetric_mixture",-0.3,268,234910018,"Semiparametric",TRUE,""
"gaussian",0,268,5729178,"OLS",TRUE,""
"gaussian",0,268,5729178,"Semiparametric",TRUE,""
"asymmetric_mixture",0,268,1339905637,"OLS",TRUE,""
"asymmetric_mixture",0,268,1339905637,"Semiparametric",TRUE,""
"gaussian",0.3,268,414801578,"OLS",TRUE,""
"gaussian",0.3,268,414801578,"Semiparametric",TRUE,""
"asymmetric_mixture",0.3,268,1638279181,"OLS",TRUE,""
"asymmetric_mixture",0.3,268,1638279181,"Semiparametric",TRUE,""
"gaussian",-0.3,269,2028713147,"OLS",TRUE,""
"gaussian",-0.3,269,2028713147,"Semiparametric",TRUE,""
"asymmetric_mixture",-0.3,269,1382902595,"OLS",TRUE,""
"asymmetric_mixture",-0.3,269,1382902595,"Semiparametric",TRUE,""
"gaussian",0,269,1984806593,"OLS",TRUE,""
"gaussian",0,269,1984806593,"Semiparametric",TRUE,""
"asymmetric_mixture",0,269,1143297549,"OLS",TRUE,""
"asymmetric_mixture",0,269,1143297549,"Semiparametric",TRUE,""
"gaussian",0.3,269,1525013821,"OLS",TRUE,""
"gaussian",0.3,269,1525013821,"Semiparametric",TRUE,""
"asymmetric_mixture",0.3,269,1520926845,"OLS",TRUE,""
"asymmetric_mixture",0.3,269,1520926845,"Semiparametric",TRUE,""
"gaussian",-0.3,270,1696953841,"OLS",TRUE,""
"gaussian",-0.3,270,1696953841,"Semiparametric",TRUE,""
"asymmetric_mixture",-0.3,270,1891843555,"OLS",TRUE,""
"asymmetric_mixture",-0.3,270,1891843555,"Semiparametric",TRUE,""
"gaussian",0,270,1147710761,"OLS",TRUE,""
"gaussian",0,270,1147710761,"Semiparametric",TRUE,""
"asymmetric_mixture",0,270,1571595605,"OLS",TRUE,""
"asymmetric_mixture",0,270,1571595605,"Semiparametric",TRUE,""
"gaussian",0.3,270,653918151,"OLS",TRUE,""
"gaussian",0.3,270,653918151,"Semiparametric",TRUE,""
"asymmetric_mixture",0.3,270,541814887,"OLS",TRUE,""
"asymmetric_mixture",0.3,270,541814887,"Semiparametric",TRUE,""
"gaussian",-0.3,271,592457830,"OLS",TRUE,""
"gaussian",-0.3,271,592457830,"Semiparametric",TRUE,""
"asymmetric_mixture",-0.3,271,238856876,"OLS",TRUE,""
"asymmetric_mixture",-0.3,271,238856876,"Semiparametric",TRUE,""
"gaussian",0,271,1082418072,"OLS",TRUE,""
"gaussian",0,271,1082418072,"Semiparametric",TRUE,""
"asymmetric_mixture",0,271,2020099087,"OLS",TRUE,""
"asymmetric_mixture",0,271,2020099087,"Semiparametric",TRUE,""
"gaussian",0.3,271,444146201,"OLS",TRUE,""
"gaussian",0.3,271,444146201,"Semiparametric",TRUE,""
"asymmetric_mixture",0.3,271,2081082078,"OLS",TRUE,""
"asymmetric_mixture",0.3,271,2081082078,"Semiparametric",TRUE,""
"gaussian",-0.3,272,951094887,"OLS",TRUE,""
"gaussian",-0.3,272,951094887,"Semiparametric",TRUE,""
"asymmetric_mixture",-0.3,272,215672297,"OLS",TRUE,""
"asymmetric_mixture",-0.3,272,215672297,"Semiparametric",TRUE,""
"gaussian",0,272,35352502,"OLS",TRUE,""
"gaussian",0,272,35352502,"Semiparametric",TRUE,""
"asymmetric_mixture",0,272,725838559,"OLS",TRUE,""
"asymmetric_mixture",0,272,725838559,"Semiparametric",TRUE,""
"gaussian",0.3,272,1526981578,"OLS",TRUE,""
"gaussian",0.3,272,1526981578,"Semiparametric",TRUE,""
"asymmetric_mixture",0.3,272,1433575000,"OLS",TRUE,""
"asymmetric_mixture",0.3,272,1433575000,"Semiparametric",TRUE,""
"gaussian",-0.3,273,1256046432,"OLS",TRUE,""
"gaussian",-0.3,273,1256046432,"Semiparametric",TRUE,""
"asymmetric_mixture",-0.3,273,810560483,"OLS",TRUE,""
"asymmetric_mixture",-0.3,273,810560483,"Semiparametric",TRUE,""
"gaussian",0,273,963573508,"OLS",TRUE,""
"gaussian",0,273,963573508,"Semiparametric",TRUE,""
"asymmetric_mixture",0,273,1783890792,"OLS",TRUE,""
"asymmetric_mixture",0,273,1783890792,"Semiparametric",TRUE,""
"gaussian",0.3,273,189529554,"OLS",TRUE,""
"gaussian",0.3,273,189529554,"Semiparametric",TRUE,""
"asymmetric_mixture",0.3,273,417121929,"OLS",TRUE,""
"asymmetric_mixture",0.3,273,417121929,"Semiparametric",TRUE,""
"gaussian",-0.3,274,60605963,"OLS",TRUE,""
"gaussian",-0.3,274,60605963,"Semiparametric",TRUE,""
"asymmetric_mixture",-0.3,274,178964235,"OLS",TRUE,""
"asymmetric_mixture",-0.3,274,178964235,"Semiparametric",TRUE,""
"gaussian",0,274,1459993762,"OLS",TRUE,""
"gaussian",0,274,1459993762,"Semiparametric",TRUE,""
"asymmetric_mixture",0,274,1657887070,"OLS",TRUE,""
"asymmetric_mixture",0,274,1657887070,"Semiparametric",TRUE,""
"gaussian",0.3,274,1339533669,"OLS",TRUE,""
"gaussian",0.3,274,1339533669,"Semiparametric",TRUE,""
"asymmetric_mixture",0.3,274,1105238084,"OLS",TRUE,""
"asymmetric_mixture",0.3,274,1105238084,"Semiparametric",TRUE,""
"gaussian",-0.3,275,144676743,"OLS",TRUE,""
"gaussian",-0.3,275,144676743,"Semiparametric",TRUE,""
"asymmetric_mixture",-0.3,275,781945006,"OLS",TRUE,""
"asymmetric_mixture",-0.3,275,781945006,"Semiparametric",TRUE,""
"gaussian",0,275,564757977,"OLS",TRUE,""
"gaussian",0,275,564757977,"Semiparametric",TRUE,""
"asymmetric_mixture",0,275,787111776,"OLS",TRUE,""
"asymmetric_mixture",0,275,787111776,"Semiparametric",TRUE,""
"gaussian",0.3,275,1672868403,"OLS",TRUE,""
"gaussian",0.3,275,1672868403,"Semiparametric",TRUE,""
"asymmetric_mixture",0.3,275,698015246,"OLS",TRUE,""
"asymmetric_mixture",0.3,275,698015246,"Semiparametric",TRUE,""
"gaussian",-0.3,276,705547315,"OLS",TRUE,""
"gaussian",-0.3,276,705547315,"Semiparametric",TRUE,""
"asymmetric_mixture",-0.3,276,2109371409,"OLS",TRUE,""
"asymmetric_mixture",-0.3,276,2109371409,"Semiparametric",TRUE,""
"gaussian",0,276,723290592,"OLS",TRUE,""
"gaussian",0,276,723290592,"Semiparametric",TRUE,""
"asymmetric_mixture",0,276,22931265,"OLS",TRUE,""
"asymmetric_mixture",0,276,22931265,"Semiparametric",TRUE,""
"gaussian",0.3,276,1926335530,"OLS",TRUE,""
"gaussian",0.3,276,1926335530,"Semiparametric",TRUE,""
"asymmetric_mixture",0.3,276,837150895,"OLS",TRUE,""
"asymmetric_mixture",0.3,276,837150895,"Semiparametric",TRUE,""
"gaussian",-0.3,277,700387213,"OLS",TRUE,""
"gaussian",-0.3,277,700387213,"Semiparametric",TRUE,""
"asymmetric_mixture",-0.3,277,1442918660,"OLS",TRUE,""
"asymmetric_mixture",-0.3,277,1442918660,"Semiparametric",TRUE,""
"gaussian",0,277,1642325261,"OLS",TRUE,""
"gaussian",0,277,1642325261,"Semiparametric",TRUE,""
"asymmetric_mixture",0,277,898579172,"OLS",TRUE,""
"asymmetric_mixture",0,277,898579172,"Semiparametric",TRUE,""
"gaussian",0.3,277,396535447,"OLS",TRUE,""
"gaussian",0.3,277,396535447,"Semiparametric",TRUE,""
"asymmetric_mixture",0.3,277,209644171,"OLS",TRUE,""
"asymmetric_mixture",0.3,277,209644171,"Semiparametric",TRUE,""
"gaussian",-0.3,278,975093160,"OLS",TRUE,""
"gaussian",-0.3,278,975093160,"Semiparametric",TRUE,""
"asymmetric_mixture",-0.3,278,172351011,"OLS",TRUE,""
"asymmetric_mixture",-0.3,278,172351011,"Semiparametric",TRUE,""
"gaussian",0,278,293534228,"OLS",TRUE,""
"gaussian",0,278,293534228,"Semiparametric",TRUE,""
"asymmetric_mixture",0,278,1412318768,"OLS",TRUE,""
"asymmetric_mixture",0,278,1412318768,"Semiparametric",TRUE,""
"gaussian",0.3,278,2037028227,"OLS",TRUE,""
"gaussian",0.3,278,2037028227,"Semiparametric",TRUE,""
"asymmetric_mixture",0.3,278,1607739270,"OLS",TRUE,""
"asymmetric_mixture",0.3,278,1607739270,"Semiparametric",TRUE,""
"gaussian",-0.3,279,1220536428,"OLS",TRUE,""
"gaussian",-0.3,279,1220536428,"Semiparametric",TRUE,""
"asymmetric_mixture",-0.3,279,71275462,"OLS",TRUE,""
"asymmetric_mixture",-0.3,279,71275462,"Semiparametric",TRUE,""
"gaussian",0,279,203639582,"OLS",TRUE,""
"gaussian",0,279,203639582,"Semiparametric",TRUE,""
"asymmetric_mixture",0,279,263786986,"OLS",TRUE,""
"asymmetric_mixture",0,279,263786986,"Semiparametric",TRUE,""
"gaussian",0.3,279,314684310,"OLS",TRUE,""
"gaussian",0.3,279,314684310,"Semiparametric",TRUE,""
"asymmetric_mixture",0.3,279,534086339,"OLS",TRUE,""
"asymmetric_mixture",0.3,279,534086339,"Semiparametric",TRUE,""
"gaussian",-0.3,280,1232331491,"OLS",TRUE,""
"gaussian",-0.3,280,1232331491,"Semiparametric",TRUE,""
"asymmetric_mixture",-0.3,280,503387659,"OLS",TRUE,""
"asymmetric_mixture",-0.3,280,503387659,"Semiparametric",TRUE,""
"gaussian",0,280,343656533,"OLS",TRUE,""
"gaussian",0,280,343656533,"Semiparametric",TRUE,""
"asymmetric_mixture",0,280,307649135,"OLS",TRUE,""
"asymmetric_mixture",0,280,307649135,"Semiparametric",TRUE,""
"gaussian",0.3,280,1368377311,"OLS",TRUE,""
"gaussian",0.3,280,1368377311,"Semiparametric",TRUE,""
"asymmetric_mixture",0.3,280,1946982051,"OLS",TRUE,""
"asymmetric_mixture",0.3,280,1946982051,"Semiparametric",TRUE,""
"gaussian",-0.3,281,566566858,"OLS",TRUE,""
"gaussian",-0.3,281,566566858,"Semiparametric",TRUE,""
"asymmetric_mixture",-0.3,281,1741811255,"OLS",TRUE,""
"asymmetric_mixture",-0.3,281,1741811255,"Semiparametric",TRUE,""
"gaussian",0,281,1386094642,"OLS",TRUE,""
"gaussian",0,281,1386094642,"Semiparametric",TRUE,""
"asymmetric_mixture",0,281,1039029736,"OLS",TRUE,""
"asymmetric_mixture",0,281,1039029736,"Semiparametric",TRUE,""
"gaussian",0.3,281,1405389477,"OLS",TRUE,""
"gaussian",0.3,281,1405389477,"Semiparametric",TRUE,""
"asymmetric_mixture",0.3,281,1855902978,"OLS",TRUE,""
"asymmetric_mixture",0.3,281,1855902978,"Semiparametric",TRUE,""
"gaussian",-0.3,282,2092486840,"OLS",TRUE,""
"gaussian",-0.3,282,2092486840,"Semiparametric",TRUE,""
"asymmetric_mixture",-0.3,282,256695315,"OLS",TRUE,""
"asymmetric_mixture",-0.3,282,256695315,"Semiparametric",TRUE,""
"gaussian",0,282,601931570,"OLS",TRUE,""
"gaussian",0,282,601931570,"Semiparametric",TRUE,""
"asymmetric_mixture",0,282,128183249,"OLS",TRUE,""
"asymmetric_mixture",0,282,128183249,"Semiparametric",TRUE,""
"gaussian",0.3,282,1310579982,"OLS",TRUE,""
"gaussian",0.3,282,1310579982,"Semiparametric",TRUE,""
"asymmetric_mixture",0.3,282,2009008051,"OLS",TRUE,""
"asymmetric_mixture",0.3,282,2009008051,"Semiparametric",TRUE,""
"gaussian",-0.3,283,1303376192,"OLS",TRUE,""
"gaussian",-0.3,283,1303376192,"Semiparametric",TRUE,""
"asymmetric_mixture",-0.3,283,506674068,"OLS",TRUE,""
"asymmetric_mixture",-0.3,283,506674068,"Semiparametric",TRUE,""
"gaussian",0,283,1159569103,"OLS",TRUE,""
"gaussian",0,283,1159569103,"Semiparametric",TRUE,""
"asymmetric_mixture",0,283,1814200492,"OLS",TRUE,""
"asymmetric_mixture",0,283,1814200492,"Semiparametric",TRUE,""
"gaussian",0.3,283,656207764,"OLS",TRUE,""
"gaussian",0.3,283,656207764,"Semiparametric",TRUE,""
"asymmetric_mixture",0.3,283,507779212,"OLS",TRUE,""
"asymmetric_mixture",0.3,283,507779212,"Semiparametric",TRUE,""
"gaussian",-0.3,284,1586659201,"OLS",TRUE,""
"gaussian",-0.3,284,1586659201,"Semiparametric",TRUE,""
"asymmetric_mixture",-0.3,284,702688077,"OLS",TRUE,""
"asymmetric_mixture",-0.3,284,702688077,"Semiparametric",TRUE,""
"gaussian",0,284,123546741,"OLS",TRUE,""
"gaussian",0,284,123546741,"Semiparametric",TRUE,""
"asymmetric_mixture",0,284,1718883597,"OLS",TRUE,""
"asymmetric_mixture",0,284,1718883597,"Semiparametric",TRUE,""
"gaussian",0.3,284,944070459,"OLS",TRUE,""
"gaussian",0.3,284,944070459,"Semiparametric",TRUE,""
"asymmetric_mixture",0.3,284,1163383443,"OLS",TRUE,""
"asymmetric_mixture",0.3,284,1163383443,"Semiparametric",TRUE,""
"gaussian",-0.3,285,542963580,"OLS",TRUE,""
"gaussian",-0.3,285,542963580,"Semiparametric",TRUE,""
"asymmetric_mixture",-0.3,285,730739860,"OLS",TRUE,""
"asymmetric_mixture",-0.3,285,730739860,"Semiparametric",TRUE,""
"gaussian",0,285,159582864,"OLS",TRUE,""
"gaussian",0,285,159582864,"Semiparametric",TRUE,""
"asymmetric_mixture",0,285,1987595524,"OLS",TRUE,""
"asymmetric_mixture",0,285,1987595524,"Semiparametric",TRUE,""
"gaussian",0.3,285,782181635,"OLS",TRUE,""
"gaussian",0.3,285,782181635,"Semiparametric",TRUE,""
"asymmetric_mixture",0.3,285,1008172493,"OLS",TRUE,""
"asymmetric_mixture",0.3,285,1008172493,"Semiparametric",TRUE,""
"gaussian",-0.3,286,50995584,"OLS",TRUE,""
"gaussian",-0.3,286,50995584,"Semiparametric",TRUE,""
"asymmetric_mixture",-0.3,286,498191077,"OLS",TRUE,""
"asymmetric_mixture",-0.3,286,498191077,"Semiparametric",TRUE,""
"gaussian",0,286,2124486299,"OLS",TRUE,""
"gaussian",0,286,2124486299,"Semiparametric",TRUE,""
"asymmetric_mixture",0,286,973414110,"OLS",TRUE,""
"asymmetric_mixture",0,286,973414110,"Semiparametric",TRUE,""
"gaussian",0.3,286,1755272392,"OLS",TRUE,""
"gaussian",0.3,286,1755272392,"Semiparametric",TRUE,""
"asymmetric_mixture",0.3,286,1480692256,"OLS",TRUE,""
"asymmetric_mixture",0.3,286,1480692256,"Semiparametric",TRUE,""
"gaussian",-0.3,287,1759039876,"OLS",TRUE,""
"gaussian",-0.3,287,1759039876,"Semiparametric",TRUE,""
"asymmetric_mixture",-0.3,287,44846800,"OLS",TRUE,""
"asymmetric_mixture",-0.3,287,44846800,"Semiparametric",TRUE,""
"gaussian",0,287,429462188,"OLS",TRUE,""
"gaussian",0,287,429462188,"Semiparametric",TRUE,""
"asymmetric_mixture",0,287,732659217,"OLS",TRUE,""
"asymmetric_mixture",0,287,732659217,"Semiparametric",TRUE,""
"gaussian",0.3,287,39302440,"OLS",TRUE,""
"gaussian",0.3,287,39302440,"Semiparametric",TRUE,""
"asymmetric_mixture",0.3,287,304083780,"OLS",TRUE,""
"asymmetric_mixture",0.3,287,304083780,"Semiparametric",TRUE,""
"gaussian",-0.3,288,1612387436,"OLS",TRUE,""
"gaussian",-0.3,288,1612387436,"Semiparametric",TRUE,""
"asymmetric_mixture",-0.3,288,793369144,"OLS",TRUE,""
"asymmetric_mixture",-0.3,288,793369144,"Semiparametric",TRUE,""
"gaussian",0,288,101263798,"OLS",TRUE,""
"gaussian",0,288,101263798,"Semiparametric",TRUE,""
"asymmetric_mixture",0,288,212970064,"OLS",TRUE,""
"asymmetric_mixture",0,288,212970064,"Semiparametric",TRUE,""
"gaussian",0.3,288,621762377,"OLS",TRUE,""
"gaussian",0.3,288,621762377,"Semiparametric",TRUE,""
"asymmetric_mixture",0.3,288,1124070179,"OLS",TRUE,""
"asymmetric_mixture",0.3,288,1124070179,"Semiparametric",TRUE,""
"gaussian",-0.3,289,715807589,"OLS",TRUE,""
"gaussian",-0.3,289,715807589,"Semiparametric",TRUE,""
"asymmetric_mixture",-0.3,289,1719439400,"OLS",TRUE,""
"asymmetric_mixture",-0.3,289,1719439400,"Semiparametric",TRUE,""
"gaussian",0,289,70907406,"OLS",TRUE,""
"gaussian",0,289,70907406,"Semiparametric",TRUE,""
"asymmetric_mixture",0,289,984411256,"OLS",TRUE,""
"asymmetric_mixture",0,289,984411256,"Semiparametric",TRUE,""
"gaussian",0.3,289,824937489,"OLS",TRUE,""
"gaussian",0.3,289,824937489,"Semiparametric",TRUE,""
"asymmetric_mixture",0.3,289,642115386,"OLS",TRUE,""
"asymmetric_mixture",0.3,289,642115386,"Semiparametric",TRUE,""
"gaussian",-0.3,290,1425735368,"OLS",TRUE,""
"gaussian",-0.3,290,1425735368,"Semiparametric",TRUE,""
"asymmetric_mixture",-0.3,290,1862687067,"OLS",TRUE,""
"asymmetric_mixture",-0.3,290,1862687067,"Semiparametric",TRUE,""
"gaussian",0,290,1351894714,"OLS",TRUE,""
"gaussian",0,290,1351894714,"Semiparametric",TRUE,""
"asymmetric_mixture",0,290,983397515,"OLS",TRUE,""
"asymmetric_mixture",0,290,983397515,"Semiparametric",TRUE,""
"gaussian",0.3,290,702160725,"OLS",TRUE,""
"gaussian",0.3,290,702160725,"Semiparametric",TRUE,""
"asymmetric_mixture",0.3,290,137790389,"OLS",TRUE,""
"asymmetric_mixture",0.3,290,137790389,"Semiparametric",TRUE,""
"gaussian",-0.3,291,1468136078,"OLS",TRUE,""
"gaussian",-0.3,291,1468136078,"Semiparametric",TRUE,""
"asymmetric_mixture",-0.3,291,1592646423,"OLS",TRUE,""
"asymmetric_mixture",-0.3,291,1592646423,"Semiparametric",TRUE,""
"gaussian",0,291,1618439571,"OLS",TRUE,""
"gaussian",0,291,1618439571,"Semiparametric",TRUE,""
"asymmetric_mixture",0,291,1068967822,"OLS",TRUE,""
"asymmetric_mixture",0,291,1068967822,"Semiparametric",TRUE,""
"gaussian",0.3,291,1364252333,"OLS",TRUE,""
"gaussian",0.3,291,1364252333,"Semiparametric",TRUE,""
"asymmetric_mixture",0.3,291,1025743565,"OLS",TRUE,""
"asymmetric_mixture",0.3,291,1025743565,"Semiparametric",TRUE,""
"gaussian",-0.3,292,631544416,"OLS",TRUE,""
"gaussian",-0.3,292,631544416,"Semiparametric",TRUE,""
"asymmetric_mixture",-0.3,292,1372750458,"OLS",TRUE,""
"asymmetric_mixture",-0.3,292,1372750458,"Semiparametric",TRUE,""
"gaussian",0,292,2057852330,"OLS",TRUE,""
"gaussian",0,292,2057852330,"Semiparametric",TRUE,""
"asymmetric_mixture",0,292,1587692000,"OLS",TRUE,""
"asymmetric_mixture",0,292,1587692000,"Semiparametric",TRUE,""
"gaussian",0.3,292,503032605,"OLS",TRUE,""
"gaussian",0.3,292,503032605,"Semiparametric",TRUE,""
"asymmetric_mixture",0.3,292,876326901,"OLS",TRUE,""
"asymmetric_mixture",0.3,292,876326901,"Semiparametric",TRUE,""
"gaussian",-0.3,293,1904183526,"OLS",TRUE,""
"gaussian",-0.3,293,1904183526,"Semiparametric",TRUE,""
"asymmetric_mixture",-0.3,293,883057593,"OLS",TRUE,""
"asymmetric_mixture",-0.3,293,883057593,"Semiparametric",TRUE,""
"gaussian",0,293,1284714382,"OLS",TRUE,""
"gaussian",0,293,1284714382,"Semiparametric",TRUE,""
"asymmetric_mixture",0,293,956913165,"OLS",TRUE,""
"asymmetric_mixture",0,293,956913165,"Semiparametric",TRUE,""
"gaussian",0.3,293,766591035,"OLS",TRUE,""
"gaussian",0.3,293,766591035,"Semiparametric",TRUE,""
"asymmetric_mixture",0.3,293,672307142,"OLS",TRUE,""
"asymmetric_mixture",0.3,293,672307142,"Semiparametric",TRUE,""
"gaussian",-0.3,294,629754373,"OLS",TRUE,""
"gaussian",-0.3,294,629754373,"Semiparametric",TRUE,""
"asymmetric_mixture",-0.3,294,1846193373,"OLS",TRUE,""
"asymmetric_mixture",-0.3,294,1846193373,"Semiparametric",TRUE,""
"gaussian",0,294,691497924,"OLS",TRUE,""
"gaussian",0,294,691497924,"Semiparametric",TRUE,""
"asymmetric_mixture",0,294,2137843080,"OLS",TRUE,""
"asymmetric_mixture",0,294,2137843080,"Semiparametric",TRUE,""
"gaussian",0.3,294,1625599754,"OLS",TRUE,""
"gaussian",0.3,294,1625599754,"Semiparametric",TRUE,""
"asymmetric_mixture",0.3,294,613752214,"OLS",TRUE,""
"asymmetric_mixture",0.3,294,613752214,"Semiparametric",TRUE,""
"gaussian",-0.3,295,1826985778,"OLS",TRUE,""
"gaussian",-0.3,295,1826985778,"Semiparametric",TRUE,""
"asymmetric_mixture",-0.3,295,1943725175,"OLS",TRUE,""
"asymmetric_mixture",-0.3,295,1943725175,"Semiparametric",TRUE,""
"gaussian",0,295,327712463,"OLS",TRUE,""
"gaussian",0,295,327712463,"Semiparametric",TRUE,""
"asymmetric_mixture",0,295,2135225991,"OLS",TRUE,""
"asymmetric_mixture",0,295,2135225991,"Semiparametric",TRUE,""
"gaussian",0.3,295,1862898004,"OLS",TRUE,""
"gaussian",0.3,295,1862898004,"Semiparametric",TRUE,""
"asymmetric_mixture",0.3,295,1321015118,"OLS",TRUE,""
"asymmetric_mixture",0.3,295,1321015118,"Semiparametric",TRUE,""
"gaussian",-0.3,296,1830810093,"OLS",TRUE,""
"gaussian",-0.3,296,1830810093,"Semiparametric",TRUE,""
"asymmetric_mixture",-0.3,296,1209455011,"OLS",TRUE,""
"asymmetric_mixture",-0.3,296,1209455011,"Semiparametric",TRUE,""
"gaussian",0,296,1759545450,"OLS",TRUE,""
"gaussian",0,296,1759545450,"Semiparametric",TRUE,""
"asymmetric_mixture",0,296,1397378571,"OLS",TRUE,""
"asymmetric_mixture",0,296,1397378571,"Semiparametric",TRUE,""
"gaussian",0.3,296,163726975,"OLS",TRUE,""
"gaussian",0.3,296,163726975,"Semiparametric",TRUE,""
"asymmetric_mixture",0.3,296,1571726006,"OLS",TRUE,""
"asymmetric_mixture",0.3,296,1571726006,"Semiparametric",TRUE,""
"gaussian",-0.3,297,1610671912,"OLS",TRUE,""
"gaussian",-0.3,297,1610671912,"Semiparametric",TRUE,""
"asymmetric_mixture",-0.3,297,786375842,"OLS",TRUE,""
"asymmetric_mixture",-0.3,297,786375842,"Semiparametric",TRUE,""
"gaussian",0,297,1548818664,"OLS",TRUE,""
"gaussian",0,297,1548818664,"Semiparametric",TRUE,""
"asymmetric_mixture",0,297,16254240,"OLS",TRUE,""
"asymmetric_mixture",0,297,16254240,"Semiparametric",TRUE,""
"gaussian",0.3,297,801859430,"OLS",TRUE,""
"gaussian",0.3,297,801859430,"Semiparametric",TRUE,""
"asymmetric_mixture",0.3,297,207822348,"OLS",TRUE,""
"asymmetric_mixture",0.3,297,207822348,"Semiparametric",TRUE,""
"gaussian",-0.3,298,1726072318,"OLS",TRUE,""
"gaussian",-0.3,298,1726072318,"Semiparametric",TRUE,""
"asymmetric_mixture",-0.3,298,433248810,"OLS",TRUE,""
"asymmetric_mixture",-0.3,298,433248810,"Semiparametric",TRUE,""
"gaussian",0,298,915661694,"OLS",TRUE,""
"gaussian",0,298,915661694,"Semiparametric",TRUE,""
"asymmetric_mixture",0,298,533459204,"OLS",TRUE,""
"asymmetric_mixture",0,298,533459204,"Semiparametric",TRUE,""
"gaussian",0.3,298,1460544492,"OLS",TRUE,""
"gaussian",0.3,298,1460544492,"Semiparametric",TRUE,""
"asymmetric_mixture",0.3,298,1074666533,"OLS",TRUE,""
"asymmetric_mixture",0.3,298,1074666533,"Semiparametric",TRUE,""
"gaussian",-0.3,299,1479313741,"OLS",TRUE,""
"gaussian",-0.3,299,1479313741,"Semiparametric",TRUE,""
"asymmetric_mixture",-0.3,299,1769846923,"OLS",TRUE,""
"asymmetric_mixture",-0.3,299,1769846923,"Semiparametric",TRUE,""
"gaussian",0,299,693065681,"OLS",TRUE,""
"gaussian",0,299,693065681,"Semiparametric",TRUE,""
"asymmetric_mixture",0,299,1962450179,"OLS",TRUE,""
"asymmetric_mixture",0,299,1962450179,"Semiparametric",TRUE,""
"gaussian",0.3,299,497208904,"OLS",TRUE,""
"gaussian",0.3,299,497208904,"Semiparametric",TRUE,""
"asymmetric_mixture",0.3,299,1806458337,"OLS",TRUE,""
"asymmetric_mixture",0.3,299,1806458337,"Semiparametric",TRUE,""
"gaussian",-0.3,300,710236313,"OLS",TRUE,""
"gaussian",-0.3,300,710236313,"Semiparametric",TRUE,""
"asymmetric_mixture",-0.3,300,1455993738,"OLS",TRUE,""
"asymmetric_mixture",-0.3,300,1455993738,"Semiparametric",TRUE,""
"gaussian",0,300,606643373,"OLS",TRUE,""
"gaussian",0,300,606643373,"Semiparametric",TRUE,""
"asymmetric_mixture",0,300,507233585,"OLS",TRUE,""
"asymmetric_mixture",0,300,507233585,"Semiparametric",TRUE,""
"gaussian",0.3,300,2144703693,"OLS",TRUE,""
"gaussian",0.3,300,2144703693,"Semiparametric",TRUE,""
"asymmetric_mixture",0.3,300,1497950741,"OLS",TRUE,""
"asymmetric_mixture",0.3,300,1497950741,"Semiparametric",TRUE,""
"gaussian",-0.3,301,1508010030,"OLS",TRUE,""
"gaussian",-0.3,301,1508010030,"Semiparametric",TRUE,""
"asymmetric_mixture",-0.3,301,419282403,"OLS",TRUE,""
"asymmetric_mixture",-0.3,301,419282403,"Semiparametric",TRUE,""
"gaussian",0,301,776195105,"OLS",TRUE,""
"gaussian",0,301,776195105,"Semiparametric",TRUE,""
"asymmetric_mixture",0,301,1617709179,"OLS",TRUE,""
"asymmetric_mixture",0,301,1617709179,"Semiparametric",TRUE,""
"gaussian",0.3,301,701184441,"OLS",TRUE,""
"gaussian",0.3,301,701184441,"Semiparametric",TRUE,""
"asymmetric_mixture",0.3,301,1469410822,"OLS",TRUE,""
"asymmetric_mixture",0.3,301,1469410822,"Semiparametric",TRUE,""
"gaussian",-0.3,302,393990290,"OLS",TRUE,""
"gaussian",-0.3,302,393990290,"Semiparametric",TRUE,""
"asymmetric_mixture",-0.3,302,1474784891,"OLS",TRUE,""
"asymmetric_mixture",-0.3,302,1474784891,"Semiparametric",TRUE,""
"gaussian",0,302,183479018,"OLS",TRUE,""
"gaussian",0,302,183479018,"Semiparametric",TRUE,""
"asymmetric_mixture",0,302,819889324,"OLS",TRUE,""
"asymmetric_mixture",0,302,819889324,"Semiparametric",TRUE,""
"gaussian",0.3,302,997031255,"OLS",TRUE,""
"gaussian",0.3,302,997031255,"Semiparametric",TRUE,""
"asymmetric_mixture",0.3,302,1480755698,"OLS",TRUE,""
"asymmetric_mixture",0.3,302,1480755698,"Semiparametric",TRUE,""
"gaussian",-0.3,303,1064608453,"OLS",TRUE,""
"gaussian",-0.3,303,1064608453,"Semiparametric",TRUE,""
"asymmetric_mixture",-0.3,303,1100807702,"OLS",TRUE,""
"asymmetric_mixture",-0.3,303,1100807702,"Semiparametric",TRUE,""
"gaussian",0,303,1331717781,"OLS",TRUE,""
"gaussian",0,303,1331717781,"Semiparametric",TRUE,""
"asymmetric_mixture",0,303,185904584,"OLS",TRUE,""
"asymmetric_mixture",0,303,185904584,"Semiparametric",TRUE,""
"gaussian",0.3,303,1200755524,"OLS",TRUE,""
"gaussian",0.3,303,1200755524,"Semiparametric",TRUE,""
"asymmetric_mixture",0.3,303,2115643502,"OLS",TRUE,""
"asymmetric_mixture",0.3,303,2115643502,"Semiparametric",TRUE,""
"gaussian",-0.3,304,1802126464,"OLS",TRUE,""
"gaussian",-0.3,304,1802126464,"Semiparametric",TRUE,""
"asymmetric_mixture",-0.3,304,818700711,"OLS",TRUE,""
"asymmetric_mixture",-0.3,304,818700711,"Semiparametric",TRUE,""
"gaussian",0,304,1508474269,"OLS",TRUE,""
"gaussian",0,304,1508474269,"Semiparametric",TRUE,""
"asymmetric_mixture",0,304,1051877338,"OLS",TRUE,""
"asymmetric_mixture",0,304,1051877338,"Semiparametric",TRUE,""
"gaussian",0.3,304,1592078707,"OLS",TRUE,""
"gaussian",0.3,304,1592078707,"Semiparametric",TRUE,""
"asymmetric_mixture",0.3,304,286461890,"OLS",TRUE,""
"asymmetric_mixture",0.3,304,286461890,"Semiparametric",TRUE,""
"gaussian",-0.3,305,1127406989,"OLS",TRUE,""
"gaussian",-0.3,305,1127406989,"Semiparametric",TRUE,""
"asymmetric_mixture",-0.3,305,1121033530,"OLS",TRUE,""
"asymmetric_mixture",-0.3,305,1121033530,"Semiparametric",TRUE,""
"gaussian",0,305,1803150407,"OLS",TRUE,""
"gaussian",0,305,1803150407,"Semiparametric",TRUE,""
"asymmetric_mixture",0,305,1503864068,"OLS",TRUE,""
"asymmetric_mixture",0,305,1503864068,"Semiparametric",TRUE,""
"gaussian",0.3,305,347656907,"OLS",TRUE,""
"gaussian",0.3,305,347656907,"Semiparametric",TRUE,""
"asymmetric_mixture",0.3,305,1555116583,"OLS",TRUE,""
"asymmetric_mixture",0.3,305,1555116583,"Semiparametric",TRUE,""
"gaussian",-0.3,306,300975408,"OLS",TRUE,""
"gaussian",-0.3,306,300975408,"Semiparametric",TRUE,""
"asymmetric_mixture",-0.3,306,438147070,"OLS",TRUE,""
"asymmetric_mixture",-0.3,306,438147070,"Semiparametric",TRUE,""
"gaussian",0,306,407578784,"OLS",TRUE,""
"gaussian",0,306,407578784,"Semiparametric",TRUE,""
"asymmetric_mixture",0,306,1549741699,"OLS",TRUE,""
"asymmetric_mixture",0,306,1549741699,"Semiparametric",TRUE,""
"gaussian",0.3,306,1447500976,"OLS",TRUE,""
"gaussian",0.3,306,1447500976,"Semiparametric",TRUE,""
"asymmetric_mixture",0.3,306,1191144781,"OLS",TRUE,""
"asymmetric_mixture",0.3,306,1191144781,"Semiparametric",TRUE,""
"gaussian",-0.3,307,1516466528,"OLS",TRUE,""
"gaussian",-0.3,307,1516466528,"Semiparametric",TRUE,""
"asymmetric_mixture",-0.3,307,2004549199,"OLS",TRUE,""
"asymmetric_mixture",-0.3,307,2004549199,"Semiparametric",TRUE,""
"gaussian",0,307,1897871128,"OLS",TRUE,""
"gaussian",0,307,1897871128,"Semiparametric",TRUE,""
"asymmetric_mixture",0,307,906879758,"OLS",TRUE,""
"asymmetric_mixture",0,307,906879758,"Semiparametric",TRUE,""
"gaussian",0.3,307,873080701,"OLS",TRUE,""
"gaussian",0.3,307,873080701,"Semiparametric",TRUE,""
"asymmetric_mixture",0.3,307,1947172681,"OLS",TRUE,""
"asymmetric_mixture",0.3,307,1947172681,"Semiparametric",TRUE,""
"gaussian",-0.3,308,1009637533,"OLS",TRUE,""
"gaussian",-0.3,308,1009637533,"Semiparametric",TRUE,""
"asymmetric_mixture",-0.3,308,253038521,"OLS",TRUE,""
"asymmetric_mixture",-0.3,308,253038521,"Semiparametric",TRUE,""
"gaussian",0,308,590063394,"OLS",TRUE,""
"gaussian",0,308,590063394,"Semiparametric",TRUE,""
"asymmetric_mixture",0,308,972099849,"OLS",TRUE,""
"asymmetric_mixture",0,308,972099849,"Semiparametric",TRUE,""
"gaussian",0.3,308,575130041,"OLS",TRUE,""
"gaussian",0.3,308,575130041,"Semiparametric",TRUE,""
"asymmetric_mixture",0.3,308,694237835,"OLS",TRUE,""
"asymmetric_mixture",0.3,308,694237835,"Semiparametric",TRUE,""
"gaussian",-0.3,309,1590273140,"OLS",TRUE,""
"gaussian",-0.3,309,1590273140,"Semiparametric",TRUE,""
"asymmetric_mixture",-0.3,309,460766577,"OLS",TRUE,""
"asymmetric_mixture",-0.3,309,460766577,"Semiparametric",TRUE,""
"gaussian",0,309,356205080,"OLS",TRUE,""
"gaussian",0,309,356205080,"Semiparametric",TRUE,""
"asymmetric_mixture",0,309,1727471116,"OLS",TRUE,""
"asymmetric_mixture",0,309,1727471116,"Semiparametric",TRUE,""
"gaussian",0.3,309,662136829,"OLS",TRUE,""
"gaussian",0.3,309,662136829,"Semiparametric",TRUE,""
"asymmetric_mixture",0.3,309,339792145,"OLS",TRUE,""
"asymmetric_mixture",0.3,309,339792145,"Semiparametric",TRUE,""
"gaussian",-0.3,310,1617080428,"OLS",TRUE,""
"gaussian",-0.3,310,1617080428,"Semiparametric",TRUE,""
"asymmetric_mixture",-0.3,310,1192093358,"OLS",TRUE,""
"asymmetric_mixture",-0.3,310,1192093358,"Semiparametric",TRUE,""
"gaussian",0,310,1876794806,"OLS",TRUE,""
"gaussian",0,310,1876794806,"Semiparametric",TRUE,""
"asymmetric_mixture",0,310,1505048481,"OLS",TRUE,""
"asymmetric_mixture",0,310,1505048481,"Semiparametric",TRUE,""
"gaussian",0.3,310,2045387777,"OLS",TRUE,""
"gaussian",0.3,310,2045387777,"Semiparametric",TRUE,""
"asymmetric_mixture",0.3,310,513057741,"OLS",TRUE,""
"asymmetric_mixture",0.3,310,513057741,"Semiparametric",TRUE,""
"gaussian",-0.3,311,1645938675,"OLS",TRUE,""
"gaussian",-0.3,311,1645938675,"Semiparametric",TRUE,""
"asymmetric_mixture",-0.3,311,1092578427,"OLS",TRUE,""
"asymmetric_mixture",-0.3,311,1092578427,"Semiparametric",TRUE,""
"gaussian",0,311,313075462,"OLS",TRUE,""
"gaussian",0,311,313075462,"Semiparametric",TRUE,""
"asymmetric_mixture",0,311,915772975,"OLS",TRUE,""
"asymmetric_mixture",0,311,915772975,"Semiparametric",TRUE,""
"gaussian",0.3,311,963020218,"OLS",TRUE,""
"gaussian",0.3,311,963020218,"Semiparametric",TRUE,""
"asymmetric_mixture",0.3,311,1316111444,"OLS",TRUE,""
"asymmetric_mixture",0.3,311,1316111444,"Semiparametric",TRUE,""
"gaussian",-0.3,312,1222780934,"OLS",TRUE,""
"gaussian",-0.3,312,1222780934,"Semiparametric",TRUE,""
"asymmetric_mixture",-0.3,312,2061780779,"OLS",TRUE,""
"asymmetric_mixture",-0.3,312,2061780779,"Semiparametric",TRUE,""
"gaussian",0,312,947946538,"OLS",TRUE,""
"gaussian",0,312,947946538,"Semiparametric",TRUE,""
"asymmetric_mixture",0,312,993217507,"OLS",TRUE,""
"asymmetric_mixture",0,312,993217507,"Semiparametric",TRUE,""
"gaussian",0.3,312,1314409151,"OLS",TRUE,""
"gaussian",0.3,312,1314409151,"Semiparametric",TRUE,""
"asymmetric_mixture",0.3,312,55326386,"OLS",TRUE,""
"asymmetric_mixture",0.3,312,55326386,"Semiparametric",TRUE,""
"gaussian",-0.3,313,1029814653,"OLS",TRUE,""
"gaussian",-0.3,313,1029814653,"Semiparametric",TRUE,""
"asymmetric_mixture",-0.3,313,188547715,"OLS",TRUE,""
"asymmetric_mixture",-0.3,313,188547715,"Semiparametric",TRUE,""
"gaussian",0,313,1847852466,"OLS",TRUE,""
"gaussian",0,313,1847852466,"Semiparametric",TRUE,""
"asymmetric_mixture",0,313,477256452,"OLS",TRUE,""
"asymmetric_mixture",0,313,477256452,"Semiparametric",TRUE,""
"gaussian",0.3,313,1784665419,"OLS",TRUE,""
"gaussian",0.3,313,1784665419,"Semiparametric",TRUE,""
"asymmetric_mixture",0.3,313,701843452,"OLS",TRUE,""
"asymmetric_mixture",0.3,313,701843452,"Semiparametric",TRUE,""
"gaussian",-0.3,314,1573880450,"OLS",TRUE,""
"gaussian",-0.3,314,1573880450,"Semiparametric",TRUE,""
"asymmetric_mixture",-0.3,314,1218707122,"OLS",TRUE,""
"asymmetric_mixture",-0.3,314,1218707122,"Semiparametric",TRUE,""
"gaussian",0,314,1348318092,"OLS",TRUE,""
"gaussian",0,314,1348318092,"Semiparametric",TRUE,""
"asymmetric_mixture",0,314,1794267607,"OLS",TRUE,""
"asymmetric_mixture",0,314,1794267607,"Semiparametric",TRUE,""
"gaussian",0.3,314,1769435871,"OLS",TRUE,""
"gaussian",0.3,314,1769435871,"Semiparametric",TRUE,""
"asymmetric_mixture",0.3,314,1985403713,"OLS",TRUE,""
"asymmetric_mixture",0.3,314,1985403713,"Semiparametric",TRUE,""
"gaussian",-0.3,315,1176910965,"OLS",TRUE,""
"gaussian",-0.3,315,1176910965,"Semiparametric",TRUE,""
"asymmetric_mixture",-0.3,315,747751935,"OLS",TRUE,""
"asymmetric_mixture",-0.3,315,747751935,"Semiparametric",TRUE,""
"gaussian",0,315,1700284215,"OLS",TRUE,""
"gaussian",0,315,1700284215,"Semiparametric",TRUE,""
"asymmetric_mixture",0,315,1778893482,"OLS",TRUE,""
"asymmetric_mixture",0,315,1778893482,"Semiparametric",TRUE,""
"gaussian",0.3,315,1827492522,"OLS",TRUE,""
"gaussian",0.3,315,1827492522,"Semiparametric",TRUE,""
"asymmetric_mixture",0.3,315,185035377,"OLS",TRUE,""
"asymmetric_mixture",0.3,315,185035377,"Semiparametric",TRUE,""
"gaussian",-0.3,316,240684526,"OLS",TRUE,""
"gaussian",-0.3,316,240684526,"Semiparametric",TRUE,""
"asymmetric_mixture",-0.3,316,993834870,"OLS",TRUE,""
"asymmetric_mixture",-0.3,316,993834870,"Semiparametric",TRUE,""
"gaussian",0,316,8702698,"OLS",TRUE,""
"gaussian",0,316,8702698,"Semiparametric",TRUE,""
"asymmetric_mixture",0,316,545544427,"OLS",TRUE,""
"asymmetric_mixture",0,316,545544427,"Semiparametric",TRUE,""
"gaussian",0.3,316,1929059241,"OLS",TRUE,""
"gaussian",0.3,316,1929059241,"Semiparametric",TRUE,""
"asymmetric_mixture",0.3,316,1850213203,"OLS",TRUE,""
"asymmetric_mixture",0.3,316,1850213203,"Semiparametric",TRUE,""
"gaussian",-0.3,317,528354146,"OLS",TRUE,""
"gaussian",-0.3,317,528354146,"Semiparametric",TRUE,""
"asymmetric_mixture",-0.3,317,873007389,"OLS",TRUE,""
"asymmetric_mixture",-0.3,317,873007389,"Semiparametric",TRUE,""
"gaussian",0,317,706063592,"OLS",TRUE,""
"gaussian",0,317,706063592,"Semiparametric",TRUE,""
"asymmetric_mixture",0,317,1390849799,"OLS",TRUE,""
"asymmetric_mixture",0,317,1390849799,"Semiparametric",TRUE,""
"gaussian",0.3,317,1892452754,"OLS",TRUE,""
"gaussian",0.3,317,1892452754,"Semiparametric",TRUE,""
"asymmetric_mixture",0.3,317,430099719,"OLS",TRUE,""
"asymmetric_mixture",0.3,317,430099719,"Semiparametric",TRUE,""
"gaussian",-0.3,318,548372741,"OLS",TRUE,""
"gaussian",-0.3,318,548372741,"Semiparametric",TRUE,""
"asymmetric_mixture",-0.3,318,302518872,"OLS",TRUE,""
"asymmetric_mixture",-0.3,318,302518872,"Semiparametric",TRUE,""
"gaussian",0,318,764989201,"OLS",TRUE,""
"gaussian",0,318,764989201,"Semiparametric",TRUE,""
"asymmetric_mixture",0,318,1711842037,"OLS",TRUE,""
"asymmetric_mixture",0,318,1711842037,"Semiparametric",TRUE,""
"gaussian",0.3,318,1634186914,"OLS",TRUE,""
"gaussian",0.3,318,1634186914,"Semiparametric",TRUE,""
"asymmetric_mixture",0.3,318,773604420,"OLS",TRUE,""
"asymmetric_mixture",0.3,318,773604420,"Semiparametric",TRUE,""
"gaussian",-0.3,319,1329566696,"OLS",TRUE,""
"gaussian",-0.3,319,1329566696,"Semiparametric",TRUE,""
"asymmetric_mixture",-0.3,319,2080050925,"OLS",TRUE,""
"asymmetric_mixture",-0.3,319,2080050925,"Semiparametric",TRUE,""
"gaussian",0,319,624792200,"OLS",TRUE,""
"gaussian",0,319,624792200,"Semiparametric",TRUE,""
"asymmetric_mixture",0,319,856493408,"OLS",TRUE,""
"asymmetric_mixture",0,319,856493408,"Semiparametric",TRUE,""
"gaussian",0.3,319,1392648338,"OLS",TRUE,""
"gaussian",0.3,319,1392648338,"Semiparametric",TRUE,""
"asymmetric_mixture",0.3,319,1770372579,"OLS",TRUE,""
"asymmetric_mixture",0.3,319,1770372579,"Semiparametric",TRUE,""
"gaussian",-0.3,320,1604071882,"OLS",TRUE,""
"gaussian",-0.3,320,1604071882,"Semiparametric",TRUE,""
"asymmetric_mixture",-0.3,320,367044381,"OLS",TRUE,""
"asymmetric_mixture",-0.3,320,367044381,"Semiparametric",TRUE,""
"gaussian",0,320,1605882058,"OLS",TRUE,""
"gaussian",0,320,1605882058,"Semiparametric",TRUE,""
"asymmetric_mixture",0,320,1299225710,"OLS",TRUE,""
"asymmetric_mixture",0,320,1299225710,"Semiparametric",TRUE,""
"gaussian",0.3,320,362098485,"OLS",TRUE,""
"gaussian",0.3,320,362098485,"Semiparametric",TRUE,""
"asymmetric_mixture",0.3,320,312428541,"OLS",TRUE,""
"asymmetric_mixture",0.3,320,312428541,"Semiparametric",TRUE,""
"gaussian",-0.3,321,1078969412,"OLS",TRUE,""
"gaussian",-0.3,321,1078969412,"Semiparametric",TRUE,""
"asymmetric_mixture",-0.3,321,1409279887,"OLS",TRUE,""
"asymmetric_mixture",-0.3,321,1409279887,"Semiparametric",TRUE,""
"gaussian",0,321,2087262765,"OLS",TRUE,""
"gaussian",0,321,2087262765,"Semiparametric",TRUE,""
"asymmetric_mixture",0,321,1975814180,"OLS",TRUE,""
"asymmetric_mixture",0,321,1975814180,"Semiparametric",TRUE,""
"gaussian",0.3,321,446380983,"OLS",TRUE,""
"gaussian",0.3,321,446380983,"Semiparametric",TRUE,""
"asymmetric_mixture",0.3,321,1900324334,"OLS",TRUE,""
"asymmetric_mixture",0.3,321,1900324334,"Semiparametric",TRUE,""
"gaussian",-0.3,322,1828084624,"OLS",TRUE,""
"gaussian",-0.3,322,1828084624,"Semiparametric",TRUE,""
"asymmetric_mixture",-0.3,322,1589162084,"OLS",TRUE,""
"asymmetric_mixture",-0.3,322,1589162084,"Semiparametric",TRUE,""
"gaussian",0,322,837034606,"OLS",TRUE,""
"gaussian",0,322,837034606,"Semiparametric",TRUE,""
"asymmetric_mixture",0,322,1800811871,"OLS",TRUE,""
"asymmetric_mixture",0,322,1800811871,"Semiparametric",TRUE,""
"gaussian",0.3,322,664457569,"OLS",TRUE,""
"gaussian",0.3,322,664457569,"Semiparametric",TRUE,""
"asymmetric_mixture",0.3,322,1841593539,"OLS",TRUE,""
"asymmetric_mixture",0.3,322,1841593539,"Semiparametric",TRUE,""
"gaussian",-0.3,323,1562335636,"OLS",TRUE,""
"gaussian",-0.3,323,1562335636,"Semiparametric",TRUE,""
"asymmetric_mixture",-0.3,323,851659490,"OLS",TRUE,""
"asymmetric_mixture",-0.3,323,851659490,"Semiparametric",TRUE,""
"gaussian",0,323,593602479,"OLS",TRUE,""
"gaussian",0,323,593602479,"Semiparametric",TRUE,""
"asymmetric_mixture",0,323,1533408292,"OLS",TRUE,""
"asymmetric_mixture",0,323,1533408292,"Semiparametric",TRUE,""
"gaussian",0.3,323,69065464,"OLS",TRUE,""
"gaussian",0.3,323,69065464,"Semiparametric",TRUE,""
"asymmetric_mixture",0.3,323,1621480050,"OLS",TRUE,""
"asymmetric_mixture",0.3,323,1621480050,"Semiparametric",TRUE,""
"gaussian",-0.3,324,1226385794,"OLS",TRUE,""
"gaussian",-0.3,324,1226385794,"Semiparametric",TRUE,""
"asymmetric_mixture",-0.3,324,734523330,"OLS",TRUE,""
"asymmetric_mixture",-0.3,324,734523330,"Semiparametric",TRUE,""
"gaussian",0,324,1859846558,"OLS",TRUE,""
"gaussian",0,324,1859846558,"Semiparametric",TRUE,""
"asymmetric_mixture",0,324,376124955,"OLS",TRUE,""
"asymmetric_mixture",0,324,376124955,"Semiparametric",TRUE,""
"gaussian",0.3,324,1884088221,"OLS",TRUE,""
"gaussian",0.3,324,1884088221,"Semiparametric",TRUE,""
"asymmetric_mixture",0.3,324,1866483801,"OLS",TRUE,""
"asymmetric_mixture",0.3,324,1866483801,"Semiparametric",TRUE,""
"gaussian",-0.3,325,2101703557,"OLS",TRUE,""
"gaussian",-0.3,325,2101703557,"Semiparametric",TRUE,""
"asymmetric_mixture",-0.3,325,65938738,"OLS",TRUE,""
"asymmetric_mixture",-0.3,325,65938738,"Semiparametric",TRUE,""
"gaussian",0,325,1980957646,"OLS",TRUE,""
"gaussian",0,325,1980957646,"Semiparametric",TRUE,""
"asymmetric_mixture",0,325,1826640950,"OLS",TRUE,""
"asymmetric_mixture",0,325,1826640950,"Semiparametric",TRUE,""
"gaussian",0.3,325,1524978234,"OLS",TRUE,""
"gaussian",0.3,325,1524978234,"Semiparametric",TRUE,""
"asymmetric_mixture",0.3,325,1501616850,"OLS",TRUE,""
"asymmetric_mixture",0.3,325,1501616850,"Semiparametric",TRUE,""
"gaussian",-0.3,326,1493181339,"OLS",TRUE,""
"gaussian",-0.3,326,1493181339,"Semiparametric",TRUE,""
"asymmetric_mixture",-0.3,326,1347320912,"OLS",TRUE,""
"asymmetric_mixture",-0.3,326,1347320912,"Semiparametric",TRUE,""
"gaussian",0,326,648251195,"OLS",TRUE,""
"gaussian",0,326,648251195,"Semiparametric",TRUE,""
"asymmetric_mixture",0,326,650150563,"OLS",TRUE,""
"asymmetric_mixture",0,326,650150563,"Semiparametric",TRUE,""
"gaussian",0.3,326,161340369,"OLS",TRUE,""
"gaussian",0.3,326,161340369,"Semiparametric",TRUE,""
"asymmetric_mixture",0.3,326,453456151,"OLS",TRUE,""
"asymmetric_mixture",0.3,326,453456151,"Semiparametric",TRUE,""
"gaussian",-0.3,327,1952998679,"OLS",TRUE,""
"gaussian",-0.3,327,1952998679,"Semiparametric",TRUE,""
"asymmetric_mixture",-0.3,327,2133864640,"OLS",TRUE,""
"asymmetric_mixture",-0.3,327,2133864640,"Semiparametric",TRUE,""
"gaussian",0,327,1116014603,"OLS",TRUE,""
"gaussian",0,327,1116014603,"Semiparametric",TRUE,""
"asymmetric_mixture",0,327,1738528558,"OLS",TRUE,""
"asymmetric_mixture",0,327,1738528558,"Semiparametric",TRUE,""
"gaussian",0.3,327,483245199,"OLS",TRUE,""
"gaussian",0.3,327,483245199,"Semiparametric",TRUE,""
"asymmetric_mixture",0.3,327,1714044826,"OLS",TRUE,""
"asymmetric_mixture",0.3,327,1714044826,"Semiparametric",TRUE,""
"gaussian",-0.3,328,1126455793,"OLS",TRUE,""
"gaussian",-0.3,328,1126455793,"Semiparametric",TRUE,""
"asymmetric_mixture",-0.3,328,1457497844,"OLS",TRUE,""
"asymmetric_mixture",-0.3,328,1457497844,"Semiparametric",TRUE,""
"gaussian",0,328,499827111,"OLS",TRUE,""
"gaussian",0,328,499827111,"Semiparametric",TRUE,""
"asymmetric_mixture",0,328,276264755,"OLS",TRUE,""
"asymmetric_mixture",0,328,276264755,"Semiparametric",TRUE,""
"gaussian",0.3,328,16220279,"OLS",TRUE,""
"gaussian",0.3,328,16220279,"Semiparametric",TRUE,""
"asymmetric_mixture",0.3,328,110731273,"OLS",TRUE,""
"asymmetric_mixture",0.3,328,110731273,"Semiparametric",TRUE,""
"gaussian",-0.3,329,1995027281,"OLS",TRUE,""
"gaussian",-0.3,329,1995027281,"Semiparametric",TRUE,""
"asymmetric_mixture",-0.3,329,755710803,"OLS",TRUE,""
"asymmetric_mixture",-0.3,329,755710803,"Semiparametric",TRUE,""
"gaussian",0,329,1059835162,"OLS",TRUE,""
"gaussian",0,329,1059835162,"Semiparametric",TRUE,""
"asymmetric_mixture",0,329,1273096409,"OLS",TRUE,""
"asymmetric_mixture",0,329,1273096409,"Semiparametric",TRUE,""
"gaussian",0.3,329,606090728,"OLS",TRUE,""
"gaussian",0.3,329,606090728,"Semiparametric",TRUE,""
"asymmetric_mixture",0.3,329,2007292006,"OLS",TRUE,""
"asymmetric_mixture",0.3,329,2007292006,"Semiparametric",TRUE,""
"gaussian",-0.3,330,176149986,"OLS",TRUE,""
"gaussian",-0.3,330,176149986,"Semiparametric",TRUE,""
"asymmetric_mixture",-0.3,330,1160929698,"OLS",TRUE,""
"asymmetric_mixture",-0.3,330,1160929698,"Semiparametric",TRUE,""
"gaussian",0,330,765538010,"OLS",TRUE,""
"gaussian",0,330,765538010,"Semiparametric",TRUE,""
"asymmetric_mixture",0,330,1915100083,"OLS",TRUE,""
"asymmetric_mixture",0,330,1915100083,"Semiparametric",TRUE,""
"gaussian",0.3,330,226460006,"OLS",TRUE,""
"gaussian",0.3,330,226460006,"Semiparametric",TRUE,""
"asymmetric_mixture",0.3,330,941723510,"OLS",TRUE,""
"asymmetric_mixture",0.3,330,941723510,"Semiparametric",TRUE,""
"gaussian",-0.3,331,1820362070,"OLS",TRUE,""
"gaussian",-0.3,331,1820362070,"Semiparametric",TRUE,""
"asymmetric_mixture",-0.3,331,776101500,"OLS",TRUE,""
"asymmetric_mixture",-0.3,331,776101500,"Semiparametric",TRUE,""
"gaussian",0,331,2147464823,"OLS",TRUE,""
"gaussian",0,331,2147464823,"Semiparametric",TRUE,""
"asymmetric_mixture",0,331,1784128771,"OLS",TRUE,""
"asymmetric_mixture",0,331,1784128771,"Semiparametric",TRUE,""
"gaussian",0.3,331,1468194472,"OLS",TRUE,""
"gaussian",0.3,331,1468194472,"Semiparametric",TRUE,""
"asymmetric_mixture",0.3,331,517298982,"OLS",TRUE,""
"asymmetric_mixture",0.3,331,517298982,"Semiparametric",TRUE,""
"gaussian",-0.3,332,996087382,"OLS",TRUE,""
"gaussian",-0.3,332,996087382,"Semiparametric",TRUE,""
"asymmetric_mixture",-0.3,332,1509081037,"OLS",TRUE,""
"asymmetric_mixture",-0.3,332,1509081037,"Semiparametric",TRUE,""
"gaussian",0,332,1035662083,"OLS",TRUE,""
"gaussian",0,332,1035662083,"Semiparametric",TRUE,""
"asymmetric_mixture",0,332,1912241394,"OLS",TRUE,""
"asymmetric_mixture",0,332,1912241394,"Semiparametric",TRUE,""
"gaussian",0.3,332,89424411,"OLS",TRUE,""
"gaussian",0.3,332,89424411,"Semiparametric",TRUE,""
"asymmetric_mixture",0.3,332,1640256255,"OLS",TRUE,""
"asymmetric_mixture",0.3,332,1640256255,"Semiparametric",TRUE,""
"gaussian",-0.3,333,790307212,"OLS",TRUE,""
"gaussian",-0.3,333,790307212,"Semiparametric",TRUE,""
"asymmetric_mixture",-0.3,333,1398769708,"OLS",TRUE,""
"asymmetric_mixture",-0.3,333,1398769708,"Semiparametric",TRUE,""
"gaussian",0,333,1661326532,"OLS",TRUE,""
"gaussian",0,333,1661326532,"Semiparametric",TRUE,""
"asymmetric_mixture",0,333,57325544,"OLS",TRUE,""
"asymmetric_mixture",0,333,57325544,"Semiparametric",TRUE,""
"gaussian",0.3,333,1706675791,"OLS",TRUE,""
"gaussian",0.3,333,1706675791,"Semiparametric",TRUE,""
"asymmetric_mixture",0.3,333,295325886,"OLS",TRUE,""
"asymmetric_mixture",0.3,333,295325886,"Semiparametric",TRUE,""
"gaussian",-0.3,334,1421902902,"OLS",TRUE,""
"gaussian",-0.3,334,1421902902,"Semiparametric",TRUE,""
"asymmetric_mixture",-0.3,334,1347125121,"OLS",TRUE,""
"asymmetric_mixture",-0.3,334,1347125121,"Semiparametric",TRUE,""
"gaussian",0,334,1359609182,"OLS",TRUE,""
"gaussian",0,334,1359609182,"Semiparametric",TRUE,""
"asymmetric_mixture",0,334,2085885836,"OLS",TRUE,""
"asymmetric_mixture",0,334,2085885836,"Semiparametric",TRUE,""
"gaussian",0.3,334,1444666722,"OLS",TRUE,""
"gaussian",0.3,334,1444666722,"Semiparametric",TRUE,""
"asymmetric_mixture",0.3,334,866759255,"OLS",TRUE,""
"asymmetric_mixture",0.3,334,866759255,"Semiparametric",TRUE,""
"gaussian",-0.3,335,601321730,"OLS",TRUE,""
"gaussian",-0.3,335,601321730,"Semiparametric",TRUE,""
"asymmetric_mixture",-0.3,335,922935062,"OLS",TRUE,""
"asymmetric_mixture",-0.3,335,922935062,"Semiparametric",TRUE,""
"gaussian",0,335,804421638,"OLS",TRUE,""
"gaussian",0,335,804421638,"Semiparametric",TRUE,""
"asymmetric_mixture",0,335,283706227,"OLS",TRUE,""
"asymmetric_mixture",0,335,283706227,"Semiparametric",TRUE,""
"gaussian",0.3,335,605097090,"OLS",TRUE,""
"gaussian",0.3,335,605097090,"Semiparametric",TRUE,""
"asymmetric_mixture",0.3,335,670166232,"OLS",TRUE,""
"asymmetric_mixture",0.3,335,670166232,"Semiparametric",TRUE,""
"gaussian",-0.3,336,154021458,"OLS",TRUE,""
"gaussian",-0.3,336,154021458,"Semiparametric",TRUE,""
"asymmetric_mixture",-0.3,336,755873686,"OLS",TRUE,""
"asymmetric_mixture",-0.3,336,755873686,"Semiparametric",TRUE,""
"gaussian",0,336,1666499829,"OLS",TRUE,""
"gaussian",0,336,1666499829,"Semiparametric",TRUE,""
"asymmetric_mixture",0,336,915009636,"OLS",TRUE,""
"asymmetric_mixture",0,336,915009636,"Semiparametric",TRUE,""
"gaussian",0.3,336,675898375,"OLS",TRUE,""
"gaussian",0.3,336,675898375,"Semiparametric",TRUE,""
"asymmetric_mixture",0.3,336,1687345335,"OLS",TRUE,""
"asymmetric_mixture",0.3,336,1687345335,"Semiparametric",TRUE,""
"gaussian",-0.3,337,401630172,"OLS",TRUE,""
"gaussian",-0.3,337,401630172,"Semiparametric",TRUE,""
"asymmetric_mixture",-0.3,337,1607320355,"OLS",TRUE,""
"asymmetric_mixture",-0.3,337,1607320355,"Semiparametric",TRUE,""
"gaussian",0,337,1836107880,"OLS",TRUE,""
"gaussian",0,337,1836107880,"Semiparametric",TRUE,""
"asymmetric_mixture",0,337,167674482,"OLS",TRUE,""
"asymmetric_mixture",0,337,167674482,"Semiparametric",TRUE,""
"gaussian",0.3,337,1338671924,"OLS",TRUE,""
"gaussian",0.3,337,1338671924,"Semiparametric",TRUE,""
"asymmetric_mixture",0.3,337,1214595425,"OLS",TRUE,""
"asymmetric_mixture",0.3,337,1214595425,"Semiparametric",TRUE,""
"gaussian",-0.3,338,395965166,"OLS",TRUE,""
"gaussian",-0.3,338,395965166,"Semiparametric",TRUE,""
"asymmetric_mixture",-0.3,338,10691085,"OLS",TRUE,""
"asymmetric_mixture",-0.3,338,10691085,"Semiparametric",TRUE,""
"gaussian",0,338,924992736,"OLS",TRUE,""
"gaussian",0,338,924992736,"Semiparametric",TRUE,""
"asymmetric_mixture",0,338,1107275150,"OLS",TRUE,""
"asymmetric_mixture",0,338,1107275150,"Semiparametric",TRUE,""
"gaussian",0.3,338,1252779731,"OLS",TRUE,""
"gaussian",0.3,338,1252779731,"Semiparametric",TRUE,""
"asymmetric_mixture",0.3,338,1194338346,"OLS",TRUE,""
"asymmetric_mixture",0.3,338,1194338346,"Semiparametric",TRUE,""
"gaussian",-0.3,339,395349373,"OLS",TRUE,""
"gaussian",-0.3,339,395349373,"Semiparametric",TRUE,""
"asymmetric_mixture",-0.3,339,812171608,"OLS",TRUE,""
"asymmetric_mixture",-0.3,339,812171608,"Semiparametric",TRUE,""
"gaussian",0,339,444507702,"OLS",TRUE,""
"gaussian",0,339,444507702,"Semiparametric",TRUE,""
"asymmetric_mixture",0,339,1271733160,"OLS",TRUE,""
"asymmetric_mixture",0,339,1271733160,"Semiparametric",TRUE,""
"gaussian",0.3,339,181591158,"OLS",TRUE,""
"gaussian",0.3,339,181591158,"Semiparametric",TRUE,""
"asymmetric_mixture",0.3,339,1896070002,"OLS",TRUE,""
"asymmetric_mixture",0.3,339,1896070002,"Semiparametric",TRUE,""
"gaussian",-0.3,340,1340892448,"OLS",TRUE,""
"gaussian",-0.3,340,1340892448,"Semiparametric",TRUE,""
"asymmetric_mixture",-0.3,340,1163359676,"OLS",TRUE,""
"asymmetric_mixture",-0.3,340,1163359676,"Semiparametric",TRUE,""
"gaussian",0,340,1658166555,"OLS",TRUE,""
"gaussian",0,340,1658166555,"Semiparametric",TRUE,""
"asymmetric_mixture",0,340,270782030,"OLS",TRUE,""
"asymmetric_mixture",0,340,270782030,"Semiparametric",TRUE,""
"gaussian",0.3,340,853485480,"OLS",TRUE,""
"gaussian",0.3,340,853485480,"Semiparametric",TRUE,""
"asymmetric_mixture",0.3,340,631345388,"OLS",TRUE,""
"asymmetric_mixture",0.3,340,631345388,"Semiparametric",TRUE,""
"gaussian",-0.3,341,714813241,"OLS",TRUE,""
"gaussian",-0.3,341,714813241,"Semiparametric",TRUE,""
"asymmetric_mixture",-0.3,341,1983097383,"OLS",TRUE,""
"asymmetric_mixture",-0.3,341,1983097383,"Semiparametric",TRUE,""
"gaussian",0,341,1022633052,"OLS",TRUE,""
"gaussian",0,341,1022633052,"Semiparametric",TRUE,""
"asymmetric_mixture",0,341,30915856,"OLS",TRUE,""
"asymmetric_mixture",0,341,30915856,"Semiparametric",TRUE,""
"gaussian",0.3,341,1453955770,"OLS",TRUE,""
"gaussian",0.3,341,1453955770,"Semiparametric",TRUE,""
"asymmetric_mixture",0.3,341,1087714702,"OLS",TRUE,""
"asymmetric_mixture",0.3,341,1087714702,"Semiparametric",TRUE,""
"gaussian",-0.3,342,578636017,"OLS",TRUE,""
"gaussian",-0.3,342,578636017,"Semiparametric",TRUE,""
"asymmetric_mixture",-0.3,342,526504928,"OLS",TRUE,""
"asymmetric_mixture",-0.3,342,526504928,"Semiparametric",TRUE,""
"gaussian",0,342,1972841842,"OLS",TRUE,""
"gaussian",0,342,1972841842,"Semiparametric",TRUE,""
"asymmetric_mixture",0,342,492560392,"OLS",TRUE,""
"asymmetric_mixture",0,342,492560392,"Semiparametric",TRUE,""
"gaussian",0.3,342,2135437191,"OLS",TRUE,""
"gaussian",0.3,342,2135437191,"Semiparametric",TRUE,""
"asymmetric_mixture",0.3,342,1365942771,"OLS",TRUE,""
"asymmetric_mixture",0.3,342,1365942771,"Semiparametric",TRUE,""
"gaussian",-0.3,343,761711310,"OLS",TRUE,""
"gaussian",-0.3,343,761711310,"Semiparametric",TRUE,""
"asymmetric_mixture",-0.3,343,1342019474,"OLS",TRUE,""
"asymmetric_mixture",-0.3,343,1342019474,"Semiparametric",TRUE,""
"gaussian",0,343,712095752,"OLS",TRUE,""
"gaussian",0,343,712095752,"Semiparametric",TRUE,""
"asymmetric_mixture",0,343,1462883904,"OLS",TRUE,""
"asymmetric_mixture",0,343,1462883904,"Semiparametric",TRUE,""
"gaussian",0.3,343,176001124,"OLS",TRUE,""
"gaussian",0.3,343,176001124,"Semiparametric",TRUE,""
"asymmetric_mixture",0.3,343,135600955,"OLS",TRUE,""
"asymmetric_mixture",0.3,343,135600955,"Semiparametric",TRUE,""
"gaussian",-0.3,344,1819109948,"OLS",TRUE,""
"gaussian",-0.3,344,1819109948,"Semiparametric",TRUE,""
"asymmetric_mixture",-0.3,344,300143875,"OLS",TRUE,""
"asymmetric_mixture",-0.3,344,300143875,"Semiparametric",TRUE,""
"gaussian",0,344,2141367297,"OLS",TRUE,""
"gaussian",0,344,2141367297,"Semiparametric",TRUE,""
"asymmetric_mixture",0,344,1610783352,"OLS",TRUE,""
"asymmetric_mixture",0,344,1610783352,"Semiparametric",TRUE,""
"gaussian",0.3,344,1063824091,"OLS",TRUE,""
"gaussian",0.3,344,1063824091,"Semiparametric",TRUE,""
"asymmetric_mixture",0.3,344,1719579179,"OLS",TRUE,""
"asymmetric_mixture",0.3,344,1719579179,"Semiparametric",TRUE,""
"gaussian",-0.3,345,231289209,"OLS",TRUE,""
"gaussian",-0.3,345,231289209,"Semiparametric",TRUE,""
"asymmetric_mixture",-0.3,345,1422861903,"OLS",TRUE,""
"asymmetric_mixture",-0.3,345,1422861903,"Semiparametric",TRUE,""
"gaussian",0,345,595277219,"OLS",TRUE,""
"gaussian",0,345,595277219,"Semiparametric",TRUE,""
"asymmetric_mixture",0,345,779701263,"OLS",TRUE,""
"asymmetric_mixture",0,345,779701263,"Semiparametric",TRUE,""
"gaussian",0.3,345,603974568,"OLS",TRUE,""
"gaussian",0.3,345,603974568,"Semiparametric",TRUE,""
"asymmetric_mixture",0.3,345,552263143,"OLS",TRUE,""
"asymmetric_mixture",0.3,345,552263143,"Semiparametric",TRUE,""
"gaussian",-0.3,346,1329808970,"OLS",TRUE,""
"gaussian",-0.3,346,1329808970,"Semiparametric",TRUE,""
"asymmetric_mixture",-0.3,346,962385396,"OLS",TRUE,""
"asymmetric_mixture",-0.3,346,962385396,"Semiparametric",TRUE,""
"gaussian",0,346,371857490,"OLS",TRUE,""
"gaussian",0,346,371857490,"Semiparametric",TRUE,""
"asymmetric_mixture",0,346,1613056955,"OLS",TRUE,""
"asymmetric_mixture",0,346,1613056955,"Semiparametric",TRUE,""
"gaussian",0.3,346,1394680790,"OLS",TRUE,""
"gaussian",0.3,346,1394680790,"Semiparametric",TRUE,""
"asymmetric_mixture",0.3,346,1082389768,"OLS",TRUE,""
"asymmetric_mixture",0.3,346,1082389768,"Semiparametric",TRUE,""
"gaussian",-0.3,347,34389603,"OLS",TRUE,""
"gaussian",-0.3,347,34389603,"Semiparametric",TRUE,""
"asymmetric_mixture",-0.3,347,1059242655,"OLS",TRUE,""
"asymmetric_mixture",-0.3,347,1059242655,"Semiparametric",TRUE,""
"gaussian",0,347,1558985077,"OLS",TRUE,""
"gaussian",0,347,1558985077,"Semiparametric",TRUE,""
"asymmetric_mixture",0,347,78231649,"OLS",TRUE,""
"asymmetric_mixture",0,347,78231649,"Semiparametric",TRUE,""
"gaussian",0.3,347,1189284199,"OLS",TRUE,""
"gaussian",0.3,347,1189284199,"Semiparametric",TRUE,""
"asymmetric_mixture",0.3,347,1994883698,"OLS",TRUE,""
"asymmetric_mixture",0.3,347,1994883698,"Semiparametric",TRUE,""
"gaussian",-0.3,348,741798848,"OLS",TRUE,""
"gaussian",-0.3,348,741798848,"Semiparametric",TRUE,""
"asymmetric_mixture",-0.3,348,2015581361,"OLS",TRUE,""
"asymmetric_mixture",-0.3,348,2015581361,"Semiparametric",TRUE,""
"gaussian",0,348,1950593905,"OLS",TRUE,""
"gaussian",0,348,1950593905,"Semiparametric",TRUE,""
"asymmetric_mixture",0,348,1139901242,"OLS",TRUE,""
"asymmetric_mixture",0,348,1139901242,"Semiparametric",TRUE,""
"gaussian",0.3,348,309430360,"OLS",TRUE,""
"gaussian",0.3,348,309430360,"Semiparametric",TRUE,""
"asymmetric_mixture",0.3,348,1935191933,"OLS",TRUE,""
"asymmetric_mixture",0.3,348,1935191933,"Semiparametric",TRUE,""
"gaussian",-0.3,349,1289989686,"OLS",TRUE,""
"gaussian",-0.3,349,1289989686,"Semiparametric",TRUE,""
"asymmetric_mixture",-0.3,349,473680558,"OLS",TRUE,""
"asymmetric_mixture",-0.3,349,473680558,"Semiparametric",TRUE,""
"gaussian",0,349,617152592,"OLS",TRUE,""
"gaussian",0,349,617152592,"Semiparametric",TRUE,""
"asymmetric_mixture",0,349,1861617642,"OLS",TRUE,""
"asymmetric_mixture",0,349,1861617642,"Semiparametric",TRUE,""
"gaussian",0.3,349,1742259033,"OLS",TRUE,""
"gaussian",0.3,349,1742259033,"Semiparametric",TRUE,""
"asymmetric_mixture",0.3,349,21487288,"OLS",TRUE,""
"asymmetric_mixture",0.3,349,21487288,"Semiparametric",TRUE,""
"gaussian",-0.3,350,1035522390,"OLS",TRUE,""
"gaussian",-0.3,350,1035522390,"Semiparametric",TRUE,""
"asymmetric_mixture",-0.3,350,317098929,"OLS",TRUE,""
"asymmetric_mixture",-0.3,350,317098929,"Semiparametric",TRUE,""
"gaussian",0,350,1125740210,"OLS",TRUE,""
"gaussian",0,350,1125740210,"Semiparametric",TRUE,""
"asymmetric_mixture",0,350,966437526,"OLS",TRUE,""
"asymmetric_mixture",0,350,966437526,"Semiparametric",TRUE,""
"gaussian",0.3,350,1751366781,"OLS",TRUE,""
"gaussian",0.3,350,1751366781,"Semiparametric",TRUE,""
"asymmetric_mixture",0.3,350,1283480313,"OLS",TRUE,""
"asymmetric_mixture",0.3,350,1283480313,"Semiparametric",TRUE,""
"gaussian",-0.3,351,1788323930,"OLS",TRUE,""
"gaussian",-0.3,351,1788323930,"Semiparametric",TRUE,""
"asymmetric_mixture",-0.3,351,2131497410,"OLS",TRUE,""
"asymmetric_mixture",-0.3,351,2131497410,"Semiparametric",TRUE,""
"gaussian",0,351,301572226,"OLS",TRUE,""
"gaussian",0,351,301572226,"Semiparametric",TRUE,""
"asymmetric_mixture",0,351,1406740421,"OLS",TRUE,""
"asymmetric_mixture",0,351,1406740421,"Semiparametric",TRUE,""
"gaussian",0.3,351,2005398474,"OLS",TRUE,""
"gaussian",0.3,351,2005398474,"Semiparametric",TRUE,""
"asymmetric_mixture",0.3,351,448097015,"OLS",TRUE,""
"asymmetric_mixture",0.3,351,448097015,"Semiparametric",TRUE,""
"gaussian",-0.3,352,1429343591,"OLS",TRUE,""
"gaussian",-0.3,352,1429343591,"Semiparametric",TRUE,""
"asymmetric_mixture",-0.3,352,665438463,"OLS",TRUE,""
"asymmetric_mixture",-0.3,352,665438463,"Semiparametric",TRUE,""
"gaussian",0,352,1295961042,"OLS",TRUE,""
"gaussian",0,352,1295961042,"Semiparametric",TRUE,""
"asymmetric_mixture",0,352,1142365517,"OLS",TRUE,""
"asymmetric_mixture",0,352,1142365517,"Semiparametric",TRUE,""
"gaussian",0.3,352,139337480,"OLS",TRUE,""
"gaussian",0.3,352,139337480,"Semiparametric",TRUE,""
"asymmetric_mixture",0.3,352,1448164566,"OLS",TRUE,""
"asymmetric_mixture",0.3,352,1448164566,"Semiparametric",TRUE,""
"gaussian",-0.3,353,557477049,"OLS",TRUE,""
"gaussian",-0.3,353,557477049,"Semiparametric",TRUE,""
"asymmetric_mixture",-0.3,353,375501112,"OLS",TRUE,""
"asymmetric_mixture",-0.3,353,375501112,"Semiparametric",TRUE,""
"gaussian",0,353,865312200,"OLS",TRUE,""
"gaussian",0,353,865312200,"Semiparametric",TRUE,""
"asymmetric_mixture",0,353,1384203283,"OLS",TRUE,""
"asymmetric_mixture",0,353,1384203283,"Semiparametric",TRUE,""
"gaussian",0.3,353,1413589067,"OLS",TRUE,""
"gaussian",0.3,353,1413589067,"Semiparametric",TRUE,""
"asymmetric_mixture",0.3,353,1991939711,"OLS",TRUE,""
"asymmetric_mixture",0.3,353,1991939711,"Semiparametric",TRUE,""
"gaussian",-0.3,354,281107358,"OLS",TRUE,""
"gaussian",-0.3,354,281107358,"Semiparametric",TRUE,""
"asymmetric_mixture",-0.3,354,499880492,"OLS",TRUE,""
"asymmetric_mixture",-0.3,354,499880492,"Semiparametric",TRUE,""
"gaussian",0,354,519646726,"OLS",TRUE,""
"gaussian",0,354,519646726,"Semiparametric",TRUE,""
"asymmetric_mixture",0,354,1828046655,"OLS",TRUE,""
"asymmetric_mixture",0,354,1828046655,"Semiparametric",TRUE,""
"gaussian",0.3,354,1635263118,"OLS",TRUE,""
"gaussian",0.3,354,1635263118,"Semiparametric",TRUE,""
"asymmetric_mixture",0.3,354,163408183,"OLS",TRUE,""
"asymmetric_mixture",0.3,354,163408183,"Semiparametric",TRUE,""
"gaussian",-0.3,355,695197864,"OLS",TRUE,""
"gaussian",-0.3,355,695197864,"Semiparametric",TRUE,""
"asymmetric_mixture",-0.3,355,2106863595,"OLS",TRUE,""
"asymmetric_mixture",-0.3,355,2106863595,"Semiparametric",TRUE,""
"gaussian",0,355,731445783,"OLS",TRUE,""
"gaussian",0,355,731445783,"Semiparametric",TRUE,""
"asymmetric_mixture",0,355,2088661877,"OLS",TRUE,""
"asymmetric_mixture",0,355,2088661877,"Semiparametric",TRUE,""
"gaussian",0.3,355,1415347132,"OLS",TRUE,""
"gaussian",0.3,355,1415347132,"Semiparametric",TRUE,""
"asymmetric_mixture",0.3,355,1951135804,"OLS",TRUE,""
"asymmetric_mixture",0.3,355,1951135804,"Semiparametric",TRUE,""
"gaussian",-0.3,356,310155247,"OLS",TRUE,""
"gaussian",-0.3,356,310155247,"Semiparametric",TRUE,""
"asymmetric_mixture",-0.3,356,952333009,"OLS",TRUE,""
"asymmetric_mixture",-0.3,356,952333009,"Semiparametric",TRUE,""
"gaussian",0,356,275312462,"OLS",TRUE,""
"gaussian",0,356,275312462,"Semiparametric",TRUE,""
"asymmetric_mixture",0,356,1521629765,"OLS",TRUE,""
"asymmetric_mixture",0,356,1521629765,"Semiparametric",TRUE,""
"gaussian",0.3,356,920039538,"OLS",TRUE,""
"gaussian",0.3,356,920039538,"Semiparametric",TRUE,""
"asymmetric_mixture",0.3,356,502457479,"OLS",TRUE,""
"asymmetric_mixture",0.3,356,502457479,"Semiparametric",TRUE,""
"gaussian",-0.3,357,1257056038,"OLS",TRUE,""
"gaussian",-0.3,357,1257056038,"Semiparametric",TRUE,""
"asymmetric_mixture",-0.3,357,1496871573,"OLS",TRUE,""
"asymmetric_mixture",-0.3,357,1496871573,"Semiparametric",TRUE,""
"gaussian",0,357,1147048386,"OLS",TRUE,""
"gaussian",0,357,1147048386,"Semiparametric",TRUE,""
"asymmetric_mixture",0,357,231193835,"OLS",TRUE,""
"asymmetric_mixture",0,357,231193835,"Semiparametric",TRUE,""
"gaussian",0.3,357,1562297907,"OLS",TRUE,""
"gaussian",0.3,357,1562297907,"Semiparametric",TRUE,""
"asymmetric_mixture",0.3,357,446381256,"OLS",TRUE,""
"asymmetric_mixture",0.3,357,446381256,"Semiparametric",TRUE,""
"gaussian",-0.3,358,1170699376,"OLS",TRUE,""
"gaussian",-0.3,358,1170699376,"Semiparametric",TRUE,""
"asymmetric_mixture",-0.3,358,171463547,"OLS",TRUE,""
"asymmetric_mixture",-0.3,358,171463547,"Semiparametric",TRUE,""
"gaussian",0,358,1313664254,"OLS",TRUE,""
"gaussian",0,358,1313664254,"Semiparametric",TRUE,""
"asymmetric_mixture",0,358,1689161240,"OLS",TRUE,""
"asymmetric_mixture",0,358,1689161240,"Semiparametric",TRUE,""
"gaussian",0.3,358,1792861543,"OLS",TRUE,""
"gaussian",0.3,358,1792861543,"Semiparametric",TRUE,""
"asymmetric_mixture",0.3,358,939589784,"OLS",TRUE,""
"asymmetric_mixture",0.3,358,939589784,"Semiparametric",TRUE,""
"gaussian",-0.3,359,605806372,"OLS",TRUE,""
"gaussian",-0.3,359,605806372,"Semiparametric",TRUE,""
"asymmetric_mixture",-0.3,359,519601598,"OLS",TRUE,""
"asymmetric_mixture",-0.3,359,519601598,"Semiparametric",TRUE,""
"gaussian",0,359,321389287,"OLS",TRUE,""
"gaussian",0,359,321389287,"Semiparametric",TRUE,""
"asymmetric_mixture",0,359,819350436,"OLS",TRUE,""
"asymmetric_mixture",0,359,819350436,"Semiparametric",TRUE,""
"gaussian",0.3,359,1043177529,"OLS",TRUE,""
"gaussian",0.3,359,1043177529,"Semiparametric",TRUE,""
"asymmetric_mixture",0.3,359,1243189979,"OLS",TRUE,""
"asymmetric_mixture",0.3,359,1243189979,"Semiparametric",TRUE,""
"gaussian",-0.3,360,1671952544,"OLS",TRUE,""
"gaussian",-0.3,360,1671952544,"Semiparametric",TRUE,""
"asymmetric_mixture",-0.3,360,1477732252,"OLS",TRUE,""
"asymmetric_mixture",-0.3,360,1477732252,"Semiparametric",TRUE,""
"gaussian",0,360,1357566691,"OLS",TRUE,""
"gaussian",0,360,1357566691,"Semiparametric",TRUE,""
"asymmetric_mixture",0,360,510219892,"OLS",TRUE,""
"asymmetric_mixture",0,360,510219892,"Semiparametric",TRUE,""
"gaussian",0.3,360,719088257,"OLS",TRUE,""
"gaussian",0.3,360,719088257,"Semiparametric",TRUE,""
"asymmetric_mixture",0.3,360,1566064369,"OLS",TRUE,""
"asymmetric_mixture",0.3,360,1566064369,"Semiparametric",TRUE,""
"gaussian",-0.3,361,315553710,"OLS",TRUE,""
"gaussian",-0.3,361,315553710,"Semiparametric",TRUE,""
"asymmetric_mixture",-0.3,361,784727601,"OLS",TRUE,""
"asymmetric_mixture",-0.3,361,784727601,"Semiparametric",TRUE,""
"gaussian",0,361,815017139,"OLS",TRUE,""
"gaussian",0,361,815017139,"Semiparametric",TRUE,""
"asymmetric_mixture",0,361,145639348,"OLS",TRUE,""
"asymmetric_mixture",0,361,145639348,"Semiparametric",TRUE,""
"gaussian",0.3,361,553238342,"OLS",TRUE,""
"gaussian",0.3,361,553238342,"Semiparametric",TRUE,""
"asymmetric_mixture",0.3,361,1900232566,"OLS",TRUE,""
"asymmetric_mixture",0.3,361,1900232566,"Semiparametric",TRUE,""
"gaussian",-0.3,362,1091803227,"OLS",TRUE,""
"gaussian",-0.3,362,1091803227,"Semiparametric",TRUE,""
"asymmetric_mixture",-0.3,362,21594604,"OLS",TRUE,""
"asymmetric_mixture",-0.3,362,21594604,"Semiparametric",TRUE,""
"gaussian",0,362,410127794,"OLS",TRUE,""
"gaussian",0,362,410127794,"Semiparametric",TRUE,""
"asymmetric_mixture",0,362,1469801949,"OLS",TRUE,""
"asymmetric_mixture",0,362,1469801949,"Semiparametric",TRUE,""
"gaussian",0.3,362,1469434102,"OLS",TRUE,""
"gaussian",0.3,362,1469434102,"Semiparametric",TRUE,""
"asymmetric_mixture",0.3,362,1101532866,"OLS",TRUE,""
"asymmetric_mixture",0.3,362,1101532866,"Semiparametric",TRUE,""
"gaussian",-0.3,363,768212741,"OLS",TRUE,""
"gaussian",-0.3,363,768212741,"Semiparametric",TRUE,""
"asymmetric_mixture",-0.3,363,908199074,"OLS",TRUE,""
"asymmetric_mixture",-0.3,363,908199074,"Semiparametric",TRUE,""
"gaussian",0,363,1699730165,"OLS",TRUE,""
"gaussian",0,363,1699730165,"Semiparametric",TRUE,""
"asymmetric_mixture",0,363,2131879014,"OLS",TRUE,""
"asymmetric_mixture",0,363,2131879014,"Semiparametric",TRUE,""
"gaussian",0.3,363,1345179496,"OLS",TRUE,""
"gaussian",0.3,363,1345179496,"Semiparametric",TRUE,""
"asymmetric_mixture",0.3,363,1886888312,"OLS",TRUE,""
"asymmetric_mixture",0.3,363,1886888312,"Semiparametric",TRUE,""
"gaussian",-0.3,364,1920086874,"OLS",TRUE,""
"gaussian",-0.3,364,1920086874,"Semiparametric",TRUE,""
"asymmetric_mixture",-0.3,364,1512725043,"OLS",TRUE,""
"asymmetric_mixture",-0.3,364,1512725043,"Semiparametric",TRUE,""
"gaussian",0,364,1892921329,"OLS",TRUE,""
"gaussian",0,364,1892921329,"Semiparametric",TRUE,""
"asymmetric_mixture",0,364,233214295,"OLS",TRUE,""
"asymmetric_mixture",0,364,233214295,"Semiparametric",TRUE,""
"gaussian",0.3,364,235344271,"OLS",TRUE,""
"gaussian",0.3,364,235344271,"Semiparametric",TRUE,""
"asymmetric_mixture",0.3,364,2098734399,"OLS",TRUE,""
"asymmetric_mixture",0.3,364,2098734399,"Semiparametric",TRUE,""
"gaussian",-0.3,365,1677036011,"OLS",TRUE,""
"gaussian",-0.3,365,1677036011,"Semiparametric",TRUE,""
"asymmetric_mixture",-0.3,365,487873029,"OLS",TRUE,""
"asymmetric_mixture",-0.3,365,487873029,"Semiparametric",TRUE,""
"gaussian",0,365,1482104891,"OLS",TRUE,""
"gaussian",0,365,1482104891,"Semiparametric",TRUE,""
"asymmetric_mixture",0,365,1065643563,"OLS",TRUE,""
"asymmetric_mixture",0,365,1065643563,"Semiparametric",TRUE,""
"gaussian",0.3,365,680369563,"OLS",TRUE,""
"gaussian",0.3,365,680369563,"Semiparametric",TRUE,""
"asymmetric_mixture",0.3,365,2098055039,"OLS",TRUE,""
"asymmetric_mixture",0.3,365,2098055039,"Semiparametric",TRUE,""
"gaussian",-0.3,366,1776757104,"OLS",TRUE,""
"gaussian",-0.3,366,1776757104,"Semiparametric",TRUE,""
"asymmetric_mixture",-0.3,366,983864846,"OLS",TRUE,""
"asymmetric_mixture",-0.3,366,983864846,"Semiparametric",TRUE,""
"gaussian",0,366,289763197,"OLS",TRUE,""
"gaussian",0,366,289763197,"Semiparametric",TRUE,""
"asymmetric_mixture",0,366,1745433642,"OLS",TRUE,""
"asymmetric_mixture",0,366,1745433642,"Semiparametric",TRUE,""
"gaussian",0.3,366,1177275015,"OLS",TRUE,""
"gaussian",0.3,366,1177275015,"Semiparametric",TRUE,""
"asymmetric_mixture",0.3,366,952218399,"OLS",TRUE,""
"asymmetric_mixture",0.3,366,952218399,"Semiparametric",TRUE,""
"gaussian",-0.3,367,1656410800,"OLS",TRUE,""
"gaussian",-0.3,367,1656410800,"Semiparametric",TRUE,""
"asymmetric_mixture",-0.3,367,377977181,"OLS",TRUE,""
"asymmetric_mixture",-0.3,367,377977181,"Semiparametric",TRUE,""
"gaussian",0,367,954233285,"OLS",TRUE,""
"gaussian",0,367,954233285,"Semiparametric",TRUE,""
"asymmetric_mixture",0,367,498532763,"OLS",TRUE,""
"asymmetric_mixture",0,367,498532763,"Semiparametric",TRUE,""
"gaussian",0.3,367,1726719835,"OLS",TRUE,""
"gaussian",0.3,367,1726719835,"Semiparametric",TRUE,""
"asymmetric_mixture",0.3,367,2086160137,"OLS",TRUE,""
"asymmetric_mixture",0.3,367,2086160137,"Semiparametric",TRUE,""
"gaussian",-0.3,368,1007713048,"OLS",TRUE,""
"gaussian",-0.3,368,1007713048,"Semiparametric",TRUE,""
"asymmetric_mixture",-0.3,368,1765061090,"OLS",TRUE,""
"asymmetric_mixture",-0.3,368,1765061090,"Semiparametric",TRUE,""
"gaussian",0,368,1817446953,"OLS",TRUE,""
"gaussian",0,368,1817446953,"Semiparametric",TRUE,""
"asymmetric_mixture",0,368,1442483425,"OLS",TRUE,""
"asymmetric_mixture",0,368,1442483425,"Semiparametric",TRUE,""
"gaussian",0.3,368,144866074,"OLS",TRUE,""
"gaussian",0.3,368,144866074,"Semiparametric",TRUE,""
"asymmetric_mixture",0.3,368,1870618143,"OLS",TRUE,""
"asymmetric_mixture",0.3,368,1870618143,"Semiparametric",TRUE,""
"gaussian",-0.3,369,916255009,"OLS",TRUE,""
"gaussian",-0.3,369,916255009,"Semiparametric",TRUE,""
"asymmetric_mixture",-0.3,369,1079439075,"OLS",TRUE,""
"asymmetric_mixture",-0.3,369,1079439075,"Semiparametric",TRUE,""
"gaussian",0,369,1607127563,"OLS",TRUE,""
"gaussian",0,369,1607127563,"Semiparametric",TRUE,""
"asymmetric_mixture",0,369,1135719227,"OLS",TRUE,""
"asymmetric_mixture",0,369,1135719227,"Semiparametric",TRUE,""
"gaussian",0.3,369,485290641,"OLS",TRUE,""
"gaussian",0.3,369,485290641,"Semiparametric",TRUE,""
"asymmetric_mixture",0.3,369,1793756424,"OLS",TRUE,""
"asymmetric_mixture",0.3,369,1793756424,"Semiparametric",TRUE,""
"gaussian",-0.3,370,149824645,"OLS",TRUE,""
"gaussian",-0.3,370,149824645,"Semiparametric",TRUE,""
"asymmetric_mixture",-0.3,370,1131012412,"OLS",TRUE,""
"asymmetric_mixture",-0.3,370,1131012412,"Semiparametric",TRUE,""
"gaussian",0,370,913779601,"OLS",TRUE,""
"gaussian",0,370,913779601,"Semiparametric",TRUE,""
"asymmetric_mixture",0,370,363723141,"OLS",TRUE,""
"asymmetric_mixture",0,370,363723141,"Semiparametric",TRUE,""
"gaussian",0.3,370,1848401195,"OLS",TRUE,""
"gaussian",0.3,370,1848401195,"Semiparametric",TRUE,""
"asymmetric_mixture",0.3,370,855962486,"OLS",TRUE,""
"asymmetric_mixture",0.3,370,855962486,"Semiparametric",TRUE,""
"gaussian",-0.3,371,1583459847,"OLS",TRUE,""
"gaussian",-0.3,371,1583459847,"Semiparametric",TRUE,""
"asymmetric_mixture",-0.3,371,27466287,"OLS",TRUE,""
"asymmetric_mixture",-0.3,371,27466287,"Semiparametric",TRUE,""
"gaussian",0,371,1932929215,"OLS",TRUE,""
"gaussian",0,371,1932929215,"Semiparametric",TRUE,""
"asymmetric_mixture",0,371,1264077118,"OLS",TRUE,""
"asymmetric_mixture",0,371,1264077118,"Semiparametric",TRUE,""
"gaussian",0.3,371,889595496,"OLS",TRUE,""
"gaussian",0.3,371,889595496,"Semiparametric",TRUE,""
"asymmetric_mixture",0.3,371,2080660813,"OLS",TRUE,""
"asymmetric_mixture",0.3,371,2080660813,"Semiparametric",TRUE,""
"gaussian",-0.3,372,879414134,"OLS",TRUE,""
"gaussian",-0.3,372,879414134,"Semiparametric",TRUE,""
"asymmetric_mixture",-0.3,372,1113930725,"OLS",TRUE,""
"asymmetric_mixture",-0.3,372,1113930725,"Semiparametric",TRUE,""
"gaussian",0,372,356980386,"OLS",TRUE,""
"gaussian",0,372,356980386,"Semiparametric",TRUE,""
"asymmetric_mixture",0,372,1780708915,"OLS",TRUE,""
"asymmetric_mixture",0,372,1780708915,"Semiparametric",TRUE,""
"gaussian",0.3,372,2072289145,"OLS",TRUE,""
"gaussian",0.3,372,2072289145,"Semiparametric",TRUE,""
"asymmetric_mixture",0.3,372,19073065,"OLS",TRUE,""
"asymmetric_mixture",0.3,372,19073065,"Semiparametric",TRUE,""
"gaussian",-0.3,373,1763611164,"OLS",TRUE,""
"gaussian",-0.3,373,1763611164,"Semiparametric",TRUE,""
"asymmetric_mixture",-0.3,373,520927026,"OLS",TRUE,""
"asymmetric_mixture",-0.3,373,520927026,"Semiparametric",TRUE,""
"gaussian",0,373,534765756,"OLS",TRUE,""
"gaussian",0,373,534765756,"Semiparametric",TRUE,""
"asymmetric_mixture",0,373,1100807433,"OLS",TRUE,""
"asymmetric_mixture",0,373,1100807433,"Semiparametric",TRUE,""
"gaussian",0.3,373,1995974319,"OLS",TRUE,""
"gaussian",0.3,373,1995974319,"Semiparametric",TRUE,""
"asymmetric_mixture",0.3,373,1655304992,"OLS",TRUE,""
"asymmetric_mixture",0.3,373,1655304992,"Semiparametric",TRUE,""
"gaussian",-0.3,374,435609366,"OLS",TRUE,""
"gaussian",-0.3,374,435609366,"Semiparametric",TRUE,""
"asymmetric_mixture",-0.3,374,1930794156,"OLS",TRUE,""
"asymmetric_mixture",-0.3,374,1930794156,"Semiparametric",TRUE,""
"gaussian",0,374,138410864,"OLS",TRUE,""
"gaussian",0,374,138410864,"Semiparametric",TRUE,""
"asymmetric_mixture",0,374,1307993913,"OLS",TRUE,""
"asymmetric_mixture",0,374,1307993913,"Semiparametric",TRUE,""
"gaussian",0.3,374,1192181445,"OLS",TRUE,""
"gaussian",0.3,374,1192181445,"Semiparametric",TRUE,""
"asymmetric_mixture",0.3,374,1337039350,"OLS",TRUE,""
"asymmetric_mixture",0.3,374,1337039350,"Semiparametric",TRUE,""
"gaussian",-0.3,375,782752619,"OLS",TRUE,""
"gaussian",-0.3,375,782752619,"Semiparametric",TRUE,""
"asymmetric_mixture",-0.3,375,972797766,"OLS",TRUE,""
"asymmetric_mixture",-0.3,375,972797766,"Semiparametric",TRUE,""
"gaussian",0,375,1599064517,"OLS",TRUE,""
"gaussian",0,375,1599064517,"Semiparametric",TRUE,""
"asymmetric_mixture",0,375,1464913881,"OLS",TRUE,""
"asymmetric_mixture",0,375,1464913881,"Semiparametric",TRUE,""
"gaussian",0.3,375,356748150,"OLS",TRUE,""
"gaussian",0.3,375,356748150,"Semiparametric",TRUE,""
"asymmetric_mixture",0.3,375,828582071,"OLS",TRUE,""
"asymmetric_mixture",0.3,375,828582071,"Semiparametric",TRUE,""
"gaussian",-0.3,376,874733545,"OLS",TRUE,""
"gaussian",-0.3,376,874733545,"Semiparametric",TRUE,""
"asymmetric_mixture",-0.3,376,1007884531,"OLS",TRUE,""
"asymmetric_mixture",-0.3,376,1007884531,"Semiparametric",TRUE,""
"gaussian",0,376,480059439,"OLS",TRUE,""
"gaussian",0,376,480059439,"Semiparametric",TRUE,""
"asymmetric_mixture",0,376,1522669070,"OLS",TRUE,""
"asymmetric_mixture",0,376,1522669070,"Semiparametric",TRUE,""
"gaussian",0.3,376,1128158874,"OLS",TRUE,""
"gaussian",0.3,376,1128158874,"Semiparametric",TRUE,""
"asymmetric_mixture",0.3,376,12452657,"OLS",TRUE,""
"asymmetric_mixture",0.3,376,12452657,"Semiparametric",TRUE,""
"gaussian",-0.3,377,403693559,"OLS",TRUE,""
"gaussian",-0.3,377,403693559,"Semiparametric",TRUE,""
"asymmetric_mixture",-0.3,377,755448438,"OLS",TRUE,""
"asymmetric_mixture",-0.3,377,755448438,"Semiparametric",TRUE,""
"gaussian",0,377,870476609,"OLS",TRUE,""
"gaussian",0,377,870476609,"Semiparametric",TRUE,""
"asymmetric_mixture",0,377,19253637,"OLS",TRUE,""
"asymmetric_mixture",0,377,19253637,"Semiparametric",TRUE,""
"gaussian",0.3,377,900630749,"OLS",TRUE,""
"gaussian",0.3,377,900630749,"Semiparametric",TRUE,""
"asymmetric_mixture",0.3,377,806477387,"OLS",TRUE,""
"asymmetric_mixture",0.3,377,806477387,"Semiparametric",TRUE,""
"gaussian",-0.3,378,2028324351,"OLS",TRUE,""
"gaussian",-0.3,378,2028324351,"Semiparametric",TRUE,""
"asymmetric_mixture",-0.3,378,159499165,"OLS",TRUE,""
"asymmetric_mixture",-0.3,378,159499165,"Semiparametric",TRUE,""
"gaussian",0,378,1776833632,"OLS",TRUE,""
"gaussian",0,378,1776833632,"Semiparametric",TRUE,""
"asymmetric_mixture",0,378,193976083,"OLS",TRUE,""
"asymmetric_mixture",0,378,193976083,"Semiparametric",TRUE,""
"gaussian",0.3,378,437848506,"OLS",TRUE,""
"gaussian",0.3,378,437848506,"Semiparametric",TRUE,""
"asymmetric_mixture",0.3,378,63426419,"OLS",TRUE,""
"asymmetric_mixture",0.3,378,63426419,"Semiparametric",TRUE,""
"gaussian",-0.3,379,810303365,"OLS",TRUE,""
"gaussian",-0.3,379,810303365,"Semiparametric",TRUE,""
"asymmetric_mixture",-0.3,379,1614246176,"OLS",TRUE,""
"asymmetric_mixture",-0.3,379,1614246176,"Semiparametric",TRUE,""
"gaussian",0,379,84810285,"OLS",TRUE,""
"gaussian",0,379,84810285,"Semiparametric",TRUE,""
"asymmetric_mixture",0,379,2054148044,"OLS",TRUE,""
"asymmetric_mixture",0,379,2054148044,"Semiparametric",TRUE,""
"gaussian",0.3,379,1693315976,"OLS",TRUE,""
"gaussian",0.3,379,1693315976,"Semiparametric",TRUE,""
"asymmetric_mixture",0.3,379,1709249709,"OLS",TRUE,""
"asymmetric_mixture",0.3,379,1709249709,"Semiparametric",TRUE,""
"gaussian",-0.3,380,1789933313,"OLS",TRUE,""
"gaussian",-0.3,380,1789933313,"Semiparametric",TRUE,""
"asymmetric_mixture",-0.3,380,1258166113,"OLS",TRUE,""
"asymmetric_mixture",-0.3,380,1258166113,"Semiparametric",TRUE,""
"gaussian",0,380,2085808873,"OLS",TRUE,""
"gaussian",0,380,2085808873,"Semiparametric",TRUE,""
"asymmetric_mixture",0,380,111585117,"OLS",TRUE,""
"asymmetric_mixture",0,380,111585117,"Semiparametric",TRUE,""
"gaussian",0.3,380,773889586,"OLS",TRUE,""
"gaussian",0.3,380,773889586,"Semiparametric",TRUE,""
"asymmetric_mixture",0.3,380,1581079593,"OLS",TRUE,""
"asymmetric_mixture",0.3,380,1581079593,"Semiparametric",TRUE,""
"gaussian",-0.3,381,1695390456,"OLS",TRUE,""
"gaussian",-0.3,381,1695390456,"Semiparametric",TRUE,""
"asymmetric_mixture",-0.3,381,1069588317,"OLS",TRUE,""
"asymmetric_mixture",-0.3,381,1069588317,"Semiparametric",TRUE,""
"gaussian",0,381,1919043680,"OLS",TRUE,""
"gaussian",0,381,1919043680,"Semiparametric",TRUE,""
"asymmetric_mixture",0,381,294416851,"OLS",TRUE,""
"asymmetric_mixture",0,381,294416851,"Semiparametric",TRUE,""
"gaussian",0.3,381,610362423,"OLS",TRUE,""
"gaussian",0.3,381,610362423,"Semiparametric",TRUE,""
"asymmetric_mixture",0.3,381,148364458,"OLS",TRUE,""
"asymmetric_mixture",0.3,381,148364458,"Semiparametric",TRUE,""
"gaussian",-0.3,382,1851755158,"OLS",TRUE,""
"gaussian",-0.3,382,1851755158,"Semiparametric",TRUE,""
"asymmetric_mixture",-0.3,382,205902721,"OLS",TRUE,""
"asymmetric_mixture",-0.3,382,205902721,"Semiparametric",TRUE,""
"gaussian",0,382,1228506311,"OLS",TRUE,""
"gaussian",0,382,1228506311,"Semiparametric",TRUE,""
"asymmetric_mixture",0,382,733743287,"OLS",TRUE,""
"asymmetric_mixture",0,382,733743287,"Semiparametric",TRUE,""
"gaussian",0.3,382,1719115076,"OLS",TRUE,""
"gaussian",0.3,382,1719115076,"Semiparametric",TRUE,""
"asymmetric_mixture",0.3,382,1128096545,"OLS",TRUE,""
"asymmetric_mixture",0.3,382,1128096545,"Semiparametric",TRUE,""
"gaussian",-0.3,383,1754366636,"OLS",TRUE,""
"gaussian",-0.3,383,1754366636,"Semiparametric",TRUE,""
"asymmetric_mixture",-0.3,383,414154580,"OLS",TRUE,""
"asymmetric_mixture",-0.3,383,414154580,"Semiparametric",TRUE,""
"gaussian",0,383,695582908,"OLS",TRUE,""
"gaussian",0,383,695582908,"Semiparametric",TRUE,""
"asymmetric_mixture",0,383,1163791094,"OLS",TRUE,""
"asymmetric_mixture",0,383,1163791094,"Semiparametric",TRUE,""
"gaussian",0.3,383,98573922,"OLS",TRUE,""
"gaussian",0.3,383,98573922,"Semiparametric",TRUE,""
"asymmetric_mixture",0.3,383,1152556680,"OLS",TRUE,""
"asymmetric_mixture",0.3,383,1152556680,"Semiparametric",TRUE,""
"gaussian",-0.3,384,1390809058,"OLS",TRUE,""
"gaussian",-0.3,384,1390809058,"Semiparametric",TRUE,""
"asymmetric_mixture",-0.3,384,2145303091,"OLS",TRUE,""
"asymmetric_mixture",-0.3,384,2145303091,"Semiparametric",TRUE,""
"gaussian",0,384,335637754,"OLS",TRUE,""
"gaussian",0,384,335637754,"Semiparametric",TRUE,""
"asymmetric_mixture",0,384,558183070,"OLS",TRUE,""
"asymmetric_mixture",0,384,558183070,"Semiparametric",TRUE,""
"gaussian",0.3,384,299093464,"OLS",TRUE,""
"gaussian",0.3,384,299093464,"Semiparametric",TRUE,""
"asymmetric_mixture",0.3,384,1142276125,"OLS",TRUE,""
"asymmetric_mixture",0.3,384,1142276125,"Semiparametric",TRUE,""
"gaussian",-0.3,385,1316155408,"OLS",TRUE,""
"gaussian",-0.3,385,1316155408,"Semiparametric",TRUE,""
"asymmetric_mixture",-0.3,385,352042055,"OLS",TRUE,""
"asymmetric_mixture",-0.3,385,352042055,"Semiparametric",TRUE,""
"gaussian",0,385,1681535002,"OLS",TRUE,""
"gaussian",0,385,1681535002,"Semiparametric",TRUE,""
"asymmetric_mixture",0,385,849916064,"OLS",TRUE,""
"asymmetric_mixture",0,385,849916064,"Semiparametric",TRUE,""
"gaussian",0.3,385,877847482,"OLS",TRUE,""
"gaussian",0.3,385,877847482,"Semiparametric",TRUE,""
"asymmetric_mixture",0.3,385,41697849,"OLS",TRUE,""
"asymmetric_mixture",0.3,385,41697849,"Semiparametric",TRUE,""
"gaussian",-0.3,386,97778369,"OLS",TRUE,""
"gaussian",-0.3,386,97778369,"Semiparametric",TRUE,""
"asymmetric_mixture",-0.3,386,1346125148,"OLS",TRUE,""
"asymmetric_mixture",-0.3,386,1346125148,"Semiparametric",TRUE,""
"gaussian",0,386,1747100810,"OLS",TRUE,""
"gaussian",0,386,1747100810,"Semiparametric",TRUE,""
"asymmetric_mixture",0,386,188818050,"OLS",TRUE,""
"asymmetric_mixture",0,386,188818050,"Semiparametric",TRUE,""
"gaussian",0.3,386,506646724,"OLS",TRUE,""
"gaussian",0.3,386,506646724,"Semiparametric",TRUE,""
"asymmetric_mixture",0.3,386,254109529,"OLS",TRUE,""
"asymmetric_mixture",0.3,386,254109529,"Semiparametric",TRUE,""
"gaussian",-0.3,387,113277749,"OLS",TRUE,""
"gaussian",-0.3,387,113277749,"Semiparametric",TRUE,""
"asymmetric_mixture",-0.3,387,80466445,"OLS",TRUE,""
"asymmetric_mixture",-0.3,387,80466445,"Semiparametric",TRUE,""
"gaussian",0,387,723732005,"OLS",TRUE,""
"gaussian",0,387,723732005,"Semiparametric",TRUE,""
"asymmetric_mixture",0,387,1700934346,"OLS",TRUE,""
"asymmetric_mixture",0,387,1700934346,"Semiparametric",TRUE,""
"gaussian",0.3,387,573508569,"OLS",TRUE,""
"gaussian",0.3,387,573508569,"Semiparametric",TRUE,""
"asymmetric_mixture",0.3,387,1346920771,"OLS",TRUE,""
"asymmetric_mixture",0.3,387,1346920771,"Semiparametric",TRUE,""
"gaussian",-0.3,388,1955634692,"OLS",TRUE,""
"gaussian",-0.3,388,1955634692,"Semiparametric",TRUE,""
"asymmetric_mixture",-0.3,388,1668555774,"OLS",TRUE,""
"asymmetric_mixture",-0.3,388,1668555774,"Semiparametric",TRUE,""
"gaussian",0,388,884495235,"OLS",TRUE,""
"gaussian",0,388,884495235,"Semiparametric",TRUE,""
"asymmetric_mixture",0,388,1494580412,"OLS",TRUE,""
"asymmetric_mixture",0,388,1494580412,"Semiparametric",TRUE,""
"gaussian",0.3,388,578707412,"OLS",TRUE,""
"gaussian",0.3,388,578707412,"Semiparametric",TRUE,""
"asymmetric_mixture",0.3,388,1936745879,"OLS",TRUE,""
"asymmetric_mixture",0.3,388,1936745879,"Semiparametric",TRUE,""
"gaussian",-0.3,389,1477814346,"OLS",TRUE,""
"gaussian",-0.3,389,1477814346,"Semiparametric",TRUE,""
"asymmetric_mixture",-0.3,389,320741677,"OLS",TRUE,""
"asymmetric_mixture",-0.3,389,320741677,"Semiparametric",TRUE,""
"gaussian",0,389,1545382070,"OLS",TRUE,""
"gaussian",0,389,1545382070,"Semiparametric",TRUE,""
"asymmetric_mixture",0,389,1252407398,"OLS",TRUE,""
"asymmetric_mixture",0,389,1252407398,"Semiparametric",TRUE,""
"gaussian",0.3,389,611634091,"OLS",TRUE,""
"gaussian",0.3,389,611634091,"Semiparametric",TRUE,""
"asymmetric_mixture",0.3,389,791294859,"OLS",TRUE,""
"asymmetric_mixture",0.3,389,791294859,"Semiparametric",TRUE,""
"gaussian",-0.3,390,1072914238,"OLS",TRUE,""
"gaussian",-0.3,390,1072914238,"Semiparametric",TRUE,""
"asymmetric_mixture",-0.3,390,1616208517,"OLS",TRUE,""
"asymmetric_mixture",-0.3,390,1616208517,"Semiparametric",TRUE,""
"gaussian",0,390,748098514,"OLS",TRUE,""
"gaussian",0,390,748098514,"Semiparametric",TRUE,""
"asymmetric_mixture",0,390,8699527,"OLS",TRUE,""
"asymmetric_mixture",0,390,8699527,"Semiparametric",TRUE,""
"gaussian",0.3,390,1762546114,"OLS",TRUE,""
"gaussian",0.3,390,1762546114,"Semiparametric",TRUE,""
"asymmetric_mixture",0.3,390,1238945955,"OLS",TRUE,""
"asymmetric_mixture",0.3,390,1238945955,"Semiparametric",TRUE,""
"gaussian",-0.3,391,1222253578,"OLS",TRUE,""
"gaussian",-0.3,391,1222253578,"Semiparametric",TRUE,""
"asymmetric_mixture",-0.3,391,1254973725,"OLS",TRUE,""
"asymmetric_mixture",-0.3,391,1254973725,"Semiparametric",TRUE,""
"gaussian",0,391,942617377,"OLS",TRUE,""
"gaussian",0,391,942617377,"Semiparametric",TRUE,""
"asymmetric_mixture",0,391,1753010185,"OLS",TRUE,""
"asymmetric_mixture",0,391,1753010185,"Semiparametric",TRUE,""
"gaussian",0.3,391,621882716,"OLS",TRUE,""
"gaussian",0.3,391,621882716,"Semiparametric",TRUE,""
"asymmetric_mixture",0.3,391,1860896896,"OLS",TRUE,""
"asymmetric_mixture",0.3,391,1860896896,"Semiparametric",TRUE,""
"gaussian",-0.3,392,798653013,"OLS",TRUE,""
"gaussian",-0.3,392,798653013,"Semiparametric",TRUE,""
"asymmetric_mixture",-0.3,392,249474610,"OLS",TRUE,""
"asymmetric_mixture",-0.3,392,249474610,"Semiparametric",TRUE,""
"gaussian",0,392,1615739923,"OLS",TRUE,""
"gaussian",0,392,1615739923,"Semiparametric",TRUE,""
"asymmetric_mixture",0,392,1511277734,"OLS",TRUE,""
"asymmetric_mixture",0,392,1511277734,"Semiparametric",TRUE,""
"gaussian",0.3,392,1289600717,"OLS",TRUE,""
"gaussian",0.3,392,1289600717,"Semiparametric",TRUE,""
"asymmetric_mixture",0.3,392,1999070690,"OLS",TRUE,""
"asymmetric_mixture",0.3,392,1999070690,"Semiparametric",TRUE,""
"gaussian",-0.3,393,1972388830,"OLS",TRUE,""
"gaussian",-0.3,393,1972388830,"Semiparametric",TRUE,""
"asymmetric_mixture",-0.3,393,523967690,"OLS",TRUE,""
"asymmetric_mixture",-0.3,393,523967690,"Semiparametric",TRUE,""
"gaussian",0,393,1518889114,"OLS",TRUE,""
"gaussian",0,393,1518889114,"Semiparametric",TRUE,""
"asymmetric_mixture",0,393,746034401,"OLS",TRUE,""
"asymmetric_mixture",0,393,746034401,"Semiparametric",TRUE,""
"gaussian",0.3,393,973376390,"OLS",TRUE,""
"gaussian",0.3,393,973376390,"Semiparametric",TRUE,""
"asymmetric_mixture",0.3,393,239972859,"OLS",TRUE,""
"asymmetric_mixture",0.3,393,239972859,"Semiparametric",TRUE,""
"gaussian",-0.3,394,1330814372,"OLS",TRUE,""
"gaussian",-0.3,394,1330814372,"Semiparametric",TRUE,""
"asymmetric_mixture",-0.3,394,223776688,"OLS",TRUE,""
"asymmetric_mixture",-0.3,394,223776688,"Semiparametric",TRUE,""
"gaussian",0,394,201733859,"OLS",TRUE,""
"gaussian",0,394,201733859,"Semiparametric",TRUE,""
"asymmetric_mixture",0,394,562670273,"OLS",TRUE,""
"asymmetric_mixture",0,394,562670273,"Semiparametric",TRUE,""
"gaussian",0.3,394,457160759,"OLS",TRUE,""
"gaussian",0.3,394,457160759,"Semiparametric",TRUE,""
"asymmetric_mixture",0.3,394,1735540551,"OLS",TRUE,""
"asymmetric_mixture",0.3,394,1735540551,"Semiparametric",TRUE,""
"gaussian",-0.3,395,1101860167,"OLS",TRUE,""
"gaussian",-0.3,395,1101860167,"Semiparametric",TRUE,""
"asymmetric_mixture",-0.3,395,820069694,"OLS",TRUE,""
"asymmetric_mixture",-0.3,395,820069694,"Semiparametric",TRUE,""
"gaussian",0,395,858081498,"OLS",TRUE,""
"gaussian",0,395,858081498,"Semiparametric",TRUE,""
"asymmetric_mixture",0,395,2005001938,"OLS",TRUE,""
"asymmetric_mixture",0,395,2005001938,"Semiparametric",TRUE,""
"gaussian",0.3,395,1795779235,"OLS",TRUE,""
"gaussian",0.3,395,1795779235,"Semiparametric",TRUE,""
"asymmetric_mixture",0.3,395,1271519638,"OLS",TRUE,""
"asymmetric_mixture",0.3,395,1271519638,"Semiparametric",TRUE,""
"gaussian",-0.3,396,2040309995,"OLS",TRUE,""
"gaussian",-0.3,396,2040309995,"Semiparametric",TRUE,""
"asymmetric_mixture",-0.3,396,657058806,"OLS",TRUE,""
"asymmetric_mixture",-0.3,396,657058806,"Semiparametric",TRUE,""
"gaussian",0,396,1093549589,"OLS",TRUE,""
"gaussian",0,396,1093549589,"Semiparametric",TRUE,""
"asymmetric_mixture",0,396,277139680,"OLS",TRUE,""
"asymmetric_mixture",0,396,277139680,"Semiparametric",TRUE,""
"gaussian",0.3,396,1846928008,"OLS",TRUE,""
"gaussian",0.3,396,1846928008,"Semiparametric",TRUE,""
"asymmetric_mixture",0.3,396,1240989515,"OLS",TRUE,""
"asymmetric_mixture",0.3,396,1240989515,"Semiparametric",TRUE,""
"gaussian",-0.3,397,1818309337,"OLS",TRUE,""
"gaussian",-0.3,397,1818309337,"Semiparametric",TRUE,""
"asymmetric_mixture",-0.3,397,1464731224,"OLS",TRUE,""
"asymmetric_mixture",-0.3,397,1464731224,"Semiparametric",TRUE,""
"gaussian",0,397,1202221946,"OLS",TRUE,""
"gaussian",0,397,1202221946,"Semiparametric",TRUE,""
"asymmetric_mixture",0,397,2042204275,"OLS",TRUE,""
"asymmetric_mixture",0,397,2042204275,"Semiparametric",TRUE,""
"gaussian",0.3,397,1554148492,"OLS",TRUE,""
"gaussian",0.3,397,1554148492,"Semiparametric",TRUE,""
"asymmetric_mixture",0.3,397,341012812,"OLS",TRUE,""
"asymmetric_mixture",0.3,397,341012812,"Semiparametric",TRUE,""
"gaussian",-0.3,398,1052991474,"OLS",TRUE,""
"gaussian",-0.3,398,1052991474,"Semiparametric",TRUE,""
"asymmetric_mixture",-0.3,398,1998504082,"OLS",TRUE,""
"asymmetric_mixture",-0.3,398,1998504082,"Semiparametric",TRUE,""
"gaussian",0,398,86369187,"OLS",TRUE,""
"gaussian",0,398,86369187,"Semiparametric",TRUE,""
"asymmetric_mixture",0,398,1602683265,"OLS",TRUE,""
"asymmetric_mixture",0,398,1602683265,"Semiparametric",TRUE,""
"gaussian",0.3,398,1502195984,"OLS",TRUE,""
"gaussian",0.3,398,1502195984,"Semiparametric",TRUE,""
"asymmetric_mixture",0.3,398,688585042,"OLS",TRUE,""
"asymmetric_mixture",0.3,398,688585042,"Semiparametric",TRUE,""
"gaussian",-0.3,399,643959621,"OLS",TRUE,""
"gaussian",-0.3,399,643959621,"Semiparametric",TRUE,""
"asymmetric_mixture",-0.3,399,1323574335,"OLS",TRUE,""
"asymmetric_mixture",-0.3,399,1323574335,"Semiparametric",TRUE,""
"gaussian",0,399,2100482768,"OLS",TRUE,""
"gaussian",0,399,2100482768,"Semiparametric",TRUE,""
"asymmetric_mixture",0,399,2069817443,"OLS",TRUE,""
"asymmetric_mixture",0,399,2069817443,"Semiparametric",TRUE,""
"gaussian",0.3,399,984952537,"OLS",TRUE,""
"gaussian",0.3,399,984952537,"Semiparametric",TRUE,""
"asymmetric_mixture",0.3,399,401063961,"OLS",TRUE,""
"asymmetric_mixture",0.3,399,401063961,"Semiparametric",TRUE,""
"gaussian",-0.3,400,384057332,"OLS",TRUE,""
"gaussian",-0.3,400,384057332,"Semiparametric",TRUE,""
"asymmetric_mixture",-0.3,400,77578917,"OLS",TRUE,""
"asymmetric_mixture",-0.3,400,77578917,"Semiparametric",TRUE,""
"gaussian",0,400,244019990,"OLS",TRUE,""
"gaussian",0,400,244019990,"Semiparametric",TRUE,""
"asymmetric_mixture",0,400,1964677503,"OLS",TRUE,""
"asymmetric_mixture",0,400,1964677503,"Semiparametric",TRUE,""
"gaussian",0.3,400,1158114229,"OLS",TRUE,""
"gaussian",0.3,400,1158114229,"Semiparametric",TRUE,""
"asymmetric_mixture",0.3,400,1367920223,"OLS",TRUE,""
"asymmetric_mixture",0.3,400,1367920223,"Semiparametric",TRUE,""
"gaussian",-0.3,401,1262707092,"OLS",TRUE,""
"gaussian",-0.3,401,1262707092,"Semiparametric",TRUE,""
"asymmetric_mixture",-0.3,401,1399139949,"OLS",TRUE,""
"asymmetric_mixture",-0.3,401,1399139949,"Semiparametric",TRUE,""
"gaussian",0,401,181728163,"OLS",TRUE,""
"gaussian",0,401,181728163,"Semiparametric",TRUE,""
"asymmetric_mixture",0,401,91891142,"OLS",TRUE,""
"asymmetric_mixture",0,401,91891142,"Semiparametric",TRUE,""
"gaussian",0.3,401,62908384,"OLS",TRUE,""
"gaussian",0.3,401,62908384,"Semiparametric",TRUE,""
"asymmetric_mixture",0.3,401,270802625,"OLS",TRUE,""
"asymmetric_mixture",0.3,401,270802625,"Semiparametric",TRUE,""
"gaussian",-0.3,402,1706993787,"OLS",TRUE,""
"gaussian",-0.3,402,1706993787,"Semiparametric",TRUE,""
"asymmetric_mixture",-0.3,402,1915590098,"OLS",TRUE,""
"asymmetric_mixture",-0.3,402,1915590098,"Semiparametric",TRUE,""
"gaussian",0,402,12529561,"OLS",TRUE,""
"gaussian",0,402,12529561,"Semiparametric",TRUE,""
"asymmetric_mixture",0,402,453839333,"OLS",TRUE,""
"asymmetric_mixture",0,402,453839333,"Semiparametric",TRUE,""
"gaussian",0.3,402,517316978,"OLS",TRUE,""
"gaussian",0.3,402,517316978,"Semiparametric",TRUE,""
"asymmetric_mixture",0.3,402,859208199,"OLS",TRUE,""
"asymmetric_mixture",0.3,402,859208199,"Semiparametric",TRUE,""
"gaussian",-0.3,403,1345921960,"OLS",TRUE,""
"gaussian",-0.3,403,1345921960,"Semiparametric",TRUE,""
"asymmetric_mixture",-0.3,403,801321241,"OLS",TRUE,""
"asymmetric_mixture",-0.3,403,801321241,"Semiparametric",TRUE,""
"gaussian",0,403,727226205,"OLS",TRUE,""
"gaussian",0,403,727226205,"Semiparametric",TRUE,""
"asymmetric_mixture",0,403,1163373425,"OLS",TRUE,""
"asymmetric_mixture",0,403,1163373425,"Semiparametric",TRUE,""
"gaussian",0.3,403,1771086459,"OLS",TRUE,""
"gaussian",0.3,403,1771086459,"Semiparametric",TRUE,""
"asymmetric_mixture",0.3,403,1478134787,"OLS",TRUE,""
"asymmetric_mixture",0.3,403,1478134787,"Semiparametric",TRUE,""
"gaussian",-0.3,404,2020219756,"OLS",TRUE,""
"gaussian",-0.3,404,2020219756,"Semiparametric",TRUE,""
"asymmetric_mixture",-0.3,404,1831703582,"OLS",TRUE,""
"asymmetric_mixture",-0.3,404,1831703582,"Semiparametric",TRUE,""
"gaussian",0,404,980021604,"OLS",TRUE,""
"gaussian",0,404,980021604,"Semiparametric",TRUE,""
"asymmetric_mixture",0,404,2091866791,"OLS",TRUE,""
"asymmetric_mixture",0,404,2091866791,"Semiparametric",TRUE,""
"gaussian",0.3,404,7641661,"OLS",TRUE,""
"gaussian",0.3,404,7641661,"Semiparametric",TRUE,""
"asymmetric_mixture",0.3,404,119133778,"OLS",TRUE,""
"asymmetric_mixture",0.3,404,119133778,"Semiparametric",TRUE,""
"gaussian",-0.3,405,1466568798,"OLS",TRUE,""
"gaussian",-0.3,405,1466568798,"Semiparametric",TRUE,""
"asymmetric_mixture",-0.3,405,956136947,"OLS",TRUE,""
"asymmetric_mixture",-0.3,405,956136947,"Semiparametric",TRUE,""
"gaussian",0,405,284374586,"OLS",TRUE,""
"gaussian",0,405,284374586,"Semiparametric",TRUE,""
"asymmetric_mixture",0,405,459710131,"OLS",TRUE,""
"asymmetric_mixture",0,405,459710131,"Semiparametric",TRUE,""
"gaussian",0.3,405,1130425615,"OLS",TRUE,""
"gaussian",0.3,405,1130425615,"Semiparametric",TRUE,""
"asymmetric_mixture",0.3,405,310604557,"OLS",TRUE,""
"asymmetric_mixture",0.3,405,310604557,"Semiparametric",TRUE,""
"gaussian",-0.3,406,1168292552,"OLS",TRUE,""
"gaussian",-0.3,406,1168292552,"Semiparametric",TRUE,""
"asymmetric_mixture",-0.3,406,934072998,"OLS",TRUE,""
"asymmetric_mixture",-0.3,406,934072998,"Semiparametric",TRUE,""
"gaussian",0,406,804284810,"OLS",TRUE,""
"gaussian",0,406,804284810,"Semiparametric",TRUE,""
"asymmetric_mixture",0,406,271468184,"OLS",TRUE,""
"asymmetric_mixture",0,406,271468184,"Semiparametric",TRUE,""
"gaussian",0.3,406,1447044715,"OLS",TRUE,""
"gaussian",0.3,406,1447044715,"Semiparametric",TRUE,""
"asymmetric_mixture",0.3,406,1206559775,"OLS",TRUE,""
"asymmetric_mixture",0.3,406,1206559775,"Semiparametric",TRUE,""
"gaussian",-0.3,407,965008693,"OLS",TRUE,""
"gaussian",-0.3,407,965008693,"Semiparametric",TRUE,""
"asymmetric_mixture",-0.3,407,397559979,"OLS",TRUE,""
"asymmetric_mixture",-0.3,407,397559979,"Semiparametric",TRUE,""
"gaussian",0,407,1152634173,"OLS",TRUE,""
"gaussian",0,407,1152634173,"Semiparametric",TRUE,""
"asymmetric_mixture",0,407,2120802902,"OLS",TRUE,""
"asymmetric_mixture",0,407,2120802902,"Semiparametric",TRUE,""
"gaussian",0.3,407,1553527234,"OLS",TRUE,""
"gaussian",0.3,407,1553527234,"Semiparametric",TRUE,""
"asymmetric_mixture",0.3,407,602782708,"OLS",TRUE,""
"asymmetric_mixture",0.3,407,602782708,"Semiparametric",TRUE,""
"gaussian",-0.3,408,177016210,"OLS",TRUE,""
"gaussian",-0.3,408,177016210,"Semiparametric",TRUE,""
"asymmetric_mixture",-0.3,408,1770036357,"OLS",TRUE,""
"asymmetric_mixture",-0.3,408,1770036357,"Semiparametric",TRUE,""
"gaussian",0,408,1392495521,"OLS",TRUE,""
"gaussian",0,408,1392495521,"Semiparametric",TRUE,""
"asymmetric_mixture",0,408,1144494106,"OLS",TRUE,""
"asymmetric_mixture",0,408,1144494106,"Semiparametric",TRUE,""
"gaussian",0.3,408,1682709030,"OLS",TRUE,""
"gaussian",0.3,408,1682709030,"Semiparametric",TRUE,""
"asymmetric_mixture",0.3,408,762274551,"OLS",TRUE,""
"asymmetric_mixture",0.3,408,762274551,"Semiparametric",TRUE,""
"gaussian",-0.3,409,1991013371,"OLS",TRUE,""
"gaussian",-0.3,409,1991013371,"Semiparametric",TRUE,""
"asymmetric_mixture",-0.3,409,862386637,"OLS",TRUE,""
"asymmetric_mixture",-0.3,409,862386637,"Semiparametric",TRUE,""
"gaussian",0,409,1286875757,"OLS",TRUE,""
"gaussian",0,409,1286875757,"Semiparametric",TRUE,""
"asymmetric_mixture",0,409,1934523475,"OLS",TRUE,""
"asymmetric_mixture",0,409,1934523475,"Semiparametric",TRUE,""
"gaussian",0.3,409,1227838948,"OLS",TRUE,""
"gaussian",0.3,409,1227838948,"Semiparametric",TRUE,""
"asymmetric_mixture",0.3,409,1197781318,"OLS",TRUE,""
"asymmetric_mixture",0.3,409,1197781318,"Semiparametric",TRUE,""
"gaussian",-0.3,410,1008725230,"OLS",TRUE,""
"gaussian",-0.3,410,1008725230,"Semiparametric",TRUE,""
"asymmetric_mixture",-0.3,410,23594969,"OLS",TRUE,""
"asymmetric_mixture",-0.3,410,23594969,"Semiparametric",TRUE,""
"gaussian",0,410,647960425,"OLS",TRUE,""
"gaussian",0,410,647960425,"Semiparametric",TRUE,""
"asymmetric_mixture",0,410,2076946328,"OLS",TRUE,""
"asymmetric_mixture",0,410,2076946328,"Semiparametric",TRUE,""
"gaussian",0.3,410,1380804289,"OLS",TRUE,""
"gaussian",0.3,410,1380804289,"Semiparametric",TRUE,""
"asymmetric_mixture",0.3,410,902743235,"OLS",TRUE,""
"asymmetric_mixture",0.3,410,902743235,"Semiparametric",TRUE,""
"gaussian",-0.3,411,1122116580,"OLS",TRUE,""
"gaussian",-0.3,411,1122116580,"Semiparametric",TRUE,""
"asymmetric_mixture",-0.3,411,580116315,"OLS",TRUE,""
"asymmetric_mixture",-0.3,411,580116315,"Semiparametric",TRUE,""
"gaussian",0,411,82346533,"OLS",TRUE,""
"gaussian",0,411,82346533,"Semiparametric",TRUE,""
"asymmetric_mixture",0,411,2001343100,"OLS",TRUE,""
"asymmetric_mixture",0,411,2001343100,"Semiparametric",TRUE,""
"gaussian",0.3,411,310040043,"OLS",TRUE,""
"gaussian",0.3,411,310040043,"Semiparametric",TRUE,""
"asymmetric_mixture",0.3,411,489392065,"OLS",TRUE,""
"asymmetric_mixture",0.3,411,489392065,"Semiparametric",TRUE,""
"gaussian",-0.3,412,1174097653,"OLS",TRUE,""
"gaussian",-0.3,412,1174097653,"Semiparametric",TRUE,""
"asymmetric_mixture",-0.3,412,1854805605,"OLS",TRUE,""
"asymmetric_mixture",-0.3,412,1854805605,"Semiparametric",TRUE,""
"gaussian",0,412,745312071,"OLS",TRUE,""
"gaussian",0,412,745312071,"Semiparametric",TRUE,""
"asymmetric_mixture",0,412,1764056810,"OLS",TRUE,""
"asymmetric_mixture",0,412,1764056810,"Semiparametric",TRUE,""
"gaussian",0.3,412,1152837932,"OLS",TRUE,""
"gaussian",0.3,412,1152837932,"Semiparametric",TRUE,""
"asymmetric_mixture",0.3,412,928436057,"OLS",TRUE,""
"asymmetric_mixture",0.3,412,928436057,"Semiparametric",TRUE,""
"gaussian",-0.3,413,1041825320,"OLS",TRUE,""
"gaussian",-0.3,413,1041825320,"Semiparametric",TRUE,""
"asymmetric_mixture",-0.3,413,49808544,"OLS",TRUE,""
"asymmetric_mixture",-0.3,413,49808544,"Semiparametric",TRUE,""
"gaussian",0,413,814394780,"OLS",TRUE,""
"gaussian",0,413,814394780,"Semiparametric",TRUE,""
"asymmetric_mixture",0,413,206228200,"OLS",TRUE,""
"asymmetric_mixture",0,413,206228200,"Semiparametric",TRUE,""
"gaussian",0.3,413,898335746,"OLS",TRUE,""
"gaussian",0.3,413,898335746,"Semiparametric",TRUE,""
"asymmetric_mixture",0.3,413,1288458573,"OLS",TRUE,""
"asymmetric_mixture",0.3,413,1288458573,"Semiparametric",TRUE,""
"gaussian",-0.3,414,1963395275,"OLS",TRUE,""
"gaussian",-0.3,414,1963395275,"Semiparametric",TRUE,""
"asymmetric_mixture",-0.3,414,1287747606,"OLS",TRUE,""
"asymmetric_mixture",-0.3,414,1287747606,"Semiparametric",TRUE,""
"gaussian",0,414,380943080,"OLS",TRUE,""
"gaussian",0,414,380943080,"Semiparametric",TRUE,""
"asymmetric_mixture",0,414,1779892866,"OLS",TRUE,""
"asymmetric_mixture",0,414,1779892866,"Semiparametric",TRUE,""
"gaussian",0.3,414,1769997385,"OLS",TRUE,""
"gaussian",0.3,414,1769997385,"Semiparametric",TRUE,""
"asymmetric_mixture",0.3,414,171446797,"OLS",TRUE,""
"asymmetric_mixture",0.3,414,171446797,"Semiparametric",TRUE,""
"gaussian",-0.3,415,1161812710,"OLS",TRUE,""
"gaussian",-0.3,415,1161812710,"Semiparametric",TRUE,""
"asymmetric_mixture",-0.3,415,781473249,"OLS",TRUE,""
"asymmetric_mixture",-0.3,415,781473249,"Semiparametric",TRUE,""
"gaussian",0,415,151954612,"OLS",TRUE,""
"gaussian",0,415,151954612,"Semiparametric",TRUE,""
"asymmetric_mixture",0,415,641271272,"OLS",TRUE,""
"asymmetric_mixture",0,415,641271272,"Semiparametric",TRUE,""
"gaussian",0.3,415,928592529,"OLS",TRUE,""
"gaussian",0.3,415,928592529,"Semiparametric",TRUE,""
"asymmetric_mixture",0.3,415,1440099675,"OLS",TRUE,""
"asymmetric_mixture",0.3,415,1440099675,"Semiparametric",TRUE,""
"gaussian",-0.3,416,850065485,"OLS",TRUE,""
"gaussian",-0.3,416,850065485,"Semiparametric",TRUE,""
"asymmetric_mixture",-0.3,416,120399025,"OLS",TRUE,""
"asymmetric_mixture",-0.3,416,120399025,"Semiparametric",TRUE,""
"gaussian",0,416,1998758356,"OLS",TRUE,""
"gaussian",0,416,1998758356,"Semiparametric",TRUE,""
"asymmetric_mixture",0,416,777353242,"OLS",TRUE,""
"asymmetric_mixture",0,416,777353242,"Semiparametric",TRUE,""
"gaussian",0.3,416,1369514453,"OLS",TRUE,""
"gaussian",0.3,416,1369514453,"Semiparametric",TRUE,""
"asymmetric_mixture",0.3,416,1960463222,"OLS",TRUE,""
"asymmetric_mixture",0.3,416,1960463222,"Semiparametric",TRUE,""
"gaussian",-0.3,417,1558874351,"OLS",TRUE,""
"gaussian",-0.3,417,1558874351,"Semiparametric",TRUE,""
"asymmetric_mixture",-0.3,417,1828951117,"OLS",TRUE,""
"asymmetric_mixture",-0.3,417,1828951117,"Semiparametric",TRUE,""
"gaussian",0,417,1252585122,"OLS",TRUE,""
"gaussian",0,417,1252585122,"Semiparametric",TRUE,""
"asymmetric_mixture",0,417,899429231,"OLS",TRUE,""
"asymmetric_mixture",0,417,899429231,"Semiparametric",TRUE,""
"gaussian",0.3,417,359792224,"OLS",TRUE,""
"gaussian",0.3,417,359792224,"Semiparametric",TRUE,""
"asymmetric_mixture",0.3,417,910191320,"OLS",TRUE,""
"asymmetric_mixture",0.3,417,910191320,"Semiparametric",TRUE,""
"gaussian",-0.3,418,1235070049,"OLS",TRUE,""
"gaussian",-0.3,418,1235070049,"Semiparametric",TRUE,""
"asymmetric_mixture",-0.3,418,1635921239,"OLS",TRUE,""
"asymmetric_mixture",-0.3,418,1635921239,"Semiparametric",TRUE,""
"gaussian",0,418,903838541,"OLS",TRUE,""
"gaussian",0,418,903838541,"Semiparametric",TRUE,""
"asymmetric_mixture",0,418,46893291,"OLS",TRUE,""
"asymmetric_mixture",0,418,46893291,"Semiparametric",TRUE,""
"gaussian",0.3,418,1165221093,"OLS",TRUE,""
"gaussian",0.3,418,1165221093,"Semiparametric",TRUE,""
"asymmetric_mixture",0.3,418,572722721,"OLS",TRUE,""
"asymmetric_mixture",0.3,418,572722721,"Semiparametric",TRUE,""
"gaussian",-0.3,419,468834654,"OLS",TRUE,""
"gaussian",-0.3,419,468834654,"Semiparametric",TRUE,""
"asymmetric_mixture",-0.3,419,2010372410,"OLS",TRUE,""
"asymmetric_mixture",-0.3,419,2010372410,"Semiparametric",TRUE,""
"gaussian",0,419,786855924,"OLS",TRUE,""
"gaussian",0,419,786855924,"Semiparametric",TRUE,""
"asymmetric_mixture",0,419,436274229,"OLS",TRUE,""
"asymmetric_mixture",0,419,436274229,"Semiparametric",TRUE,""
"gaussian",0.3,419,1915371409,"OLS",TRUE,""
"gaussian",0.3,419,1915371409,"Semiparametric",TRUE,""
"asymmetric_mixture",0.3,419,1955160836,"OLS",TRUE,""
"asymmetric_mixture",0.3,419,1955160836,"Semiparametric",TRUE,""
"gaussian",-0.3,420,371526280,"OLS",TRUE,""
"gaussian",-0.3,420,371526280,"Semiparametric",TRUE,""
"asymmetric_mixture",-0.3,420,1301832460,"OLS",TRUE,""
"asymmetric_mixture",-0.3,420,1301832460,"Semiparametric",TRUE,""
"gaussian",0,420,1756272482,"OLS",TRUE,""
"gaussian",0,420,1756272482,"Semiparametric",TRUE,""
"asymmetric_mixture",0,420,1399022130,"OLS",TRUE,""
"asymmetric_mixture",0,420,1399022130,"Semiparametric",TRUE,""
"gaussian",0.3,420,1689011654,"OLS",TRUE,""
"gaussian",0.3,420,1689011654,"Semiparametric",TRUE,""
"asymmetric_mixture",0.3,420,502327999,"OLS",TRUE,""
"asymmetric_mixture",0.3,420,502327999,"Semiparametric",TRUE,""
"gaussian",-0.3,421,1799148944,"OLS",TRUE,""
"gaussian",-0.3,421,1799148944,"Semiparametric",TRUE,""
"asymmetric_mixture",-0.3,421,1899268447,"OLS",TRUE,""
"asymmetric_mixture",-0.3,421,1899268447,"Semiparametric",TRUE,""
"gaussian",0,421,2070666885,"OLS",TRUE,""
"gaussian",0,421,2070666885,"Semiparametric",TRUE,""
"asymmetric_mixture",0,421,983619719,"OLS",TRUE,""
"asymmetric_mixture",0,421,983619719,"Semiparametric",TRUE,""
"gaussian",0.3,421,2062046167,"OLS",TRUE,""
"gaussian",0.3,421,2062046167,"Semiparametric",TRUE,""
"asymmetric_mixture",0.3,421,1531565650,"OLS",TRUE,""
"asymmetric_mixture",0.3,421,1531565650,"Semiparametric",TRUE,""
"gaussian",-0.3,422,148540063,"OLS",TRUE,""
"gaussian",-0.3,422,148540063,"Semiparametric",TRUE,""
"asymmetric_mixture",-0.3,422,2051324572,"OLS",TRUE,""
"asymmetric_mixture",-0.3,422,2051324572,"Semiparametric",TRUE,""
"gaussian",0,422,2030438994,"OLS",TRUE,""
"gaussian",0,422,2030438994,"Semiparametric",TRUE,""
"asymmetric_mixture",0,422,1162467228,"OLS",TRUE,""
"asymmetric_mixture",0,422,1162467228,"Semiparametric",TRUE,""
"gaussian",0.3,422,130772869,"OLS",TRUE,""
"gaussian",0.3,422,130772869,"Semiparametric",TRUE,""
"asymmetric_mixture",0.3,422,667917590,"OLS",TRUE,""
"asymmetric_mixture",0.3,422,667917590,"Semiparametric",TRUE,""
"gaussian",-0.3,423,1288884532,"OLS",TRUE,""
"gaussian",-0.3,423,1288884532,"Semiparametric",TRUE,""
"asymmetric_mixture",-0.3,423,1656939380,"OLS",TRUE,""
"asymmetric_mixture",-0.3,423,1656939380,"Semiparametric",TRUE,""
"gaussian",0,423,87977837,"OLS",TRUE,""
"gaussian",0,423,87977837,"Semiparametric",TRUE,""
"asymmetric_mixture",0,423,1618097612,"OLS",TRUE,""
"asymmetric_mixture",0,423,1618097612,"Semiparametric",TRUE,""
"gaussian",0.3,423,1799252252,"OLS",TRUE,""
"gaussian",0.3,423,1799252252,"Semiparametric",TRUE,""
"asymmetric_mixture",0.3,423,1051354512,"OLS",TRUE,""
"asymmetric_mixture",0.3,423,1051354512,"Semiparametric",TRUE,""
"gaussian",-0.3,424,1423330083,"OLS",TRUE,""
"gaussian",-0.3,424,1423330083,"Semiparametric",TRUE,""
"asymmetric_mixture",-0.3,424,1753343788,"OLS",TRUE,""
"asymmetric_mixture",-0.3,424,1753343788,"Semiparametric",TRUE,""
"gaussian",0,424,1310874195,"OLS",TRUE,""
"gaussian",0,424,1310874195,"Semiparametric",TRUE,""
"asymmetric_mixture",0,424,1636008088,"OLS",TRUE,""
"asymmetric_mixture",0,424,1636008088,"Semiparametric",TRUE,""
"gaussian",0.3,424,671212115,"OLS",TRUE,""
"gaussian",0.3,424,671212115,"Semiparametric",TRUE,""
"asymmetric_mixture",0.3,424,798758593,"OLS",TRUE,""
"asymmetric_mixture",0.3,424,798758593,"Semiparametric",TRUE,""
"gaussian",-0.3,425,2042042758,"OLS",TRUE,""
"gaussian",-0.3,425,2042042758,"Semiparametric",TRUE,""
"asymmetric_mixture",-0.3,425,496605458,"OLS",TRUE,""
"asymmetric_mixture",-0.3,425,496605458,"Semiparametric",TRUE,""
"gaussian",0,425,699252473,"OLS",TRUE,""
"gaussian",0,425,699252473,"Semiparametric",TRUE,""
"asymmetric_mixture",0,425,1773706986,"OLS",TRUE,""
"asymmetric_mixture",0,425,1773706986,"Semiparametric",TRUE,""
"gaussian",0.3,425,1523426005,"OLS",TRUE,""
"gaussian",0.3,425,1523426005,"Semiparametric",TRUE,""
"asymmetric_mixture",0.3,425,1771659021,"OLS",TRUE,""
"asymmetric_mixture",0.3,425,1771659021,"Semiparametric",TRUE,""
"gaussian",-0.3,426,789060122,"OLS",TRUE,""
"gaussian",-0.3,426,789060122,"Semiparametric",TRUE,""
"asymmetric_mixture",-0.3,426,1151746774,"OLS",TRUE,""
"asymmetric_mixture",-0.3,426,1151746774,"Semiparametric",TRUE,""
"gaussian",0,426,296989914,"OLS",TRUE,""
"gaussian",0,426,296989914,"Semiparametric",TRUE,""
"asymmetric_mixture",0,426,656474125,"OLS",TRUE,""
"asymmetric_mixture",0,426,656474125,"Semiparametric",TRUE,""
"gaussian",0.3,426,703909556,"OLS",TRUE,""
"gaussian",0.3,426,703909556,"Semiparametric",TRUE,""
"asymmetric_mixture",0.3,426,1846733380,"OLS",TRUE,""
"asymmetric_mixture",0.3,426,1846733380,"Semiparametric",TRUE,""
"gaussian",-0.3,427,1811447639,"OLS",TRUE,""
"gaussian",-0.3,427,1811447639,"Semiparametric",TRUE,""
"asymmetric_mixture",-0.3,427,1192549479,"OLS",TRUE,""
"asymmetric_mixture",-0.3,427,1192549479,"Semiparametric",TRUE,""
"gaussian",0,427,1240026324,"OLS",TRUE,""
"gaussian",0,427,1240026324,"Semiparametric",TRUE,""
"asymmetric_mixture",0,427,905761720,"OLS",TRUE,""
"asymmetric_mixture",0,427,905761720,"Semiparametric",TRUE,""
"gaussian",0.3,427,1078620877,"OLS",TRUE,""
"gaussian",0.3,427,1078620877,"Semiparametric",TRUE,""
"asymmetric_mixture",0.3,427,509093992,"OLS",TRUE,""
"asymmetric_mixture",0.3,427,509093992,"Semiparametric",TRUE,""
"gaussian",-0.3,428,773547070,"OLS",TRUE,""
"gaussian",-0.3,428,773547070,"Semiparametric",TRUE,""
"asymmetric_mixture",-0.3,428,1664554258,"OLS",TRUE,""
"asymmetric_mixture",-0.3,428,1664554258,"Semiparametric",TRUE,""
"gaussian",0,428,2127938082,"OLS",TRUE,""
"gaussian",0,428,2127938082,"Semiparametric",TRUE,""
"asymmetric_mixture",0,428,2020933782,"OLS",TRUE,""
"asymmetric_mixture",0,428,2020933782,"Semiparametric",TRUE,""
"gaussian",0.3,428,237417322,"OLS",TRUE,""
"gaussian",0.3,428,237417322,"Semiparametric",TRUE,""
"asymmetric_mixture",0.3,428,1893584639,"OLS",TRUE,""
"asymmetric_mixture",0.3,428,1893584639,"Semiparametric",TRUE,""
"gaussian",-0.3,429,918331791,"OLS",TRUE,""
"gaussian",-0.3,429,918331791,"Semiparametric",TRUE,""
"asymmetric_mixture",-0.3,429,1707510592,"OLS",TRUE,""
"asymmetric_mixture",-0.3,429,1707510592,"Semiparametric",TRUE,""
"gaussian",0,429,1827371419,"OLS",TRUE,""
"gaussian",0,429,1827371419,"Semiparametric",TRUE,""
"asymmetric_mixture",0,429,664477272,"OLS",TRUE,""
"asymmetric_mixture",0,429,664477272,"Semiparametric",TRUE,""
"gaussian",0.3,429,1237540729,"OLS",TRUE,""
"gaussian",0.3,429,1237540729,"Semiparametric",TRUE,""
"asymmetric_mixture",0.3,429,697631772,"OLS",TRUE,""
"asymmetric_mixture",0.3,429,697631772,"Semiparametric",TRUE,""
"gaussian",-0.3,430,73624847,"OLS",TRUE,""
"gaussian",-0.3,430,73624847,"Semiparametric",TRUE,""
"asymmetric_mixture",-0.3,430,675883899,"OLS",TRUE,""
"asymmetric_mixture",-0.3,430,675883899,"Semiparametric",TRUE,""
"gaussian",0,430,122869511,"OLS",TRUE,""
"gaussian",0,430,122869511,"Semiparametric",TRUE,""
"asymmetric_mixture",0,430,1893811314,"OLS",TRUE,""
"asymmetric_mixture",0,430,1893811314,"Semiparametric",TRUE,""
"gaussian",0.3,430,1464808704,"OLS",TRUE,""
"gaussian",0.3,430,1464808704,"Semiparametric",TRUE,""
"asymmetric_mixture",0.3,430,1112048354,"OLS",TRUE,""
"asymmetric_mixture",0.3,430,1112048354,"Semiparametric",TRUE,""
"gaussian",-0.3,431,2062257751,"OLS",TRUE,""
"gaussian",-0.3,431,2062257751,"Semiparametric",TRUE,""
"asymmetric_mixture",-0.3,431,524942482,"OLS",TRUE,""
"asymmetric_mixture",-0.3,431,524942482,"Semiparametric",TRUE,""
"gaussian",0,431,1465159071,"OLS",TRUE,""
"gaussian",0,431,1465159071,"Semiparametric",TRUE,""
"asymmetric_mixture",0,431,1677522145,"OLS",TRUE,""
"asymmetric_mixture",0,431,1677522145,"Semiparametric",TRUE,""
"gaussian",0.3,431,864600428,"OLS",TRUE,""
"gaussian",0.3,431,864600428,"Semiparametric",TRUE,""
"asymmetric_mixture",0.3,431,1832369188,"OLS",TRUE,""
"asymmetric_mixture",0.3,431,1832369188,"Semiparametric",TRUE,""
"gaussian",-0.3,432,581704981,"OLS",TRUE,""
"gaussian",-0.3,432,581704981,"Semiparametric",TRUE,""
"asymmetric_mixture",-0.3,432,1901199028,"OLS",TRUE,""
"asymmetric_mixture",-0.3,432,1901199028,"Semiparametric",TRUE,""
"gaussian",0,432,1712243430,"OLS",TRUE,""
"gaussian",0,432,1712243430,"Semiparametric",TRUE,""
"asymmetric_mixture",0,432,1692425215,"OLS",TRUE,""
"asymmetric_mixture",0,432,1692425215,"Semiparametric",TRUE,""
"gaussian",0.3,432,827988724,"OLS",TRUE,""
"gaussian",0.3,432,827988724,"Semiparametric",TRUE,""
"asymmetric_mixture",0.3,432,767795425,"OLS",TRUE,""
"asymmetric_mixture",0.3,432,767795425,"Semiparametric",TRUE,""
"gaussian",-0.3,433,622520727,"OLS",TRUE,""
"gaussian",-0.3,433,622520727,"Semiparametric",TRUE,""
"asymmetric_mixture",-0.3,433,1791680124,"OLS",TRUE,""
"asymmetric_mixture",-0.3,433,1791680124,"Semiparametric",TRUE,""
"gaussian",0,433,2088472931,"OLS",TRUE,""
"gaussian",0,433,2088472931,"Semiparametric",TRUE,""
"asymmetric_mixture",0,433,1902556235,"OLS",TRUE,""
"asymmetric_mixture",0,433,1902556235,"Semiparametric",TRUE,""
"gaussian",0.3,433,465508505,"OLS",TRUE,""
"gaussian",0.3,433,465508505,"Semiparametric",TRUE,""
"asymmetric_mixture",0.3,433,1745973068,"OLS",TRUE,""
"asymmetric_mixture",0.3,433,1745973068,"Semiparametric",TRUE,""
"gaussian",-0.3,434,363526147,"OLS",TRUE,""
"gaussian",-0.3,434,363526147,"Semiparametric",TRUE,""
"asymmetric_mixture",-0.3,434,1427229638,"OLS",TRUE,""
"asymmetric_mixture",-0.3,434,1427229638,"Semiparametric",TRUE,""
"gaussian",0,434,1934962801,"OLS",TRUE,""
"gaussian",0,434,1934962801,"Semiparametric",TRUE,""
"asymmetric_mixture",0,434,2185429,"OLS",TRUE,""
"asymmetric_mixture",0,434,2185429,"Semiparametric",TRUE,""
"gaussian",0.3,434,1046665859,"OLS",TRUE,""
"gaussian",0.3,434,1046665859,"Semiparametric",TRUE,""
"asymmetric_mixture",0.3,434,1308193727,"OLS",TRUE,""
"asymmetric_mixture",0.3,434,1308193727,"Semiparametric",TRUE,""
"gaussian",-0.3,435,2123004687,"OLS",TRUE,""
"gaussian",-0.3,435,2123004687,"Semiparametric",TRUE,""
"asymmetric_mixture",-0.3,435,299018160,"OLS",TRUE,""
"asymmetric_mixture",-0.3,435,299018160,"Semiparametric",TRUE,""
"gaussian",0,435,1592723376,"OLS",TRUE,""
"gaussian",0,435,1592723376,"Semiparametric",TRUE,""
"asymmetric_mixture",0,435,334707242,"OLS",TRUE,""
"asymmetric_mixture",0,435,334707242,"Semiparametric",TRUE,""
"gaussian",0.3,435,1034665013,"OLS",TRUE,""
"gaussian",0.3,435,1034665013,"Semiparametric",TRUE,""
"asymmetric_mixture",0.3,435,394468311,"OLS",TRUE,""
"asymmetric_mixture",0.3,435,394468311,"Semiparametric",TRUE,""
"gaussian",-0.3,436,571591773,"OLS",TRUE,""
"gaussian",-0.3,436,571591773,"Semiparametric",TRUE,""
"asymmetric_mixture",-0.3,436,649768744,"OLS",TRUE,""
"asymmetric_mixture",-0.3,436,649768744,"Semiparametric",TRUE,""
"gaussian",0,436,756848511,"OLS",TRUE,""
"gaussian",0,436,756848511,"Semiparametric",TRUE,""
"asymmetric_mixture",0,436,1322024145,"OLS",TRUE,""
"asymmetric_mixture",0,436,1322024145,"Semiparametric",TRUE,""
"gaussian",0.3,436,997545098,"OLS",TRUE,""
"gaussian",0.3,436,997545098,"Semiparametric",TRUE,""
"asymmetric_mixture",0.3,436,2095765885,"OLS",TRUE,""
"asymmetric_mixture",0.3,436,2095765885,"Semiparametric",TRUE,""
"gaussian",-0.3,437,292991004,"OLS",TRUE,""
"gaussian",-0.3,437,292991004,"Semiparametric",TRUE,""
"asymmetric_mixture",-0.3,437,218318961,"OLS",TRUE,""
"asymmetric_mixture",-0.3,437,218318961,"Semiparametric",TRUE,""
"gaussian",0,437,437978475,"OLS",TRUE,""
"gaussian",0,437,437978475,"Semiparametric",TRUE,""
"asymmetric_mixture",0,437,996326874,"OLS",TRUE,""
"asymmetric_mixture",0,437,996326874,"Semiparametric",TRUE,""
"gaussian",0.3,437,805318023,"OLS",TRUE,""
"gaussian",0.3,437,805318023,"Semiparametric",TRUE,""
"asymmetric_mixture",0.3,437,2043702615,"OLS",TRUE,""
"asymmetric_mixture",0.3,437,2043702615,"Semiparametric",TRUE,""
"gaussian",-0.3,438,1082044768,"OLS",TRUE,""
"gaussian",-0.3,438,1082044768,"Semiparametric",TRUE,""
"asymmetric_mixture",-0.3,438,1695929927,"OLS",TRUE,""
"asymmetric_mixture",-0.3,438,1695929927,"Semiparametric",TRUE,""
"gaussian",0,438,1494811502,"OLS",TRUE,""
"gaussian",0,438,1494811502,"Semiparametric",TRUE,""
"asymmetric_mixture",0,438,1158316103,"OLS",TRUE,""
"asymmetric_mixture",0,438,1158316103,"Semiparametric",TRUE,""
"gaussian",0.3,438,112912282,"OLS",TRUE,""
"gaussian",0.3,438,112912282,"Semiparametric",TRUE,""
"asymmetric_mixture",0.3,438,898473143,"OLS",TRUE,""
"asymmetric_mixture",0.3,438,898473143,"Semiparametric",TRUE,""
"gaussian",-0.3,439,2116345225,"OLS",TRUE,""
"gaussian",-0.3,439,2116345225,"Semiparametric",TRUE,""
"asymmetric_mixture",-0.3,439,2072370549,"OLS",TRUE,""
"asymmetric_mixture",-0.3,439,2072370549,"Semiparametric",TRUE,""
"gaussian",0,439,1677141284,"OLS",TRUE,""
"gaussian",0,439,1677141284,"Semiparametric",TRUE,""
"asymmetric_mixture",0,439,275217865,"OLS",TRUE,""
"asymmetric_mixture",0,439,275217865,"Semiparametric",TRUE,""
"gaussian",0.3,439,270333155,"OLS",TRUE,""
"gaussian",0.3,439,270333155,"Semiparametric",TRUE,""
"asymmetric_mixture",0.3,439,1367024471,"OLS",TRUE,""
"asymmetric_mixture",0.3,439,1367024471,"Semiparametric",TRUE,""
"gaussian",-0.3,440,1828745116,"OLS",TRUE,""
"gaussian",-0.3,440,1828745116,"Semiparametric",TRUE,""
"asymmetric_mixture",-0.3,440,564719662,"OLS",TRUE,""
"asymmetric_mixture",-0.3,440,564719662,"Semiparametric",TRUE,""
"gaussian",0,440,1297216524,"OLS",TRUE,""
"gaussian",0,440,1297216524,"Semiparametric",TRUE,""
"asymmetric_mixture",0,440,2055871960,"OLS",TRUE,""
"asymmetric_mixture",0,440,2055871960,"Semiparametric",TRUE,""
"gaussian",0.3,440,978557287,"OLS",TRUE,""
"gaussian",0.3,440,978557287,"Semiparametric",TRUE,""
"asymmetric_mixture",0.3,440,1904031920,"OLS",TRUE,""
"asymmetric_mixture",0.3,440,1904031920,"Semiparametric",TRUE,""
"gaussian",-0.3,441,1292538908,"OLS",TRUE,""
"gaussian",-0.3,441,1292538908,"Semiparametric",TRUE,""
"asymmetric_mixture",-0.3,441,1450493180,"OLS",TRUE,""
"asymmetric_mixture",-0.3,441,1450493180,"Semiparametric",TRUE,""
"gaussian",0,441,102337915,"OLS",TRUE,""
"gaussian",0,441,102337915,"Semiparametric",TRUE,""
"asymmetric_mixture",0,441,462506918,"OLS",TRUE,""
"asymmetric_mixture",0,441,462506918,"Semiparametric",TRUE,""
"gaussian",0.3,441,221535009,"OLS",TRUE,""
"gaussian",0.3,441,221535009,"Semiparametric",TRUE,""
"asymmetric_mixture",0.3,441,214374674,"OLS",TRUE,""
"asymmetric_mixture",0.3,441,214374674,"Semiparametric",TRUE,""
"gaussian",-0.3,442,950779774,"OLS",TRUE,""
"gaussian",-0.3,442,950779774,"Semiparametric",TRUE,""
"asymmetric_mixture",-0.3,442,1436934921,"OLS",TRUE,""
"asymmetric_mixture",-0.3,442,1436934921,"Semiparametric",TRUE,""
"gaussian",0,442,555553455,"OLS",TRUE,""
"gaussian",0,442,555553455,"Semiparametric",TRUE,""
"asymmetric_mixture",0,442,265175546,"OLS",TRUE,""
"asymmetric_mixture",0,442,265175546,"Semiparametric",TRUE,""
"gaussian",0.3,442,1930958576,"OLS",TRUE,""
"gaussian",0.3,442,1930958576,"Semiparametric",TRUE,""
"asymmetric_mixture",0.3,442,1320328136,"OLS",TRUE,""
"asymmetric_mixture",0.3,442,1320328136,"Semiparametric",TRUE,""
"gaussian",-0.3,443,1516504904,"OLS",TRUE,""
"gaussian",-0.3,443,1516504904,"Semiparametric",TRUE,""
"asymmetric_mixture",-0.3,443,1964768442,"OLS",TRUE,""
"asymmetric_mixture",-0.3,443,1964768442,"Semiparametric",TRUE,""
"gaussian",0,443,1121489895,"OLS",TRUE,""
"gaussian",0,443,1121489895,"Semiparametric",TRUE,""
"asymmetric_mixture",0,443,6387442,"OLS",TRUE,""
"asymmetric_mixture",0,443,6387442,"Semiparametric",TRUE,""
"gaussian",0.3,443,1081103633,"OLS",TRUE,""
"gaussian",0.3,443,1081103633,"Semiparametric",TRUE,""
"asymmetric_mixture",0.3,443,521787115,"OLS",TRUE,""
"asymmetric_mixture",0.3,443,521787115,"Semiparametric",TRUE,""
"gaussian",-0.3,444,2018992953,"OLS",TRUE,""
"gaussian",-0.3,444,2018992953,"Semiparametric",TRUE,""
"asymmetric_mixture",-0.3,444,2095943170,"OLS",TRUE,""
"asymmetric_mixture",-0.3,444,2095943170,"Semiparametric",TRUE,""
"gaussian",0,444,1497084849,"OLS",TRUE,""
"gaussian",0,444,1497084849,"Semiparametric",TRUE,""
"asymmetric_mixture",0,444,271714272,"OLS",TRUE,""
"asymmetric_mixture",0,444,271714272,"Semiparametric",TRUE,""
"gaussian",0.3,444,2103594256,"OLS",TRUE,""
"gaussian",0.3,444,2103594256,"Semiparametric",TRUE,""
"asymmetric_mixture",0.3,444,91013142,"OLS",TRUE,""
"asymmetric_mixture",0.3,444,91013142,"Semiparametric",TRUE,""
"gaussian",-0.3,445,344561848,"OLS",TRUE,""
"gaussian",-0.3,445,344561848,"Semiparametric",TRUE,""
"asymmetric_mixture",-0.3,445,446430824,"OLS",TRUE,""
"asymmetric_mixture",-0.3,445,446430824,"Semiparametric",TRUE,""
"gaussian",0,445,1875555681,"OLS",TRUE,""
"gaussian",0,445,1875555681,"Semiparametric",TRUE,""
"asymmetric_mixture",0,445,1332900419,"OLS",TRUE,""
"asymmetric_mixture",0,445,1332900419,"Semiparametric",TRUE,""
"gaussian",0.3,445,1557500723,"OLS",TRUE,""
"gaussian",0.3,445,1557500723,"Semiparametric",TRUE,""
"asymmetric_mixture",0.3,445,452260619,"OLS",TRUE,""
"asymmetric_mixture",0.3,445,452260619,"Semiparametric",TRUE,""
"gaussian",-0.3,446,139058569,"OLS",TRUE,""
"gaussian",-0.3,446,139058569,"Semiparametric",TRUE,""
"asymmetric_mixture",-0.3,446,723224264,"OLS",TRUE,""
"asymmetric_mixture",-0.3,446,723224264,"Semiparametric",TRUE,""
"gaussian",0,446,1281730663,"OLS",TRUE,""
"gaussian",0,446,1281730663,"Semiparametric",TRUE,""
"asymmetric_mixture",0,446,1581548999,"OLS",TRUE,""
"asymmetric_mixture",0,446,1581548999,"Semiparametric",TRUE,""
"gaussian",0.3,446,255929244,"OLS",TRUE,""
"gaussian",0.3,446,255929244,"Semiparametric",TRUE,""
"asymmetric_mixture",0.3,446,1278066062,"OLS",TRUE,""
"asymmetric_mixture",0.3,446,1278066062,"Semiparametric",TRUE,""
"gaussian",-0.3,447,6998631,"OLS",TRUE,""
"gaussian",-0.3,447,6998631,"Semiparametric",TRUE,""
"asymmetric_mixture",-0.3,447,1165974,"OLS",TRUE,""
"asymmetric_mixture",-0.3,447,1165974,"Semiparametric",TRUE,""
"gaussian",0,447,509194229,"OLS",TRUE,""
"gaussian",0,447,509194229,"Semiparametric",TRUE,""
"asymmetric_mixture",0,447,1677025270,"OLS",TRUE,""
"asymmetric_mixture",0,447,1677025270,"Semiparametric",TRUE,""
"gaussian",0.3,447,686894811,"OLS",TRUE,""
"gaussian",0.3,447,686894811,"Semiparametric",TRUE,""
"asymmetric_mixture",0.3,447,1109231968,"OLS",TRUE,""
"asymmetric_mixture",0.3,447,1109231968,"Semiparametric",TRUE,""
"gaussian",-0.3,448,887899960,"OLS",TRUE,""
"gaussian",-0.3,448,887899960,"Semiparametric",TRUE,""
"asymmetric_mixture",-0.3,448,982737756,"OLS",TRUE,""
"asymmetric_mixture",-0.3,448,982737756,"Semiparametric",TRUE,""
"gaussian",0,448,1703829299,"OLS",TRUE,""
"gaussian",0,448,1703829299,"Semiparametric",TRUE,""
"asymmetric_mixture",0,448,846796057,"OLS",TRUE,""
"asymmetric_mixture",0,448,846796057,"Semiparametric",TRUE,""
"gaussian",0.3,448,645085197,"OLS",TRUE,""
"gaussian",0.3,448,645085197,"Semiparametric",TRUE,""
"asymmetric_mixture",0.3,448,1601455583,"OLS",TRUE,""
"asymmetric_mixture",0.3,448,1601455583,"Semiparametric",TRUE,""
"gaussian",-0.3,449,751081426,"OLS",TRUE,""
"gaussian",-0.3,449,751081426,"Semiparametric",TRUE,""
"asymmetric_mixture",-0.3,449,408977937,"OLS",TRUE,""
"asymmetric_mixture",-0.3,449,408977937,"Semiparametric",TRUE,""
"gaussian",0,449,181146804,"OLS",TRUE,""
"gaussian",0,449,181146804,"Semiparametric",TRUE,""
"asymmetric_mixture",0,449,1709266258,"OLS",TRUE,""
"asymmetric_mixture",0,449,1709266258,"Semiparametric",TRUE,""
"gaussian",0.3,449,498204375,"OLS",TRUE,""
"gaussian",0.3,449,498204375,"Semiparametric",TRUE,""
"asymmetric_mixture",0.3,449,2104404915,"OLS",TRUE,""
"asymmetric_mixture",0.3,449,2104404915,"Semiparametric",TRUE,""
"gaussian",-0.3,450,1794710496,"OLS",TRUE,""
"gaussian",-0.3,450,1794710496,"Semiparametric",TRUE,""
"asymmetric_mixture",-0.3,450,1966477619,"OLS",TRUE,""
"asymmetric_mixture",-0.3,450,1966477619,"Semiparametric",TRUE,""
"gaussian",0,450,1786400828,"OLS",TRUE,""
"gaussian",0,450,1786400828,"Semiparametric",TRUE,""
"asymmetric_mixture",0,450,152037463,"OLS",TRUE,""
"asymmetric_mixture",0,450,152037463,"Semiparametric",TRUE,""
"gaussian",0.3,450,678025023,"OLS",TRUE,""
"gaussian",0.3,450,678025023,"Semiparametric",TRUE,""
"asymmetric_mixture",0.3,450,1003948337,"OLS",TRUE,""
"asymmetric_mixture",0.3,450,1003948337,"Semiparametric",TRUE,""
"gaussian",-0.3,451,388814360,"OLS",TRUE,""
"gaussian",-0.3,451,388814360,"Semiparametric",TRUE,""
"asymmetric_mixture",-0.3,451,394566085,"OLS",TRUE,""
"asymmetric_mixture",-0.3,451,394566085,"Semiparametric",TRUE,""
"gaussian",0,451,1275362432,"OLS",TRUE,""
"gaussian",0,451,1275362432,"Semiparametric",TRUE,""
"asymmetric_mixture",0,451,741605233,"OLS",TRUE,""
"asymmetric_mixture",0,451,741605233,"Semiparametric",TRUE,""
"gaussian",0.3,451,369902753,"OLS",TRUE,""
"gaussian",0.3,451,369902753,"Semiparametric",TRUE,""
"asymmetric_mixture",0.3,451,58127853,"OLS",TRUE,""
"asymmetric_mixture",0.3,451,58127853,"Semiparametric",TRUE,""
"gaussian",-0.3,452,1486612290,"OLS",TRUE,""
"gaussian",-0.3,452,1486612290,"Semiparametric",TRUE,""
"asymmetric_mixture",-0.3,452,277474108,"OLS",TRUE,""
"asymmetric_mixture",-0.3,452,277474108,"Semiparametric",TRUE,""
"gaussian",0,452,1251731312,"OLS",TRUE,""
"gaussian",0,452,1251731312,"Semiparametric",TRUE,""
"asymmetric_mixture",0,452,584889872,"OLS",TRUE,""
"asymmetric_mixture",0,452,584889872,"Semiparametric",TRUE,""
"gaussian",0.3,452,690208793,"OLS",TRUE,""
"gaussian",0.3,452,690208793,"Semiparametric",TRUE,""
"asymmetric_mixture",0.3,452,149938246,"OLS",TRUE,""
"asymmetric_mixture",0.3,452,149938246,"Semiparametric",TRUE,""
"gaussian",-0.3,453,1132976416,"OLS",TRUE,""
"gaussian",-0.3,453,1132976416,"Semiparametric",TRUE,""
"asymmetric_mixture",-0.3,453,1113877384,"OLS",TRUE,""
"asymmetric_mixture",-0.3,453,1113877384,"Semiparametric",TRUE,""
"gaussian",0,453,138185395,"OLS",TRUE,""
"gaussian",0,453,138185395,"Semiparametric",TRUE,""
"asymmetric_mixture",0,453,1133132004,"OLS",TRUE,""
"asymmetric_mixture",0,453,1133132004,"Semiparametric",TRUE,""
"gaussian",0.3,453,1493384025,"OLS",TRUE,""
"gaussian",0.3,453,1493384025,"Semiparametric",TRUE,""
"asymmetric_mixture",0.3,453,715899891,"OLS",TRUE,""
"asymmetric_mixture",0.3,453,715899891,"Semiparametric",TRUE,""
"gaussian",-0.3,454,1156525514,"OLS",TRUE,""
"gaussian",-0.3,454,1156525514,"Semiparametric",TRUE,""
"asymmetric_mixture",-0.3,454,2009875308,"OLS",TRUE,""
"asymmetric_mixture",-0.3,454,2009875308,"Semiparametric",TRUE,""
"gaussian",0,454,915831300,"OLS",TRUE,""
"gaussian",0,454,915831300,"Semiparametric",TRUE,""
"asymmetric_mixture",0,454,850456772,"OLS",TRUE,""
"asymmetric_mixture",0,454,850456772,"Semiparametric",TRUE,""
"gaussian",0.3,454,2141247105,"OLS",TRUE,""
"gaussian",0.3,454,2141247105,"Semiparametric",TRUE,""
"asymmetric_mixture",0.3,454,2054165833,"OLS",TRUE,""
"asymmetric_mixture",0.3,454,2054165833,"Semiparametric",TRUE,""
"gaussian",-0.3,455,431683139,"OLS",TRUE,""
"gaussian",-0.3,455,431683139,"Semiparametric",TRUE,""
"asymmetric_mixture",-0.3,455,2139558121,"OLS",TRUE,""
"asymmetric_mixture",-0.3,455,2139558121,"Semiparametric",TRUE,""
"gaussian",0,455,1142023731,"OLS",TRUE,""
"gaussian",0,455,1142023731,"Semiparametric",TRUE,""
"asymmetric_mixture",0,455,2029387464,"OLS",TRUE,""
"asymmetric_mixture",0,455,2029387464,"Semiparametric",TRUE,""
"gaussian",0.3,455,464734048,"OLS",TRUE,""
"gaussian",0.3,455,464734048,"Semiparametric",TRUE,""
"asymmetric_mixture",0.3,455,989412590,"OLS",TRUE,""
"asymmetric_mixture",0.3,455,989412590,"Semiparametric",TRUE,""
"gaussian",-0.3,456,1700413455,"OLS",TRUE,""
"gaussian",-0.3,456,1700413455,"Semiparametric",TRUE,""
"asymmetric_mixture",-0.3,456,811438522,"OLS",TRUE,""
"asymmetric_mixture",-0.3,456,811438522,"Semiparametric",TRUE,""
"gaussian",0,456,629566511,"OLS",TRUE,""
"gaussian",0,456,629566511,"Semiparametric",TRUE,""
"asymmetric_mixture",0,456,994703591,"OLS",TRUE,""
"asymmetric_mixture",0,456,994703591,"Semiparametric",TRUE,""
"gaussian",0.3,456,1069261157,"OLS",TRUE,""
"gaussian",0.3,456,1069261157,"Semiparametric",TRUE,""
"asymmetric_mixture",0.3,456,1579997181,"OLS",TRUE,""
"asymmetric_mixture",0.3,456,1579997181,"Semiparametric",TRUE,""
"gaussian",-0.3,457,1722813639,"OLS",TRUE,""
"gaussian",-0.3,457,1722813639,"Semiparametric",TRUE,""
"asymmetric_mixture",-0.3,457,44885659,"OLS",TRUE,""
"asymmetric_mixture",-0.3,457,44885659,"Semiparametric",TRUE,""
"gaussian",0,457,1880235233,"OLS",TRUE,""
"gaussian",0,457,1880235233,"Semiparametric",TRUE,""
"asymmetric_mixture",0,457,1597890121,"OLS",TRUE,""
"asymmetric_mixture",0,457,1597890121,"Semiparametric",TRUE,""
"gaussian",0.3,457,108335095,"OLS",TRUE,""
"gaussian",0.3,457,108335095,"Semiparametric",TRUE,""
"asymmetric_mixture",0.3,457,1494642253,"OLS",TRUE,""
"asymmetric_mixture",0.3,457,1494642253,"Semiparametric",TRUE,""
"gaussian",-0.3,458,1257776133,"OLS",TRUE,""
"gaussian",-0.3,458,1257776133,"Semiparametric",TRUE,""
"asymmetric_mixture",-0.3,458,118679039,"OLS",TRUE,""
"asymmetric_mixture",-0.3,458,118679039,"Semiparametric",TRUE,""
"gaussian",0,458,201542054,"OLS",TRUE,""
"gaussian",0,458,201542054,"Semiparametric",TRUE,""
"asymmetric_mixture",0,458,736905281,"OLS",TRUE,""
"asymmetric_mixture",0,458,736905281,"Semiparametric",TRUE,""
"gaussian",0.3,458,1545031803,"OLS",TRUE,""
"gaussian",0.3,458,1545031803,"Semiparametric",TRUE,""
"asymmetric_mixture",0.3,458,1867405513,"OLS",TRUE,""
"asymmetric_mixture",0.3,458,1867405513,"Semiparametric",TRUE,""
"gaussian",-0.3,459,718445258,"OLS",TRUE,""
"gaussian",-0.3,459,718445258,"Semiparametric",TRUE,""
"asymmetric_mixture",-0.3,459,1010618988,"OLS",TRUE,""
"asymmetric_mixture",-0.3,459,1010618988,"Semiparametric",TRUE,""
"gaussian",0,459,785853623,"OLS",TRUE,""
"gaussian",0,459,785853623,"Semiparametric",TRUE,""
"asymmetric_mixture",0,459,337537148,"OLS",TRUE,""
"asymmetric_mixture",0,459,337537148,"Semiparametric",TRUE,""
"gaussian",0.3,459,1099874570,"OLS",TRUE,""
"gaussian",0.3,459,1099874570,"Semiparametric",TRUE,""
"asymmetric_mixture",0.3,459,1526308190,"OLS",TRUE,""
"asymmetric_mixture",0.3,459,1526308190,"Semiparametric",TRUE,""
"gaussian",-0.3,460,1099867548,"OLS",TRUE,""
"gaussian",-0.3,460,1099867548,"Semiparametric",TRUE,""
"asymmetric_mixture",-0.3,460,806561339,"OLS",TRUE,""
"asymmetric_mixture",-0.3,460,806561339,"Semiparametric",TRUE,""
"gaussian",0,460,4721971,"OLS",TRUE,""
"gaussian",0,460,4721971,"Semiparametric",TRUE,""
"asymmetric_mixture",0,460,1837699207,"OLS",TRUE,""
"asymmetric_mixture",0,460,1837699207,"Semiparametric",TRUE,""
"gaussian",0.3,460,2036315095,"OLS",TRUE,""
"gaussian",0.3,460,2036315095,"Semiparametric",TRUE,""
"asymmetric_mixture",0.3,460,977145022,"OLS",TRUE,""
"asymmetric_mixture",0.3,460,977145022,"Semiparametric",TRUE,""
"gaussian",-0.3,461,1886321015,"OLS",TRUE,""
"gaussian",-0.3,461,1886321015,"Semiparametric",TRUE,""
"asymmetric_mixture",-0.3,461,1909662838,"OLS",TRUE,""
"asymmetric_mixture",-0.3,461,1909662838,"Semiparametric",TRUE,""
"gaussian",0,461,119232377,"OLS",TRUE,""
"gaussian",0,461,119232377,"Semiparametric",TRUE,""
"asymmetric_mixture",0,461,1992942501,"OLS",TRUE,""
"asymmetric_mixture",0,461,1992942501,"Semiparametric",TRUE,""
"gaussian",0.3,461,1467910039,"OLS",TRUE,""
"gaussian",0.3,461,1467910039,"Semiparametric",TRUE,""
"asymmetric_mixture",0.3,461,482353798,"OLS",TRUE,""
"asymmetric_mixture",0.3,461,482353798,"Semiparametric",TRUE,""
"gaussian",-0.3,462,901152115,"OLS",TRUE,""
"gaussian",-0.3,462,901152115,"Semiparametric",TRUE,""
"asymmetric_mixture",-0.3,462,24314296,"OLS",TRUE,""
"asymmetric_mixture",-0.3,462,24314296,"Semiparametric",TRUE,""
"gaussian",0,462,1587548636,"OLS",TRUE,""
"gaussian",0,462,1587548636,"Semiparametric",TRUE,""
"asymmetric_mixture",0,462,2048194705,"OLS",TRUE,""
"asymmetric_mixture",0,462,2048194705,"Semiparametric",TRUE,""
"gaussian",0.3,462,1434224291,"OLS",TRUE,""
"gaussian",0.3,462,1434224291,"Semiparametric",TRUE,""
"asymmetric_mixture",0.3,462,1463020392,"OLS",TRUE,""
"asymmetric_mixture",0.3,462,1463020392,"Semiparametric",TRUE,""
"gaussian",-0.3,463,1859924476,"OLS",TRUE,""
"gaussian",-0.3,463,1859924476,"Semiparametric",TRUE,""
"asymmetric_mixture",-0.3,463,1338330750,"OLS",TRUE,""
"asymmetric_mixture",-0.3,463,1338330750,"Semiparametric",TRUE,""
"gaussian",0,463,1267588974,"OLS",TRUE,""
"gaussian",0,463,1267588974,"Semiparametric",TRUE,""
"asymmetric_mixture",0,463,2012118130,"OLS",TRUE,""
"asymmetric_mixture",0,463,2012118130,"Semiparametric",TRUE,""
"gaussian",0.3,463,392470678,"OLS",TRUE,""
"gaussian",0.3,463,392470678,"Semiparametric",TRUE,""
"asymmetric_mixture",0.3,463,525558842,"OLS",TRUE,""
"asymmetric_mixture",0.3,463,525558842,"Semiparametric",TRUE,""
"gaussian",-0.3,464,860747081,"OLS",TRUE,""
"gaussian",-0.3,464,860747081,"Semiparametric",TRUE,""
"asymmetric_mixture",-0.3,464,1865160468,"OLS",TRUE,""
"asymmetric_mixture",-0.3,464,1865160468,"Semiparametric",TRUE,""
"gaussian",0,464,594416742,"OLS",TRUE,""
"gaussian",0,464,594416742,"Semiparametric",TRUE,""
"asymmetric_mixture",0,464,590871790,"OLS",TRUE,""
"asymmetric_mixture",0,464,590871790,"Semiparametric",TRUE,""
"gaussian",0.3,464,1532155109,"OLS",TRUE,""
"gaussian",0.3,464,1532155109,"Semiparametric",TRUE,""
"asymmetric_mixture",0.3,464,373317447,"OLS",TRUE,""
"asymmetric_mixture",0.3,464,373317447,"Semiparametric",TRUE,""
"gaussian",-0.3,465,81825801,"OLS",TRUE,""
"gaussian",-0.3,465,81825801,"Semiparametric",TRUE,""
"asymmetric_mixture",-0.3,465,530075494,"OLS",TRUE,""
"asymmetric_mixture",-0.3,465,530075494,"Semiparametric",TRUE,""
"gaussian",0,465,1985814648,"OLS",TRUE,""
"gaussian",0,465,1985814648,"Semiparametric",TRUE,""
"asymmetric_mixture",0,465,1766672487,"OLS",TRUE,""
"asymmetric_mixture",0,465,1766672487,"Semiparametric",TRUE,""
"gaussian",0.3,465,1383820217,"OLS",TRUE,""
"gaussian",0.3,465,1383820217,"Semiparametric",TRUE,""
"asymmetric_mixture",0.3,465,1880023381,"OLS",TRUE,""
"asymmetric_mixture",0.3,465,1880023381,"Semiparametric",TRUE,""
"gaussian",-0.3,466,339344834,"OLS",TRUE,""
"gaussian",-0.3,466,339344834,"Semiparametric",TRUE,""
"asymmetric_mixture",-0.3,466,2027213349,"OLS",TRUE,""
"asymmetric_mixture",-0.3,466,2027213349,"Semiparametric",TRUE,""
"gaussian",0,466,655048532,"OLS",TRUE,""
"gaussian",0,466,655048532,"Semiparametric",TRUE,""
"asymmetric_mixture",0,466,1264817991,"OLS",TRUE,""
"asymmetric_mixture",0,466,1264817991,"Semiparametric",TRUE,""
"gaussian",0.3,466,423772841,"OLS",TRUE,""
"gaussian",0.3,466,423772841,"Semiparametric",TRUE,""
"asymmetric_mixture",0.3,466,449976716,"OLS",TRUE,""
"asymmetric_mixture",0.3,466,449976716,"Semiparametric",TRUE,""
"gaussian",-0.3,467,1635275489,"OLS",TRUE,""
"gaussian",-0.3,467,1635275489,"Semiparametric",TRUE,""
"asymmetric_mixture",-0.3,467,1228694832,"OLS",TRUE,""
"asymmetric_mixture",-0.3,467,1228694832,"Semiparametric",TRUE,""
"gaussian",0,467,1530487543,"OLS",TRUE,""
"gaussian",0,467,1530487543,"Semiparametric",TRUE,""
"asymmetric_mixture",0,467,954576188,"OLS",TRUE,""
"asymmetric_mixture",0,467,954576188,"Semiparametric",TRUE,""
"gaussian",0.3,467,1281363424,"OLS",TRUE,""
"gaussian",0.3,467,1281363424,"Semiparametric",TRUE,""
"asymmetric_mixture",0.3,467,1216698482,"OLS",TRUE,""
"asymmetric_mixture",0.3,467,1216698482,"Semiparametric",TRUE,""
"gaussian",-0.3,468,903467856,"OLS",TRUE,""
"gaussian",-0.3,468,903467856,"Semiparametric",TRUE,""
"asymmetric_mixture",-0.3,468,459260597,"OLS",TRUE,""
"asymmetric_mixture",-0.3,468,459260597,"Semiparametric",TRUE,""
"gaussian",0,468,790101317,"OLS",TRUE,""
"gaussian",0,468,790101317,"Semiparametric",TRUE,""
"asymmetric_mixture",0,468,211600186,"OLS",TRUE,""
"asymmetric_mixture",0,468,211600186,"Semiparametric",TRUE,""
"gaussian",0.3,468,123700985,"OLS",TRUE,""
"gaussian",0.3,468,123700985,"Semiparametric",TRUE,""
"asymmetric_mixture",0.3,468,1193812975,"OLS",TRUE,""
"asymmetric_mixture",0.3,468,1193812975,"Semiparametric",TRUE,""
"gaussian",-0.3,469,112772737,"OLS",TRUE,""
"gaussian",-0.3,469,112772737,"Semiparametric",TRUE,""
"asymmetric_mixture",-0.3,469,1804371002,"OLS",TRUE,""
"asymmetric_mixture",-0.3,469,1804371002,"Semiparametric",TRUE,""
"gaussian",0,469,1461723107,"OLS",TRUE,""
"gaussian",0,469,1461723107,"Semiparametric",TRUE,""
"asymmetric_mixture",0,469,24581282,"OLS",TRUE,""
"asymmetric_mixture",0,469,24581282,"Semiparametric",TRUE,""
"gaussian",0.3,469,1814355985,"OLS",TRUE,""
"gaussian",0.3,469,1814355985,"Semiparametric",TRUE,""
"asymmetric_mixture",0.3,469,1636940328,"OLS",TRUE,""
"asymmetric_mixture",0.3,469,1636940328,"Semiparametric",TRUE,""
"gaussian",-0.3,470,1221597981,"OLS",TRUE,""
"gaussian",-0.3,470,1221597981,"Semiparametric",TRUE,""
"asymmetric_mixture",-0.3,470,460789301,"OLS",TRUE,""
"asymmetric_mixture",-0.3,470,460789301,"Semiparametric",TRUE,""
"gaussian",0,470,1307302181,"OLS",TRUE,""
"gaussian",0,470,1307302181,"Semiparametric",TRUE,""
"asymmetric_mixture",0,470,348017163,"OLS",TRUE,""
"asymmetric_mixture",0,470,348017163,"Semiparametric",TRUE,""
"gaussian",0.3,470,285698884,"OLS",TRUE,""
"gaussian",0.3,470,285698884,"Semiparametric",TRUE,""
"asymmetric_mixture",0.3,470,2106909711,"OLS",TRUE,""
"asymmetric_mixture",0.3,470,2106909711,"Semiparametric",TRUE,""
"gaussian",-0.3,471,667943548,"OLS",TRUE,""
"gaussian",-0.3,471,667943548,"Semiparametric",TRUE,""
"asymmetric_mixture",-0.3,471,1557011820,"OLS",TRUE,""
"asymmetric_mixture",-0.3,471,1557011820,"Semiparametric",TRUE,""
"gaussian",0,471,2063395063,"OLS",TRUE,""
"gaussian",0,471,2063395063,"Semiparametric",TRUE,""
"asymmetric_mixture",0,471,1539375044,"OLS",TRUE,""
"asymmetric_mixture",0,471,1539375044,"Semiparametric",TRUE,""
"gaussian",0.3,471,201950939,"OLS",TRUE,""
"gaussian",0.3,471,201950939,"Semiparametric",TRUE,""
"asymmetric_mixture",0.3,471,1846540662,"OLS",TRUE,""
"asymmetric_mixture",0.3,471,1846540662,"Semiparametric",TRUE,""
"gaussian",-0.3,472,291526191,"OLS",TRUE,""
"gaussian",-0.3,472,291526191,"Semiparametric",TRUE,""
"asymmetric_mixture",-0.3,472,2106913523,"OLS",TRUE,""
"asymmetric_mixture",-0.3,472,2106913523,"Semiparametric",TRUE,""
"gaussian",0,472,271244894,"OLS",TRUE,""
"gaussian",0,472,271244894,"Semiparametric",TRUE,""
"asymmetric_mixture",0,472,1499984131,"OLS",TRUE,""
"asymmetric_mixture",0,472,1499984131,"Semiparametric",TRUE,""
"gaussian",0.3,472,603540869,"OLS",TRUE,""
"gaussian",0.3,472,603540869,"Semiparametric",TRUE,""
"asymmetric_mixture",0.3,472,539393649,"OLS",TRUE,""
"asymmetric_mixture",0.3,472,539393649,"Semiparametric",TRUE,""
"gaussian",-0.3,473,291380036,"OLS",TRUE,""
"gaussian",-0.3,473,291380036,"Semiparametric",TRUE,""
"asymmetric_mixture",-0.3,473,1324067415,"OLS",TRUE,""
"asymmetric_mixture",-0.3,473,1324067415,"Semiparametric",TRUE,""
"gaussian",0,473,668777688,"OLS",TRUE,""
"gaussian",0,473,668777688,"Semiparametric",TRUE,""
"asymmetric_mixture",0,473,700477156,"OLS",TRUE,""
"asymmetric_mixture",0,473,700477156,"Semiparametric",TRUE,""
"gaussian",0.3,473,237071830,"OLS",TRUE,""
"gaussian",0.3,473,237071830,"Semiparametric",TRUE,""
"asymmetric_mixture",0.3,473,154022423,"OLS",TRUE,""
"asymmetric_mixture",0.3,473,154022423,"Semiparametric",TRUE,""
"gaussian",-0.3,474,2047344117,"OLS",TRUE,""
"gaussian",-0.3,474,2047344117,"Semiparametric",TRUE,""
"asymmetric_mixture",-0.3,474,1114828096,"OLS",TRUE,""
"asymmetric_mixture",-0.3,474,1114828096,"Semiparametric",TRUE,""
"gaussian",0,474,1292866685,"OLS",TRUE,""
"gaussian",0,474,1292866685,"Semiparametric",TRUE,""
"asymmetric_mixture",0,474,497342613,"OLS",TRUE,""
"asymmetric_mixture",0,474,497342613,"Semiparametric",TRUE,""
"gaussian",0.3,474,1661197378,"OLS",TRUE,""
"gaussian",0.3,474,1661197378,"Semiparametric",TRUE,""
"asymmetric_mixture",0.3,474,160165856,"OLS",TRUE,""
"asymmetric_mixture",0.3,474,160165856,"Semiparametric",TRUE,""
"gaussian",-0.3,475,686498448,"OLS",TRUE,""
"gaussian",-0.3,475,686498448,"Semiparametric",TRUE,""
"asymmetric_mixture",-0.3,475,1323572133,"OLS",TRUE,""
"asymmetric_mixture",-0.3,475,1323572133,"Semiparametric",TRUE,""
"gaussian",0,475,1489991457,"OLS",TRUE,""
"gaussian",0,475,1489991457,"Semiparametric",TRUE,""
"asymmetric_mixture",0,475,245448834,"OLS",TRUE,""
"asymmetric_mixture",0,475,245448834,"Semiparametric",TRUE,""
"gaussian",0.3,475,977841105,"OLS",TRUE,""
"gaussian",0.3,475,977841105,"Semiparametric",TRUE,""
"asymmetric_mixture",0.3,475,1937877826,"OLS",TRUE,""
"asymmetric_mixture",0.3,475,1937877826,"Semiparametric",TRUE,""
"gaussian",-0.3,476,2129201893,"OLS",TRUE,""
"gaussian",-0.3,476,2129201893,"Semiparametric",TRUE,""
"asymmetric_mixture",-0.3,476,416359055,"OLS",TRUE,""
"asymmetric_mixture",-0.3,476,416359055,"Semiparametric",TRUE,""
"gaussian",0,476,1922505604,"OLS",TRUE,""
"gaussian",0,476,1922505604,"Semiparametric",TRUE,""
"asymmetric_mixture",0,476,162532999,"OLS",TRUE,""
"asymmetric_mixture",0,476,162532999,"Semiparametric",TRUE,""
"gaussian",0.3,476,228358056,"OLS",TRUE,""
"gaussian",0.3,476,228358056,"Semiparametric",TRUE,""
"asymmetric_mixture",0.3,476,1507640896,"OLS",TRUE,""
"asymmetric_mixture",0.3,476,1507640896,"Semiparametric",TRUE,""
"gaussian",-0.3,477,724194579,"OLS",TRUE,""
"gaussian",-0.3,477,724194579,"Semiparametric",TRUE,""
"asymmetric_mixture",-0.3,477,1540315907,"OLS",TRUE,""
"asymmetric_mixture",-0.3,477,1540315907,"Semiparametric",TRUE,""
"gaussian",0,477,805993564,"OLS",TRUE,""
"gaussian",0,477,805993564,"Semiparametric",TRUE,""
"asymmetric_mixture",0,477,910855079,"OLS",TRUE,""
"asymmetric_mixture",0,477,910855079,"Semiparametric",TRUE,""
"gaussian",0.3,477,937452868,"OLS",TRUE,""
"gaussian",0.3,477,937452868,"Semiparametric",TRUE,""
"asymmetric_mixture",0.3,477,559405425,"OLS",TRUE,""
"asymmetric_mixture",0.3,477,559405425,"Semiparametric",TRUE,""
"gaussian",-0.3,478,2032396595,"OLS",TRUE,""
"gaussian",-0.3,478,2032396595,"Semiparametric",TRUE,""
"asymmetric_mixture",-0.3,478,1869966992,"OLS",TRUE,""
"asymmetric_mixture",-0.3,478,1869966992,"Semiparametric",TRUE,""
"gaussian",0,478,354175521,"OLS",TRUE,""
"gaussian",0,478,354175521,"Semiparametric",TRUE,""
"asymmetric_mixture",0,478,161352474,"OLS",TRUE,""
"asymmetric_mixture",0,478,161352474,"Semiparametric",TRUE,""
"gaussian",0.3,478,62243514,"OLS",TRUE,""
"gaussian",0.3,478,62243514,"Semiparametric",TRUE,""
"asymmetric_mixture",0.3,478,1202017041,"OLS",TRUE,""
"asymmetric_mixture",0.3,478,1202017041,"Semiparametric",TRUE,""
"gaussian",-0.3,479,539792644,"OLS",TRUE,""
"gaussian",-0.3,479,539792644,"Semiparametric",TRUE,""
"asymmetric_mixture",-0.3,479,916084199,"OLS",TRUE,""
"asymmetric_mixture",-0.3,479,916084199,"Semiparametric",TRUE,""
"gaussian",0,479,1441462401,"OLS",TRUE,""
"gaussian",0,479,1441462401,"Semiparametric",TRUE,""
"asymmetric_mixture",0,479,1479817218,"OLS",TRUE,""
"asymmetric_mixture",0,479,1479817218,"Semiparametric",TRUE,""
"gaussian",0.3,479,1650645122,"OLS",TRUE,""
"gaussian",0.3,479,1650645122,"Semiparametric",TRUE,""
"asymmetric_mixture",0.3,479,735100785,"OLS",TRUE,""
"asymmetric_mixture",0.3,479,735100785,"Semiparametric",TRUE,""
"gaussian",-0.3,480,1381433343,"OLS",TRUE,""
"gaussian",-0.3,480,1381433343,"Semiparametric",TRUE,""
"asymmetric_mixture",-0.3,480,1893676031,"OLS",TRUE,""
"asymmetric_mixture",-0.3,480,1893676031,"Semiparametric",TRUE,""
"gaussian",0,480,1958474771,"OLS",TRUE,""
"gaussian",0,480,1958474771,"Semiparametric",TRUE,""
"asymmetric_mixture",0,480,182604674,"OLS",TRUE,""
"asymmetric_mixture",0,480,182604674,"Semiparametric",TRUE,""
"gaussian",0.3,480,1155782920,"OLS",TRUE,""
"gaussian",0.3,480,1155782920,"Semiparametric",TRUE,""
"asymmetric_mixture",0.3,480,1202834015,"OLS",TRUE,""
"asymmetric_mixture",0.3,480,1202834015,"Semiparametric",TRUE,""
"gaussian",-0.3,481,2009661354,"OLS",TRUE,""
"gaussian",-0.3,481,2009661354,"Semiparametric",TRUE,""
"asymmetric_mixture",-0.3,481,144078716,"OLS",TRUE,""
"asymmetric_mixture",-0.3,481,144078716,"Semiparametric",TRUE,""
"gaussian",0,481,1817849261,"OLS",TRUE,""
"gaussian",0,481,1817849261,"Semiparametric",TRUE,""
"asymmetric_mixture",0,481,1578208328,"OLS",TRUE,""
"asymmetric_mixture",0,481,1578208328,"Semiparametric",TRUE,""
"gaussian",0.3,481,1713215271,"OLS",TRUE,""
"gaussian",0.3,481,1713215271,"Semiparametric",TRUE,""
"asymmetric_mixture",0.3,481,548613581,"OLS",TRUE,""
"asymmetric_mixture",0.3,481,548613581,"Semiparametric",TRUE,""
"gaussian",-0.3,482,2003969974,"OLS",TRUE,""
"gaussian",-0.3,482,2003969974,"Semiparametric",TRUE,""
"asymmetric_mixture",-0.3,482,1893676215,"OLS",TRUE,""
"asymmetric_mixture",-0.3,482,1893676215,"Semiparametric",TRUE,""
"gaussian",0,482,282632224,"OLS",TRUE,""
"gaussian",0,482,282632224,"Semiparametric",TRUE,""
"asymmetric_mixture",0,482,102667542,"OLS",TRUE,""
"asymmetric_mixture",0,482,102667542,"Semiparametric",TRUE,""
"gaussian",0.3,482,1376686579,"OLS",TRUE,""
"gaussian",0.3,482,1376686579,"Semiparametric",TRUE,""
"asymmetric_mixture",0.3,482,520429751,"OLS",TRUE,""
"asymmetric_mixture",0.3,482,520429751,"Semiparametric",TRUE,""
"gaussian",-0.3,483,506234087,"OLS",TRUE,""
"gaussian",-0.3,483,506234087,"Semiparametric",TRUE,""
"asymmetric_mixture",-0.3,483,1212861170,"OLS",TRUE,""
"asymmetric_mixture",-0.3,483,1212861170,"Semiparametric",TRUE,""
"gaussian",0,483,547031505,"OLS",TRUE,""
"gaussian",0,483,547031505,"Semiparametric",TRUE,""
"asymmetric_mixture",0,483,869855125,"OLS",TRUE,""
"asymmetric_mixture",0,483,869855125,"Semiparametric",TRUE,""
"gaussian",0.3,483,1886552138,"OLS",TRUE,""
"gaussian",0.3,483,1886552138,"Semiparametric",TRUE,""
"asymmetric_mixture",0.3,483,1686533769,"OLS",TRUE,""
"asymmetric_mixture",0.3,483,1686533769,"Semiparametric",TRUE,""
"gaussian",-0.3,484,261198506,"OLS",TRUE,""
"gaussian",-0.3,484,261198506,"Semiparametric",TRUE,""
"asymmetric_mixture",-0.3,484,1736694839,"OLS",TRUE,""
"asymmetric_mixture",-0.3,484,1736694839,"Semiparametric",TRUE,""
"gaussian",0,484,941804135,"OLS",TRUE,""
"gaussian",0,484,941804135,"Semiparametric",TRUE,""
"asymmetric_mixture",0,484,1738998855,"OLS",TRUE,""
"asymmetric_mixture",0,484,1738998855,"Semiparametric",TRUE,""
"gaussian",0.3,484,32532055,"OLS",TRUE,""
"gaussian",0.3,484,32532055,"Semiparametric",TRUE,""
"asymmetric_mixture",0.3,484,425806543,"OLS",TRUE,""
"asymmetric_mixture",0.3,484,425806543,"Semiparametric",TRUE,""
"gaussian",-0.3,485,2048063241,"OLS",TRUE,""
"gaussian",-0.3,485,2048063241,"Semiparametric",TRUE,""
"asymmetric_mixture",-0.3,485,757557622,"OLS",TRUE,""
"asymmetric_mixture",-0.3,485,757557622,"Semiparametric",TRUE,""
"gaussian",0,485,1063488073,"OLS",TRUE,""
"gaussian",0,485,1063488073,"Semiparametric",TRUE,""
"asymmetric_mixture",0,485,1841516077,"OLS",TRUE,""
"asymmetric_mixture",0,485,1841516077,"Semiparametric",TRUE,""
"gaussian",0.3,485,613977233,"OLS",TRUE,""
"gaussian",0.3,485,613977233,"Semiparametric",TRUE,""
"asymmetric_mixture",0.3,485,701278443,"OLS",TRUE,""
"asymmetric_mixture",0.3,485,701278443,"Semiparametric",TRUE,""
"gaussian",-0.3,486,1790311235,"OLS",TRUE,""
"gaussian",-0.3,486,1790311235,"Semiparametric",TRUE,""
"asymmetric_mixture",-0.3,486,2123882264,"OLS",TRUE,""
"asymmetric_mixture",-0.3,486,2123882264,"Semiparametric",TRUE,""
"gaussian",0,486,2136439850,"OLS",TRUE,""
"gaussian",0,486,2136439850,"Semiparametric",TRUE,""
"asymmetric_mixture",0,486,571246588,"OLS",TRUE,""
"asymmetric_mixture",0,486,571246588,"Semiparametric",TRUE,""
"gaussian",0.3,486,295916876,"OLS",TRUE,""
"gaussian",0.3,486,295916876,"Semiparametric",TRUE,""
"asymmetric_mixture",0.3,486,895875530,"OLS",TRUE,""
"asymmetric_mixture",0.3,486,895875530,"Semiparametric",TRUE,""
"gaussian",-0.3,487,555379583,"OLS",TRUE,""
"gaussian",-0.3,487,555379583,"Semiparametric",TRUE,""
"asymmetric_mixture",-0.3,487,23531054,"OLS",TRUE,""
"asymmetric_mixture",-0.3,487,23531054,"Semiparametric",TRUE,""
"gaussian",0,487,330002402,"OLS",TRUE,""
"gaussian",0,487,330002402,"Semiparametric",TRUE,""
"asymmetric_mixture",0,487,48483007,"OLS",TRUE,""
"asymmetric_mixture",0,487,48483007,"Semiparametric",TRUE,""
"gaussian",0.3,487,2078561191,"OLS",TRUE,""
"gaussian",0.3,487,2078561191,"Semiparametric",TRUE,""
"asymmetric_mixture",0.3,487,31847406,"OLS",TRUE,""
"asymmetric_mixture",0.3,487,31847406,"Semiparametric",TRUE,""
"gaussian",-0.3,488,1586701450,"OLS",TRUE,""
"gaussian",-0.3,488,1586701450,"Semiparametric",TRUE,""
"asymmetric_mixture",-0.3,488,1287343584,"OLS",TRUE,""
"asymmetric_mixture",-0.3,488,1287343584,"Semiparametric",TRUE,""
"gaussian",0,488,458399201,"OLS",TRUE,""
"gaussian",0,488,458399201,"Semiparametric",TRUE,""
"asymmetric_mixture",0,488,1816530502,"OLS",TRUE,""
"asymmetric_mixture",0,488,1816530502,"Semiparametric",TRUE,""
"gaussian",0.3,488,976607710,"OLS",TRUE,""
"gaussian",0.3,488,976607710,"Semiparametric",TRUE,""
"asymmetric_mixture",0.3,488,616873137,"OLS",TRUE,""
"asymmetric_mixture",0.3,488,616873137,"Semiparametric",TRUE,""
"gaussian",-0.3,489,2144393128,"OLS",TRUE,""
"gaussian",-0.3,489,2144393128,"Semiparametric",TRUE,""
"asymmetric_mixture",-0.3,489,1732502718,"OLS",TRUE,""
"asymmetric_mixture",-0.3,489,1732502718,"Semiparametric",TRUE,""
"gaussian",0,489,256879824,"OLS",TRUE,""
"gaussian",0,489,256879824,"Semiparametric",TRUE,""
"asymmetric_mixture",0,489,1034878698,"OLS",TRUE,""
"asymmetric_mixture",0,489,1034878698,"Semiparametric",TRUE,""
"gaussian",0.3,489,1504287356,"OLS",TRUE,""
"gaussian",0.3,489,1504287356,"Semiparametric",TRUE,""
"asymmetric_mixture",0.3,489,1713812379,"OLS",TRUE,""
"asymmetric_mixture",0.3,489,1713812379,"Semiparametric",TRUE,""
"gaussian",-0.3,490,1546994931,"OLS",TRUE,""
"gaussian",-0.3,490,1546994931,"Semiparametric",TRUE,""
"asymmetric_mixture",-0.3,490,2088979403,"OLS",TRUE,""
"asymmetric_mixture",-0.3,490,2088979403,"Semiparametric",TRUE,""
"gaussian",0,490,1093736837,"OLS",TRUE,""
"gaussian",0,490,1093736837,"Semiparametric",TRUE,""
"asymmetric_mixture",0,490,1670945793,"OLS",TRUE,""
"asymmetric_mixture",0,490,1670945793,"Semiparametric",TRUE,""
"gaussian",0.3,490,2064256941,"OLS",TRUE,""
"gaussian",0.3,490,2064256941,"Semiparametric",TRUE,""
"asymmetric_mixture",0.3,490,443763083,"OLS",TRUE,""
"asymmetric_mixture",0.3,490,443763083,"Semiparametric",TRUE,""
"gaussian",-0.3,491,551592764,"OLS",TRUE,""
"gaussian",-0.3,491,551592764,"Semiparametric",TRUE,""
"asymmetric_mixture",-0.3,491,2054025765,"OLS",TRUE,""
"asymmetric_mixture",-0.3,491,2054025765,"Semiparametric",TRUE,""
"gaussian",0,491,1146989649,"OLS",TRUE,""
"gaussian",0,491,1146989649,"Semiparametric",TRUE,""
"asymmetric_mixture",0,491,1437231220,"OLS",TRUE,""
"asymmetric_mixture",0,491,1437231220,"Semiparametric",TRUE,""
"gaussian",0.3,491,129690868,"OLS",TRUE,""
"gaussian",0.3,491,129690868,"Semiparametric",TRUE,""
"asymmetric_mixture",0.3,491,1911956890,"OLS",TRUE,""
"asymmetric_mixture",0.3,491,1911956890,"Semiparametric",TRUE,""
"gaussian",-0.3,492,1458841362,"OLS",TRUE,""
"gaussian",-0.3,492,1458841362,"Semiparametric",TRUE,""
"asymmetric_mixture",-0.3,492,833297281,"OLS",TRUE,""
"asymmetric_mixture",-0.3,492,833297281,"Semiparametric",TRUE,""
"gaussian",0,492,574534490,"OLS",TRUE,""
"gaussian",0,492,574534490,"Semiparametric",TRUE,""
"asymmetric_mixture",0,492,458522144,"OLS",TRUE,""
"asymmetric_mixture",0,492,458522144,"Semiparametric",TRUE,""
"gaussian",0.3,492,793088307,"OLS",TRUE,""
"gaussian",0.3,492,793088307,"Semiparametric",TRUE,""
"asymmetric_mixture",0.3,492,1624167669,"OLS",TRUE,""
"asymmetric_mixture",0.3,492,1624167669,"Semiparametric",TRUE,""
"gaussian",-0.3,493,1966899928,"OLS",TRUE,""
"gaussian",-0.3,493,1966899928,"Semiparametric",TRUE,""
"asymmetric_mixture",-0.3,493,1465178294,"OLS",TRUE,""
"asymmetric_mixture",-0.3,493,1465178294,"Semiparametric",TRUE,""
"gaussian",0,493,1957334136,"OLS",TRUE,""
"gaussian",0,493,1957334136,"Semiparametric",TRUE,""
"asymmetric_mixture",0,493,1673140899,"OLS",TRUE,""
"asymmetric_mixture",0,493,1673140899,"Semiparametric",TRUE,""
"gaussian",0.3,493,90147608,"OLS",TRUE,""
"gaussian",0.3,493,90147608,"Semiparametric",TRUE,""
"asymmetric_mixture",0.3,493,1951003248,"OLS",TRUE,""
"asymmetric_mixture",0.3,493,1951003248,"Semiparametric",TRUE,""
"gaussian",-0.3,494,1528408725,"OLS",TRUE,""
"gaussian",-0.3,494,1528408725,"Semiparametric",TRUE,""
"asymmetric_mixture",-0.3,494,1294695969,"OLS",TRUE,""
"asymmetric_mixture",-0.3,494,1294695969,"Semiparametric",TRUE,""
"gaussian",0,494,1985411775,"OLS",TRUE,""
"gaussian",0,494,1985411775,"Semiparametric",TRUE,""
"asymmetric_mixture",0,494,1941159392,"OLS",TRUE,""
"asymmetric_mixture",0,494,1941159392,"Semiparametric",TRUE,""
"gaussian",0.3,494,1981117979,"OLS",TRUE,""
"gaussian",0.3,494,1981117979,"Semiparametric",TRUE,""
"asymmetric_mixture",0.3,494,1132114303,"OLS",TRUE,""
"asymmetric_mixture",0.3,494,1132114303,"Semiparametric",TRUE,""
"gaussian",-0.3,495,1445727734,"OLS",TRUE,""
"gaussian",-0.3,495,1445727734,"Semiparametric",TRUE,""
"asymmetric_mixture",-0.3,495,1809059882,"OLS",TRUE,""
"asymmetric_mixture",-0.3,495,1809059882,"Semiparametric",TRUE,""
"gaussian",0,495,1978966143,"OLS",TRUE,""
"gaussian",0,495,1978966143,"Semiparametric",TRUE,""
"asymmetric_mixture",0,495,1067073970,"OLS",TRUE,""
"asymmetric_mixture",0,495,1067073970,"Semiparametric",TRUE,""
"gaussian",0.3,495,747394359,"OLS",TRUE,""
"gaussian",0.3,495,747394359,"Semiparametric",TRUE,""
"asymmetric_mixture",0.3,495,2112614023,"OLS",TRUE,""
"asymmetric_mixture",0.3,495,2112614023,"Semiparametric",TRUE,""
"gaussian",-0.3,496,1373397346,"OLS",TRUE,""
"gaussian",-0.3,496,1373397346,"Semiparametric",TRUE,""
"asymmetric_mixture",-0.3,496,1486663877,"OLS",TRUE,""
"asymmetric_mixture",-0.3,496,1486663877,"Semiparametric",TRUE,""
"gaussian",0,496,197889454,"OLS",TRUE,""
"gaussian",0,496,197889454,"Semiparametric",TRUE,""
"asymmetric_mixture",0,496,875303369,"OLS",TRUE,""
"asymmetric_mixture",0,496,875303369,"Semiparametric",TRUE,""
"gaussian",0.3,496,465076650,"OLS",TRUE,""
"gaussian",0.3,496,465076650,"Semiparametric",TRUE,""
"asymmetric_mixture",0.3,496,1257100723,"OLS",TRUE,""
"asymmetric_mixture",0.3,496,1257100723,"Semiparametric",TRUE,""
"gaussian",-0.3,497,445687663,"OLS",TRUE,""
"gaussian",-0.3,497,445687663,"Semiparametric",TRUE,""
"asymmetric_mixture",-0.3,497,1593259482,"OLS",TRUE,""
"asymmetric_mixture",-0.3,497,1593259482,"Semiparametric",TRUE,""
"gaussian",0,497,737421407,"OLS",TRUE,""
"gaussian",0,497,737421407,"Semiparametric",TRUE,""
"asymmetric_mixture",0,497,1453191237,"OLS",TRUE,""
"asymmetric_mixture",0,497,1453191237,"Semiparametric",TRUE,""
"gaussian",0.3,497,73618389,"OLS",TRUE,""
"gaussian",0.3,497,73618389,"Semiparametric",TRUE,""
"asymmetric_mixture",0.3,497,2063050683,"OLS",TRUE,""
"asymmetric_mixture",0.3,497,2063050683,"Semiparametric",TRUE,""
"gaussian",-0.3,498,1522920202,"OLS",TRUE,""
"gaussian",-0.3,498,1522920202,"Semiparametric",TRUE,""
"asymmetric_mixture",-0.3,498,2027936134,"OLS",TRUE,""
"asymmetric_mixture",-0.3,498,2027936134,"Semiparametric",TRUE,""
"gaussian",0,498,1355289717,"OLS",TRUE,""
"gaussian",0,498,1355289717,"Semiparametric",TRUE,""
"asymmetric_mixture",0,498,1462315572,"OLS",TRUE,""
"asymmetric_mixture",0,498,1462315572,"Semiparametric",TRUE,""
"gaussian",0.3,498,1831153094,"OLS",TRUE,""
"gaussian",0.3,498,1831153094,"Semiparametric",TRUE,""
"asymmetric_mixture",0.3,498,646065109,"OLS",TRUE,""
"asymmetric_mixture",0.3,498,646065109,"Semiparametric",TRUE,""
"gaussian",-0.3,499,423529136,"OLS",TRUE,""
"gaussian",-0.3,499,423529136,"Semiparametric",TRUE,""
"asymmetric_mixture",-0.3,499,1331399237,"OLS",TRUE,""
"asymmetric_mixture",-0.3,499,1331399237,"Semiparametric",TRUE,""
"gaussian",0,499,1979359924,"OLS",TRUE,""
"gaussian",0,499,1979359924,"Semiparametric",TRUE,""
"asymmetric_mixture",0,499,477764889,"OLS",TRUE,""
"asymmetric_mixture",0,499,477764889,"Semiparametric",TRUE,""
"gaussian",0.3,499,417399338,"OLS",TRUE,""
"gaussian",0.3,499,417399338,"Semiparametric",TRUE,""
"asymmetric_mixture",0.3,499,1217462490,"OLS",TRUE,""
"asymmetric_mixture",0.3,499,1217462490,"Semiparametric",TRUE,""
"gaussian",-0.3,500,895680249,"OLS",TRUE,""
"gaussian",-0.3,500,895680249,"Semiparametric",TRUE,""
"asymmetric_mixture",-0.3,500,1667161553,"OLS",TRUE,""
"asymmetric_mixture",-0.3,500,1667161553,"Semiparametric",TRUE,""
"gaussian",0,500,1153595551,"OLS",TRUE,""
"gaussian",0,500,1153595551,"Semiparametric",TRUE,""
"asymmetric_mixture",0,500,238140144,"OLS",TRUE,""
"asymmetric_mixture",0,500,238140144,"Semiparametric",TRUE,""
"gaussian",0.3,500,823405273,"OLS",TRUE,""
"gaussian",0.3,500,823405273,"Semiparametric",TRUE,""
"asymmetric_mixture",0.3,500,1518450770,"OLS",TRUE,""
"asymmetric_mixture",0.3,500,1518450770,"Semiparametric",TRUE,""
