"Scenario","TrueRho","Effect","AssumedRho","PairedValid","RMSERatio","RatioMCSE","CoverageOLS","CoverageSemi","LengthRatio"
"asymmetric_mixture",-0.3,"PNDE",-0.8,498,0.634831319324146,0.0156077831690642,0.939759036144578,0.951807228915663,0.640553753491536
"asymmetric_mixture",-0.3,"PNDE",-0.75,498,0.677179037804626,0.0150267167686878,0.941767068273092,0.947791164658635,0.682795793651094
"asymmetric_mixture",-0.3,"PNDE",-0.7,498,0.7146446305199,0.0143339722478851,0.941767068273092,0.94578313253012,0.720083852593216
"asymmetric_mixture",-0.3,"PNDE",-0.65,498,0.748350818666527,0.0135538669782373,0.943775100401606,0.94578313253012,0.753555776682521
"asymmetric_mixture",-0.3,"PNDE",-0.6,498,0.779072963804258,0.0127033563731509,0.94578313253012,0.947791164658635,0.78399579767263
"asymmetric_mixture",-0.3,"PNDE",-0.55,498,0.807367090751107,0.0117949198827622,0.947791164658635,0.94578313253012,0.811965649801404
"asymmetric_mixture",-0.3,"PNDE",-0.5,498,0.833643661019639,0.0108385671716845,0.947791164658635,0.94578313253012,0.837879698743155
"asymmetric_mixture",-0.3,"PNDE",-0.45,498,0.858212278698304,0.0098434866632131,0.943775100401606,0.94578313253012,0.86205033269487
"asymmetric_mixture",-0.3,"PNDE",-0.4,498,0.881309918540647,0.00881980202148289,0.94578313253012,0.94578313253012,0.884716580537229
"asymmetric_mixture",-0.3,"PNDE",-0.35,498,0.903119321015998,0.00778104038304524,0.947791164658635,0.943775100401606,0.906062753808176
"asymmetric_mixture",-0.3,"PNDE",-0.3,498,0.923781236910674,0.00674837733986061,0.94578313253012,0.943775100401606,0.926230864527434
"asymmetric_mixture",-0.3,"PNDE",-0.25,498,0.943402646508887,0.00575873931037427,0.94578313253012,0.943775100401606,0.945328979358859
"asymmetric_mixture",-0.3,"PNDE",-0.2,498,0.962062216794502,0.00488019537216954,0.947791164658635,0.94578313253012,0.963436793835604
"asymmetric_mixture",-0.3,"PNDE",-0.15,498,0.979813759463898,0.00423468284340855,0.94578313253012,0.941767068273092,0.980609202613075
"asymmetric_mixture",-0.3,"PNDE",-0.1,498,0.99668814606352,0.00399761448493537,0.947791164658635,0.941767068273092,0.996878331919387
"asymmetric_mixture",-0.3,"PNDE",-0.05,498,1.01269393695402,0.00429833444785467,0.949799196787149,0.94578313253012,1.01225429939023
"asymmetric_mixture",-0.3,"PNDE",0,498,1.02781683983608,0.00509740932022898,0.949799196787149,0.947791164658635,1.02672482521896
"asymmetric_mixture",-0.3,"PNDE",0.05,498,1.04201800284128,0.00625543334145498,0.947791164658635,0.943775100401606,1.04025370814591
"asymmetric_mixture",-0.3,"PNDE",0.1,498,1.05523104840018,0.00765545968178482,0.943775100401606,0.941767068273092,1.05277808162149
"asymmetric_mixture",-0.3,"PNDE",0.15,498,1.06735765390024,0.00922856750592177,0.94578313253012,0.939759036144578,1.06420426578134
"asymmetric_mixture",-0.3,"PNDE",0.2,498,1.07826137215744,0.0109376252420296,0.94578313253012,0.939759036144578,1.07440191772069
"asymmetric_mixture",-0.3,"PNDE",0.25,498,1.0877592476352,0.0127622826428393,0.94578313253012,0.943775100401606,1.08319604367548
"asymmetric_mixture",-0.3,"PNDE",0.3,498,1.09561061053837,0.0146903170444564,0.939759036144578,0.941767068273092,1.09035625783697
"asymmetric_mixture",-0.3,"PNDE",0.35,498,1.10150220534212,0.0167127640898827,0.933734939759036,0.937751004016064,1.09558243580322
"asymmetric_mixture",-0.3,"PNDE",0.4,498,1.10502851442267,0.0188207428690708,0.93574297188755,0.937751004016064,1.09848559299346
"asymmetric_mixture",-0.3,"PNDE",0.45,498,1.1056657477333,0.0210027754362388,0.941767068273092,0.937751004016064,1.0985623892115
"asymmetric_mixture",-0.3,"PNDE",0.5,498,1.10273745434708,0.0232418281316182,0.943775100401606,0.937751004016064,1.09516107853374
"asymmetric_mixture",-0.3,"PNDE",0.55,498,1.09536902205198,0.0255113947538022,0.941767068273092,0.939759036144578,1.0874359282325
"asymmetric_mixture",-0.3,"PNDE",0.6,498,1.08242736892937,0.0277698106700074,0.939759036144578,0.941767068273092,1.07428601644778
"asymmetric_mixture",-0.3,"PNDE",0.65,498,1.0624406450237,0.0299516639741328,0.939759036144578,0.94578313253012,1.05427265102754
"asymmetric_mixture",-0.3,"PNDE",0.7,498,1.03349000817176,0.0319546410988573,0.941767068273092,0.943775100401606,1.02550677241951
"asymmetric_mixture",-0.3,"PNDE",0.75,498,0.993059139397144,0.03361936605399,0.94578313253012,0.943775100401606,0.985491488672902
"asymmetric_mixture",-0.3,"PNDE",0.8,498,0.937809089322419,0.0346985803268087,0.937751004016064,0.94578313253012,0.930887905642641
"gaussian",-0.3,"PNDE",-0.8,500,1.01583102044097,0.00807161251168668,0.932,0.932,1.01674912662844
"gaussian",-0.3,"PNDE",-0.75,500,1.01296439843403,0.00733436993859446,0.938,0.938,1.01399264094522
"gaussian",-0.3,"PNDE",-0.7,500,1.01060305090582,0.00667453712099814,0.936,0.938,1.0116993858633
"gaussian",-0.3,"PNDE",-0.65,500,1.0086176630202,0.00606953532600455,0.93,0.93,1.00975669249333
"gaussian",-0.3,"PNDE",-0.6,500,1.00692734840135,0.00550478454062044,0.936,0.934,1.00809338304002
"gaussian",-0.3,"PNDE",-0.55,500,1.00547877940134,0.00497031423372968,0.936,0.934,1.00666218273033
"gaussian",-0.3,"PNDE",-0.5,500,1.00423569486355,0.00445909808137745,0.934,0.934,1.00543078935311
"gaussian",-0.3,"PNDE",-0.45,500,1.00317315315606,0.0039662266989096,0.938,0.936,1.00437693615304
"gaussian",-0.3,"PNDE",-0.4,500,1.00227419091681,0.00348859547765012,0.938,0.944,1.00348549493954
"gaussian",-0.3,"PNDE",-0.35,500,1.00152780491021,0.00302505645472934,0.942,0.944,1.00274670830048
"gaussian",-0.3,"PNDE",-0.3,500,1.00092771409626,0.00257723110520315,0.94,0.942,1.00215508995982
"gaussian",-0.3,"PNDE",-0.25,500,1.00047161292194,0.00215160958994737,0.942,0.94,1.00170874509456
"gaussian",-0.3,"PNDE",-0.2,500,1.00016075558471,0.00176444864557056,0.942,0.94,1.001408970489
"gaussian",-0.3,"PNDE",-0.15,500,0.999999780661884,0.0014519563280685,0.94,0.94,1.00126005256159
"gaussian",-0.3,"PNDE",-0.1,500,0.999996725457998,0.00128178332429984,0.94,0.944,1.0012692140104
"gaussian",-0.3,"PNDE",-0.05,500,1.00016320359982,0.00132739041702762,0.942,0.94,1.00144667863358
"gaussian",-0.3,"PNDE",0,500,1.00051473458078,0.00158961775415858,0.938,0.94,1.00180583437823
"gaussian",-0.3,"PNDE",0.05,500,1.00107122326624,0.0020049189436023,0.942,0.94,1.00236347941243
"gaussian",-0.3,"PNDE",0.1,500,1.00185759172297,0.00251923159955644,0.942,0.942,1.00314013577691
"gaussian",-0.3,"PNDE",0.15,500,1.00290456414207,0.00310527163495839,0.946,0.944,1.00416040939883
"gaussian",-0.3,"PNDE",0.2,500,1.00424959479521,0.00375223729644768,0.95,0.948,1.00545336203078
"gaussian",-0.3,"PNDE",0.25,500,1.00593790211219,0.0044576838153542,0.954,0.948,1.00705283635372
"gaussian",-0.3,"PNDE",0.3,500,1.00802351650767,0.0052235554392666,0.952,0.944,1.00899763379454
"gaussian",-0.3,"PNDE",0.35,500,1.01057014317739,0.00605430202333966,0.948,0.944,1.01133137524562
"gaussian",-0.3,"PNDE",0.4,500,1.01365144534787,0.00695583293889527,0.95,0.942,1.0141017612524
"gaussian",-0.3,"PNDE",0.45,500,1.01735000500333,0.00793468197269865,0.95,0.948,1.01735876452448
"gaussian",-0.3,"PNDE",0.5,500,1.02175361868537,0.00899698532593731,0.954,0.95,1.0211509958144
"gaussian",-0.3,"PNDE",0.55,500,1.02694660062375,0.0101468914041063,0.958,0.95,1.02551903382637
"gaussian",-0.3,"PNDE",0.6,500,1.03299225686818,0.0113839167739174,0.954,0.944,1.03048384704108
"gaussian",-0.3,"PNDE",0.65,500,1.03990066339019,0.0126985912692913,0.954,0.948,1.03602753588468
"gaussian",-0.3,"PNDE",0.7,500,1.0475738506028,0.0140655981344286,0.954,0.958,1.04206257250692
"gaussian",-0.3,"PNDE",0.75,500,1.05572025714799,0.0154337590910126,0.954,0.956,1.04838483559251
"gaussian",-0.3,"PNDE",0.8,500,1.06373556797048,0.0167130233287754,0.952,0.952,1.05460554997459
"asymmetric_mixture",0,"PNDE",-0.8,500,0.562060506856051,0.0172286314483243,0.948,0.962,0.583049126691812
"asymmetric_mixture",0,"PNDE",-0.75,500,0.598520113619646,0.0173875731648948,0.948,0.96,0.619851621402734
"asymmetric_mixture",0,"PNDE",-0.7,500,0.631302227326493,0.0174048600960645,0.948,0.956,0.652624589336188
"asymmetric_mixture",0,"PNDE",-0.65,500,0.661196266442107,0.017300388070711,0.95,0.958,0.682283618731142
"asymmetric_mixture",0,"PNDE",-0.6,500,0.688775559429841,0.0170901923835212,0.944,0.956,0.709471447219017
"asymmetric_mixture",0,"PNDE",-0.55,500,0.71446576752171,0.0167862848486363,0.944,0.956,0.734654681436027
"asymmetric_mixture",0,"PNDE",-0.5,500,0.738589667908352,0.0163973667267015,0.946,0.96,0.758181443695279
"asymmetric_mixture",0,"PNDE",-0.45,500,0.761396410721211,0.0159295686640333,0.95,0.96,0.780317069825283
"asymmetric_mixture",0,"PNDE",-0.4,500,0.783080931097996,0.0153870590394588,0.95,0.962,0.801266995336068
"asymmetric_mixture",0,"PNDE",-0.35,500,0.80379704739885,0.0147725275521402,0.95,0.962,0.821191841989836
"asymmetric_mixture",0,"PNDE",-0.3,500,0.823666402067615,0.0140875888750868,0.954,0.962,0.840217553602931
"asymmetric_mixture",0,"PNDE",-0.25,500,0.842784570172519,0.0133331622394254,0.95,0.962,0.858442253439238
"asymmetric_mixture",0,"PNDE",-0.2,500,0.86122515592396,0.0125098973364195,0.952,0.966,0.875940828418802
"asymmetric_mixture",0,"PNDE",-0.15,500,0.879042382776289,0.0116187518396023,0.958,0.966,0.892767849530897
"asymmetric_mixture",0,"PNDE",-0.1,500,0.896272477746748,0.0106619058966858,0.958,0.966,0.908959190326819
"asymmetric_mixture",0,"PNDE",-0.05,500,0.912934008125872,0.00964437899807162,0.962,0.966,0.924532539775738
"asymmetric_mixture",0,"PNDE",0,500,0.929027220083558,0.00857712679443279,0.964,0.966,0.939486884223227
"asymmetric_mixture",0,"PNDE",0.05,500,0.944532335050259,0.00748335286709608,0.962,0.966,0.953800932362133
"asymmetric_mixture",0,"PNDE",0.1,500,0.95940666747492,0.00641187840101476,0.962,0.966,0.967430360871237
"asymmetric_mixture",0,"PNDE",0.15,500,0.9735803249525,0.00546451955280988,0.966,0.966,0.980303653595753
"asymmetric_mixture",0,"PNDE",0.2,500,0.986950127074152,0.00483715156079384,0.966,0.966,0.992316181119693
"asymmetric_mixture",0,"PNDE",0.25,500,0.999371219405297,0.00480593432175553,0.964,0.964,1.00332200602322
"asymmetric_mixture",0,"PNDE",0.3,500,1.01064564760081,0.00552984578972439,0.962,0.962,1.01312268448999
"asymmetric_mixture",0,"PNDE",0.35,500,1.0205068738248,0.00690824562171682,0.962,0.958,1.02145204495597
"asymmetric_mixture",0,"PNDE",0.4,500,1.02859883910185,0.00875479631241663,0.96,0.958,1.02795553107059
"asymmetric_mixture",0,"PNDE",0.45,500,1.03444767334856,0.0109368889125842,0.958,0.96,1.03216216539261
"asymmetric_mixture",0,"PNDE",0.5,500,1.03742350163663,0.0133738459323776,0.958,0.962,1.03344648427895
"asymmetric_mixture",0,"PNDE",0.55,500,1.03668896746277,0.0160059126017411,0.954,0.96,1.03097687739166
"asymmetric_mixture",0,"PNDE",0.6,500,1.03113007282587,0.018770208945967,0.954,0.954,1.02364560839966
"asymmetric_mixture",0,"PNDE",0.65,500,1.01926366431673,0.0215815731312991,0.954,0.952,1.00997435461184
"asymmetric_mixture",0,"PNDE",0.7,500,0.999114043818711,0.0243132393134188,0.954,0.95,0.987987158164773
"asymmetric_mixture",0,"PNDE",0.75,500,0.96804713904193,0.0267743360248394,0.954,0.948,0.95503900633182
"asymmetric_mixture",0,"PNDE",0.8,500,0.92253747899736,0.028683315804756,0.948,0.944,0.907577125273223
"gaussian",0,"PNDE",-0.8,500,1.01857305575768,0.00969485094972126,0.944,0.936,1.02627297305215
"gaussian",0,"PNDE",-0.75,500,1.01675082116173,0.00917560769213468,0.94,0.938,1.02361956102427
"gaussian",0,"PNDE",-0.7,500,1.01511439898234,0.00869122959855122,0.934,0.94,1.02126224220935
"gaussian",0,"PNDE",-0.65,500,1.01361751970591,0.0082311257262982,0.932,0.938,1.0191311790532
"gaussian",0,"PNDE",-0.6,500,1.01222931446623,0.00778809122918383,0.934,0.93,1.0171807853101
"gaussian",0,"PNDE",-0.55,500,1.01092807737676,0.0073568794175711,0.934,0.93,1.01537983513716
"gaussian",0,"PNDE",-0.5,500,1.00969797310321,0.00693346221285735,0.932,0.934,1.0137063318526
"gaussian",0,"PNDE",-0.45,500,1.00852715566711,0.00651461433603816,0.936,0.934,1.01214462345486
"gaussian",0,"PNDE",-0.4,500,1.00740663272858,0.00609766804990662,0.936,0.932,1.01068369274552
"gaussian",0,"PNDE",-0.35,500,1.00632955564256,0.00568036859485437,0.936,0.932,1.00931611404168
"gaussian",0,"PNDE",-0.3,500,1.00529077008512,0.00526079889837364,0.942,0.934,1.00803741659442
"gaussian",0,"PNDE",-0.25,500,1.00428653754642,0.00483736437253422,0.938,0.936,1.00684571433718
"gaussian",0,"PNDE",-0.2,500,1.00331437791235,0.00440884765741001,0.94,0.938,1.0057415236308
"gaussian",0,"PNDE",-0.15,500,1.00237300621364,0.00397456939340979,0.938,0.942,1.00472772505928
"gaussian",0,"PNDE",-0.1,500,1.00146235099627,0.00353474100174076,0.94,0.942,1.00380964554731
"gaussian",0,"PNDE",-0.05,500,1.00058365198413,0.00309120665037488,0.942,0.942,1.00299524955953
"gaussian",0,"PNDE",0,500,0.999739643161604,0.00264903994443572,0.944,0.946,1.00229543604618
"gaussian",0,"PNDE",0.05,500,0.99893483559925,0.00222012334286437,0.946,0.946,1.00172444254732
"gaussian",0,"PNDE",0.1,500,0.998175923369228,0.0018312692360592,0.946,0.946,1.0013003598432
"gaussian",0,"PNDE",0.15,500,0.997472346635208,0.00154002489118142,0.946,0.948,1.00104575930662
"gaussian",0,"PNDE",0.2,500,0.996837059173935,0.00144367700628143,0.946,0.944,1.00098842935975
"gaussian",0,"PNDE",0.25,500,0.996287563548972,0.00161751741327772,0.948,0.948,1.00116220460708
"gaussian",0,"PNDE",0.3,500,0.995847295316584,0.00203034945058122,0.95,0.946,1.00160784670471
"gaussian",0,"PNDE",0.35,500,0.995547455044927,0.00260577924204716,0.95,0.95,1.00237389168221
"gaussian",0,"PNDE",0.4,500,0.995429395169203,0.00329336315343885,0.948,0.95,1.00351730015584
"gaussian",0,"PNDE",0.45,500,0.995547647464347,0.00406930835610052,0.95,0.952,1.00510361146686
"gaussian",0,"PNDE",0.5,500,0.995973580978664,0.00492334289419061,0.954,0.96,1.00720607512466
"gaussian",0,"PNDE",0.55,500,0.996799415111064,0.00585066465302947,0.966,0.962,1.00990286602938
"gaussian",0,"PNDE",0.6,500,0.99814169305522,0.00684746384757932,0.966,0.962,1.01327093305075
"gaussian",0,"PNDE",0.65,500,1.00014201694241,0.00790770372424665,0.972,0.964,1.01737425569221
"gaussian",0,"PNDE",0.7,500,1.0029603611821,0.00901989895276156,0.97,0.964,1.02224334788627
"gaussian",0,"PNDE",0.75,500,1.00675214223219,0.0101631492555183,0.97,0.966,1.02784200138651
"gaussian",0,"PNDE",0.8,500,1.01161482685039,0.0113018174208661,0.964,0.964,1.03401699509059
"asymmetric_mixture",0.3,"PNDE",-0.8,499,0.582243453435214,0.0173389439278306,0.963927855711423,0.937875751503006,0.556532386506902
"asymmetric_mixture",0.3,"PNDE",-0.75,499,0.611995603782157,0.0173793055405737,0.959919839679359,0.933867735470942,0.588254321182123
"asymmetric_mixture",0.3,"PNDE",-0.7,499,0.638406427022368,0.0173388450199128,0.955911823647295,0.939879759519038,0.616577854118941
"asymmetric_mixture",0.3,"PNDE",-0.65,499,0.662282967071594,0.0172348367302089,0.953907815631262,0.943887775551102,0.642290527527359
"asymmetric_mixture",0.3,"PNDE",-0.6,499,0.684188670608792,0.0170783856568695,0.953907815631262,0.943887775551102,0.665950872603971
"asymmetric_mixture",0.3,"PNDE",-0.55,499,0.704531606540824,0.0168767089412579,0.949899799599198,0.947895791583166,0.687967647086845
"asymmetric_mixture",0.3,"PNDE",-0.5,499,0.723616757989816,0.0166344568283741,0.95190380761523,0.95190380761523,0.708648427623803
"asymmetric_mixture",0.3,"PNDE",-0.45,499,0.741678247831966,0.016354499227743,0.95190380761523,0.949899799599198,0.728230197267068
"asymmetric_mixture",0.3,"PNDE",-0.4,499,0.758899946796251,0.0160384082959266,0.95190380761523,0.949899799599198,0.746899181562716
"asymmetric_mixture",0.3,"PNDE",-0.35,499,0.775429080204657,0.0156867616781621,0.955911823647295,0.953907815631262,0.764804059800314
"asymmetric_mixture",0.3,"PNDE",-0.3,499,0.79138544682184,0.015299336267291,0.957915831663327,0.957915831663327,0.78206494797912
"asymmetric_mixture",0.3,"PNDE",-0.25,499,0.806867780441463,0.0148752337077232,0.959919839679359,0.959919839679359,0.798779580574277
"asymmetric_mixture",0.3,"PNDE",-0.2,499,0.821958175202271,0.0144129639697383,0.959919839679359,0.957915831663327,0.815027558020175
"asymmetric_mixture",0.3,"PNDE",-0.15,499,0.836725137009159,0.0139105063061602,0.963927855711423,0.957915831663327,0.830873190054085
"asymmetric_mixture",0.3,"PNDE",-0.1,499,0.851225601326229,0.0133653654190895,0.961923847695391,0.957915831663327,0.846367251991608
"asymmetric_mixture",0.3,"PNDE",-0.05,499,0.865506110182814,0.0127746446238442,0.963927855711423,0.957915831663327,0.861547826215201
"asymmetric_mixture",0.3,"PNDE",0,499,0.879603232863592,0.0121351694540177,0.963927855711423,0.959919839679359,0.876440291949035
"asymmetric_mixture",0.3,"PNDE",0.05,499,0.893543222644621,0.0114437205522823,0.961923847695391,0.959919839679359,0.891056431460553
"asymmetric_mixture",0.3,"PNDE",0.1,499,0.907340808755281,0.0106974877021967,0.961923847695391,0.959919839679359,0.90539252387576
"asymmetric_mixture",0.3,"PNDE",0.15,499,0.9209969118205,0.00989496912140738,0.963927855711423,0.959919839679359,0.919426183413515
"asymmetric_mixture",0.3,"PNDE",0.2,499,0.934494922234621,0.00903778544925475,0.961923847695391,0.957915831663327,0.933111549164461
"asymmetric_mixture",0.3,"PNDE",0.25,499,0.947794965837661,0.00813442953840916,0.959919839679359,0.957915831663327,0.946372224697521
"asymmetric_mixture",0.3,"PNDE",0.3,499,0.960825256357345,0.00720821202766426,0.959919839679359,0.957915831663327,0.959091063389377
"asymmetric_mixture",0.3,"PNDE",0.35,499,0.973469129797459,0.00631413661313601,0.957915831663327,0.957915831663327,0.971095448235322
"asymmetric_mixture",0.3,"PNDE",0.4,499,0.98554555910882,0.00557157548935848,0.957915831663327,0.955911823647295,0.982136046096268
"asymmetric_mixture",0.3,"PNDE",0.45,499,0.996779672740015,0.00520338489866119,0.959919839679359,0.955911823647295,0.99185601137147
"asymmetric_mixture",0.3,"PNDE",0.5,499,1.00675774623584,0.00549365210908859,0.953907815631262,0.953907815631262,0.999746107339726
"asymmetric_mixture",0.3,"PNDE",0.55,499,1.01485782135242,0.00658799434909244,0.947895791583166,0.953907815631262,1.00507897935878
"asymmetric_mixture",0.3,"PNDE",0.6,499,1.02014180719318,0.00841705121781895,0.947895791583166,0.953907815631262,1.00681258270828
"asymmetric_mixture",0.3,"PNDE",0.65,499,1.02118667130257,0.0108557651818211,0.955911823647295,0.953907815631262,1.00344830953293
"asymmetric_mixture",0.3,"PNDE",0.7,499,1.01582028218919,0.013812494367151,0.957915831663327,0.957915831663327,0.992823711563654
"asymmetric_mixture",0.3,"PNDE",0.75,499,1.0007122488051,0.0172012531858231,0.961923847695391,0.959919839679359,0.971813499852704
"asymmetric_mixture",0.3,"PNDE",0.8,499,0.970757338114832,0.0208660103895753,0.959919839679359,0.959919839679359,0.935906072114116
"gaussian",0.3,"PNDE",-0.8,500,1.04654849647562,0.013747480766573,0.954,0.946,1.03478498466608
"gaussian",0.3,"PNDE",-0.75,500,1.04342604986292,0.0132454382448411,0.954,0.946,1.03260102350019
"gaussian",0.3,"PNDE",-0.7,500,1.04052246302742,0.0127670360263901,0.954,0.94,1.03056674940745
"gaussian",0.3,"PNDE",-0.65,500,1.03778726823469,0.0123059590019173,0.954,0.946,1.02864896107756
"gaussian",0.3,"PNDE",-0.6,500,1.03518526825038,0.0118575054271856,0.946,0.948,1.02682411895011
"gaussian",0.3,"PNDE",-0.55,500,1.03269083767794,0.0114179807444977,0.946,0.948,1.02507487185833
"gaussian",0.3,"PNDE",-0.5,500,1.03028478592315,0.0109843469178709,0.95,0.95,1.02338809243599
"gaussian",0.3,"PNDE",-0.45,500,1.02795251177995,0.0105540028389057,0.954,0.95,1.02175369701129
"gaussian",0.3,"PNDE",-0.4,500,1.02568287391067,0.0101246372813905,0.956,0.958,1.02016391035587
"gaussian",0.3,"PNDE",-0.35,500,1.02346749138048,0.00969412414576743,0.954,0.96,1.01861280222129
"gaussian",0.3,"PNDE",-0.3,500,1.02130032344863,0.00926044313781438,0.956,0.962,1.01709600240159
"gaussian",0.3,"PNDE",-0.25,500,1.01917744668343,0.00882161592619011,0.954,0.956,1.01561054267145
"gaussian",0.3,"PNDE",-0.2,500,1.01709698569077,0.00837565168741501,0.956,0.956,1.01415479745303
"gaussian",0.3,"PNDE",-0.15,500,1.01505917700758,0.00792049840994655,0.96,0.958,1.01272850955694
"gaussian",0.3,"PNDE",-0.1,500,1.0130665615245,0.00745399834529882,0.958,0.954,1.01133289728321
"gaussian",0.3,"PNDE",-0.05,500,1.01112431304889,0.00697384839744972,0.958,0.956,1.00997084691895
"gaussian",0.3,"PNDE",0,500,1.00924072144529,0.00647757022766346,0.964,0.954,1.00864720158164
"gaussian",0.3,"PNDE",0.05,500,1.00742785941046,0.00596250278843353,0.964,0.958,1.00736916426056
"gaussian",0.3,"PNDE",0.1,500,1.00570247293104,0.0054258473737924,0.962,0.958,1.00614684030454
"gaussian",0.3,"PNDE",0.15,500,1.00408714672511,0.00486483612595254,0.962,0.966,1.00499395269293
"gaussian",0.3,"PNDE",0.2,500,1.00261180633055,0.00427719878246763,0.962,0.96,1.00392877196436
"gaussian",0.3,"PNDE",0.25,500,1.00131562493193,0.00366239284224431,0.96,0.958,1.00297531061428
"gaussian",0.3,"PNDE",0.3,500,1.00024939903579,0.00302497351221341,0.958,0.958,1.0021648365189
"gaussian",0.3,"PNDE",0.35,500,0.999478430050302,0.00238470606208666,0.958,0.958,1.00153775602624
"gaussian",0.3,"PNDE",0.4,500,0.999085875378897,0.00180980101638531,0.954,0.958,1.00114589404457
"gaussian",0.3,"PNDE",0.45,500,0.99917637208727,0.0015062480223956,0.958,0.956,1.00105513584104
"gaussian",0.3,"PNDE",0.5,500,0.999879421982,0.00177539278228433,0.958,0.956,1.00134825820484
"gaussian",0.3,"PNDE",0.55,500,1.00135146022903,0.00256481282828468,0.958,0.956,1.00212750771093
"gaussian",0.3,"PNDE",0.6,500,1.00377458763258,0.00366033116691856,0.95,0.95,1.00351599159358
"gaussian",0.3,"PNDE",0.65,500,1.00734853624816,0.00496592705925503,0.946,0.956,1.0056561129526
"gaussian",0.3,"PNDE",0.7,500,1.01227065227082,0.00644586443269677,0.95,0.956,1.00870199099128
"gaussian",0.3,"PNDE",0.75,500,1.0186971217566,0.00807466052630078,0.956,0.954,1.01280106295403
"gaussian",0.3,"PNDE",0.8,500,1.02667886377165,0.00981592825554463,0.956,0.958,1.01805827150083
"asymmetric_mixture",-0.3,"PNIE",-0.8,498,0.839938829706525,0.0267045878941476,0.905622489959839,0.965863453815261,0.894570698573927
"asymmetric_mixture",-0.3,"PNIE",-0.75,498,0.966649425318636,0.0323818811560778,0.939759036144578,0.965863453815261,1.0282638891608
"asymmetric_mixture",-0.3,"PNIE",-0.7,498,1.0991425437895,0.0382210618080941,0.967871485943775,0.961847389558233,1.15513138431211
"asymmetric_mixture",-0.3,"PNIE",-0.65,498,1.22378281637419,0.0425552265838105,0.981927710843373,0.959839357429719,1.25778517427613
"asymmetric_mixture",-0.3,"PNIE",-0.6,498,1.31879441371739,0.0440730613709759,0.971887550200803,0.959839357429719,1.32061515233525
"asymmetric_mixture",-0.3,"PNIE",-0.55,498,1.36251674633044,0.0442469038751391,0.951807228915663,0.957831325301205,1.33658626094214
"asymmetric_mixture",-0.3,"PNIE",-0.5,498,1.34749755545179,0.0461030004366889,0.953815261044177,0.957831325301205,1.30984970120408
"asymmetric_mixture",-0.3,"PNIE",-0.45,498,1.28560230502841,0.0490414164848289,0.955823293172691,0.957831325301205,1.25218287928306
"asymmetric_mixture",-0.3,"PNIE",-0.4,498,1.19798733781508,0.0504908154906688,0.961847389558233,0.957831325301205,1.17704009044095
"asymmetric_mixture",-0.3,"PNIE",-0.35,498,1.10288453631805,0.0497107632898123,0.961847389558233,0.957831325301205,1.0953895648666
"asymmetric_mixture",-0.3,"PNIE",-0.3,498,1.01117754830492,0.0473679466268245,0.967871485943775,0.957831325301205,1.01445408400703
"asymmetric_mixture",-0.3,"PNIE",-0.25,498,0.92770806616632,0.0443019585632074,0.969879518072289,0.957831325301205,0.938228494323542
"asymmetric_mixture",-0.3,"PNIE",-0.2,498,0.853804004792103,0.0410823226671658,0.969879518072289,0.951807228915663,0.868495744530834
"asymmetric_mixture",-0.3,"PNIE",-0.15,498,0.78913139368062,0.0380091743331164,0.967871485943775,0.949799196787149,0.805719117205241
"asymmetric_mixture",-0.3,"PNIE",-0.1,498,0.732719673684943,0.0352102775448422,0.959839357429719,0.947791164658635,0.749661107719362
"asymmetric_mixture",-0.3,"PNIE",-0.05,498,0.683451127453527,0.0327208071675354,0.951807228915663,0.947791164658635,0.699762671157269
"asymmetric_mixture",-0.3,"PNIE",0,498,0.64026729412234,0.0305316916571201,0.951807228915663,0.949799196787149,0.655355963702681
"asymmetric_mixture",-0.3,"PNIE",0.05,498,0.602240772789745,0.0286154860681751,0.947791164658635,0.943775100401606,0.615774286222868
"asymmetric_mixture",-0.3,"PNIE",0.1,498,0.568587917131992,0.0269392193763077,0.947791164658635,0.943775100401606,0.580403242286789
"asymmetric_mixture",-0.3,"PNIE",0.15,498,0.538658153412769,0.0254703291528279,0.94578313253012,0.943775100401606,0.548700192902628
"asymmetric_mixture",-0.3,"PNIE",0.2,498,0.511915979621138,0.0241791067401435,0.94578313253012,0.941767068273092,0.520197614751546
"asymmetric_mixture",-0.3,"PNIE",0.25,498,0.487922443495608,0.0230394526153841,0.943775100401606,0.939759036144578,0.494498998754113
"asymmetric_mixture",-0.3,"PNIE",0.3,498,0.466318692586722,0.0220288562162224,0.943775100401606,0.939759036144578,0.471271915516952
"asymmetric_mixture",-0.3,"PNIE",0.35,498,0.446812363229084,0.021128052693435,0.937751004016064,0.93574297188755,0.450240642479853
"asymmetric_mixture",-0.3,"PNIE",0.4,498,0.429166850196512,0.0203205735568202,0.937751004016064,0.933734939759036,0.431179553061705
"asymmetric_mixture",-0.3,"PNIE",0.45,498,0.413193283590423,0.0195922897905528,0.933734939759036,0.931726907630522,0.413907878689495
"asymmetric_mixture",-0.3,"PNIE",0.5,498,0.398745074456062,0.0189309872478715,0.93574297188755,0.92570281124498,0.398286233063028
"asymmetric_mixture",-0.3,"PNIE",0.55,498,0.38571508534353,0.0183259853445138,0.937751004016064,0.923694779116466,0.384215326941377
"asymmetric_mixture",-0.3,"PNIE",0.6,498,0.374035857069914,0.017767796029737,0.937751004016064,0.927710843373494,0.371637603887317
"asymmetric_mixture",-0.3,"PNIE",0.65,498,0.363684029102827,0.017247812818487,0.939759036144578,0.927710843373494,0.360543243101507
"asymmetric_mixture",-0.3,"PNIE",0.7,498,0.354691550269708,0.0167580150693701,0.939759036144578,0.929718875502008,0.350983564576283
"asymmetric_mixture",-0.3,"PNIE",0.75,498,0.347169664349439,0.0162906683786299,0.937751004016064,0.93574297188755,0.343098644591787
"asymmetric_mixture",-0.3,"PNIE",0.8,498,0.341360641464663,0.0158379979214758,0.939759036144578,0.941767068273092,0.33717601826317
"gaussian",-0.3,"PNIE",-0.8,500,0.998362263672316,0.00971631662744079,0.948,0.952,1.00686140889711
"gaussian",-0.3,"PNIE",-0.75,500,0.987436457085261,0.00868584956079839,0.968,0.97,1.00334815246028
"gaussian",-0.3,"PNIE",-0.7,500,0.985042638492753,0.00927681922750381,0.926,0.926,1.00557686822246
"gaussian",-0.3,"PNIE",-0.65,500,0.988816001556314,0.0106477632132374,0.912,0.906,1.01111864001006
"gaussian",-0.3,"PNIE",-0.6,500,0.995292233621492,0.0119824389509765,0.91,0.906,1.01730746060672
"gaussian",-0.3,"PNIE",-0.55,500,1.00222382133044,0.0130208382075605,0.898,0.904,1.02284192204198
"gaussian",-0.3,"PNIE",-0.5,500,1.0086223844408,0.0137671519038152,0.908,0.904,1.02743918012879
"gaussian",-0.3,"PNIE",-0.45,500,1.01419675114245,0.0142897989289528,0.91,0.906,1.03114757692759
"gaussian",-0.3,"PNIE",-0.4,500,1.018950248231,0.0146544387194001,0.918,0.916,1.03412381802346
"gaussian",-0.3,"PNIE",-0.35,500,1.02298442821645,0.0149101820452142,0.924,0.92,1.03652883771948
"gaussian",-0.3,"PNIE",-0.3,500,1.02641878201753,0.0150909994652594,0.926,0.924,1.03849443784219
"gaussian",-0.3,"PNIE",-0.25,500,1.02936247320566,0.0152198202654107,0.932,0.932,1.04012132915615
"gaussian",-0.3,"PNIE",-0.2,500,1.0319069687618,0.015312082932803,0.934,0.936,1.04148490415962
"gaussian",-0.3,"PNIE",-0.15,500,1.03412627627818,0.01537825941094,0.938,0.936,1.04264149386192
"gaussian",-0.3,"PNIE",-0.1,500,1.03607949017456,0.0154255367045272,0.936,0.94,1.04363344072592
"gaussian",-0.3,"PNIE",-0.05,500,1.03781367045267,0.0154589136138848,0.934,0.938,1.04449287464499
"gaussian",-0.3,"PNIE",0,500,1.03936639997543,0.0154819141934705,0.934,0.938,1.04524444015843
"gaussian",-0.3,"PNIE",0.05,500,1.04076786980034,0.0154970547577797,0.934,0.94,1.04590724943707
"gaussian",-0.3,"PNIE",0.1,500,1.04204251855824,0.0155061527280694,0.932,0.94,1.04649628245746
"gaussian",-0.3,"PNIE",0.15,500,1.04321030162933,0.0155105333306709,0.932,0.938,1.04702339648485
"gaussian",-0.3,"PNIE",0.2,500,1.04428766938819,0.0155111695993652,0.932,0.938,1.04749805914875
"gaussian",-0.3,"PNIE",0.25,500,1.04528832272338,0.0155087782277887,0.932,0.94,1.04792788442901
"gaussian",-0.3,"PNIE",0.3,500,1.04622380031963,0.0155038857143769,0.934,0.946,1.04831902619631
"gaussian",-0.3,"PNIE",0.35,500,1.04710393989693,0.015496874107779,0.934,0.946,1.0486764666189
"gaussian",-0.3,"PNIE",0.4,500,1.04793724577534,0.0154880123468756,0.934,0.944,1.04900422429905
"gaussian",-0.3,"PNIE",0.45,500,1.04873118773819,0.015477476975417,0.934,0.944,1.04930549747862
"gaussian",-0.3,"PNIE",0.5,500,1.04949245084126,0.0154653644236193,0.932,0.944,1.04958274931927
"gaussian",-0.3,"PNIE",0.55,500,1.05022715214569,0.0154516957335778,0.934,0.942,1.04983773312339
"gaussian",-0.3,"PNIE",0.6,500,1.05094103787058,0.015436413207167,0.94,0.942,1.05007144221866
"gaussian",-0.3,"PNIE",0.65,500,1.05163967234849,0.015419366438572,0.942,0.944,1.05028394544195
"gaussian",-0.3,"PNIE",0.7,500,1.05232862611985,0.0154002814268905,0.944,0.94,1.05047401841974
"gaussian",-0.3,"PNIE",0.75,500,1.05301365633058,0.0153786979891761,0.946,0.938,1.05063835747416
"gaussian",-0.3,"PNIE",0.8,500,1.05370081529752,0.0153538383744628,0.944,0.936,1.05076981958959
"asymmetric_mixture",0,"PNIE",-0.8,500,0.601671628535669,0.0206348051064137,0.922,0.962,0.6422233314406
"asymmetric_mixture",0,"PNIE",-0.75,500,0.67521908963457,0.0232877311955697,0.92,0.962,0.724671296395188
"asymmetric_mixture",0,"PNIE",-0.7,500,0.758303734312869,0.0265079758231725,0.918,0.958,0.817960122633228
"asymmetric_mixture",0,"PNIE",-0.65,500,0.850228245063059,0.0300963788694208,0.918,0.954,0.919237191045054
"asymmetric_mixture",0,"PNIE",-0.6,500,0.947538356158864,0.0335286461057265,0.952,0.96,1.02066743007609
"asymmetric_mixture",0,"PNIE",-0.55,500,1.04238882296312,0.0359685054994947,0.966,0.954,1.10930404397326
"asymmetric_mixture",0,"PNIE",-0.5,500,1.1219585494809,0.0368209036789465,0.968,0.958,1.1706555096692
"asymmetric_mixture",0,"PNIE",-0.45,500,1.1714066683944,0.036836752251089,0.964,0.956,1.19499096606749
"asymmetric_mixture",0,"PNIE",-0.4,500,1.18097282362108,0.0379033519480899,0.958,0.958,1.18170780878909
"asymmetric_mixture",0,"PNIE",-0.35,500,1.15197994792813,0.0403122568101365,0.958,0.952,1.13840009487396
"asymmetric_mixture",0,"PNIE",-0.3,500,1.09536689546917,0.0423403982954628,0.95,0.954,1.07627230536204
"asymmetric_mixture",0,"PNIE",-0.25,500,1.02472233467791,0.0427989910551947,0.954,0.952,1.00571880276597
"asymmetric_mixture",0,"PNIE",-0.2,500,0.950756179219695,0.0417514553692836,0.954,0.954,0.934212172017234
"asymmetric_mixture",0,"PNIE",-0.15,500,0.879842631496464,0.0397700698095044,0.956,0.952,0.866185498459276
"asymmetric_mixture",0,"PNIE",-0.1,500,0.814938054662431,0.0373849432902833,0.956,0.952,0.803784947866742
"asymmetric_mixture",0,"PNIE",-0.05,500,0.756937244000612,0.0349369344143937,0.954,0.95,0.747715842130662
"asymmetric_mixture",0,"PNIE",0,500,0.705687689846192,0.0326054775018694,0.946,0.952,0.697888210696744
"asymmetric_mixture",0,"PNIE",0.05,500,0.66058892657254,0.0304679160325985,0.944,0.952,0.653830980023557
"asymmetric_mixture",0,"PNIE",0.1,500,0.62090366050244,0.0285456898569261,0.946,0.958,0.614930284714729
"asymmetric_mixture",0,"PNIE",0.15,500,0.585903544317404,0.0268327589800635,0.944,0.96,0.580554734320418
"asymmetric_mixture",0,"PNIE",0.2,500,0.554928990732075,0.0253112946915598,0.942,0.954,0.55011476009171
"asymmetric_mixture",0,"PNIE",0.25,500,0.527407286228298,0.023959751785331,0.95,0.954,0.523086157080453
"asymmetric_mixture",0,"PNIE",0.3,500,0.502851927038297,0.0227567457378493,0.948,0.954,0.499015433858285
"asymmetric_mixture",0,"PNIE",0.35,500,0.480854505506175,0.0216827329386359,0.948,0.952,0.477516689658956
"asymmetric_mixture",0,"PNIE",0.4,500,0.461074519243049,0.0207205882445935,0.948,0.952,0.458265161181347
"asymmetric_mixture",0,"PNIE",0.45,500,0.44322952847621,0.0198556582085631,0.948,0.956,0.440990071916467
"asymmetric_mixture",0,"PNIE",0.5,500,0.427086690657829,0.0190755880983971,0.948,0.956,0.425468111513497
"asymmetric_mixture",0,"PNIE",0.55,500,0.412456103659941,0.0183700729883102,0.95,0.952,0.41151825862973
"asymmetric_mixture",0,"PNIE",0.6,500,0.399186232519286,0.0177306073916429,0.948,0.95,0.398998476344927
"asymmetric_mixture",0,"PNIE",0.65,500,0.387161860098053,0.0171502713625553,0.95,0.952,0.387804980580044
"asymmetric_mixture",0,"PNIE",0.7,500,0.376305580561369,0.0166235776477993,0.952,0.954,0.377875445956846
"asymmetric_mixture",0,"PNIE",0.75,500,0.366585315667139,0.0161464100303495,0.954,0.956,0.369199241777802
"asymmetric_mixture",0,"PNIE",0.8,500,0.35803427308918,0.0157161187945578,0.954,0.96,0.36184249182977
"gaussian",0,"PNIE",-0.8,500,1.01899029201067,0.0104406229397364,0.93,0.932,1.03180160642695
"gaussian",0,"PNIE",-0.75,500,1.010796376415,0.00908341823938382,0.932,0.94,1.02392154017059
"gaussian",0,"PNIE",-0.7,500,1.00271745545915,0.00760817375747695,0.946,0.948,1.01581619711344
"gaussian",0,"PNIE",-0.65,500,0.997202167788012,0.00670405723270999,0.976,0.978,1.00987517053416
"gaussian",0,"PNIE",-0.6,500,0.996017817887581,0.00695893171808458,0.968,0.974,1.0079761809691
"gaussian",0,"PNIE",-0.55,500,0.998741327723477,0.00800119812538904,0.926,0.932,1.01031869049251
"gaussian",0,"PNIE",-0.5,500,1.00353318822393,0.00917801878469007,0.912,0.912,1.01502911600982
"gaussian",0,"PNIE",-0.45,500,1.0087490906525,0.0101844300115623,0.912,0.902,1.02017389219289
"gaussian",0,"PNIE",-0.4,500,1.0135280198814,0.0109631530190725,0.916,0.91,1.02481087301661
"gaussian",0,"PNIE",-0.35,500,1.01759266974841,0.011545362470191,0.92,0.91,1.02868832745019
"gaussian",0,"PNIE",-0.3,500,1.02094552181022,0.0119783532210517,0.924,0.916,1.031843666032
"gaussian",0,"PNIE",-0.25,500,1.02368567807182,0.0123028823442394,0.934,0.924,1.03439757385821
"gaussian",0,"PNIE",-0.2,500,1.02592807527068,0.0125493404966376,0.938,0.93,1.03647526203389
"gaussian",0,"PNIE",-0.15,500,1.02777510329244,0.0127392990857227,0.938,0.932,1.03818225419965
"gaussian",0,"PNIE",-0.1,500,1.02931000997598,0.0128878680634809,0.948,0.94,1.03960108175223
"gaussian",0,"PNIE",-0.05,500,1.03059802266822,0.0130056586522851,0.948,0.944,1.04079454775313
"gaussian",0,"PNIE",0,500,1.03168954925229,0.013100195736073,0.946,0.946,1.04181012984796
"gaussian",0,"PNIE",0.05,500,1.0326234456581,0.0131768840924675,0.948,0.946,1.04268383687344
"gaussian",0,"PNIE",0.1,500,1.03342975879644,0.0132396590472511,0.948,0.946,1.04344319536993
"gaussian",0,"PNIE",0.15,500,1.03413186635312,0.0132914244278683,0.944,0.946,1.04410945799495
"gaussian",0,"PNIE",0.2,500,1.03474809428899,0.0133343493250492,0.942,0.946,1.04469921022892
"gaussian",0,"PNIE",0.25,500,1.03529292368699,0.0133700711295801,0.942,0.946,1.04522553622934
"gaussian",0,"PNIE",0.3,500,1.03577788756428,0.0133998358381324,0.942,0.944,1.04569886813405
"gaussian",0,"PNIE",0.35,500,1.03621223735969,0.013424595781719,0.944,0.944,1.04612760913511
"gaussian",0,"PNIE",0.4,500,1.03660343869779,0.0134450778641108,0.944,0.944,1.04651859431091
"gaussian",0,"PNIE",0.45,500,1.03695753945806,0.0134618307360981,0.944,0.942,1.04687743404278
"gaussian",0,"PNIE",0.5,500,1.03727944003818,0.0134752561284501,0.942,0.942,1.04720877111827
"gaussian",0,"PNIE",0.55,500,1.03757308487785,0.0134856271383476,0.942,0.942,1.04751647256844
"gaussian",0,"PNIE",0.6,500,1.03784158405627,0.0134930940088206,0.942,0.942,1.04780376923663
"gaussian",0,"PNIE",0.65,500,1.03808726114907,0.0134976750781379,0.942,0.94,1.04807334808429
"gaussian",0,"PNIE",0.7,500,1.03831160219739,0.0134992255868853,0.942,0.94,1.04832739086333
"gaussian",0,"PNIE",0.75,500,1.03851503381034,0.0134973660295789,0.942,0.938,1.04856752933865
"gaussian",0,"PNIE",0.8,500,1.03869633296336,0.0134913227248617,0.942,0.938,1.04879462389884
"asymmetric_mixture",0.3,"PNIE",-0.8,499,0.564734415673511,0.0154469230481965,0.923847695390782,0.935871743486974,0.535998824479097
"asymmetric_mixture",0.3,"PNIE",-0.75,499,0.612256375256851,0.0159406004618961,0.913827655310621,0.937875751503006,0.584976025315731
"asymmetric_mixture",0.3,"PNIE",-0.7,499,0.666727750588135,0.0167417122165818,0.907815631262525,0.933867735470942,0.642131728847007
"asymmetric_mixture",0.3,"PNIE",-0.65,499,0.728974725116122,0.0179993260777796,0.895791583166333,0.937875751503006,0.708754856731934
"asymmetric_mixture",0.3,"PNIE",-0.6,499,0.799241393502216,0.0198884756623911,0.889779559118236,0.939879759519038,0.785204855562897
"asymmetric_mixture",0.3,"PNIE",-0.55,499,0.876511253427044,0.0225398206243929,0.879759519038076,0.94188376753507,0.869428622627674
"asymmetric_mixture",0.3,"PNIE",-0.5,499,0.957437061558633,0.0258934231782,0.895791583166333,0.939879759519038,0.955479931582626
"asymmetric_mixture",0.3,"PNIE",-0.45,499,1.03514845597594,0.0295285893285143,0.927855711422846,0.933867735470942,1.03311376219566
"asymmetric_mixture",0.3,"PNIE",-0.4,499,1.0989978708567,0.032676734089127,0.945891783567134,0.937875751503006,1.08966902016742
"asymmetric_mixture",0.3,"PNIE",-0.35,499,1.13699143372441,0.0346684262768445,0.949899799599198,0.937875751503006,1.1149156022705
"asymmetric_mixture",0.3,"PNIE",-0.3,499,1.14120593109746,0.0355313249818118,0.939879759519038,0.933867735470942,1.10588930074596
"asymmetric_mixture",0.3,"PNIE",-0.25,499,1.11244967346059,0.0358186604970657,0.935871743486974,0.933867735470942,1.06775751951604
"asymmetric_mixture",0.3,"PNIE",-0.2,499,1.05948290257411,0.0358061251684121,0.93186372745491,0.93186372745491,1.01044321080041
"asymmetric_mixture",0.3,"PNIE",-0.15,499,0.993769436374214,0.0353623208775848,0.939879759519038,0.927855711422846,0.944140911001902
"asymmetric_mixture",0.3,"PNIE",-0.1,499,0.924809998337483,0.0343883757019718,0.943887775551102,0.927855711422846,0.876575887303865
"asymmetric_mixture",0.3,"PNIE",-0.05,499,0.858549418101667,0.0329804947584733,0.945891783567134,0.93186372745491,0.812437748619491
"asymmetric_mixture",0.3,"PNIE",0,499,0.79790140597501,0.0313230156230346,0.953907815631262,0.93186372745491,0.7539966432669
"asymmetric_mixture",0.3,"PNIE",0.05,499,0.74384199667425,0.0295831456552889,0.959919839679359,0.93186372745491,0.701972731836315
"asymmetric_mixture",0.3,"PNIE",0.1,499,0.696311044403645,0.0278754293758018,0.963927855711423,0.935871743486974,0.656236853792222
"asymmetric_mixture",0.3,"PNIE",0.15,499,0.654778830976167,0.026265614662399,0.965931863727455,0.939879759519038,0.616264108938946
"asymmetric_mixture",0.3,"PNIE",0.2,499,0.618554870922975,0.0247851801933491,0.969939879759519,0.94188376753507,0.581391599547108
"asymmetric_mixture",0.3,"PNIE",0.25,499,0.586939491729846,0.0234445757187411,0.973947895791583,0.943887775551102,0.550950341698991
"asymmetric_mixture",0.3,"PNIE",0.3,499,0.559289866153776,0.0222424845157026,0.975951903807615,0.945891783567134,0.524325020203208
"asymmetric_mixture",0.3,"PNIE",0.35,499,0.535042847900993,0.0211715917219718,0.975951903807615,0.945891783567134,0.500975560360159
"asymmetric_mixture",0.3,"PNIE",0.4,499,0.513717501848184,0.0202219408951568,0.975951903807615,0.937875751503006,0.480439999507259
"asymmetric_mixture",0.3,"PNIE",0.45,499,0.494909067892032,0.0193827878330574,0.977955911823647,0.937875751503006,0.462329153416995
"asymmetric_mixture",0.3,"PNIE",0.5,499,0.478280149292042,0.0186435688972462,0.981963927855711,0.933867735470942,0.446318471513699
"asymmetric_mixture",0.3,"PNIE",0.55,499,0.463551894170486,0.0179943669534427,0.975951903807615,0.93186372745491,0.432139754375325
"asymmetric_mixture",0.3,"PNIE",0.6,499,0.450496500543236,0.0174261017089589,0.975951903807615,0.93186372745491,0.419574062589715
"asymmetric_mixture",0.3,"PNIE",0.65,499,0.438931824598778,0.0169305745535615,0.973947895791583,0.927855711422846,0.408446615219512
"asymmetric_mixture",0.3,"PNIE",0.7,499,0.428718942125649,0.0165004401676022,0.971943887775551,0.935871743486974,0.39862454010915
"asymmetric_mixture",0.3,"PNIE",0.75,499,0.419764347162475,0.0161291421880074,0.967935871743487,0.935871743486974,0.390019152157893
"asymmetric_mixture",0.3,"PNIE",0.8,499,0.412031045574862,0.0158108256812434,0.969939879759519,0.93186372745491,0.382596963915379
"gaussian",0.3,"PNIE",-0.8,500,1.05107480547826,0.0153734415306065,0.956,0.94,1.03877093782203
"gaussian",0.3,"PNIE",-0.75,500,1.04733365901515,0.0148415397926743,0.952,0.938,1.03487460415788
"gaussian",0.3,"PNIE",-0.7,500,1.04187766311663,0.0140152027810003,0.944,0.944,1.02989671537698
"gaussian",0.3,"PNIE",-0.65,500,1.03436508870265,0.0128595245506899,0.942,0.942,1.0237596672187
"gaussian",0.3,"PNIE",-0.6,500,1.02491573294495,0.0115105113533735,0.95,0.95,1.01670957956926
"gaussian",0.3,"PNIE",-0.55,500,1.01467212778831,0.0104467530927186,0.956,0.958,1.00972075253424
"gaussian",0.3,"PNIE",-0.5,500,1.00593558250648,0.0103067722500848,0.988,0.986,1.00454154574644
"gaussian",0.3,"PNIE",-0.45,500,1.00104623431298,0.0110972557699135,0.986,0.988,1.0029721401629
"gaussian",0.3,"PNIE",-0.4,500,1.00071804387283,0.0121551870553884,0.942,0.944,1.00507391479432
"gaussian",0.3,"PNIE",-0.35,500,1.00383077499835,0.0129939351925185,0.926,0.922,1.00974883864612
"gaussian",0.3,"PNIE",-0.3,500,1.00866571602102,0.0135247708505993,0.908,0.914,1.01553890186244
"gaussian",0.3,"PNIE",-0.25,500,1.01391423151302,0.0138319467629981,0.906,0.916,1.02117610383527
"gaussian",0.3,"PNIE",-0.2,500,1.01887921910449,0.0140118515519315,0.912,0.916,1.02603235374461
"gaussian",0.3,"PNIE",-0.15,500,1.02329156882104,0.0141283546028489,0.914,0.916,1.03003243674037
"gaussian",0.3,"PNIE",-0.1,500,1.02710466523546,0.0142159119910409,0.918,0.924,1.0332699764251
"gaussian",0.3,"PNIE",-0.05,500,1.03036573125125,0.0142910520560499,0.924,0.93,1.03587892908785
"gaussian",0.3,"PNIE",0,500,1.03315148453689,0.0143610007971019,0.926,0.932,1.03798738203262
"gaussian",0.3,"PNIE",0.05,500,1.03554027554409,0.0144285961355601,0.934,0.928,1.03970272271502
"gaussian",0.3,"PNIE",0.1,500,1.03760186001631,0.0144947671478602,0.934,0.928,1.04111006130517
"gaussian",0.3,"PNIE",0.15,500,1.03939488560701,0.0145596967624599,0.938,0.928,1.04227522753968
"gaussian",0.3,"PNIE",0.2,500,1.04096741944722,0.0146233346246103,0.94,0.93,1.04324869155996
"gaussian",0.3,"PNIE",0.25,500,1.04235846303119,0.0146856067635576,0.94,0.934,1.04406911954681
"gaussian",0.3,"PNIE",0.3,500,1.04359961305844,0.0147464905996377,0.94,0.938,1.04476623865149
"gaussian",0.3,"PNIE",0.35,500,1.04471656191023,0.0148060339800084,0.946,0.938,1.04536303115903
"gaussian",0.3,"PNIE",0.4,500,1.04573035703651,0.0148643538580801,0.944,0.938,1.04587737570572
"gaussian",0.3,"PNIE",0.45,500,1.04665842752104,0.0149216303074045,0.944,0.942,1.0463232609745
"gaussian",0.3,"PNIE",0.5,500,1.04751541716181,0.0149781027521789,0.944,0.944,1.04671167685123
"gaussian",0.3,"PNIE",0.55,500,1.04831387202169,0.0150340718404671,0.944,0.944,1.04705126223027
"gaussian",0.3,"PNIE",0.6,500,1.04906483311042,0.0150899097352816,0.94,0.942,1.0473487641841
"gaussian",0.3,"PNIE",0.65,500,1.04977839119247,0.0151460829783957,0.94,0.94,1.04760933984055
"gaussian",0.3,"PNIE",0.7,500,1.05046428088093,0.0152031961583422,0.94,0.938,1.04783670506262
"gaussian",0.3,"PNIE",0.75,500,1.051132646593,0.0152620744990386,0.942,0.938,1.04803308918934
"gaussian",0.3,"PNIE",0.8,500,1.05179526621843,0.0153239293758064,0.944,0.938,1.04819885117898
"asymmetric_mixture",-0.3,"TE",-0.8,498,0.998396737183784,0.00226550949804082,0.951807228915663,0.94578313253012,0.999869955515153
"asymmetric_mixture",-0.3,"TE",-0.75,498,0.998396737183784,0.00226550949804082,0.951807228915663,0.94578313253012,0.999869955515153
"asymmetric_mixture",-0.3,"TE",-0.7,498,0.998396737183784,0.00226550949804082,0.951807228915663,0.94578313253012,0.999869955515153
"asymmetric_mixture",-0.3,"TE",-0.65,498,0.998396737183784,0.00226550949804082,0.951807228915663,0.94578313253012,0.999869955515153
"asymmetric_mixture",-0.3,"TE",-0.6,498,0.998396737183784,0.00226550949804082,0.951807228915663,0.94578313253012,0.999869955515153
"asymmetric_mixture",-0.3,"TE",-0.55,498,0.998396737183784,0.00226550949804082,0.951807228915663,0.94578313253012,0.999869955515153
"asymmetric_mixture",-0.3,"TE",-0.5,498,0.998396737183784,0.00226550949804082,0.951807228915663,0.94578313253012,0.999869955515153
"asymmetric_mixture",-0.3,"TE",-0.45,498,0.998396737183784,0.00226550949804082,0.951807228915663,0.94578313253012,0.999869955515153
"asymmetric_mixture",-0.3,"TE",-0.4,498,0.998396737183784,0.00226550949804082,0.951807228915663,0.94578313253012,0.999869955515153
"asymmetric_mixture",-0.3,"TE",-0.35,498,0.998396737183784,0.00226550949804082,0.951807228915663,0.94578313253012,0.999869955515153
"asymmetric_mixture",-0.3,"TE",-0.3,498,0.998396737183784,0.00226550949804082,0.951807228915663,0.94578313253012,0.999869955515153
"asymmetric_mixture",-0.3,"TE",-0.25,498,0.998396737183784,0.00226550949804082,0.951807228915663,0.94578313253012,0.999869955515153
"asymmetric_mixture",-0.3,"TE",-0.2,498,0.998396737183784,0.00226550949804082,0.951807228915663,0.94578313253012,0.999869955515153
"asymmetric_mixture",-0.3,"TE",-0.15,498,0.998396737183784,0.00226550949804082,0.951807228915663,0.94578313253012,0.999869955515153
"asymmetric_mixture",-0.3,"TE",-0.1,498,0.998396737183784,0.00226550949804082,0.951807228915663,0.94578313253012,0.999869955515153
"asymmetric_mixture",-0.3,"TE",-0.05,498,0.998396737183784,0.00226550949804082,0.951807228915663,0.94578313253012,0.999869955515153
"asymmetric_mixture",-0.3,"TE",0,498,0.998396737183784,0.00226550949804082,0.951807228915663,0.94578313253012,0.999869955515153
"asymmetric_mixture",-0.3,"TE",0.05,498,0.998396737183784,0.00226550949804082,0.951807228915663,0.94578313253012,0.999869955515153
"asymmetric_mixture",-0.3,"TE",0.1,498,0.998396737183784,0.00226550949804082,0.951807228915663,0.94578313253012,0.999869955515153
"asymmetric_mixture",-0.3,"TE",0.15,498,0.998396737183784,0.00226550949804082,0.951807228915663,0.94578313253012,0.999869955515153
"asymmetric_mixture",-0.3,"TE",0.2,498,0.998396737183784,0.00226550949804082,0.951807228915663,0.94578313253012,0.999869955515153
"asymmetric_mixture",-0.3,"TE",0.25,498,0.998396737183784,0.00226550949804082,0.951807228915663,0.94578313253012,0.999869955515153
"asymmetric_mixture",-0.3,"TE",0.3,498,0.998396737183784,0.00226550949804082,0.951807228915663,0.94578313253012,0.999869955515153
"asymmetric_mixture",-0.3,"TE",0.35,498,0.998396737183784,0.00226550949804082,0.951807228915663,0.94578313253012,0.999869955515153
"asymmetric_mixture",-0.3,"TE",0.4,498,0.998396737183784,0.00226550949804082,0.951807228915663,0.94578313253012,0.999869955515153
"asymmetric_mixture",-0.3,"TE",0.45,498,0.998396737183784,0.00226550949804082,0.951807228915663,0.94578313253012,0.999869955515153
"asymmetric_mixture",-0.3,"TE",0.5,498,0.998396737183784,0.00226550949804082,0.951807228915663,0.94578313253012,0.999869955515153
"asymmetric_mixture",-0.3,"TE",0.55,498,0.998396737183784,0.00226550949804082,0.951807228915663,0.94578313253012,0.999869955515153
"asymmetric_mixture",-0.3,"TE",0.6,498,0.998396737183784,0.00226550949804082,0.951807228915663,0.94578313253012,0.999869955515153
"asymmetric_mixture",-0.3,"TE",0.65,498,0.998396737183784,0.00226550949804082,0.951807228915663,0.94578313253012,0.999869955515153
"asymmetric_mixture",-0.3,"TE",0.7,498,0.998396737183784,0.00226550949804082,0.951807228915663,0.94578313253012,0.999869955515153
"asymmetric_mixture",-0.3,"TE",0.75,498,0.998396737183784,0.00226550949804082,0.951807228915663,0.94578313253012,0.999869955515153
"asymmetric_mixture",-0.3,"TE",0.8,498,0.998396737183784,0.00226550949804082,0.951807228915663,0.94578313253012,0.999869955515153
"gaussian",-0.3,"TE",-0.8,500,1.00057195810975,0.000858733784909687,0.932,0.934,1.00078010059521
"gaussian",-0.3,"TE",-0.75,500,1.00057195810975,0.000858733784909687,0.932,0.934,1.00078010059521
"gaussian",-0.3,"TE",-0.7,500,1.00057195810975,0.000858733784909687,0.932,0.934,1.00078010059521
"gaussian",-0.3,"TE",-0.65,500,1.00057195810975,0.000858733784909687,0.932,0.934,1.00078010059521
"gaussian",-0.3,"TE",-0.6,500,1.00057195810975,0.000858733784909687,0.932,0.934,1.00078010059521
"gaussian",-0.3,"TE",-0.55,500,1.00057195810975,0.000858733784909687,0.932,0.934,1.00078010059521
"gaussian",-0.3,"TE",-0.5,500,1.00057195810975,0.000858733784909687,0.932,0.934,1.00078010059521
"gaussian",-0.3,"TE",-0.45,500,1.00057195810975,0.000858733784909687,0.932,0.934,1.00078010059521
"gaussian",-0.3,"TE",-0.4,500,1.00057195810975,0.000858733784909687,0.932,0.934,1.00078010059521
"gaussian",-0.3,"TE",-0.35,500,1.00057195810975,0.000858733784909687,0.932,0.934,1.00078010059521
"gaussian",-0.3,"TE",-0.3,500,1.00057195810975,0.000858733784909687,0.932,0.934,1.00078010059521
"gaussian",-0.3,"TE",-0.25,500,1.00057195810975,0.000858733784909687,0.932,0.934,1.00078010059521
"gaussian",-0.3,"TE",-0.2,500,1.00057195810975,0.000858733784909687,0.932,0.934,1.00078010059521
"gaussian",-0.3,"TE",-0.15,500,1.00057195810975,0.000858733784909687,0.932,0.934,1.00078010059521
"gaussian",-0.3,"TE",-0.1,500,1.00057195810975,0.000858733784909687,0.932,0.934,1.00078010059521
"gaussian",-0.3,"TE",-0.05,500,1.00057195810975,0.000858733784909687,0.932,0.934,1.00078010059521
"gaussian",-0.3,"TE",0,500,1.00057195810975,0.000858733784909687,0.932,0.934,1.00078010059521
"gaussian",-0.3,"TE",0.05,500,1.00057195810975,0.000858733784909687,0.932,0.934,1.00078010059521
"gaussian",-0.3,"TE",0.1,500,1.00057195810975,0.000858733784909687,0.932,0.934,1.00078010059521
"gaussian",-0.3,"TE",0.15,500,1.00057195810975,0.000858733784909687,0.932,0.934,1.00078010059521
"gaussian",-0.3,"TE",0.2,500,1.00057195810975,0.000858733784909687,0.932,0.934,1.00078010059521
"gaussian",-0.3,"TE",0.25,500,1.00057195810975,0.000858733784909687,0.932,0.934,1.00078010059521
"gaussian",-0.3,"TE",0.3,500,1.00057195810975,0.000858733784909687,0.932,0.934,1.00078010059521
"gaussian",-0.3,"TE",0.35,500,1.00057195810975,0.000858733784909687,0.932,0.934,1.00078010059521
"gaussian",-0.3,"TE",0.4,500,1.00057195810975,0.000858733784909687,0.932,0.934,1.00078010059521
"gaussian",-0.3,"TE",0.45,500,1.00057195810975,0.000858733784909687,0.932,0.934,1.00078010059521
"gaussian",-0.3,"TE",0.5,500,1.00057195810975,0.000858733784909687,0.932,0.934,1.00078010059521
"gaussian",-0.3,"TE",0.55,500,1.00057195810975,0.000858733784909687,0.932,0.934,1.00078010059521
"gaussian",-0.3,"TE",0.6,500,1.00057195810975,0.000858733784909687,0.932,0.934,1.00078010059521
"gaussian",-0.3,"TE",0.65,500,1.00057195810975,0.000858733784909687,0.932,0.934,1.00078010059521
"gaussian",-0.3,"TE",0.7,500,1.00057195810975,0.000858733784909687,0.932,0.934,1.00078010059521
"gaussian",-0.3,"TE",0.75,500,1.00057195810975,0.000858733784909687,0.932,0.934,1.00078010059521
"gaussian",-0.3,"TE",0.8,500,1.00057195810975,0.000858733784909687,0.932,0.934,1.00078010059521
"asymmetric_mixture",0,"TE",-0.8,500,0.996894492486317,0.00266313440243959,0.964,0.968,1.00015004775146
"asymmetric_mixture",0,"TE",-0.75,500,0.996894492486317,0.00266313440243959,0.964,0.968,1.00015004775146
"asymmetric_mixture",0,"TE",-0.7,500,0.996894492486317,0.00266313440243959,0.964,0.968,1.00015004775146
"asymmetric_mixture",0,"TE",-0.65,500,0.996894492486317,0.00266313440243959,0.964,0.968,1.00015004775146
"asymmetric_mixture",0,"TE",-0.6,500,0.996894492486317,0.00266313440243959,0.964,0.968,1.00015004775146
"asymmetric_mixture",0,"TE",-0.55,500,0.996894492486317,0.00266313440243959,0.964,0.968,1.00015004775146
"asymmetric_mixture",0,"TE",-0.5,500,0.996894492486317,0.00266313440243959,0.964,0.968,1.00015004775146
"asymmetric_mixture",0,"TE",-0.45,500,0.996894492486317,0.00266313440243959,0.964,0.968,1.00015004775146
"asymmetric_mixture",0,"TE",-0.4,500,0.996894492486317,0.00266313440243959,0.964,0.968,1.00015004775146
"asymmetric_mixture",0,"TE",-0.35,500,0.996894492486317,0.00266313440243959,0.964,0.968,1.00015004775146
"asymmetric_mixture",0,"TE",-0.3,500,0.996894492486317,0.00266313440243959,0.964,0.968,1.00015004775146
"asymmetric_mixture",0,"TE",-0.25,500,0.996894492486317,0.00266313440243959,0.964,0.968,1.00015004775146
"asymmetric_mixture",0,"TE",-0.2,500,0.996894492486317,0.00266313440243959,0.964,0.968,1.00015004775146
"asymmetric_mixture",0,"TE",-0.15,500,0.996894492486317,0.00266313440243959,0.964,0.968,1.00015004775146
"asymmetric_mixture",0,"TE",-0.1,500,0.996894492486317,0.00266313440243959,0.964,0.968,1.00015004775146
"asymmetric_mixture",0,"TE",-0.05,500,0.996894492486317,0.00266313440243959,0.964,0.968,1.00015004775146
"asymmetric_mixture",0,"TE",0,500,0.996894492486317,0.00266313440243959,0.964,0.968,1.00015004775146
"asymmetric_mixture",0,"TE",0.05,500,0.996894492486317,0.00266313440243959,0.964,0.968,1.00015004775146
"asymmetric_mixture",0,"TE",0.1,500,0.996894492486317,0.00266313440243959,0.964,0.968,1.00015004775146
"asymmetric_mixture",0,"TE",0.15,500,0.996894492486317,0.00266313440243959,0.964,0.968,1.00015004775146
"asymmetric_mixture",0,"TE",0.2,500,0.996894492486317,0.00266313440243959,0.964,0.968,1.00015004775146
"asymmetric_mixture",0,"TE",0.25,500,0.996894492486317,0.00266313440243959,0.964,0.968,1.00015004775146
"asymmetric_mixture",0,"TE",0.3,500,0.996894492486317,0.00266313440243959,0.964,0.968,1.00015004775146
"asymmetric_mixture",0,"TE",0.35,500,0.996894492486317,0.00266313440243959,0.964,0.968,1.00015004775146
"asymmetric_mixture",0,"TE",0.4,500,0.996894492486317,0.00266313440243959,0.964,0.968,1.00015004775146
"asymmetric_mixture",0,"TE",0.45,500,0.996894492486317,0.00266313440243959,0.964,0.968,1.00015004775146
"asymmetric_mixture",0,"TE",0.5,500,0.996894492486317,0.00266313440243959,0.964,0.968,1.00015004775146
"asymmetric_mixture",0,"TE",0.55,500,0.996894492486317,0.00266313440243959,0.964,0.968,1.00015004775146
"asymmetric_mixture",0,"TE",0.6,500,0.996894492486317,0.00266313440243959,0.964,0.968,1.00015004775146
"asymmetric_mixture",0,"TE",0.65,500,0.996894492486317,0.00266313440243959,0.964,0.968,1.00015004775146
"asymmetric_mixture",0,"TE",0.7,500,0.996894492486317,0.00266313440243959,0.964,0.968,1.00015004775146
"asymmetric_mixture",0,"TE",0.75,500,0.996894492486317,0.00266313440243959,0.964,0.968,1.00015004775146
"asymmetric_mixture",0,"TE",0.8,500,0.996894492486317,0.00266313440243959,0.964,0.968,1.00015004775146
"gaussian",0,"TE",-0.8,500,0.996856494027582,0.000942379233350598,0.94,0.942,1.00052650013908
"gaussian",0,"TE",-0.75,500,0.996856494027582,0.000942379233350598,0.94,0.942,1.00052650013908
"gaussian",0,"TE",-0.7,500,0.996856494027582,0.000942379233350598,0.94,0.942,1.00052650013908
"gaussian",0,"TE",-0.65,500,0.996856494027582,0.000942379233350598,0.94,0.942,1.00052650013908
"gaussian",0,"TE",-0.6,500,0.996856494027582,0.000942379233350598,0.94,0.942,1.00052650013908
"gaussian",0,"TE",-0.55,500,0.996856494027582,0.000942379233350598,0.94,0.942,1.00052650013908
"gaussian",0,"TE",-0.5,500,0.996856494027582,0.000942379233350598,0.94,0.942,1.00052650013908
"gaussian",0,"TE",-0.45,500,0.996856494027582,0.000942379233350598,0.94,0.942,1.00052650013908
"gaussian",0,"TE",-0.4,500,0.996856494027582,0.000942379233350598,0.94,0.942,1.00052650013908
"gaussian",0,"TE",-0.35,500,0.996856494027582,0.000942379233350598,0.94,0.942,1.00052650013908
"gaussian",0,"TE",-0.3,500,0.996856494027582,0.000942379233350598,0.94,0.942,1.00052650013908
"gaussian",0,"TE",-0.25,500,0.996856494027582,0.000942379233350598,0.94,0.942,1.00052650013908
"gaussian",0,"TE",-0.2,500,0.996856494027582,0.000942379233350598,0.94,0.942,1.00052650013908
"gaussian",0,"TE",-0.15,500,0.996856494027582,0.000942379233350598,0.94,0.942,1.00052650013908
"gaussian",0,"TE",-0.1,500,0.996856494027582,0.000942379233350598,0.94,0.942,1.00052650013908
"gaussian",0,"TE",-0.05,500,0.996856494027582,0.000942379233350598,0.94,0.942,1.00052650013908
"gaussian",0,"TE",0,500,0.996856494027582,0.000942379233350598,0.94,0.942,1.00052650013908
"gaussian",0,"TE",0.05,500,0.996856494027582,0.000942379233350598,0.94,0.942,1.00052650013908
"gaussian",0,"TE",0.1,500,0.996856494027582,0.000942379233350598,0.94,0.942,1.00052650013908
"gaussian",0,"TE",0.15,500,0.996856494027582,0.000942379233350598,0.94,0.942,1.00052650013908
"gaussian",0,"TE",0.2,500,0.996856494027582,0.000942379233350598,0.94,0.942,1.00052650013908
"gaussian",0,"TE",0.25,500,0.996856494027582,0.000942379233350598,0.94,0.942,1.00052650013908
"gaussian",0,"TE",0.3,500,0.996856494027582,0.000942379233350598,0.94,0.942,1.00052650013908
"gaussian",0,"TE",0.35,500,0.996856494027582,0.000942379233350598,0.94,0.942,1.00052650013908
"gaussian",0,"TE",0.4,500,0.996856494027582,0.000942379233350598,0.94,0.942,1.00052650013908
"gaussian",0,"TE",0.45,500,0.996856494027582,0.000942379233350598,0.94,0.942,1.00052650013908
"gaussian",0,"TE",0.5,500,0.996856494027582,0.000942379233350598,0.94,0.942,1.00052650013908
"gaussian",0,"TE",0.55,500,0.996856494027582,0.000942379233350598,0.94,0.942,1.00052650013908
"gaussian",0,"TE",0.6,500,0.996856494027582,0.000942379233350598,0.94,0.942,1.00052650013908
"gaussian",0,"TE",0.65,500,0.996856494027582,0.000942379233350598,0.94,0.942,1.00052650013908
"gaussian",0,"TE",0.7,500,0.996856494027582,0.000942379233350598,0.94,0.942,1.00052650013908
"gaussian",0,"TE",0.75,500,0.996856494027582,0.000942379233350598,0.94,0.942,1.00052650013908
"gaussian",0,"TE",0.8,500,0.996856494027582,0.000942379233350598,0.94,0.942,1.00052650013908
"asymmetric_mixture",0.3,"TE",-0.8,499,1.00048157500544,0.0023046767768365,0.959919839679359,0.957915831663327,0.999779800880622
"asymmetric_mixture",0.3,"TE",-0.75,499,1.00048157500544,0.0023046767768365,0.959919839679359,0.957915831663327,0.999779800880622
"asymmetric_mixture",0.3,"TE",-0.7,499,1.00048157500544,0.0023046767768365,0.959919839679359,0.957915831663327,0.999779800880622
"asymmetric_mixture",0.3,"TE",-0.65,499,1.00048157500544,0.0023046767768365,0.959919839679359,0.957915831663327,0.999779800880622
"asymmetric_mixture",0.3,"TE",-0.6,499,1.00048157500544,0.0023046767768365,0.959919839679359,0.957915831663327,0.999779800880622
"asymmetric_mixture",0.3,"TE",-0.55,499,1.00048157500544,0.0023046767768365,0.959919839679359,0.957915831663327,0.999779800880622
"asymmetric_mixture",0.3,"TE",-0.5,499,1.00048157500544,0.0023046767768365,0.959919839679359,0.957915831663327,0.999779800880622
"asymmetric_mixture",0.3,"TE",-0.45,499,1.00048157500544,0.0023046767768365,0.959919839679359,0.957915831663327,0.999779800880622
"asymmetric_mixture",0.3,"TE",-0.4,499,1.00048157500544,0.0023046767768365,0.959919839679359,0.957915831663327,0.999779800880622
"asymmetric_mixture",0.3,"TE",-0.35,499,1.00048157500544,0.0023046767768365,0.959919839679359,0.957915831663327,0.999779800880622
"asymmetric_mixture",0.3,"TE",-0.3,499,1.00048157500544,0.0023046767768365,0.959919839679359,0.957915831663327,0.999779800880622
"asymmetric_mixture",0.3,"TE",-0.25,499,1.00048157500544,0.0023046767768365,0.959919839679359,0.957915831663327,0.999779800880622
"asymmetric_mixture",0.3,"TE",-0.2,499,1.00048157500544,0.0023046767768365,0.959919839679359,0.957915831663327,0.999779800880622
"asymmetric_mixture",0.3,"TE",-0.15,499,1.00048157500544,0.0023046767768365,0.959919839679359,0.957915831663327,0.999779800880622
"asymmetric_mixture",0.3,"TE",-0.1,499,1.00048157500544,0.0023046767768365,0.959919839679359,0.957915831663327,0.999779800880622
"asymmetric_mixture",0.3,"TE",-0.05,499,1.00048157500544,0.0023046767768365,0.959919839679359,0.957915831663327,0.999779800880622
"asymmetric_mixture",0.3,"TE",0,499,1.00048157500544,0.0023046767768365,0.959919839679359,0.957915831663327,0.999779800880622
"asymmetric_mixture",0.3,"TE",0.05,499,1.00048157500544,0.0023046767768365,0.959919839679359,0.957915831663327,0.999779800880622
"asymmetric_mixture",0.3,"TE",0.1,499,1.00048157500544,0.0023046767768365,0.959919839679359,0.957915831663327,0.999779800880622
"asymmetric_mixture",0.3,"TE",0.15,499,1.00048157500544,0.0023046767768365,0.959919839679359,0.957915831663327,0.999779800880622
"asymmetric_mixture",0.3,"TE",0.2,499,1.00048157500544,0.0023046767768365,0.959919839679359,0.957915831663327,0.999779800880622
"asymmetric_mixture",0.3,"TE",0.25,499,1.00048157500544,0.0023046767768365,0.959919839679359,0.957915831663327,0.999779800880622
"asymmetric_mixture",0.3,"TE",0.3,499,1.00048157500544,0.0023046767768365,0.959919839679359,0.957915831663327,0.999779800880622
"asymmetric_mixture",0.3,"TE",0.35,499,1.00048157500544,0.0023046767768365,0.959919839679359,0.957915831663327,0.999779800880622
"asymmetric_mixture",0.3,"TE",0.4,499,1.00048157500544,0.0023046767768365,0.959919839679359,0.957915831663327,0.999779800880622
"asymmetric_mixture",0.3,"TE",0.45,499,1.00048157500544,0.0023046767768365,0.959919839679359,0.957915831663327,0.999779800880622
"asymmetric_mixture",0.3,"TE",0.5,499,1.00048157500544,0.0023046767768365,0.959919839679359,0.957915831663327,0.999779800880622
"asymmetric_mixture",0.3,"TE",0.55,499,1.00048157500544,0.0023046767768365,0.959919839679359,0.957915831663327,0.999779800880622
"asymmetric_mixture",0.3,"TE",0.6,499,1.00048157500544,0.0023046767768365,0.959919839679359,0.957915831663327,0.999779800880622
"asymmetric_mixture",0.3,"TE",0.65,499,1.00048157500544,0.0023046767768365,0.959919839679359,0.957915831663327,0.999779800880622
"asymmetric_mixture",0.3,"TE",0.7,499,1.00048157500544,0.0023046767768365,0.959919839679359,0.957915831663327,0.999779800880622
"asymmetric_mixture",0.3,"TE",0.75,499,1.00048157500544,0.0023046767768365,0.959919839679359,0.957915831663327,0.999779800880622
"asymmetric_mixture",0.3,"TE",0.8,499,1.00048157500544,0.0023046767768365,0.959919839679359,0.957915831663327,0.999779800880622
"gaussian",0.3,"TE",-0.8,500,0.999193264483595,0.000883040259098083,0.962,0.962,1.0005302985687
"gaussian",0.3,"TE",-0.75,500,0.999193264483595,0.000883040259098083,0.962,0.962,1.0005302985687
"gaussian",0.3,"TE",-0.7,500,0.999193264483595,0.000883040259098083,0.962,0.962,1.0005302985687
"gaussian",0.3,"TE",-0.65,500,0.999193264483595,0.000883040259098083,0.962,0.962,1.0005302985687
"gaussian",0.3,"TE",-0.6,500,0.999193264483595,0.000883040259098083,0.962,0.962,1.0005302985687
"gaussian",0.3,"TE",-0.55,500,0.999193264483595,0.000883040259098083,0.962,0.962,1.0005302985687
"gaussian",0.3,"TE",-0.5,500,0.999193264483595,0.000883040259098083,0.962,0.962,1.0005302985687
"gaussian",0.3,"TE",-0.45,500,0.999193264483595,0.000883040259098083,0.962,0.962,1.0005302985687
"gaussian",0.3,"TE",-0.4,500,0.999193264483595,0.000883040259098083,0.962,0.962,1.0005302985687
"gaussian",0.3,"TE",-0.35,500,0.999193264483595,0.000883040259098083,0.962,0.962,1.0005302985687
"gaussian",0.3,"TE",-0.3,500,0.999193264483595,0.000883040259098083,0.962,0.962,1.0005302985687
"gaussian",0.3,"TE",-0.25,500,0.999193264483595,0.000883040259098083,0.962,0.962,1.0005302985687
"gaussian",0.3,"TE",-0.2,500,0.999193264483595,0.000883040259098083,0.962,0.962,1.0005302985687
"gaussian",0.3,"TE",-0.15,500,0.999193264483595,0.000883040259098083,0.962,0.962,1.0005302985687
"gaussian",0.3,"TE",-0.1,500,0.999193264483595,0.000883040259098083,0.962,0.962,1.0005302985687
"gaussian",0.3,"TE",-0.05,500,0.999193264483595,0.000883040259098083,0.962,0.962,1.0005302985687
"gaussian",0.3,"TE",0,500,0.999193264483595,0.000883040259098083,0.962,0.962,1.0005302985687
"gaussian",0.3,"TE",0.05,500,0.999193264483595,0.000883040259098083,0.962,0.962,1.0005302985687
"gaussian",0.3,"TE",0.1,500,0.999193264483595,0.000883040259098083,0.962,0.962,1.0005302985687
"gaussian",0.3,"TE",0.15,500,0.999193264483595,0.000883040259098083,0.962,0.962,1.0005302985687
"gaussian",0.3,"TE",0.2,500,0.999193264483595,0.000883040259098083,0.962,0.962,1.0005302985687
"gaussian",0.3,"TE",0.25,500,0.999193264483595,0.000883040259098083,0.962,0.962,1.0005302985687
"gaussian",0.3,"TE",0.3,500,0.999193264483595,0.000883040259098083,0.962,0.962,1.0005302985687
"gaussian",0.3,"TE",0.35,500,0.999193264483595,0.000883040259098083,0.962,0.962,1.0005302985687
"gaussian",0.3,"TE",0.4,500,0.999193264483595,0.000883040259098083,0.962,0.962,1.0005302985687
"gaussian",0.3,"TE",0.45,500,0.999193264483595,0.000883040259098083,0.962,0.962,1.0005302985687
"gaussian",0.3,"TE",0.5,500,0.999193264483595,0.000883040259098083,0.962,0.962,1.0005302985687
"gaussian",0.3,"TE",0.55,500,0.999193264483595,0.000883040259098083,0.962,0.962,1.0005302985687
"gaussian",0.3,"TE",0.6,500,0.999193264483595,0.000883040259098083,0.962,0.962,1.0005302985687
"gaussian",0.3,"TE",0.65,500,0.999193264483595,0.000883040259098083,0.962,0.962,1.0005302985687
"gaussian",0.3,"TE",0.7,500,0.999193264483595,0.000883040259098083,0.962,0.962,1.0005302985687
"gaussian",0.3,"TE",0.75,500,0.999193264483595,0.000883040259098083,0.962,0.962,1.0005302985687
"gaussian",0.3,"TE",0.8,500,0.999193264483595,0.000883040259098083,0.962,0.962,1.0005302985687
"asymmetric_mixture",-0.3,"TNDE",-0.8,498,0.937604129969103,0.0131340241526899,0.931726907630522,0.947791164658635,0.958178779749341
"asymmetric_mixture",-0.3,"TNDE",-0.75,498,0.994470749030224,0.013067296734378,0.939759036144578,0.947791164658635,1.01585797983913
"asymmetric_mixture",-0.3,"TNDE",-0.7,498,1.04270590251075,0.0134575298836514,0.939759036144578,0.94578313253012,1.0644875029837
"asymmetric_mixture",-0.3,"TNDE",-0.65,498,1.08406816657005,0.0142845139133731,0.939759036144578,0.947791164658635,1.10593350701699
"asymmetric_mixture",-0.3,"TNDE",-0.6,498,1.119699415351,0.0154788463585,0.937751004016064,0.947791164658635,1.14142121151259
"asymmetric_mixture",-0.3,"TNDE",-0.55,498,1.15038171410057,0.0169544357148522,0.94578313253012,0.947791164658635,1.17179985399296
"asymmetric_mixture",-0.3,"TNDE",-0.5,498,1.17667008260138,0.0186307963211027,0.94578313253012,0.947791164658635,1.197679816626
"asymmetric_mixture",-0.3,"TNDE",-0.45,498,1.19896746451487,0.0204417005233193,0.947791164658635,0.947791164658635,1.21951019282788
"asymmetric_mixture",-0.3,"TNDE",-0.4,498,1.21756996203437,0.0223354511645712,0.951807228915663,0.947791164658635,1.2376256675191
"asymmetric_mixture",-0.3,"TNDE",-0.35,498,1.23269556354203,0.0242720377287707,0.951807228915663,0.947791164658635,1.25227632529504
"asymmetric_mixture",-0.3,"TNDE",-0.3,498,1.24450313757275,0.026219893009376,0.951807228915663,0.94578313253012,1.26364736215126
"asymmetric_mixture",-0.3,"TNDE",-0.25,498,1.25310539505151,0.0281531788991,0.94578313253012,0.943775100401606,1.27187251794016
"asymmetric_mixture",-0.3,"TNDE",-0.2,498,1.25857795196934,0.0300497438703492,0.943775100401606,0.943775100401606,1.27704343261295
"asymmetric_mixture",-0.3,"TNDE",-0.15,498,1.26096577346419,0.0318896465464757,0.941767068273092,0.943775100401606,1.27921625436092
"asymmetric_mixture",-0.3,"TNDE",-0.1,498,1.26028779473523,0.0336541010082024,0.937751004016064,0.941767068273092,1.27841632921567
"asymmetric_mixture",-0.3,"TNDE",-0.05,498,1.25654022431101,0.0353247229903788,0.941767068273092,0.939759036144578,1.27464150480827
"asymmetric_mixture",-0.3,"TNDE",0,498,1.2496988541973,0.0368829892666861,0.941767068273092,0.937751004016064,1.2678643967811
"asymmetric_mixture",-0.3,"TNDE",0.05,498,1.23972058278501,0.0383098503352159,0.943775100401606,0.937751004016064,1.25803384703052
"asymmetric_mixture",-0.3,"TNDE",0.1,498,1.22654427378241,0.0395854567622851,0.94578313253012,0.937751004016064,1.24507572157341
"asymmetric_mixture",-0.3,"TNDE",0.15,498,1.21009101205619,0.0406889734546526,0.94578313253012,0.937751004016064,1.22889313623816
"asymmetric_mixture",-0.3,"TNDE",0.2,498,1.19026376482899,0.0415984654398589,0.947791164658635,0.941767068273092,1.20936615008064
"asymmetric_mixture",-0.3,"TNDE",0.25,498,1.16694640660078,0.0422908448646228,0.947791164658635,0.943775100401606,1.18635092168418
"asymmetric_mixture",-0.3,"TNDE",0.3,498,1.14000201184445,0.0427418728948296,0.949799196787149,0.943775100401606,1.15967827556531
"asymmetric_mixture",-0.3,"TNDE",0.35,498,1.10927025418689,0.0429262127301926,0.949799196787149,0.943775100401606,1.12915156775515
"asymmetric_mixture",-0.3,"TNDE",0.4,498,1.07456366660918,0.0428175315641622,0.943775100401606,0.94578313253012,1.09454366308242
"asymmetric_mixture",-0.3,"TNDE",0.45,498,1.03566240514599,0.0423886505282718,0.949799196787149,0.94578313253012,1.05559273220287
"asymmetric_mixture",-0.3,"TNDE",0.5,498,0.992307010378882,0.0416117431626631,0.949799196787149,0.94578313253012,1.01199643532248
"asymmetric_mixture",-0.3,"TNDE",0.55,498,0.944188478886859,0.0404585861189394,0.947791164658635,0.947791164658635,0.963403884848661
"asymmetric_mixture",-0.3,"TNDE",0.6,498,0.890934789629012,0.0389008738094024,0.949799196787149,0.947791164658635,0.909404626119119
"asymmetric_mixture",-0.3,"TNDE",0.65,498,0.832093104289107,0.0369106297655107,0.949799196787149,0.949799196787149,0.849513996319095
"asymmetric_mixture",-0.3,"TNDE",0.7,498,0.767108065106014,0.0344608047958561,0.94578313253012,0.949799196787149,0.78315559772817
"asymmetric_mixture",-0.3,"TNDE",0.75,498,0.695302440940899,0.0315263203052889,0.943775100401606,0.953815261044177,0.709648054914203
"asymmetric_mixture",-0.3,"TNDE",0.8,498,0.615891602788508,0.0280863830718894,0.937751004016064,0.951807228915663,0.628230552207353
"gaussian",-0.3,"TNDE",-0.8,500,1.00192300756483,0.00389766349104368,0.93,0.932,1.00139750083842
"gaussian",-0.3,"TNDE",-0.75,500,0.999939646061256,0.00326194082500073,0.932,0.932,1.00073937908145
"gaussian",-0.3,"TNDE",-0.7,500,0.999679157327574,0.00367060230437435,0.938,0.938,1.00165485270636
"gaussian",-0.3,"TNDE",-0.65,500,1.0006595283462,0.00467186822509014,0.944,0.946,1.00363117915357
"gaussian",-0.3,"TNDE",-0.6,500,1.00251792564728,0.00584624083260782,0.948,0.95,1.00629360359086
"gaussian",-0.3,"TNDE",-0.55,500,1.0049830505149,0.00702112539191691,0.946,0.946,1.00937332510007
"gaussian",-0.3,"TNDE",-0.5,500,1.00785389291655,0.00813634588242198,0.942,0.942,1.01268112038622
"gaussian",-0.3,"TNDE",-0.45,500,1.01098287116595,0.0091723947251192,0.942,0.948,1.01608622729017
"gaussian",-0.3,"TNDE",-0.4,500,1.01426258344244,0.0101253766912858,0.944,0.948,1.01950005762284
"gaussian",-0.3,"TNDE",-0.35,500,1.01761557610934,0.0109977971092887,0.946,0.954,1.02286400678397
"gaussian",-0.3,"TNDE",-0.3,500,1.02098656163772,0.0117947752014478,0.954,0.956,1.02614052874572
"gaussian",-0.3,"TNDE",-0.25,500,1.02433656672763,0.0125223397849705,0.954,0.956,1.02930670310468
"gaussian",-0.3,"TNDE",-0.2,500,1.02763856578577,0.0131866205999466,0.956,0.958,1.03234964822318
"gaussian",-0.3,"TNDE",-0.15,500,1.03087423797207,0.0137934611456578,0.956,0.96,1.03526327433082
"gaussian",-0.3,"TNDE",-0.1,500,1.03403156384868,0.0143482424183841,0.954,0.958,1.03804599561934
"gaussian",-0.3,"TNDE",-0.05,500,1.03710304388599,0.0148558155927105,0.956,0.96,1.04069912172269
"gaussian",-0.3,"TNDE",0,500,1.0400843742206,0.0153204909773931,0.958,0.958,1.04322572645279
"gaussian",-0.3,"TNDE",0.05,500,1.04297345607732,0.0157460547443296,0.956,0.956,1.04562984875335
"gaussian",-0.3,"TNDE",0.1,500,1.04576964601638,0.0161357974794547,0.956,0.956,1.04791592180985
"gaussian",-0.3,"TNDE",0.15,500,1.0484731765818,0.016492545350122,0.952,0.954,1.0500883549718
"gaussian",-0.3,"TNDE",0.2,500,1.05108469264511,0.0168186883195667,0.95,0.95,1.05215121263582
"gaussian",-0.3,"TNDE",0.25,500,1.05360485893805,0.0171162016804317,0.954,0.948,1.05410794665825
"gaussian",-0.3,"TNDE",0.3,500,1.05603399957398,0.0173866578680895,0.95,0.948,1.05596114550619
"gaussian",-0.3,"TNDE",0.35,500,1.05837173070882,0.0176312253147022,0.95,0.948,1.05771226463508
"gaussian",-0.3,"TNDE",0.4,500,1.0606165418535,0.017850650007338,0.946,0.944,1.05936129784919
"gaussian",-0.3,"TNDE",0.45,500,1.06276526707437,0.0180452131168758,0.948,0.944,1.06090633641371
"gaussian",-0.3,"TNDE",0.5,500,1.06481235874,0.018214653816873,0.946,0.942,1.06234293634143
"gaussian",-0.3,"TNDE",0.55,500,1.06674882173884,0.0183580385899619,0.946,0.94,1.06366316370996
"gaussian",-0.3,"TNDE",0.6,500,1.06856055963917,0.0184735433986791,0.948,0.944,1.06485408952525
"gaussian",-0.3,"TNDE",0.65,500,1.07022566777626,0.0185580850108381,0.948,0.94,1.06589530568094
"gaussian",-0.3,"TNDE",0.7,500,1.07170973809035,0.0186066725767104,0.946,0.94,1.06675459914383
"gaussian",-0.3,"TNDE",0.75,500,1.0729571261798,0.0186111957859695,0.944,0.944,1.06737989103621
"gaussian",-0.3,"TNDE",0.8,500,1.07387316507057,0.0185579521145553,0.94,0.942,1.06768280125429
"asymmetric_mixture",0,"TNDE",-0.8,500,0.825075197457312,0.0166652500803562,0.952,0.962,0.858167143193564
"asymmetric_mixture",0,"TNDE",-0.75,500,0.875942451911768,0.0152597994431854,0.954,0.96,0.906744195756303
"asymmetric_mixture",0,"TNDE",-0.7,500,0.918446966753602,0.0137200379678074,0.96,0.962,0.94675899379343
"asymmetric_mixture",0,"TNDE",-0.65,500,0.954225337514712,0.0122239268810535,0.96,0.962,0.979987117602614
"asymmetric_mixture",0,"TNDE",-0.6,500,0.984383759555108,0.0109790191127224,0.962,0.964,1.00762353182975
"asymmetric_mixture",0,"TNDE",-0.55,500,1.00971259417148,0.0102227337765378,0.96,0.964,1.03051750319358
"asymmetric_mixture",0,"TNDE",-0.5,500,1.0307993234145,0.0101591332505286,0.962,0.964,1.04929587310317
"asymmetric_mixture",0,"TNDE",-0.45,500,1.04809336637938,0.0108460937669705,0.966,0.96,1.06443373092524
"asymmetric_mixture",0,"TNDE",-0.4,500,1.06194574910765,0.0121654793719549,0.966,0.96,1.07629770123179
"asymmetric_mixture",0,"TNDE",-0.35,500,1.07263461996718,0.0139219376640003,0.96,0.958,1.0851738375888
"asymmetric_mixture",0,"TNDE",-0.3,500,1.08038230814511,0.0159390322694892,0.96,0.958,1.0912863177159
"asymmetric_mixture",0,"TNDE",-0.25,500,1.08536707298476,0.0180875590431466,0.954,0.956,1.09481035571026
"asymmetric_mixture",0,"TNDE",-0.2,500,1.08773137433064,0.0202781594062194,0.958,0.956,1.09588131625091
"asymmetric_mixture",0,"TNDE",-0.15,500,1.08758777240888,0.0224482851516238,0.958,0.956,1.0946012341556
"asymmetric_mixture",0,"TNDE",-0.1,500,1.08502315021565,0.0245523830496093,0.95,0.956,1.09104349347513
"asymmetric_mixture",0,"TNDE",-0.05,500,1.08010170095865,0.0265556772952862,0.952,0.956,1.08525615003444
"asymmetric_mixture",0,"TNDE",0,500,1.07286696526959,0.0284303854058907,0.952,0.954,1.07726421132346
"asymmetric_mixture",0,"TNDE",0.05,500,1.06334309838927,0.0301533972817486,0.95,0.954,1.06707107546971
"asymmetric_mixture",0,"TNDE",0.1,500,1.05153547389177,0.0317048106600377,0.946,0.954,1.0546592525966
"asymmetric_mixture",0,"TNDE",0.15,500,1.03743067412176,0.0330669701337184,0.942,0.952,1.03999043267412
"asymmetric_mixture",0,"TNDE",0.2,500,1.0209958692849,0.0342238066513108,0.94,0.952,1.02300491452114
"asymmetric_mixture",0,"TNDE",0.25,500,1.00217754010451,0.0351603586836703,0.938,0.952,1.00362036393446
"asymmetric_mixture",0,"TNDE",0.3,500,0.980899446727205,0.0358624032464936,0.94,0.95,0.981729818942283
"asymmetric_mixture",0,"TNDE",0.35,500,0.957059681950331,0.0363161511872574,0.946,0.95,0.95719880068489
"asymmetric_mixture",0,"TNDE",0.4,500,0.930526560572768,0.0365079756297996,0.948,0.948,0.929861312212498
"asymmetric_mixture",0,"TNDE",0.45,500,0.901132975777378,0.0364241501232799,0.952,0.946,0.899514406075456
"asymmetric_mixture",0,"TNDE",0.5,500,0.868668679629071,0.0360505766305575,0.948,0.946,0.86591086657589
"asymmetric_mixture",0,"TNDE",0.55,500,0.832869694001432,0.0353724849701754,0.948,0.948,0.828749382982213
"asymmetric_mixture",0,"TNDE",0.6,500,0.793403708066623,0.0343740872922824,0.954,0.946,0.787661420142582
"asymmetric_mixture",0,"TNDE",0.65,500,0.749849888596827,0.033038179958669,0.956,0.946,0.74219399195207
"asymmetric_mixture",0,"TNDE",0.7,500,0.701671260969166,0.031345720224629,0.956,0.948,0.691788379657828
"asymmetric_mixture",0,"TNDE",0.75,500,0.648178953858982,0.0292755312026665,0.952,0.946,0.635759102288805
"asymmetric_mixture",0,"TNDE",0.8,500,0.588496007738403,0.0268047411869987,0.954,0.944,0.573295825969178
"gaussian",0,"TNDE",-0.8,500,1.00765688974687,0.00520648155915339,0.932,0.926,1.00924793433563
"gaussian",0,"TNDE",-0.75,500,1.00397494149686,0.00378563627641014,0.924,0.934,1.00537032855643
"gaussian",0,"TNDE",-0.7,500,1.00124242135511,0.00263724667014505,0.928,0.94,1.00299405856098
"gaussian",0,"TNDE",-0.65,500,0.999306823957267,0.00195787499245943,0.946,0.946,1.0018226482251
"gaussian",0,"TNDE",-0.6,500,0.998032527410705,0.00198868012680456,0.95,0.946,1.00158682607882
"gaussian",0,"TNDE",-0.55,500,0.997302221046102,0.00254526871798939,0.95,0.948,1.0020576291826
"gaussian",0,"TNDE",-0.5,500,0.997016618960358,0.00327612757536163,0.95,0.948,1.00304895154014
"gaussian",0,"TNDE",-0.45,500,0.997093027601534,0.00402499354217201,0.95,0.952,1.00441431830107
"gaussian",0,"TNDE",-0.4,500,0.997463366752319,0.00474241679415035,0.954,0.956,1.00604117672391
"gaussian",0,"TNDE",-0.35,500,0.998072054883494,0.00541424870419598,0.954,0.96,1.00784462703374
"gaussian",0,"TNDE",-0.3,500,0.998873993918076,0.00603832153345442,0.954,0.962,1.00976158487203
"gaussian",0,"TNDE",-0.25,500,0.99983276639337,0.00661679499597277,0.954,0.962,1.01174579281854
"gaussian",0,"TNDE",-0.2,500,1.00091908379228,0.00715334572465223,0.96,0.968,1.01376377308104
"gaussian",0,"TNDE",-0.15,500,1.00210948403083,0.007652038935305,0.97,0.972,1.01579165119117
"gaussian",0,"TNDE",-0.1,500,1.00338525625675,0.0081168563567969,0.972,0.976,1.01781271673866
"gaussian",0,"TNDE",-0.05,500,1.00473156346652,0.0085515038524497,0.974,0.978,1.01981557634392
"gaussian",0,"TNDE",0,500,1.00613673239514,0.00895934519086513,0.974,0.98,1.02179276760091
"gaussian",0,"TNDE",0.05,500,1.00759168231958,0.00934339399437565,0.972,0.974,1.0237397246348
"gaussian",0,"TNDE",0.1,500,1.00908946793462,0.00970633190399311,0.97,0.976,1.02565400833407
"gaussian",0,"TNDE",0.15,500,1.01062491527405,0.0100505373094285,0.97,0.974,1.02753473394764
"gaussian",0,"TNDE",0.2,500,1.01219433323546,0.0103781167891562,0.97,0.972,1.02938214461673
"gaussian",0,"TNDE",0.25,500,1.01379528637273,0.0106909352478885,0.968,0.974,1.03119729159621
"gaussian",0,"TNDE",0.3,500,1.01542641712322,0.0109906426142983,0.966,0.974,1.03298179080391
"gaussian",0,"TNDE",0.35,500,1.01708730743756,0.0112786957702865,0.966,0.968,1.03473763128992
"gaussian",0,"TNDE",0.4,500,1.01877837070821,0.011556374514621,0.968,0.966,1.03646701437134
"gaussian",0,"TNDE",0.45,500,1.02050076456864,0.011824789918872,0.97,0.966,1.03817220218802
"gaussian",0,"TNDE",0.5,500,1.02225631271395,0.0120848822688596,0.968,0.966,1.03985535008297
"gaussian",0,"TNDE",0.55,500,1.02404741748337,0.0123374034133334,0.968,0.964,1.04151828548957
"gaussian",0,"TNDE",0.6,500,1.02587693019667,0.0125828735901535,0.968,0.962,1.04316216991607
"gaussian",0,"TNDE",0.65,500,1.0277479126281,0.0128214928690766,0.964,0.966,1.0447869233896
"gaussian",0,"TNDE",0.7,500,1.02966314319575,0.0130529651299134,0.966,0.964,1.04639015945509
"gaussian",0,"TNDE",0.75,500,1.03162401734155,0.0132761381161677,0.964,0.962,1.04796505272187
"gaussian",0,"TNDE",0.8,500,1.03362791027133,0.0134882134108121,0.964,0.96,1.04949565353862
"asymmetric_mixture",0.3,"TNDE",-0.8,499,0.855990337081639,0.0136893377419269,0.937875751503006,0.945891783567134,0.847420564912814
"asymmetric_mixture",0.3,"TNDE",-0.75,499,0.895759584719417,0.0120407768793626,0.94188376753507,0.947895791583166,0.889983192910042
"asymmetric_mixture",0.3,"TNDE",-0.7,499,0.927283820982865,0.0103867628575513,0.945891783567134,0.95190380761523,0.923321600326171
"asymmetric_mixture",0.3,"TNDE",-0.65,499,0.952461782216923,0.00880531899428744,0.947895791583166,0.95190380761523,0.949452282839432
"asymmetric_mixture",0.3,"TNDE",-0.6,499,0.972567652280938,0.0073868341082333,0.95190380761523,0.953907815631262,0.969766738253761
"asymmetric_mixture",0.3,"TNDE",-0.55,499,0.988501275800217,0.00625789341435822,0.949899799599198,0.955911823647295,0.985273677439377
"asymmetric_mixture",0.3,"TNDE",-0.5,499,1.0009212282014,0.00558790872370407,0.95190380761523,0.955911823647295,0.996729378864188
"asymmetric_mixture",0.3,"TNDE",-0.45,499,1.01032189527708,0.00552136685590934,0.955911823647295,0.953907815631262,1.00471444484045
"asymmetric_mixture",0.3,"TNDE",-0.4,499,1.01708103028339,0.00604670087443133,0.953907815631262,0.953907815631262,1.00968209874237
"asymmetric_mixture",0.3,"TNDE",-0.35,499,1.02149053836958,0.00700023056947643,0.95190380761523,0.955911823647295,1.01199013675829
"asymmetric_mixture",0.3,"TNDE",-0.3,499,1.02377715113672,0.00820406261688836,0.959919839679359,0.957915831663327,1.01192288948865
"asymmetric_mixture",0.3,"TNDE",-0.25,499,1.0241167030211,0.00953616689553355,0.961923847695391,0.957915831663327,1.00970676062926
"asymmetric_mixture",0.3,"TNDE",-0.2,499,1.02264418534846,0.010924231201955,0.963927855711423,0.957915831663327,1.00552145693542
"asymmetric_mixture",0.3,"TNDE",-0.15,499,1.01946090634244,0.0123258245324263,0.959919839679359,0.959919839679359,0.999508218483502
"asymmetric_mixture",0.3,"TNDE",-0.1,499,1.01463959351742,0.0137148427348758,0.961923847695391,0.961923847695391,0.991775887931741
"asymmetric_mixture",0.3,"TNDE",-0.05,499,1.00822797619482,0.0150740144199403,0.959919839679359,0.961923847695391,0.982405369513935
"asymmetric_mixture",0.3,"TNDE",0,499,1.0002511962599,0.0163908766428323,0.961923847695391,0.961923847695391,0.971452844092882
"asymmetric_mixture",0.3,"TNDE",0.05,499,0.990713268920737,0.0176555473283775,0.963927855711423,0.961923847695391,0.958951982841361
"asymmetric_mixture",0.3,"TNDE",0.1,499,0.97959772587259,0.0188594197988406,0.963927855711423,0.961923847695391,0.944915314373141
"asymmetric_mixture",0.3,"TNDE",0.15,499,0.966867504912922,0.0199943366037483,0.959919839679359,0.959919839679359,0.929334833404915
"asymmetric_mixture",0.3,"TNDE",0.2,499,0.952464092117815,0.0210520132282049,0.957915831663327,0.961923847695391,0.912181883389891
"asymmetric_mixture",0.3,"TNDE",0.25,499,0.936305867290017,0.0220235865741607,0.955911823647295,0.965931863727455,0.893406293702355
"asymmetric_mixture",0.3,"TNDE",0.3,499,0.91828554362769,0.0228992143715839,0.957915831663327,0.963927855711423,0.872934697564367
"asymmetric_mixture",0.3,"TNDE",0.35,499,0.898266521342382,0.0236676764168217,0.957915831663327,0.965931863727455,0.850667893616504
"asymmetric_mixture",0.3,"TNDE",0.4,499,0.876077884088945,0.0243159390780417,0.963927855711423,0.959919839679359,0.826477034608428
"asymmetric_mixture",0.3,"TNDE",0.45,499,0.851507646923947,0.024828646361315,0.963927855711423,0.959919839679359,0.800198322726989
"asymmetric_mixture",0.3,"TNDE",0.5,499,0.824293705374388,0.0251874959654064,0.961923847695391,0.955911823647295,0.771625754338569
"asymmetric_mixture",0.3,"TNDE",0.55,499,0.794111734706524,0.0253704468359691,0.963927855711423,0.953907815631262,0.740501286128705
"asymmetric_mixture",0.3,"TNDE",0.6,499,0.7605590796366,0.0253506831378144,0.961923847695391,0.959919839679359,0.706501621173179
"asymmetric_mixture",0.3,"TNDE",0.65,499,0.723133625398484,0.0250952221650269,0.967935871743487,0.955911823647295,0.669220792397988
"asymmetric_mixture",0.3,"TNDE",0.7,499,0.681207413657689,0.0245629876398042,0.967935871743487,0.95190380761523,0.628148459159398
"asymmetric_mixture",0.3,"TNDE",0.75,499,0.633998903136347,0.0237020496254049,0.967935871743487,0.949899799599198,0.582647652239975
"asymmetric_mixture",0.3,"TNDE",0.8,499,0.580565611344002,0.0224455267851338,0.969939879759519,0.95190380761523,0.531952026474408
"gaussian",0.3,"TNDE",-0.8,500,1.01596748383791,0.00864169118986555,0.954,0.958,1.01636768815426
"gaussian",0.3,"TNDE",-0.75,500,1.00990619222755,0.00704704810162082,0.96,0.956,1.0111745039011
"gaussian",0.3,"TNDE",-0.7,500,1.00538791709749,0.00562802230732033,0.958,0.958,1.00722924106915
"gaussian",0.3,"TNDE",-0.65,500,1.00222037894519,0.0043959879547543,0.96,0.958,1.00439442120281
"gaussian",0.3,"TNDE",-0.6,500,1.00018124773873,0.00337091562281808,0.956,0.96,1.0024992208321
"gaussian",0.3,"TNDE",-0.55,500,0.999055287385521,0.00260484217975714,0.958,0.962,1.00137299073871
"gaussian",0.3,"TNDE",-0.5,500,0.998652186771035,0.00219466135340923,0.962,0.966,1.00086189312185
"gaussian",0.3,"TNDE",-0.45,500,0.998812422582346,0.00220632776056277,0.96,0.962,1.00083510797942
"gaussian",0.3,"TNDE",-0.4,500,0.999406708717223,0.00254777391000703,0.962,0.964,1.00118534867327
"gaussian",0.3,"TNDE",-0.35,500,1.00033256085629,0.00305679901521818,0.96,0.96,1.00182668810454
"gaussian",0.3,"TNDE",-0.3,500,1.00150995918389,0.0036281700722868,0.962,0.966,1.00269140689532
"gaussian",0.3,"TNDE",-0.25,500,1.00287710018724,0.00421275969790249,0.964,0.966,1.00372674754564
"gaussian",0.3,"TNDE",-0.2,500,1.00438665792202,0.00478944806647129,0.962,0.962,1.00489197562468
"gaussian",0.3,"TNDE",-0.15,500,1.00600267570891,0.00534952760742344,0.96,0.964,1.00615588850494
"gaussian",0.3,"TNDE",-0.1,500,1.00769806751452,0.00588987890016027,0.962,0.962,1.00749478306809
"gaussian",0.3,"TNDE",-0.05,500,1.00945265157062,0.00640999498917703,0.962,0.962,1.00889083744465
"gaussian",0.3,"TNDE",0,500,1.01125162461784,0.00691062176604187,0.962,0.966,1.01033084323638
"gaussian",0.3,"TNDE",0.05,500,1.01308439029068,0.007393105595955,0.962,0.974,1.01180522420664
"gaussian",0.3,"TNDE",0.1,500,1.0149436676204,0.0078590689501251,0.964,0.974,1.01330728467403
"gaussian",0.3,"TNDE",0.15,500,1.01682481966809,0.00831024704905843,0.968,0.97,1.01483264056282
"gaussian",0.3,"TNDE",0.2,500,1.01872535543712,0.0087484077732872,0.968,0.972,1.01637879582677
"gaussian",0.3,"TNDE",0.25,500,1.02064456962859,0.00917531687624872,0.97,0.968,1.0179448358275
"gaussian",0.3,"TNDE",0.3,500,1.02258329446598,0.00959272934328954,0.97,0.966,1.01953121702882
"gaussian",0.3,"TNDE",0.35,500,1.02454374606482,0.0100023972032607,0.966,0.966,1.02113963926288
"gaussian",0.3,"TNDE",0.4,500,1.02652945518254,0.01040608924076,0.97,0.964,1.02277299326009
"gaussian",0.3,"TNDE",0.45,500,1.02854527931407,0.0108056212108643,0.97,0.966,1.02443538274266
"gaussian",0.3,"TNDE",0.5,500,1.03059750085392,0.0112028975369598,0.966,0.964,1.02613222808897
"gaussian",0.3,"TNDE",0.55,500,1.03269402562429,0.0115999678702139,0.966,0.964,1.02787046885848
"gaussian",0.3,"TNDE",0.6,500,1.03484470928883,0.0119991050846236,0.966,0.964,1.02965889788732
"gaussian",0.3,"TNDE",0.65,500,1.03706185890965,0.0124029164336644,0.966,0.962,1.03150868501852
"gaussian",0.3,"TNDE",0.7,500,1.03936098751948,0.0128145089385771,0.964,0.962,1.03343419339003
"gaussian",0.3,"TNDE",0.75,500,1.04176194584402,0.013237748569837,0.96,0.958,1.03545427574808
"gaussian",0.3,"TNDE",0.8,500,1.04429060994472,0.0136776925828489,0.962,0.96,1.03759440670027
"asymmetric_mixture",-0.3,"TNIE",-0.8,498,0.441695116441581,0.0198497447303769,0.941767068273092,0.941767068273092,0.459567413823248
"asymmetric_mixture",-0.3,"TNIE",-0.75,498,0.45857515134549,0.020433645370406,0.941767068273092,0.943775100401606,0.480146930528815
"asymmetric_mixture",-0.3,"TNIE",-0.7,498,0.47813218249546,0.0210962828567972,0.94578313253012,0.939759036144578,0.503557081628979
"asymmetric_mixture",-0.3,"TNIE",-0.65,498,0.500889846907411,0.0218480212438686,0.943775100401606,0.937751004016064,0.530358567788327
"asymmetric_mixture",-0.3,"TNIE",-0.6,498,0.527447071092064,0.0226958347170809,0.939759036144578,0.939759036144578,0.561157820697031
"asymmetric_mixture",-0.3,"TNIE",-0.55,498,0.558466357978652,0.0236389646922965,0.931726907630522,0.937751004016064,0.596574720436552
"asymmetric_mixture",-0.3,"TNIE",-0.5,498,0.594626310187223,0.0246604160960794,0.929718875502008,0.94578313253012,0.637149770613326
"asymmetric_mixture",-0.3,"TNIE",-0.45,498,0.636504514619574,0.0257113615932314,0.917670682730924,0.943775100401606,0.68314509775667
"asymmetric_mixture",-0.3,"TNIE",-0.4,498,0.68433288360091,0.0266846981848456,0.907630522088353,0.943775100401606,0.734183259417156
"asymmetric_mixture",-0.3,"TNIE",-0.35,498,0.737545319054138,0.0273768320725995,0.897590361445783,0.947791164658635,0.788686909261347
"asymmetric_mixture",-0.3,"TNIE",-0.3,498,0.794060349674209,0.0274535083775499,0.895582329317269,0.943775100401606,0.843147309071396
"asymmetric_mixture",-0.3,"TNIE",-0.25,498,0.849422952152894,0.0264860695098168,0.909638554216867,0.941767068273092,0.89164410018228
"asymmetric_mixture",-0.3,"TNIE",-0.2,498,0.89641127367476,0.0242101005553816,0.931726907630522,0.941767068273092,0.926545757383644
"asymmetric_mixture",-0.3,"TNIE",-0.15,498,0.926273945954112,0.02113675121864,0.965863453815261,0.947791164658635,0.94092337243156
"asymmetric_mixture",-0.3,"TNIE",-0.1,498,0.932220422581832,0.0190316170901349,0.983935742971888,0.94578313253012,0.931651129925304
"asymmetric_mixture",-0.3,"TNIE",-0.05,498,0.913238858970327,0.0194905157452664,0.981927710843373,0.943775100401606,0.901616930900551
"asymmetric_mixture",-0.3,"TNIE",0,498,0.874662754675413,0.0216198084530474,0.957831325301205,0.943775100401606,0.857306156336708
"asymmetric_mixture",-0.3,"TNIE",0.05,498,0.824911623271994,0.0236276565012006,0.933734939759036,0.949799196787149,0.806173043131188
"asymmetric_mixture",-0.3,"TNIE",0.1,498,0.771670255241842,0.0247549084243541,0.927710843373494,0.959839357429719,0.754091123480835
"asymmetric_mixture",-0.3,"TNIE",0.15,498,0.720085163960072,0.0250395544249617,0.921686746987952,0.961847389558233,0.70464040700091
"asymmetric_mixture",-0.3,"TNIE",0.2,498,0.672832002118365,0.0247573625031053,0.921686746987952,0.959839357429719,0.659586922767744
"asymmetric_mixture",-0.3,"TNIE",0.25,498,0.630893001270285,0.024165396075185,0.919678714859438,0.959839357429719,0.619516806516123
"asymmetric_mixture",-0.3,"TNIE",0.3,498,0.594301981731333,0.0234407690820176,0.92570281124498,0.961847389558233,0.584357524796335
"asymmetric_mixture",-0.3,"TNIE",0.35,498,0.56264525591017,0.0226893505540286,0.933734939759036,0.961847389558233,0.553723350560484
"asymmetric_mixture",-0.3,"TNIE",0.4,498,0.535345671099899,0.0219682129766223,0.93574297188755,0.963855421686747,0.52711376387865
"asymmetric_mixture",-0.3,"TNIE",0.45,498,0.511806038854812,0.021304598558151,0.939759036144578,0.963855421686747,0.504016304225922
"asymmetric_mixture",-0.3,"TNIE",0.5,498,0.491473371744823,0.0207087160971413,0.943775100401606,0.959839357429719,0.483954639453948
"asymmetric_mixture",-0.3,"TNIE",0.55,498,0.473862204662097,0.0201816050706898,0.94578313253012,0.957831325301205,0.466507450057743
"asymmetric_mixture",-0.3,"TNIE",0.6,498,0.458558316977596,0.0197197387054693,0.941767068273092,0.959839357429719,0.451312783296083
"asymmetric_mixture",-0.3,"TNIE",0.65,498,0.445214014854251,0.0193176388054298,0.941767068273092,0.957831325301205,0.43806593869831
"asymmetric_mixture",-0.3,"TNIE",0.7,498,0.433540607467975,0.0189693345325042,0.943775100401606,0.957831325301205,0.426515337984398
"asymmetric_mixture",-0.3,"TNIE",0.75,498,0.4233009443455,0.0186691853721347,0.943775100401606,0.955823293172691,0.416459170424785
"asymmetric_mixture",-0.3,"TNIE",0.8,498,0.41430382063561,0.018412412074942,0.939759036144578,0.953815261044177,0.40774557273553
"gaussian",-0.3,"TNIE",-0.8,500,1.04813767604692,0.0142917992070499,0.926,0.932,1.0471981678998
"gaussian",-0.3,"TNIE",-0.75,500,1.0469831270324,0.0140941609140095,0.924,0.93,1.04642635570796
"gaussian",-0.3,"TNIE",-0.7,500,1.04568449410081,0.0138740529571721,0.924,0.93,1.04547578466951
"gaussian",-0.3,"TNIE",-0.65,500,1.04419957786997,0.0136244916842632,0.926,0.932,1.04429737841603
"gaussian",-0.3,"TNIE",-0.6,500,1.04247939382087,0.0133373426900595,0.932,0.938,1.04282623972104
"gaussian",-0.3,"TNIE",-0.55,500,1.04046602784263,0.0130027841981739,0.926,0.938,1.04097731714552
"gaussian",-0.3,"TNIE",-0.5,500,1.03809215159966,0.0126088925058567,0.926,0.934,1.03864151901536
"gaussian",-0.3,"TNIE",-0.45,500,1.03528409983403,0.0121415272515701,0.918,0.932,1.03568609630484
"gaussian",-0.3,"TNIE",-0.4,500,1.03197288648735,0.0115850699264155,0.918,0.928,1.03197041501702
"gaussian",-0.3,"TNIE",-0.35,500,1.02812152271492,0.0109253408388293,0.914,0.918,1.02740068408671
"gaussian",-0.3,"TNIE",-0.3,500,1.02378163636299,0.0101574541162445,0.91,0.916,1.02204009023869
"gaussian",-0.3,"TNIE",-0.25,500,1.01919094260682,0.00930314603772751,0.918,0.916,1.01623154359425
"gaussian",-0.3,"TNIE",-0.2,500,1.01489493345754,0.00844095811134801,0.942,0.922,1.01073454842563
"gaussian",-0.3,"TNIE",-0.15,500,1.01179274701841,0.00773814602576275,0.964,0.964,1.00679421327498
"gaussian",-0.3,"TNIE",-0.1,500,1.01091157520952,0.00743395876928871,0.982,0.982,1.0054576714199
"gaussian",-0.3,"TNIE",-0.05,500,1.01284230968121,0.00770724108580423,0.966,0.964,1.00713551810746
"gaussian",-0.3,"TNIE",0,500,1.0172514216584,0.00851275131703771,0.93,0.936,1.01092026379709
"gaussian",-0.3,"TNIE",0.05,500,1.02304523892806,0.00961352538437507,0.926,0.93,1.01581969482125
"gaussian",-0.3,"TNIE",0.1,500,1.02903890001279,0.0107593976148119,0.926,0.928,1.02098210997001
"gaussian",-0.3,"TNIE",0.15,500,1.03445227974219,0.0117931440630797,0.924,0.928,1.02572661515125
"gaussian",-0.3,"TNIE",0.2,500,1.03896982712654,0.012652645006306,0.928,0.928,1.02981367503076
"gaussian",-0.3,"TNIE",0.25,500,1.04257602086169,0.0133347408479528,0.932,0.932,1.03322186149314
"gaussian",-0.3,"TNIE",0.3,500,1.04538829804429,0.0138623472289739,0.936,0.936,1.03602184839563
"gaussian",-0.3,"TNIE",0.35,500,1.04755730338503,0.0142650527049737,0.94,0.94,1.03831200269151
"gaussian",-0.3,"TNIE",0.4,500,1.04922272847637,0.0145703893875338,0.936,0.94,1.040188703645
"gaussian",-0.3,"TNIE",0.45,500,1.05049948880816,0.0148010182792652,0.94,0.944,1.0417351335924
"gaussian",-0.3,"TNIE",0.5,500,1.05147703673593,0.0149745435807403,0.944,0.944,1.04301898418359
"gaussian",-0.3,"TNIE",0.55,500,1.05222311982074,0.015104244329094,0.94,0.944,1.0440938309588
"gaussian",-0.3,"TNIE",0.6,500,1.05278829067311,0.0151999741846992,0.94,0.942,1.04500159916036
"gaussian",-0.3,"TNIE",0.65,500,1.05320984199825,0.0152689529330064,0.94,0.94,1.04577503290939
"gaussian",-0.3,"TNIE",0.7,500,1.05351480887414,0.0153163725408795,0.942,0.946,1.04643980297502
"gaussian",-0.3,"TNIE",0.75,500,1.05372198652445,0.0153458061152537,0.938,0.94,1.0470161975721
"gaussian",-0.3,"TNIE",0.8,500,1.05384286949913,0.0153594025124428,0.936,0.938,1.04752045848481
"asymmetric_mixture",0,"TNIE",-0.8,500,0.38912389828401,0.016918905608045,0.954,0.952,0.384385279765836
"asymmetric_mixture",0,"TNIE",-0.75,500,0.393417435067168,0.0168919526326328,0.956,0.952,0.389509654215245
"asymmetric_mixture",0,"TNIE",-0.7,500,0.398930097362374,0.0169136801973949,0.956,0.946,0.395782469448555
"asymmetric_mixture",0,"TNIE",-0.65,500,0.405680882474529,0.0169796369800204,0.96,0.944,0.403249243249039
"asymmetric_mixture",0,"TNIE",-0.6,500,0.413751234322907,0.0170880332444135,0.96,0.946,0.412013912846172
"asymmetric_mixture",0,"TNIE",-0.55,500,0.42327197494055,0.0172385917309555,0.96,0.948,0.422229819822138
"asymmetric_mixture",0,"TNIE",-0.5,500,0.434419944685775,0.0174318968146663,0.96,0.936,0.434099195311608
"asymmetric_mixture",0,"TNIE",-0.45,500,0.447419525394766,0.0176689100661938,0.96,0.938,0.447877160953852
"asymmetric_mixture",0,"TNIE",-0.4,500,0.462546972674718,0.0179504741070331,0.96,0.936,0.463878473840945
"asymmetric_mixture",0,"TNIE",-0.35,500,0.48013627985073,0.0182766560860915,0.95,0.934,0.482485702224081
"asymmetric_mixture",0,"TNIE",-0.3,500,0.500585161162644,0.0186457499050588,0.94,0.934,0.504156940720863
"asymmetric_mixture",0,"TNIE",-0.25,500,0.524358773059646,0.0190526746698872,0.936,0.932,0.529429347531495
"asymmetric_mixture",0,"TNIE",-0.2,500,0.551986615516521,0.0194863771527142,0.932,0.934,0.558910782108662
"asymmetric_mixture",0,"TNIE",-0.15,500,0.58404383502882,0.0199256936737913,0.92,0.934,0.59324363170334
"asymmetric_mixture",0,"TNIE",-0.1,500,0.621100516895994,0.0203330886884127,0.926,0.936,0.633008692626141
"asymmetric_mixture",0,"TNIE",-0.05,500,0.663609852518081,0.0206462653699916,0.922,0.94,0.678507197117952
"asymmetric_mixture",0,"TNIE",0,500,0.711688133808977,0.0207703730579175,0.914,0.942,0.729322508227216
"asymmetric_mixture",0,"TNIE",0.05,500,0.764724128307611,0.0205824106905684,0.91,0.946,0.783632056612151
"asymmetric_mixture",0,"TNIE",0.1,500,0.820774716150317,0.0199821552126874,0.918,0.946,0.8375947908364
"asymmetric_mixture",0,"TNIE",0.15,500,0.875838325831239,0.0190616833181476,0.954,0.95,0.885248640575428
"asymmetric_mixture",0,"TNIE",0.2,500,0.92345112072817,0.0184304737846282,0.99,0.954,0.919506295290321
"asymmetric_mixture",0,"TNIE",0.25,500,0.955505225470715,0.0192538486451975,0.996,0.95,0.934470101902419
"asymmetric_mixture",0,"TNIE",0.3,500,0.964966109160043,0.0220562157047694,0.972,0.956,0.927704885800749
"asymmetric_mixture",0,"TNIE",0.35,500,0.949393829459275,0.0257317621273113,0.956,0.952,0.901004838715448
"asymmetric_mixture",0,"TNIE",0.4,500,0.912366999006994,0.0287610465272007,0.938,0.958,0.859526435103239
"asymmetric_mixture",0,"TNIE",0.45,500,0.861386240716624,0.030419267788668,0.938,0.958,0.80958304686938
"asymmetric_mixture",0,"TNIE",0.5,500,0.804314960419463,0.0307731301644503,0.94,0.958,0.756678262449894
"asymmetric_mixture",0,"TNIE",0.55,500,0.747057918486296,0.0302226000544357,0.948,0.956,0.704687854018169
"asymmetric_mixture",0,"TNIE",0.6,500,0.693084603531618,0.0291680777021209,0.946,0.948,0.655883400233903
"asymmetric_mixture",0,"TNIE",0.65,500,0.643957691608405,0.0278928818017678,0.948,0.944,0.611315604693619
"asymmetric_mixture",0,"TNIE",0.7,500,0.600046656909907,0.026563625754784,0.946,0.95,0.571241926939968
"asymmetric_mixture",0,"TNIE",0.75,500,0.561075364257172,0.0252641009895643,0.948,0.952,0.535459355979273
"asymmetric_mixture",0,"TNIE",0.8,500,0.526451430573917,0.0240265486319054,0.942,0.95,0.503515652249803
"gaussian",0,"TNIE",-0.8,500,1.03089675437403,0.0131179439481273,0.958,0.952,1.04760333112993
"gaussian",0,"TNIE",-0.75,500,1.0304785602971,0.0130490690497431,0.956,0.946,1.04727797524492
"gaussian",0,"TNIE",-0.7,500,1.03002656625755,0.0129750438049297,0.952,0.94,1.04690677913951
"gaussian",0,"TNIE",-0.65,500,1.02953147165491,0.0128941748374389,0.952,0.936,1.04648088502463
"gaussian",0,"TNIE",-0.6,500,1.02898303724657,0.0128045937663626,0.952,0.938,1.04598898076477
"gaussian",0,"TNIE",-0.55,500,1.02836938075884,0.0127040961337131,0.95,0.94,1.04541665257819
"gaussian",0,"TNIE",-0.5,500,1.027676305154,0.012589974512879,0.948,0.938,1.04474546676653
"gaussian",0,"TNIE",-0.45,500,1.02688656542553,0.0124588150956498,0.948,0.934,1.04395172610403
"gaussian",0,"TNIE",-0.4,500,1.02597903547818,0.0123062314014034,0.948,0.934,1.04300482908123
"gaussian",0,"TNIE",-0.35,500,1.02492778800136,0.0121265068024539,0.94,0.932,1.04186518299507
"gaussian",0,"TNIE",-0.3,500,1.02370119239983,0.0119121162593804,0.938,0.928,1.04048174195053
"gaussian",0,"TNIE",-0.25,500,1.02226133107431,0.0116531080836694,0.936,0.922,1.03878960485527
"gaussian",0,"TNIE",-0.2,500,1.02056444521346,0.0113363766413573,0.934,0.924,1.03670901914509
"gaussian",0,"TNIE",-0.15,500,1.01856394643606,0.0109450183450424,0.93,0.918,1.03414900116303
"gaussian",0,"TNIE",-0.1,500,1.01621906056193,0.0104584084984821,0.924,0.916,1.03102145708645
"gaussian",0,"TNIE",-0.05,500,1.01351459399302,0.00985473397978136,0.922,0.914,1.02727351660481
"gaussian",0,"TNIE",0,500,1.01049979263958,0.00912006296225275,0.922,0.918,1.0229464406176
"gaussian",0,"TNIE",0.05,500,1.00735219324952,0.00827176909697022,0.924,0.926,1.01826762084249
"gaussian",0,"TNIE",0.1,500,1.00445308388859,0.00740491287946302,0.946,0.95,1.01381702383112
"gaussian",0,"TNIE",0.15,500,1.00240943184231,0.00674566181947176,0.966,0.966,1.01068704685455
"gaussian",0,"TNIE",0.2,500,1.00190271689166,0.00660511945735466,0.988,0.994,1.00988026078438
"gaussian",0,"TNIE",0.25,500,1.00332760361225,0.00711837696926802,0.972,0.974,1.01175206240516
"gaussian",0,"TNIE",0.3,500,1.00647450557168,0.0080825172609981,0.942,0.95,1.01561029355568
"gaussian",0,"TNIE",0.35,500,1.01061737179571,0.00918057014517054,0.932,0.928,1.02056550603121
"gaussian",0,"TNIE",0.4,500,1.01494033087858,0.0101968844893838,0.928,0.928,1.02575427158063
"gaussian",0,"TNIE",0.45,500,1.01888159401037,0.0110409048179188,0.926,0.928,1.03049660069325
"gaussian",0,"TNIE",0.5,500,1.02219680707993,0.0117007086059774,0.93,0.932,1.03450301562703
"gaussian",0,"TNIE",0.55,500,1.0248586191298,0.012199645848844,0.936,0.932,1.03773337079167
"gaussian",0,"TNIE",0.6,500,1.02694202389166,0.0125705456640611,0.932,0.942,1.04027868417926
"gaussian",0,"TNIE",0.65,500,1.02855145569215,0.0128440410874239,0.938,0.948,1.04226940923983
"gaussian",0,"TNIE",0.7,500,1.02978653410148,0.0130448587176116,0.946,0.946,1.04382867214514
"gaussian",0,"TNIE",0.75,500,1.03073018784334,0.0131916268991178,0.944,0.946,1.04505752411687
"gaussian",0,"TNIE",0.8,500,1.03144689487723,0.0132978343274634,0.94,0.944,1.04603427970317
"asymmetric_mixture",0.3,"TNIE",-0.8,499,0.367490297407506,0.0136631659659952,0.953907815631262,0.929859719438878,0.349087044341869
"asymmetric_mixture",0.3,"TNIE",-0.75,499,0.367115745267782,0.0133335607991562,0.957915831663327,0.925851703406814,0.34893446395461
"asymmetric_mixture",0.3,"TNIE",-0.7,499,0.368089839533792,0.0130748013185394,0.955911823647295,0.923847695390782,0.349975989550517
"asymmetric_mixture",0.3,"TNIE",-0.65,499,0.370195366024046,0.0128702383220036,0.95190380761523,0.927855711422846,0.352025820161195
"asymmetric_mixture",0.3,"TNIE",-0.6,499,0.373324188961694,0.0127099105443523,0.95190380761523,0.925851703406814,0.354996352122295
"asymmetric_mixture",0.3,"TNIE",-0.55,499,0.37743305869012,0.0125877111180975,0.95190380761523,0.92184368737475,0.358859089264884
"asymmetric_mixture",0.3,"TNIE",-0.5,499,0.3825228963048,0.012500008412885,0.949899799599198,0.92184368737475,0.363626625877562
"asymmetric_mixture",0.3,"TNIE",-0.45,499,0.388628795215615,0.0124449286445604,0.947895791583166,0.915831663326653,0.369344296812099
"asymmetric_mixture",0.3,"TNIE",-0.4,499,0.395815627684274,0.0124219774751022,0.945891783567134,0.911823647294589,0.376086958297873
"asymmetric_mixture",0.3,"TNIE",-0.35,499,0.404177018874786,0.0124318549090644,0.94188376753507,0.907815631262525,0.383958950936028
"asymmetric_mixture",0.3,"TNIE",-0.3,499,0.41383668376091,0.0124763933158398,0.939879759519038,0.905811623246493,0.393096419569401
"asymmetric_mixture",0.3,"TNIE",-0.25,499,0.424951717522825,0.0125585841059955,0.93186372745491,0.903807615230461,0.40367172781882
"asymmetric_mixture",0.3,"TNIE",-0.2,499,0.437717753016188,0.0126826772450374,0.927855711422846,0.903807615230461,0.415900039757986
"asymmetric_mixture",0.3,"TNIE",-0.15,499,0.452376091098374,0.0128543487855834,0.92184368737475,0.907815631262525,0.430048378885507
"asymmetric_mixture",0.3,"TNIE",-0.1,499,0.469223017538345,0.0130809392110734,0.92184368737475,0.911823647294589,0.446447658729075
"asymmetric_mixture",0.3,"TNIE",-0.05,499,0.488621529574112,0.0133717716337662,0.919839679358717,0.911823647294589,0.46550828665913
"asymmetric_mixture",0.3,"TNIE",0,499,0.511015518812985,0.013738564182255,0.917835671342685,0.915831663326653,0.487739842090494
"asymmetric_mixture",0.3,"TNIE",0.05,499,0.536945876668388,0.0141959527072552,0.915831663326653,0.911823647294589,0.513774643514856
"asymmetric_mixture",0.3,"TNIE",0.1,499,0.5670665159473,0.0147621274474252,0.911823647294589,0.919839679358717,0.544392736066723
"asymmetric_mixture",0.3,"TNIE",0.15,499,0.602154886014488,0.0154595260081679,0.907815631262525,0.92184368737475,0.580539299627987
"asymmetric_mixture",0.3,"TNIE",0.2,499,0.643103996731035,0.0163153156268849,0.901803607214429,0.93186372745491,0.623307886492456
"asymmetric_mixture",0.3,"TNIE",0.25,499,0.690866865731247,0.0173607813725513,0.901803607214429,0.929859719438878,0.673819433845574
"asymmetric_mixture",0.3,"TNIE",0.3,499,0.746291824436205,0.0186271429234855,0.887775551102204,0.927855711422846,0.732856476059341
"asymmetric_mixture",0.3,"TNIE",0.35,499,0.809728146016252,0.0201319749683089,0.889779559118236,0.935871743486974,0.800120866605577
"asymmetric_mixture",0.3,"TNIE",0.4,499,0.880199572828488,0.021846616443047,0.897795591182365,0.94188376753507,0.872977970534908
"asymmetric_mixture",0.3,"TNIE",0.45,499,0.953925025835303,0.0236447408918725,0.947895791583166,0.94188376753507,0.94483222008074
"asymmetric_mixture",0.3,"TNIE",0.5,499,1.02235315514885,0.0253010154835042,0.983967935871743,0.943887775551102,1.00466237300071
"asymmetric_mixture",0.3,"TNIE",0.55,499,1.07129870222294,0.026735116834264,0.987975951903808,0.945891783567134,1.03887890337674
"asymmetric_mixture",0.3,"TNIE",0.6,499,1.08467355427296,0.0284043077860672,0.961923847695391,0.947895791583166,1.03646927707427
"asymmetric_mixture",0.3,"TNIE",0.65,499,1.05393080398189,0.0307109160145934,0.955911823647295,0.945891783567134,0.995488149877502
"asymmetric_mixture",0.3,"TNIE",0.7,499,0.985132959098256,0.0327971666169013,0.95190380761523,0.947895791583166,0.924607600076346
"asymmetric_mixture",0.3,"TNIE",0.75,499,0.894523187166644,0.0334497280861281,0.949899799599198,0.949899799599198,0.837684600626858
"asymmetric_mixture",0.3,"TNIE",0.8,499,0.798036883941164,0.0324402971425602,0.955911823647295,0.949899799599198,0.747036640961783
"gaussian",0.3,"TNIE",-0.8,500,1.06757277897765,0.016660844026291,0.954,0.938,1.04668633975572
"gaussian",0.3,"TNIE",-0.75,500,1.06757485577688,0.0166715930170181,0.95,0.936,1.04647720826297
"gaussian",0.3,"TNIE",-0.7,500,1.06751327188443,0.0166764303483805,0.946,0.938,1.04624434478208
"gaussian",0.3,"TNIE",-0.65,500,1.06739401072882,0.0166761176716292,0.946,0.938,1.04598604137816
"gaussian",0.3,"TNIE",-0.6,500,1.06721807576009,0.0166709083728111,0.944,0.936,1.04569937135379
"gaussian",0.3,"TNIE",-0.55,500,1.06698304098688,0.0166607150003132,0.944,0.936,1.04538033178417
"gaussian",0.3,"TNIE",-0.5,500,1.06668360541278,0.0166451717811607,0.944,0.932,1.04502378306263
"gaussian",0.3,"TNIE",-0.45,500,1.0663116331445,0.0166236428568631,0.948,0.934,1.04462326063372
"gaussian",0.3,"TNIE",-0.4,500,1.06585584703871,0.0165951934836225,0.95,0.936,1.04417067297029
"gaussian",0.3,"TNIE",-0.35,500,1.06530121538396,0.0165585273657458,0.95,0.938,1.04365587173777
"gaussian",0.3,"TNIE",-0.3,500,1.06462800185029,0.0165118849898573,0.95,0.936,1.04306606061532
"gaussian",0.3,"TNIE",-0.25,500,1.06381039667358,0.0164528904634524,0.95,0.936,1.04238499010304
"gaussian",0.3,"TNIE",-0.2,500,1.06281459506271,0.0163783254260909,0.95,0.938,1.04159186345219
"gaussian",0.3,"TNIE",-0.15,500,1.06159613085571,0.0162837960376234,0.95,0.938,1.0406598530008
"gaussian",0.3,"TNIE",-0.1,500,1.0600962133156,0.0161632406680933,0.944,0.94,1.03955410063655
"gaussian",0.3,"TNIE",-0.05,500,1.05823677816261,0.0160081997388343,0.942,0.938,1.03822906632219
"gaussian",0.3,"TNIE",0,500,1.05591403201545,0.0158067359049866,0.938,0.94,1.03662514031806
"gaussian",0.3,"TNIE",0.05,500,1.0529906667682,0.0155418648816877,0.936,0.94,1.03466467249989
"gaussian",0.3,"TNIE",0.1,500,1.04928821985404,0.0151893874797984,0.934,0.938,1.03224832718735
"gaussian",0.3,"TNIE",0.15,500,1.04458461645802,0.0147152769625496,0.928,0.936,1.02925481663403
"gaussian",0.3,"TNIE",0.2,500,1.03863060449988,0.0140737757120063,0.93,0.938,1.02555275827736
"gaussian",0.3,"TNIE",0.25,500,1.03121702044236,0.0132102937228624,0.93,0.934,1.02104646155391
"gaussian",0.3,"TNIE",0.3,500,1.02235272024955,0.012079928479173,0.934,0.932,1.01580061293008
"gaussian",0.3,"TNIE",0.35,500,1.01261716703031,0.0107014012984445,0.938,0.938,1.01036073914514
"gaussian",0.3,"TNIE",0.4,500,1.00360137933658,0.00925676859699516,0.95,0.95,1.00603906969862
"gaussian",0.3,"TNIE",0.45,500,0.997891967803678,0.00816882937741581,0.976,0.982,1.00439095489459
"gaussian",0.3,"TNIE",0.5,500,0.997812172176294,0.00794970370872956,0.962,0.964,1.00637284549459
"gaussian",0.3,"TNIE",0.55,500,1.00354029423271,0.00873134640201285,0.934,0.932,1.01148742105835
"gaussian",0.3,"TNIE",0.6,500,1.01291989059678,0.0100919726503815,0.924,0.922,1.01822170398765
"gaussian",0.3,"TNIE",0.65,500,1.02325158067724,0.0115223394419487,0.92,0.918,1.02502229984367
"gaussian",0.3,"TNIE",0.7,500,1.03276851690453,0.0127549532775394,0.926,0.928,1.03087414595887
"gaussian",0.3,"TNIE",0.75,500,1.04079424314373,0.0137296036424413,0.924,0.924,1.03554644672702
"gaussian",0.3,"TNIE",0.8,500,1.04730326811815,0.0144775563981074,0.93,0.934,1.03913442996917
