"Study","SampleSize","Scenario","Replication","Method","Success"
"Main",200,"Symmetric bimodal",462,"OLS",TRUE
"Main",200,"Symmetric bimodal",462,"Semiparametric",TRUE
"Main",500,"Asymmetric mixture",375,"OLS",TRUE
"Main",500,"Asymmetric mixture",375,"Semiparametric",TRUE
"Main",200,"Gaussian",679,"OLS",TRUE
"Main",200,"Gaussian",679,"Semiparametric",TRUE
"Main",200,"Skew-normal",176,"OLS",TRUE
"Main",200,"Skew-normal",176,"Semiparametric",TRUE
"Main",500,"Skew-normal",334,"OLS",TRUE
"Main",500,"Skew-normal",334,"Semiparametric",TRUE
"Main",200,"Gaussian",352,"OLS",TRUE
"Main",200,"Gaussian",352,"Semiparametric",TRUE
"Main",200,"Skew-normal",916,"OLS",TRUE
"Main",200,"Skew-normal",916,"Semiparametric",TRUE
"Main",500,"Asymmetric mixture",34,"OLS",TRUE
"Main",500,"Asymmetric mixture",34,"Semiparametric",TRUE
"Main",500,"Skew-normal",492,"OLS",TRUE
"Main",500,"Skew-normal",492,"Semiparametric",TRUE
"Main",200,"Asymmetric mixture",900,"OLS",TRUE
"Main",200,"Asymmetric mixture",900,"Semiparametric",TRUE
"Main",200,"Asymmetric mixture",679,"OLS",TRUE
"Main",200,"Asymmetric mixture",679,"Semiparametric",TRUE
"Main",500,"Skew-normal",757,"OLS",TRUE
"Main",500,"Skew-normal",757,"Semiparametric",TRUE
"Main",500,"Gaussian",5,"OLS",TRUE
"Main",500,"Gaussian",5,"Semiparametric",TRUE
"Main",500,"Gaussian",574,"OLS",TRUE
"Main",500,"Gaussian",574,"Semiparametric",TRUE
"Main",200,"Gaussian",338,"OLS",TRUE
"Main",200,"Gaussian",338,"Semiparametric",TRUE
"Main",500,"Symmetric bimodal",646,"OLS",TRUE
"Main",500,"Symmetric bimodal",646,"Semiparametric",TRUE
"Main",500,"Symmetric bimodal",923,"OLS",TRUE
"Main",500,"Symmetric bimodal",923,"Semiparametric",TRUE
"Main",200,"Asymmetric mixture",634,"OLS",TRUE
"Main",200,"Asymmetric mixture",634,"Semiparametric",TRUE
"Main",200,"Gaussian",471,"OLS",TRUE
"Main",200,"Gaussian",471,"Semiparametric",TRUE
"Main",200,"Skew-normal",731,"OLS",TRUE
"Main",200,"Skew-normal",731,"Semiparametric",TRUE
"Main",500,"Skew-normal",994,"OLS",TRUE
"Main",500,"Skew-normal",994,"Semiparametric",TRUE
"Main",200,"Asymmetric mixture",872,"OLS",TRUE
"Main",200,"Asymmetric mixture",872,"Semiparametric",TRUE
"Main",200,"Symmetric bimodal",944,"OLS",TRUE
"Main",200,"Symmetric bimodal",944,"Semiparametric",TRUE
"Main",500,"Gaussian",764,"OLS",TRUE
"Main",500,"Gaussian",764,"Semiparametric",TRUE
"Main",500,"Symmetric bimodal",967,"OLS",TRUE
"Main",500,"Symmetric bimodal",967,"Semiparametric",TRUE
"Main",500,"Symmetric bimodal",225,"OLS",TRUE
"Main",500,"Symmetric bimodal",225,"Semiparametric",TRUE
"Main",500,"Symmetric bimodal",388,"OLS",TRUE
"Main",500,"Symmetric bimodal",388,"Semiparametric",TRUE
"Main",500,"Symmetric bimodal",53,"OLS",TRUE
"Main",500,"Symmetric bimodal",53,"Semiparametric",TRUE
"Main",200,"Symmetric bimodal",687,"OLS",TRUE
"Main",200,"Symmetric bimodal",687,"Semiparametric",TRUE
"Main",200,"Asymmetric mixture",687,"OLS",TRUE
"Main",200,"Asymmetric mixture",687,"Semiparametric",TRUE
"Main",500,"Asymmetric mixture",285,"OLS",TRUE
"Main",500,"Asymmetric mixture",285,"Semiparametric",TRUE
"Main",500,"Gaussian",668,"OLS",TRUE
"Main",500,"Gaussian",668,"Semiparametric",TRUE
"Main",500,"Symmetric bimodal",393,"OLS",TRUE
"Main",500,"Symmetric bimodal",393,"Semiparametric",TRUE
"Main",200,"Gaussian",971,"OLS",TRUE
"Main",200,"Gaussian",971,"Semiparametric",TRUE
"Main",200,"Asymmetric mixture",726,"OLS",TRUE
"Main",200,"Asymmetric mixture",726,"Semiparametric",TRUE
"Main",500,"Skew-normal",524,"OLS",TRUE
"Main",500,"Skew-normal",524,"Semiparametric",TRUE
"Main",200,"Gaussian",816,"OLS",TRUE
"Main",200,"Gaussian",816,"Semiparametric",TRUE
"Main",500,"Skew-normal",302,"OLS",TRUE
"Main",500,"Skew-normal",302,"Semiparametric",TRUE
"Main",200,"Gaussian",474,"OLS",TRUE
"Main",200,"Gaussian",474,"Semiparametric",TRUE
"Main",200,"Skew-normal",556,"OLS",TRUE
"Main",200,"Skew-normal",556,"Semiparametric",TRUE
"Main",500,"Asymmetric mixture",272,"OLS",TRUE
"Main",500,"Asymmetric mixture",272,"Semiparametric",TRUE
"Main",500,"Skew-normal",60,"OLS",TRUE
"Main",500,"Skew-normal",60,"Semiparametric",TRUE
"Main",200,"Skew-normal",126,"OLS",TRUE
"Main",200,"Skew-normal",126,"Semiparametric",TRUE
"Main",500,"Skew-normal",348,"OLS",TRUE
"Main",500,"Skew-normal",348,"Semiparametric",TRUE
"Main",200,"Symmetric bimodal",876,"OLS",TRUE
"Main",200,"Symmetric bimodal",876,"Semiparametric",TRUE
"Main",200,"Asymmetric mixture",991,"OLS",TRUE
"Main",200,"Asymmetric mixture",991,"Semiparametric",TRUE
"Main",500,"Symmetric bimodal",922,"OLS",TRUE
"Main",500,"Symmetric bimodal",922,"Semiparametric",TRUE
"Main",500,"Asymmetric mixture",817,"OLS",TRUE
"Main",500,"Asymmetric mixture",817,"Semiparametric",TRUE
"Main",200,"Skew-normal",51,"OLS",TRUE
"Main",200,"Skew-normal",51,"Semiparametric",TRUE
"Main",500,"Asymmetric mixture",187,"OLS",TRUE
"Main",500,"Asymmetric mixture",187,"Semiparametric",TRUE
"Main",500,"Asymmetric mixture",626,"OLS",TRUE
"Main",500,"Asymmetric mixture",626,"Semiparametric",TRUE
"Main",500,"Skew-normal",504,"OLS",TRUE
"Main",500,"Skew-normal",504,"Semiparametric",TRUE
"Main",200,"Skew-normal",636,"OLS",TRUE
"Main",200,"Skew-normal",636,"Semiparametric",TRUE
"Main",200,"Asymmetric mixture",680,"OLS",TRUE
"Main",200,"Asymmetric mixture",680,"Semiparametric",TRUE
"Main",200,"Asymmetric mixture",306,"OLS",TRUE
"Main",200,"Asymmetric mixture",306,"Semiparametric",TRUE
"Main",200,"Symmetric bimodal",408,"OLS",TRUE
"Main",200,"Symmetric bimodal",408,"Semiparametric",TRUE
"Main",200,"Symmetric bimodal",378,"OLS",TRUE
"Main",200,"Symmetric bimodal",378,"Semiparametric",TRUE
"Main",200,"Symmetric bimodal",147,"OLS",TRUE
"Main",200,"Symmetric bimodal",147,"Semiparametric",TRUE
"Main",200,"Skew-normal",747,"OLS",TRUE
"Main",200,"Skew-normal",747,"Semiparametric",TRUE
"Main",500,"Gaussian",893,"OLS",TRUE
"Main",500,"Gaussian",893,"Semiparametric",TRUE
"Main",500,"Skew-normal",471,"OLS",TRUE
"Main",500,"Skew-normal",471,"Semiparametric",TRUE
"Main",200,"Gaussian",880,"OLS",TRUE
"Main",200,"Gaussian",880,"Semiparametric",TRUE
"Main",200,"Symmetric bimodal",392,"OLS",TRUE
"Main",200,"Symmetric bimodal",392,"Semiparametric",FALSE
"Main",200,"Asymmetric mixture",295,"OLS",TRUE
"Main",200,"Asymmetric mixture",295,"Semiparametric",TRUE
"Main",200,"Gaussian",856,"OLS",TRUE
"Main",200,"Gaussian",856,"Semiparametric",TRUE
"Main",200,"Asymmetric mixture",785,"OLS",TRUE
"Main",200,"Asymmetric mixture",785,"Semiparametric",FALSE
"Main",200,"Symmetric bimodal",772,"OLS",TRUE
"Main",200,"Symmetric bimodal",772,"Semiparametric",TRUE
"Main",200,"Symmetric bimodal",335,"OLS",TRUE
"Main",200,"Symmetric bimodal",335,"Semiparametric",TRUE
"Main",200,"Asymmetric mixture",426,"OLS",TRUE
"Main",200,"Asymmetric mixture",426,"Semiparametric",TRUE
"Main",500,"Symmetric bimodal",404,"OLS",TRUE
"Main",500,"Symmetric bimodal",404,"Semiparametric",TRUE
"Main",200,"Asymmetric mixture",620,"OLS",TRUE
"Main",200,"Asymmetric mixture",620,"Semiparametric",TRUE
"Main",200,"Gaussian",445,"OLS",TRUE
"Main",200,"Gaussian",445,"Semiparametric",TRUE
"Main",500,"Skew-normal",733,"OLS",TRUE
"Main",500,"Skew-normal",733,"Semiparametric",TRUE
"Main",200,"Asymmetric mixture",502,"OLS",TRUE
"Main",200,"Asymmetric mixture",502,"Semiparametric",TRUE
"Main",200,"Asymmetric mixture",657,"OLS",TRUE
"Main",200,"Asymmetric mixture",657,"Semiparametric",TRUE
"Main",200,"Skew-normal",303,"OLS",TRUE
"Main",200,"Skew-normal",303,"Semiparametric",TRUE
"Main",500,"Skew-normal",842,"OLS",TRUE
"Main",500,"Skew-normal",842,"Semiparametric",TRUE
"Main",500,"Symmetric bimodal",581,"OLS",TRUE
"Main",500,"Symmetric bimodal",581,"Semiparametric",TRUE
"Main",200,"Skew-normal",773,"OLS",TRUE
"Main",200,"Skew-normal",773,"Semiparametric",TRUE
"Main",200,"Symmetric bimodal",838,"OLS",TRUE
"Main",200,"Symmetric bimodal",838,"Semiparametric",TRUE
"Main",500,"Asymmetric mixture",321,"OLS",TRUE
"Main",500,"Asymmetric mixture",321,"Semiparametric",TRUE
"Main",500,"Symmetric bimodal",62,"OLS",TRUE
"Main",500,"Symmetric bimodal",62,"Semiparametric",TRUE
"Main",200,"Symmetric bimodal",684,"OLS",TRUE
"Main",200,"Symmetric bimodal",684,"Semiparametric",TRUE
"Main",500,"Skew-normal",32,"OLS",TRUE
"Main",500,"Skew-normal",32,"Semiparametric",TRUE
"Main",500,"Skew-normal",808,"OLS",TRUE
"Main",500,"Skew-normal",808,"Semiparametric",TRUE
"Main",200,"Gaussian",220,"OLS",TRUE
"Main",200,"Gaussian",220,"Semiparametric",TRUE
"Main",200,"Asymmetric mixture",151,"OLS",TRUE
"Main",200,"Asymmetric mixture",151,"Semiparametric",TRUE
"Main",500,"Asymmetric mixture",95,"OLS",TRUE
"Main",500,"Asymmetric mixture",95,"Semiparametric",TRUE
"Main",200,"Gaussian",709,"OLS",TRUE
"Main",200,"Gaussian",709,"Semiparametric",TRUE
"Main",200,"Asymmetric mixture",723,"OLS",TRUE
"Main",200,"Asymmetric mixture",723,"Semiparametric",TRUE
"Main",500,"Symmetric bimodal",362,"OLS",TRUE
"Main",500,"Symmetric bimodal",362,"Semiparametric",TRUE
"Main",500,"Gaussian",416,"OLS",TRUE
"Main",500,"Gaussian",416,"Semiparametric",TRUE
"Main",200,"Asymmetric mixture",705,"OLS",TRUE
"Main",200,"Asymmetric mixture",705,"Semiparametric",TRUE
"Main",200,"Skew-normal",351,"OLS",TRUE
"Main",200,"Skew-normal",351,"Semiparametric",TRUE
"Main",500,"Skew-normal",405,"OLS",TRUE
"Main",500,"Skew-normal",405,"Semiparametric",TRUE
"Main",500,"Symmetric bimodal",270,"OLS",TRUE
"Main",500,"Symmetric bimodal",270,"Semiparametric",TRUE
"Main",200,"Asymmetric mixture",377,"OLS",TRUE
"Main",200,"Asymmetric mixture",377,"Semiparametric",TRUE
"Main",500,"Symmetric bimodal",540,"OLS",TRUE
"Main",500,"Symmetric bimodal",540,"Semiparametric",TRUE
"Main",200,"Gaussian",429,"OLS",TRUE
"Main",200,"Gaussian",429,"Semiparametric",TRUE
"Main",200,"Symmetric bimodal",935,"OLS",TRUE
"Main",200,"Symmetric bimodal",935,"Semiparametric",TRUE
"Main",500,"Symmetric bimodal",558,"OLS",TRUE
"Main",500,"Symmetric bimodal",558,"Semiparametric",TRUE
"Main",200,"Asymmetric mixture",833,"OLS",TRUE
"Main",200,"Asymmetric mixture",833,"Semiparametric",TRUE
"Main",200,"Symmetric bimodal",108,"OLS",TRUE
"Main",200,"Symmetric bimodal",108,"Semiparametric",TRUE
"Main",200,"Asymmetric mixture",720,"OLS",TRUE
"Main",200,"Asymmetric mixture",720,"Semiparametric",TRUE
"Main",200,"Asymmetric mixture",698,"OLS",TRUE
"Main",200,"Asymmetric mixture",698,"Semiparametric",TRUE
"Main",500,"Skew-normal",641,"OLS",TRUE
"Main",500,"Skew-normal",641,"Semiparametric",TRUE
"Main",200,"Symmetric bimodal",246,"OLS",TRUE
"Main",200,"Symmetric bimodal",246,"Semiparametric",TRUE
"Main",500,"Symmetric bimodal",74,"OLS",TRUE
"Main",500,"Symmetric bimodal",74,"Semiparametric",TRUE
"Main",500,"Asymmetric mixture",712,"OLS",TRUE
"Main",500,"Asymmetric mixture",712,"Semiparametric",TRUE
"Main",200,"Symmetric bimodal",228,"OLS",TRUE
"Main",200,"Symmetric bimodal",228,"Semiparametric",TRUE
"Main",500,"Symmetric bimodal",222,"OLS",TRUE
"Main",500,"Symmetric bimodal",222,"Semiparametric",TRUE
"Main",200,"Symmetric bimodal",213,"OLS",TRUE
"Main",200,"Symmetric bimodal",213,"Semiparametric",TRUE
"Main",500,"Symmetric bimodal",411,"OLS",TRUE
"Main",500,"Symmetric bimodal",411,"Semiparametric",TRUE
"Main",200,"Symmetric bimodal",974,"OLS",TRUE
"Main",200,"Symmetric bimodal",974,"Semiparametric",TRUE
"Main",200,"Skew-normal",550,"OLS",TRUE
"Main",200,"Skew-normal",550,"Semiparametric",TRUE
"Main",500,"Gaussian",180,"OLS",TRUE
"Main",500,"Gaussian",180,"Semiparametric",TRUE
"Main",500,"Gaussian",167,"OLS",TRUE
"Main",500,"Gaussian",167,"Semiparametric",TRUE
"Main",500,"Symmetric bimodal",815,"OLS",TRUE
"Main",500,"Symmetric bimodal",815,"Semiparametric",TRUE
"Main",500,"Asymmetric mixture",332,"OLS",TRUE
"Main",500,"Asymmetric mixture",332,"Semiparametric",TRUE
"Main",500,"Skew-normal",511,"OLS",TRUE
"Main",500,"Skew-normal",511,"Semiparametric",TRUE
"Main",500,"Symmetric bimodal",656,"OLS",TRUE
"Main",500,"Symmetric bimodal",656,"Semiparametric",TRUE
"Main",200,"Asymmetric mixture",52,"OLS",TRUE
"Main",200,"Asymmetric mixture",52,"Semiparametric",TRUE
"Main",500,"Gaussian",510,"OLS",TRUE
"Main",500,"Gaussian",510,"Semiparametric",TRUE
"Main",200,"Asymmetric mixture",392,"OLS",TRUE
"Main",200,"Asymmetric mixture",392,"Semiparametric",FALSE
"Main",500,"Gaussian",817,"OLS",TRUE
"Main",500,"Gaussian",817,"Semiparametric",TRUE
"Main",200,"Symmetric bimodal",855,"OLS",TRUE
"Main",200,"Symmetric bimodal",855,"Semiparametric",TRUE
"Main",200,"Skew-normal",538,"OLS",TRUE
"Main",200,"Skew-normal",538,"Semiparametric",TRUE
"Main",500,"Gaussian",55,"OLS",TRUE
"Main",500,"Gaussian",55,"Semiparametric",TRUE
"Main",500,"Skew-normal",763,"OLS",TRUE
"Main",500,"Skew-normal",763,"Semiparametric",TRUE
"Main",500,"Gaussian",707,"OLS",TRUE
"Main",500,"Gaussian",707,"Semiparametric",TRUE
"Main",500,"Gaussian",116,"OLS",TRUE
"Main",500,"Gaussian",116,"Semiparametric",TRUE
"Main",200,"Gaussian",553,"OLS",TRUE
"Main",200,"Gaussian",553,"Semiparametric",TRUE
"Main",200,"Skew-normal",392,"OLS",TRUE
"Main",200,"Skew-normal",392,"Semiparametric",TRUE
"Main",500,"Symmetric bimodal",775,"OLS",TRUE
"Main",500,"Symmetric bimodal",775,"Semiparametric",TRUE
"Main",500,"Symmetric bimodal",812,"OLS",TRUE
"Main",500,"Symmetric bimodal",812,"Semiparametric",TRUE
"Main",200,"Asymmetric mixture",70,"OLS",TRUE
"Main",200,"Asymmetric mixture",70,"Semiparametric",TRUE
"Main",200,"Skew-normal",263,"OLS",TRUE
"Main",200,"Skew-normal",263,"Semiparametric",TRUE
"Main",500,"Skew-normal",947,"OLS",TRUE
"Main",500,"Skew-normal",947,"Semiparametric",TRUE
"Main",200,"Gaussian",639,"OLS",TRUE
"Main",200,"Gaussian",639,"Semiparametric",TRUE
"Main",500,"Asymmetric mixture",587,"OLS",TRUE
"Main",500,"Asymmetric mixture",587,"Semiparametric",TRUE
"Main",500,"Gaussian",38,"OLS",TRUE
"Main",500,"Gaussian",38,"Semiparametric",TRUE
"Main",500,"Skew-normal",82,"OLS",TRUE
"Main",500,"Skew-normal",82,"Semiparametric",TRUE
"Main",200,"Gaussian",776,"OLS",TRUE
"Main",200,"Gaussian",776,"Semiparametric",TRUE
"Main",500,"Skew-normal",898,"OLS",TRUE
"Main",500,"Skew-normal",898,"Semiparametric",TRUE
"Main",200,"Symmetric bimodal",840,"OLS",TRUE
"Main",200,"Symmetric bimodal",840,"Semiparametric",TRUE
"Main",200,"Asymmetric mixture",359,"OLS",TRUE
"Main",200,"Asymmetric mixture",359,"Semiparametric",TRUE
"Main",200,"Skew-normal",512,"OLS",TRUE
"Main",200,"Skew-normal",512,"Semiparametric",TRUE
"Main",500,"Asymmetric mixture",274,"OLS",TRUE
"Main",500,"Asymmetric mixture",274,"Semiparametric",TRUE
"Main",500,"Skew-normal",894,"OLS",TRUE
"Main",500,"Skew-normal",894,"Semiparametric",TRUE
"Main",500,"Asymmetric mixture",419,"OLS",TRUE
"Main",500,"Asymmetric mixture",419,"Semiparametric",TRUE
"Main",200,"Symmetric bimodal",314,"OLS",TRUE
"Main",200,"Symmetric bimodal",314,"Semiparametric",TRUE
"Main",200,"Gaussian",327,"OLS",TRUE
"Main",200,"Gaussian",327,"Semiparametric",TRUE
"Main",500,"Asymmetric mixture",835,"OLS",TRUE
"Main",500,"Asymmetric mixture",835,"Semiparametric",TRUE
"Main",200,"Skew-normal",435,"OLS",TRUE
"Main",200,"Skew-normal",435,"Semiparametric",TRUE
"Main",500,"Gaussian",983,"OLS",TRUE
"Main",500,"Gaussian",983,"Semiparametric",TRUE
"Main",500,"Gaussian",101,"OLS",TRUE
"Main",500,"Gaussian",101,"Semiparametric",TRUE
"Main",200,"Symmetric bimodal",972,"OLS",TRUE
"Main",200,"Symmetric bimodal",972,"Semiparametric",TRUE
"Main",200,"Asymmetric mixture",901,"OLS",TRUE
"Main",200,"Asymmetric mixture",901,"Semiparametric",TRUE
"Main",500,"Skew-normal",559,"OLS",TRUE
"Main",500,"Skew-normal",559,"Semiparametric",TRUE
"Main",200,"Skew-normal",130,"OLS",TRUE
"Main",200,"Skew-normal",130,"Semiparametric",TRUE
"Main",200,"Gaussian",270,"OLS",TRUE
"Main",200,"Gaussian",270,"Semiparametric",TRUE
"Main",200,"Skew-normal",260,"OLS",TRUE
"Main",200,"Skew-normal",260,"Semiparametric",TRUE
"Main",500,"Skew-normal",353,"OLS",TRUE
"Main",500,"Skew-normal",353,"Semiparametric",TRUE
"Main",200,"Symmetric bimodal",233,"OLS",TRUE
"Main",200,"Symmetric bimodal",233,"Semiparametric",TRUE
"Main",500,"Asymmetric mixture",328,"OLS",TRUE
"Main",500,"Asymmetric mixture",328,"Semiparametric",TRUE
"Main",500,"Asymmetric mixture",192,"OLS",TRUE
"Main",500,"Asymmetric mixture",192,"Semiparametric",TRUE
"Main",200,"Symmetric bimodal",908,"OLS",TRUE
"Main",200,"Symmetric bimodal",908,"Semiparametric",TRUE
"Main",500,"Symmetric bimodal",491,"OLS",TRUE
"Main",500,"Symmetric bimodal",491,"Semiparametric",TRUE
"Main",500,"Symmetric bimodal",920,"OLS",TRUE
"Main",500,"Symmetric bimodal",920,"Semiparametric",TRUE
"Main",500,"Asymmetric mixture",177,"OLS",TRUE
"Main",500,"Asymmetric mixture",177,"Semiparametric",TRUE
"Main",200,"Skew-normal",294,"OLS",TRUE
"Main",200,"Skew-normal",294,"Semiparametric",TRUE
"Main",500,"Symmetric bimodal",899,"OLS",TRUE
"Main",500,"Symmetric bimodal",899,"Semiparametric",TRUE
"Main",500,"Symmetric bimodal",741,"OLS",TRUE
"Main",500,"Symmetric bimodal",741,"Semiparametric",TRUE
"Main",500,"Asymmetric mixture",225,"OLS",TRUE
"Main",500,"Asymmetric mixture",225,"Semiparametric",TRUE
"Main",200,"Gaussian",52,"OLS",TRUE
"Main",200,"Gaussian",52,"Semiparametric",TRUE
"Main",500,"Gaussian",838,"OLS",TRUE
"Main",500,"Gaussian",838,"Semiparametric",TRUE
"Main",200,"Symmetric bimodal",995,"OLS",TRUE
"Main",200,"Symmetric bimodal",995,"Semiparametric",TRUE
"Main",500,"Skew-normal",178,"OLS",TRUE
"Main",500,"Skew-normal",178,"Semiparametric",TRUE
"Main",500,"Skew-normal",955,"OLS",TRUE
"Main",500,"Skew-normal",955,"Semiparametric",TRUE
"Main",200,"Asymmetric mixture",438,"OLS",TRUE
"Main",200,"Asymmetric mixture",438,"Semiparametric",FALSE
"Main",500,"Skew-normal",26,"OLS",TRUE
"Main",500,"Skew-normal",26,"Semiparametric",TRUE
"Main",500,"Skew-normal",312,"OLS",TRUE
"Main",500,"Skew-normal",312,"Semiparametric",TRUE
"Main",500,"Asymmetric mixture",445,"OLS",TRUE
"Main",500,"Asymmetric mixture",445,"Semiparametric",TRUE
"Main",500,"Gaussian",377,"OLS",TRUE
"Main",500,"Gaussian",377,"Semiparametric",TRUE
"Main",500,"Asymmetric mixture",29,"OLS",TRUE
"Main",500,"Asymmetric mixture",29,"Semiparametric",TRUE
"Main",200,"Symmetric bimodal",222,"OLS",TRUE
"Main",200,"Symmetric bimodal",222,"Semiparametric",TRUE
"Main",200,"Gaussian",115,"OLS",TRUE
"Main",200,"Gaussian",115,"Semiparametric",TRUE
"Main",200,"Gaussian",822,"OLS",TRUE
"Main",200,"Gaussian",822,"Semiparametric",TRUE
"Main",500,"Skew-normal",725,"OLS",TRUE
"Main",500,"Skew-normal",725,"Semiparametric",TRUE
"Main",200,"Gaussian",934,"OLS",TRUE
"Main",200,"Gaussian",934,"Semiparametric",TRUE
"Main",200,"Symmetric bimodal",411,"OLS",TRUE
"Main",200,"Symmetric bimodal",411,"Semiparametric",TRUE
"Main",200,"Skew-normal",137,"OLS",TRUE
"Main",200,"Skew-normal",137,"Semiparametric",TRUE
"Main",200,"Asymmetric mixture",45,"OLS",TRUE
"Main",200,"Asymmetric mixture",45,"Semiparametric",FALSE
"Main",500,"Gaussian",781,"OLS",TRUE
"Main",500,"Gaussian",781,"Semiparametric",TRUE
"Main",500,"Gaussian",801,"OLS",TRUE
"Main",500,"Gaussian",801,"Semiparametric",TRUE
"Main",200,"Skew-normal",123,"OLS",TRUE
"Main",200,"Skew-normal",123,"Semiparametric",TRUE
"Main",500,"Skew-normal",674,"OLS",TRUE
"Main",500,"Skew-normal",674,"Semiparametric",TRUE
"Main",200,"Gaussian",538,"OLS",TRUE
"Main",200,"Gaussian",538,"Semiparametric",TRUE
"Main",200,"Symmetric bimodal",743,"OLS",TRUE
"Main",200,"Symmetric bimodal",743,"Semiparametric",TRUE
"Main",500,"Asymmetric mixture",593,"OLS",TRUE
"Main",500,"Asymmetric mixture",593,"Semiparametric",TRUE
"Main",200,"Skew-normal",144,"OLS",TRUE
"Main",200,"Skew-normal",144,"Semiparametric",TRUE
"Main",200,"Skew-normal",643,"OLS",TRUE
"Main",200,"Skew-normal",643,"Semiparametric",TRUE
"Main",200,"Gaussian",611,"OLS",TRUE
"Main",200,"Gaussian",611,"Semiparametric",TRUE
"Main",200,"Gaussian",787,"OLS",TRUE
"Main",200,"Gaussian",787,"Semiparametric",TRUE
"Main",200,"Symmetric bimodal",663,"OLS",TRUE
"Main",200,"Symmetric bimodal",663,"Semiparametric",TRUE
"Main",200,"Skew-normal",432,"OLS",TRUE
"Main",200,"Skew-normal",432,"Semiparametric",TRUE
"Main",200,"Gaussian",673,"OLS",TRUE
"Main",200,"Gaussian",673,"Semiparametric",TRUE
"Main",200,"Asymmetric mixture",33,"OLS",TRUE
"Main",200,"Asymmetric mixture",33,"Semiparametric",TRUE
"Main",200,"Asymmetric mixture",137,"OLS",TRUE
"Main",200,"Asymmetric mixture",137,"Semiparametric",FALSE
"Main",500,"Symmetric bimodal",22,"OLS",TRUE
"Main",500,"Symmetric bimodal",22,"Semiparametric",TRUE
"Main",200,"Skew-normal",818,"OLS",TRUE
"Main",200,"Skew-normal",818,"Semiparametric",TRUE
"Main",500,"Skew-normal",547,"OLS",TRUE
"Main",500,"Skew-normal",547,"Semiparametric",TRUE
"Main",200,"Asymmetric mixture",409,"OLS",TRUE
"Main",200,"Asymmetric mixture",409,"Semiparametric",TRUE
"Main",500,"Gaussian",13,"OLS",TRUE
"Main",500,"Gaussian",13,"Semiparametric",TRUE
"Main",500,"Gaussian",637,"OLS",TRUE
"Main",500,"Gaussian",637,"Semiparametric",TRUE
"Main",200,"Symmetric bimodal",809,"OLS",TRUE
"Main",200,"Symmetric bimodal",809,"Semiparametric",TRUE
"Main",200,"Asymmetric mixture",822,"OLS",TRUE
"Main",200,"Asymmetric mixture",822,"Semiparametric",TRUE
"Main",200,"Gaussian",944,"OLS",TRUE
"Main",200,"Gaussian",944,"Semiparametric",TRUE
"Main",500,"Asymmetric mixture",687,"OLS",TRUE
"Main",500,"Asymmetric mixture",687,"Semiparametric",TRUE
"Main",200,"Symmetric bimodal",792,"OLS",TRUE
"Main",200,"Symmetric bimodal",792,"Semiparametric",TRUE
"Main",200,"Gaussian",699,"OLS",TRUE
"Main",200,"Gaussian",699,"Semiparametric",TRUE
"Main",200,"Asymmetric mixture",869,"OLS",TRUE
"Main",200,"Asymmetric mixture",869,"Semiparametric",TRUE
"Main",200,"Asymmetric mixture",852,"OLS",TRUE
"Main",200,"Asymmetric mixture",852,"Semiparametric",TRUE
"Main",200,"Asymmetric mixture",180,"OLS",TRUE
"Main",200,"Asymmetric mixture",180,"Semiparametric",TRUE
"Main",500,"Asymmetric mixture",677,"OLS",TRUE
"Main",500,"Asymmetric mixture",677,"Semiparametric",TRUE
"Main",200,"Gaussian",303,"OLS",TRUE
"Main",200,"Gaussian",303,"Semiparametric",TRUE
"Main",200,"Gaussian",264,"OLS",TRUE
"Main",200,"Gaussian",264,"Semiparametric",TRUE
"Main",200,"Asymmetric mixture",158,"OLS",TRUE
"Main",200,"Asymmetric mixture",158,"Semiparametric",TRUE
"Main",200,"Symmetric bimodal",36,"OLS",TRUE
"Main",200,"Symmetric bimodal",36,"Semiparametric",TRUE
"Main",500,"Symmetric bimodal",903,"OLS",TRUE
"Main",500,"Symmetric bimodal",903,"Semiparametric",TRUE
"Main",500,"Asymmetric mixture",197,"OLS",TRUE
"Main",500,"Asymmetric mixture",197,"Semiparametric",TRUE
"Main",200,"Asymmetric mixture",766,"OLS",TRUE
"Main",200,"Asymmetric mixture",766,"Semiparametric",FALSE
"Main",500,"Asymmetric mixture",126,"OLS",TRUE
"Main",500,"Asymmetric mixture",126,"Semiparametric",TRUE
"Main",500,"Gaussian",714,"OLS",TRUE
"Main",500,"Gaussian",714,"Semiparametric",TRUE
"Main",200,"Skew-normal",865,"OLS",TRUE
"Main",200,"Skew-normal",865,"Semiparametric",TRUE
"Main",500,"Gaussian",964,"OLS",TRUE
"Main",500,"Gaussian",964,"Semiparametric",TRUE
"Main",500,"Symmetric bimodal",139,"OLS",TRUE
"Main",500,"Symmetric bimodal",139,"Semiparametric",TRUE
"Main",500,"Symmetric bimodal",732,"OLS",TRUE
"Main",500,"Symmetric bimodal",732,"Semiparametric",TRUE
"Main",200,"Asymmetric mixture",294,"OLS",TRUE
"Main",200,"Asymmetric mixture",294,"Semiparametric",TRUE
"Main",200,"Skew-normal",850,"OLS",TRUE
"Main",200,"Skew-normal",850,"Semiparametric",TRUE
"Main",500,"Symmetric bimodal",954,"OLS",TRUE
"Main",500,"Symmetric bimodal",954,"Semiparametric",TRUE
"Main",200,"Symmetric bimodal",35,"OLS",TRUE
"Main",200,"Symmetric bimodal",35,"Semiparametric",TRUE
"Main",200,"Skew-normal",307,"OLS",TRUE
"Main",200,"Skew-normal",307,"Semiparametric",TRUE
"Main",500,"Asymmetric mixture",112,"OLS",TRUE
"Main",500,"Asymmetric mixture",112,"Semiparametric",TRUE
"Main",200,"Symmetric bimodal",463,"OLS",TRUE
"Main",200,"Symmetric bimodal",463,"Semiparametric",TRUE
"Main",200,"Skew-normal",727,"OLS",TRUE
"Main",200,"Skew-normal",727,"Semiparametric",TRUE
"Main",200,"Skew-normal",508,"OLS",TRUE
"Main",200,"Skew-normal",508,"Semiparametric",TRUE
"Main",500,"Gaussian",2,"OLS",TRUE
"Main",500,"Gaussian",2,"Semiparametric",TRUE
"Main",200,"Asymmetric mixture",860,"OLS",TRUE
"Main",200,"Asymmetric mixture",860,"Semiparametric",TRUE
"Main",500,"Skew-normal",410,"OLS",TRUE
"Main",500,"Skew-normal",410,"Semiparametric",TRUE
"Main",200,"Skew-normal",112,"OLS",TRUE
"Main",200,"Skew-normal",112,"Semiparametric",TRUE
"Main",500,"Gaussian",885,"OLS",TRUE
"Main",500,"Gaussian",885,"Semiparametric",TRUE
"Main",500,"Gaussian",252,"OLS",TRUE
"Main",500,"Gaussian",252,"Semiparametric",TRUE
"Main",200,"Symmetric bimodal",142,"OLS",TRUE
"Main",200,"Symmetric bimodal",142,"Semiparametric",TRUE
"Main",500,"Skew-normal",263,"OLS",TRUE
"Main",500,"Skew-normal",263,"Semiparametric",TRUE
"Main",500,"Symmetric bimodal",296,"OLS",TRUE
"Main",500,"Symmetric bimodal",296,"Semiparametric",TRUE
"Main",200,"Symmetric bimodal",619,"OLS",TRUE
"Main",200,"Symmetric bimodal",619,"Semiparametric",TRUE
"Main",200,"Symmetric bimodal",507,"OLS",TRUE
"Main",200,"Symmetric bimodal",507,"Semiparametric",TRUE
"Main",500,"Gaussian",309,"OLS",TRUE
"Main",500,"Gaussian",309,"Semiparametric",TRUE
"Main",200,"Gaussian",950,"OLS",TRUE
"Main",200,"Gaussian",950,"Semiparametric",TRUE
"Main",500,"Gaussian",12,"OLS",TRUE
"Main",500,"Gaussian",12,"Semiparametric",TRUE
"Main",200,"Gaussian",326,"OLS",TRUE
"Main",200,"Gaussian",326,"Semiparametric",TRUE
"Main",500,"Skew-normal",552,"OLS",TRUE
"Main",500,"Skew-normal",552,"Semiparametric",TRUE
"Main",500,"Skew-normal",732,"OLS",TRUE
"Main",500,"Skew-normal",732,"Semiparametric",TRUE
"Main",200,"Symmetric bimodal",472,"OLS",TRUE
"Main",200,"Symmetric bimodal",472,"Semiparametric",TRUE
"Main",200,"Asymmetric mixture",277,"OLS",TRUE
"Main",200,"Asymmetric mixture",277,"Semiparametric",TRUE
"Main",500,"Symmetric bimodal",692,"OLS",TRUE
"Main",500,"Symmetric bimodal",692,"Semiparametric",TRUE
"Main",500,"Asymmetric mixture",844,"OLS",TRUE
"Main",500,"Asymmetric mixture",844,"Semiparametric",TRUE
"Main",500,"Symmetric bimodal",790,"OLS",TRUE
"Main",500,"Symmetric bimodal",790,"Semiparametric",TRUE
"Main",200,"Gaussian",821,"OLS",TRUE
"Main",200,"Gaussian",821,"Semiparametric",TRUE
"Main",500,"Asymmetric mixture",744,"OLS",TRUE
"Main",500,"Asymmetric mixture",744,"Semiparametric",TRUE
"Main",500,"Symmetric bimodal",416,"OLS",TRUE
"Main",500,"Symmetric bimodal",416,"Semiparametric",TRUE
"Main",500,"Asymmetric mixture",495,"OLS",TRUE
"Main",500,"Asymmetric mixture",495,"Semiparametric",TRUE
"Main",200,"Gaussian",684,"OLS",TRUE
"Main",200,"Gaussian",684,"Semiparametric",TRUE
"Main",200,"Gaussian",607,"OLS",TRUE
"Main",200,"Gaussian",607,"Semiparametric",TRUE
"Main",200,"Symmetric bimodal",10,"OLS",TRUE
"Main",200,"Symmetric bimodal",10,"Semiparametric",TRUE
"Main",200,"Symmetric bimodal",751,"OLS",TRUE
"Main",200,"Symmetric bimodal",751,"Semiparametric",TRUE
"Main",500,"Symmetric bimodal",378,"OLS",TRUE
"Main",500,"Symmetric bimodal",378,"Semiparametric",TRUE
"Main",200,"Asymmetric mixture",859,"OLS",TRUE
"Main",200,"Asymmetric mixture",859,"Semiparametric",TRUE
"Main",500,"Symmetric bimodal",552,"OLS",TRUE
"Main",500,"Symmetric bimodal",552,"Semiparametric",TRUE
"Main",500,"Asymmetric mixture",748,"OLS",TRUE
"Main",500,"Asymmetric mixture",748,"Semiparametric",TRUE
"Main",200,"Gaussian",948,"OLS",TRUE
"Main",200,"Gaussian",948,"Semiparametric",TRUE
"Main",500,"Asymmetric mixture",137,"OLS",TRUE
"Main",500,"Asymmetric mixture",137,"Semiparametric",TRUE
"Main",200,"Asymmetric mixture",399,"OLS",TRUE
"Main",200,"Asymmetric mixture",399,"Semiparametric",TRUE
"Main",200,"Gaussian",511,"OLS",TRUE
"Main",200,"Gaussian",511,"Semiparametric",TRUE
"Main",200,"Symmetric bimodal",639,"OLS",TRUE
"Main",200,"Symmetric bimodal",639,"Semiparametric",TRUE
"Main",500,"Gaussian",852,"OLS",TRUE
"Main",500,"Gaussian",852,"Semiparametric",TRUE
"Main",500,"Symmetric bimodal",96,"OLS",TRUE
"Main",500,"Symmetric bimodal",96,"Semiparametric",TRUE
"Main",200,"Skew-normal",767,"OLS",TRUE
"Main",200,"Skew-normal",767,"Semiparametric",TRUE
"Main",500,"Symmetric bimodal",97,"OLS",TRUE
"Main",500,"Symmetric bimodal",97,"Semiparametric",TRUE
"Main",500,"Skew-normal",99,"OLS",TRUE
"Main",500,"Skew-normal",99,"Semiparametric",TRUE
"Main",200,"Asymmetric mixture",983,"OLS",TRUE
"Main",200,"Asymmetric mixture",983,"Semiparametric",TRUE
"Main",200,"Symmetric bimodal",679,"OLS",TRUE
"Main",200,"Symmetric bimodal",679,"Semiparametric",TRUE
"Main",200,"Skew-normal",414,"OLS",TRUE
"Main",200,"Skew-normal",414,"Semiparametric",TRUE
"Main",500,"Asymmetric mixture",595,"OLS",TRUE
"Main",500,"Asymmetric mixture",595,"Semiparametric",TRUE
"Main",500,"Asymmetric mixture",876,"OLS",TRUE
"Main",500,"Asymmetric mixture",876,"Semiparametric",TRUE
"Main",500,"Asymmetric mixture",158,"OLS",TRUE
"Main",500,"Asymmetric mixture",158,"Semiparametric",TRUE
"Main",500,"Gaussian",985,"OLS",TRUE
"Main",500,"Gaussian",985,"Semiparametric",TRUE
"Main",200,"Skew-normal",857,"OLS",TRUE
"Main",200,"Skew-normal",857,"Semiparametric",TRUE
"Main",500,"Asymmetric mixture",859,"OLS",TRUE
"Main",500,"Asymmetric mixture",859,"Semiparametric",TRUE
"Main",500,"Symmetric bimodal",690,"OLS",TRUE
"Main",500,"Symmetric bimodal",690,"Semiparametric",TRUE
"Main",200,"Symmetric bimodal",830,"OLS",TRUE
"Main",200,"Symmetric bimodal",830,"Semiparametric",TRUE
"Main",200,"Symmetric bimodal",976,"OLS",TRUE
"Main",200,"Symmetric bimodal",976,"Semiparametric",TRUE
"Main",500,"Gaussian",681,"OLS",TRUE
"Main",500,"Gaussian",681,"Semiparametric",TRUE
"Main",200,"Symmetric bimodal",122,"OLS",TRUE
"Main",200,"Symmetric bimodal",122,"Semiparametric",TRUE
"Main",200,"Gaussian",675,"OLS",TRUE
"Main",200,"Gaussian",675,"Semiparametric",TRUE
"Main",200,"Gaussian",811,"OLS",TRUE
"Main",200,"Gaussian",811,"Semiparametric",TRUE
"Main",500,"Skew-normal",87,"OLS",TRUE
"Main",500,"Skew-normal",87,"Semiparametric",TRUE
"Main",500,"Asymmetric mixture",899,"OLS",TRUE
"Main",500,"Asymmetric mixture",899,"Semiparametric",TRUE
"Main",200,"Asymmetric mixture",179,"OLS",TRUE
"Main",200,"Asymmetric mixture",179,"Semiparametric",TRUE
"Main",500,"Skew-normal",107,"OLS",TRUE
"Main",500,"Skew-normal",107,"Semiparametric",TRUE
"Main",500,"Asymmetric mixture",562,"OLS",TRUE
"Main",500,"Asymmetric mixture",562,"Semiparametric",TRUE
"Main",200,"Skew-normal",384,"OLS",TRUE
"Main",200,"Skew-normal",384,"Semiparametric",TRUE
"Main",200,"Skew-normal",888,"OLS",TRUE
"Main",200,"Skew-normal",888,"Semiparametric",TRUE
"Main",500,"Gaussian",386,"OLS",TRUE
"Main",500,"Gaussian",386,"Semiparametric",TRUE
"Main",500,"Asymmetric mixture",282,"OLS",TRUE
"Main",500,"Asymmetric mixture",282,"Semiparametric",TRUE
"Main",200,"Asymmetric mixture",400,"OLS",TRUE
"Main",200,"Asymmetric mixture",400,"Semiparametric",TRUE
"Main",500,"Symmetric bimodal",320,"OLS",TRUE
"Main",500,"Symmetric bimodal",320,"Semiparametric",TRUE
"Main",500,"Asymmetric mixture",906,"OLS",TRUE
"Main",500,"Asymmetric mixture",906,"Semiparametric",TRUE
"Main",500,"Symmetric bimodal",160,"OLS",TRUE
"Main",500,"Symmetric bimodal",160,"Semiparametric",TRUE
"Main",500,"Skew-normal",941,"OLS",TRUE
"Main",500,"Skew-normal",941,"Semiparametric",TRUE
"Main",200,"Gaussian",26,"OLS",TRUE
"Main",200,"Gaussian",26,"Semiparametric",TRUE
"Main",500,"Symmetric bimodal",479,"OLS",TRUE
"Main",500,"Symmetric bimodal",479,"Semiparametric",TRUE
"Main",500,"Asymmetric mixture",133,"OLS",TRUE
"Main",500,"Asymmetric mixture",133,"Semiparametric",TRUE
"Main",500,"Symmetric bimodal",409,"OLS",TRUE
"Main",500,"Symmetric bimodal",409,"Semiparametric",TRUE
"Main",500,"Symmetric bimodal",789,"OLS",TRUE
"Main",500,"Symmetric bimodal",789,"Semiparametric",TRUE
"Main",200,"Symmetric bimodal",249,"OLS",TRUE
"Main",200,"Symmetric bimodal",249,"Semiparametric",TRUE
"Main",500,"Symmetric bimodal",379,"OLS",TRUE
"Main",500,"Symmetric bimodal",379,"Semiparametric",TRUE
"Main",200,"Asymmetric mixture",501,"OLS",TRUE
"Main",200,"Asymmetric mixture",501,"Semiparametric",TRUE
"Main",500,"Gaussian",653,"OLS",TRUE
"Main",500,"Gaussian",653,"Semiparametric",TRUE
"Main",200,"Skew-normal",146,"OLS",TRUE
"Main",200,"Skew-normal",146,"Semiparametric",TRUE
"Main",200,"Symmetric bimodal",70,"OLS",TRUE
"Main",200,"Symmetric bimodal",70,"Semiparametric",TRUE
"Main",500,"Skew-normal",443,"OLS",TRUE
"Main",500,"Skew-normal",443,"Semiparametric",TRUE
"Main",200,"Skew-normal",853,"OLS",TRUE
"Main",200,"Skew-normal",853,"Semiparametric",TRUE
"Main",200,"Asymmetric mixture",811,"OLS",TRUE
"Main",200,"Asymmetric mixture",811,"Semiparametric",FALSE
"Main",500,"Skew-normal",611,"OLS",TRUE
"Main",500,"Skew-normal",611,"Semiparametric",TRUE
"Main",200,"Skew-normal",862,"OLS",TRUE
"Main",200,"Skew-normal",862,"Semiparametric",TRUE
"Main",200,"Gaussian",349,"OLS",TRUE
"Main",200,"Gaussian",349,"Semiparametric",TRUE
"Main",500,"Symmetric bimodal",149,"OLS",TRUE
"Main",500,"Symmetric bimodal",149,"Semiparametric",TRUE
"Main",500,"Asymmetric mixture",648,"OLS",TRUE
"Main",500,"Asymmetric mixture",648,"Semiparametric",TRUE
"Main",200,"Gaussian",436,"OLS",TRUE
"Main",200,"Gaussian",436,"Semiparametric",TRUE
"Main",200,"Symmetric bimodal",706,"OLS",TRUE
"Main",200,"Symmetric bimodal",706,"Semiparametric",TRUE
"Main",500,"Gaussian",332,"OLS",TRUE
"Main",500,"Gaussian",332,"Semiparametric",TRUE
"Main",200,"Asymmetric mixture",952,"OLS",TRUE
"Main",200,"Asymmetric mixture",952,"Semiparametric",TRUE
"Main",200,"Skew-normal",563,"OLS",TRUE
"Main",200,"Skew-normal",563,"Semiparametric",TRUE
"Main",500,"Gaussian",391,"OLS",TRUE
"Main",500,"Gaussian",391,"Semiparametric",TRUE
"Main",500,"Symmetric bimodal",495,"OLS",TRUE
"Main",500,"Symmetric bimodal",495,"Semiparametric",TRUE
"Main",200,"Symmetric bimodal",964,"OLS",TRUE
"Main",200,"Symmetric bimodal",964,"Semiparametric",TRUE
"Main",200,"Skew-normal",472,"OLS",TRUE
"Main",200,"Skew-normal",472,"Semiparametric",TRUE
"Main",500,"Gaussian",989,"OLS",TRUE
"Main",500,"Gaussian",989,"Semiparametric",TRUE
"Main",500,"Asymmetric mixture",769,"OLS",TRUE
"Main",500,"Asymmetric mixture",769,"Semiparametric",TRUE
"Main",200,"Skew-normal",685,"OLS",TRUE
"Main",200,"Skew-normal",685,"Semiparametric",TRUE
"Main",200,"Symmetric bimodal",206,"OLS",TRUE
"Main",200,"Symmetric bimodal",206,"Semiparametric",TRUE
"Main",200,"Asymmetric mixture",938,"OLS",TRUE
"Main",200,"Asymmetric mixture",938,"Semiparametric",TRUE
"Main",500,"Symmetric bimodal",11,"OLS",TRUE
"Main",500,"Symmetric bimodal",11,"Semiparametric",TRUE
"Main",200,"Asymmetric mixture",886,"OLS",TRUE
"Main",200,"Asymmetric mixture",886,"Semiparametric",TRUE
"Main",200,"Skew-normal",418,"OLS",TRUE
"Main",200,"Skew-normal",418,"Semiparametric",TRUE
"Main",200,"Skew-normal",763,"OLS",TRUE
"Main",200,"Skew-normal",763,"Semiparametric",TRUE
"Main",500,"Skew-normal",752,"OLS",TRUE
"Main",500,"Skew-normal",752,"Semiparametric",TRUE
"Main",500,"Symmetric bimodal",659,"OLS",TRUE
"Main",500,"Symmetric bimodal",659,"Semiparametric",TRUE
"Main",500,"Skew-normal",564,"OLS",TRUE
"Main",500,"Skew-normal",564,"Semiparametric",TRUE
"Main",200,"Symmetric bimodal",486,"OLS",TRUE
"Main",200,"Symmetric bimodal",486,"Semiparametric",FALSE
"Main",200,"Symmetric bimodal",389,"OLS",TRUE
"Main",200,"Symmetric bimodal",389,"Semiparametric",TRUE
"Main",200,"Asymmetric mixture",28,"OLS",TRUE
"Main",200,"Asymmetric mixture",28,"Semiparametric",TRUE
"Main",500,"Symmetric bimodal",485,"OLS",TRUE
"Main",500,"Symmetric bimodal",485,"Semiparametric",TRUE
"Main",200,"Symmetric bimodal",820,"OLS",TRUE
"Main",200,"Symmetric bimodal",820,"Semiparametric",FALSE
"Main",500,"Symmetric bimodal",985,"OLS",TRUE
"Main",500,"Symmetric bimodal",985,"Semiparametric",TRUE
"Main",200,"Gaussian",626,"OLS",TRUE
"Main",200,"Gaussian",626,"Semiparametric",TRUE
"Main",500,"Symmetric bimodal",728,"OLS",TRUE
"Main",500,"Symmetric bimodal",728,"Semiparametric",TRUE
"Main",500,"Asymmetric mixture",300,"OLS",TRUE
"Main",500,"Asymmetric mixture",300,"Semiparametric",TRUE
"Main",500,"Skew-normal",459,"OLS",TRUE
"Main",500,"Skew-normal",459,"Semiparametric",TRUE
"Main",500,"Skew-normal",713,"OLS",TRUE
"Main",500,"Skew-normal",713,"Semiparametric",TRUE
"Main",200,"Symmetric bimodal",467,"OLS",TRUE
"Main",200,"Symmetric bimodal",467,"Semiparametric",TRUE
"Main",200,"Gaussian",603,"OLS",TRUE
"Main",200,"Gaussian",603,"Semiparametric",TRUE
"Main",200,"Gaussian",223,"OLS",TRUE
"Main",200,"Gaussian",223,"Semiparametric",TRUE
"Main",200,"Skew-normal",276,"OLS",TRUE
"Main",200,"Skew-normal",276,"Semiparametric",TRUE
"Main",200,"Skew-normal",615,"OLS",TRUE
"Main",200,"Skew-normal",615,"Semiparametric",TRUE
"Main",500,"Asymmetric mixture",275,"OLS",TRUE
"Main",500,"Asymmetric mixture",275,"Semiparametric",TRUE
"Main",200,"Symmetric bimodal",482,"OLS",TRUE
"Main",200,"Symmetric bimodal",482,"Semiparametric",TRUE
"Main",500,"Asymmetric mixture",555,"OLS",TRUE
"Main",500,"Asymmetric mixture",555,"Semiparametric",TRUE
"Main",500,"Symmetric bimodal",287,"OLS",TRUE
"Main",500,"Symmetric bimodal",287,"Semiparametric",TRUE
"Main",500,"Symmetric bimodal",7,"OLS",TRUE
"Main",500,"Symmetric bimodal",7,"Semiparametric",TRUE
"Main",200,"Gaussian",800,"OLS",TRUE
"Main",200,"Gaussian",800,"Semiparametric",TRUE
"Main",500,"Gaussian",813,"OLS",TRUE
"Main",500,"Gaussian",813,"Semiparametric",TRUE
"Main",200,"Gaussian",878,"OLS",TRUE
"Main",200,"Gaussian",878,"Semiparametric",TRUE
"Main",200,"Gaussian",584,"OLS",TRUE
"Main",200,"Gaussian",584,"Semiparametric",TRUE
"Main",500,"Asymmetric mixture",838,"OLS",TRUE
"Main",500,"Asymmetric mixture",838,"Semiparametric",TRUE
"Main",200,"Skew-normal",700,"OLS",TRUE
"Main",200,"Skew-normal",700,"Semiparametric",TRUE
"Main",500,"Gaussian",219,"OLS",TRUE
"Main",500,"Gaussian",219,"Semiparametric",TRUE
"Main",200,"Gaussian",620,"OLS",TRUE
"Main",200,"Gaussian",620,"Semiparametric",TRUE
"Main",200,"Symmetric bimodal",58,"OLS",TRUE
"Main",200,"Symmetric bimodal",58,"Semiparametric",TRUE
"Main",500,"Skew-normal",627,"OLS",TRUE
"Main",500,"Skew-normal",627,"Semiparametric",TRUE
"Main",500,"Symmetric bimodal",307,"OLS",TRUE
"Main",500,"Symmetric bimodal",307,"Semiparametric",TRUE
"Main",200,"Symmetric bimodal",61,"OLS",TRUE
"Main",200,"Symmetric bimodal",61,"Semiparametric",TRUE
"Main",500,"Skew-normal",397,"OLS",TRUE
"Main",500,"Skew-normal",397,"Semiparametric",TRUE
"Main",500,"Symmetric bimodal",186,"OLS",TRUE
"Main",500,"Symmetric bimodal",186,"Semiparametric",TRUE
"Main",200,"Asymmetric mixture",18,"OLS",TRUE
"Main",200,"Asymmetric mixture",18,"Semiparametric",FALSE
"Main",200,"Gaussian",909,"OLS",TRUE
"Main",200,"Gaussian",909,"Semiparametric",TRUE
"Main",200,"Skew-normal",776,"OLS",TRUE
"Main",200,"Skew-normal",776,"Semiparametric",TRUE
"Main",200,"Asymmetric mixture",643,"OLS",TRUE
"Main",200,"Asymmetric mixture",643,"Semiparametric",TRUE
"Main",200,"Symmetric bimodal",102,"OLS",TRUE
"Main",200,"Symmetric bimodal",102,"Semiparametric",TRUE
"Main",200,"Asymmetric mixture",433,"OLS",TRUE
"Main",200,"Asymmetric mixture",433,"Semiparametric",TRUE
"Main",200,"Symmetric bimodal",86,"OLS",TRUE
"Main",200,"Symmetric bimodal",86,"Semiparametric",TRUE
"Main",500,"Symmetric bimodal",459,"OLS",TRUE
"Main",500,"Symmetric bimodal",459,"Semiparametric",TRUE
"Main",500,"Symmetric bimodal",400,"OLS",TRUE
"Main",500,"Symmetric bimodal",400,"Semiparametric",TRUE
"Main",200,"Skew-normal",801,"OLS",TRUE
"Main",200,"Skew-normal",801,"Semiparametric",TRUE
"Main",500,"Skew-normal",651,"OLS",TRUE
"Main",500,"Skew-normal",651,"Semiparametric",TRUE
"Main",200,"Asymmetric mixture",897,"OLS",TRUE
"Main",200,"Asymmetric mixture",897,"Semiparametric",TRUE
"Main",200,"Asymmetric mixture",496,"OLS",TRUE
"Main",200,"Asymmetric mixture",496,"Semiparametric",TRUE
"Main",200,"Symmetric bimodal",819,"OLS",TRUE
"Main",200,"Symmetric bimodal",819,"Semiparametric",TRUE
"Main",200,"Asymmetric mixture",111,"OLS",TRUE
"Main",200,"Asymmetric mixture",111,"Semiparametric",TRUE
"Main",500,"Asymmetric mixture",952,"OLS",TRUE
"Main",500,"Asymmetric mixture",952,"Semiparametric",TRUE
"Main",500,"Symmetric bimodal",202,"OLS",TRUE
"Main",500,"Symmetric bimodal",202,"Semiparametric",TRUE
"Main",500,"Skew-normal",815,"OLS",TRUE
"Main",500,"Skew-normal",815,"Semiparametric",TRUE
"Main",500,"Gaussian",864,"OLS",TRUE
"Main",500,"Gaussian",864,"Semiparametric",TRUE
"Main",200,"Asymmetric mixture",354,"OLS",TRUE
"Main",200,"Asymmetric mixture",354,"Semiparametric",TRUE
"Main",500,"Asymmetric mixture",999,"OLS",TRUE
"Main",500,"Asymmetric mixture",999,"Semiparametric",TRUE
"Main",500,"Asymmetric mixture",273,"OLS",TRUE
"Main",500,"Asymmetric mixture",273,"Semiparametric",TRUE
"Main",500,"Asymmetric mixture",22,"OLS",TRUE
"Main",500,"Asymmetric mixture",22,"Semiparametric",TRUE
"Main",200,"Symmetric bimodal",277,"OLS",TRUE
"Main",200,"Symmetric bimodal",277,"Semiparametric",TRUE
"Main",200,"Gaussian",795,"OLS",TRUE
"Main",200,"Gaussian",795,"Semiparametric",TRUE
"Main",500,"Gaussian",139,"OLS",TRUE
"Main",500,"Gaussian",139,"Semiparametric",TRUE
"Main",200,"Asymmetric mixture",542,"OLS",TRUE
"Main",200,"Asymmetric mixture",542,"Semiparametric",TRUE
"Main",500,"Skew-normal",297,"OLS",TRUE
"Main",500,"Skew-normal",297,"Semiparametric",TRUE
"Main",500,"Symmetric bimodal",467,"OLS",TRUE
"Main",500,"Symmetric bimodal",467,"Semiparametric",TRUE
"Main",500,"Skew-normal",520,"OLS",TRUE
"Main",500,"Skew-normal",520,"Semiparametric",TRUE
"Main",200,"Skew-normal",753,"OLS",TRUE
"Main",200,"Skew-normal",753,"Semiparametric",TRUE
"Main",200,"Skew-normal",199,"OLS",TRUE
"Main",200,"Skew-normal",199,"Semiparametric",TRUE
"Main",500,"Asymmetric mixture",418,"OLS",TRUE
"Main",500,"Asymmetric mixture",418,"Semiparametric",TRUE
"Main",500,"Gaussian",810,"OLS",TRUE
"Main",500,"Gaussian",810,"Semiparametric",TRUE
"Main",200,"Symmetric bimodal",71,"OLS",TRUE
"Main",200,"Symmetric bimodal",71,"Semiparametric",TRUE
"Main",500,"Asymmetric mixture",993,"OLS",TRUE
"Main",500,"Asymmetric mixture",993,"Semiparametric",TRUE
"Main",200,"Asymmetric mixture",298,"OLS",TRUE
"Main",200,"Asymmetric mixture",298,"Semiparametric",TRUE
"Main",200,"Asymmetric mixture",775,"OLS",TRUE
"Main",200,"Asymmetric mixture",775,"Semiparametric",TRUE
"Main",200,"Gaussian",287,"OLS",TRUE
"Main",200,"Gaussian",287,"Semiparametric",TRUE
"Main",500,"Skew-normal",848,"OLS",TRUE
"Main",500,"Skew-normal",848,"Semiparametric",TRUE
"Main",500,"Gaussian",426,"OLS",TRUE
"Main",500,"Gaussian",426,"Semiparametric",TRUE
"Main",500,"Skew-normal",776,"OLS",TRUE
"Main",500,"Skew-normal",776,"Semiparametric",TRUE
"Main",500,"Skew-normal",720,"OLS",TRUE
"Main",500,"Skew-normal",720,"Semiparametric",TRUE
"Main",200,"Symmetric bimodal",496,"OLS",TRUE
"Main",200,"Symmetric bimodal",496,"Semiparametric",TRUE
"Main",200,"Asymmetric mixture",928,"OLS",TRUE
"Main",200,"Asymmetric mixture",928,"Semiparametric",TRUE
"Main",500,"Symmetric bimodal",765,"OLS",TRUE
"Main",500,"Symmetric bimodal",765,"Semiparametric",TRUE
"Main",500,"Symmetric bimodal",546,"OLS",TRUE
"Main",500,"Symmetric bimodal",546,"Semiparametric",TRUE
"Main",200,"Skew-normal",65,"OLS",TRUE
"Main",200,"Skew-normal",65,"Semiparametric",TRUE
"Main",200,"Gaussian",295,"OLS",TRUE
"Main",200,"Gaussian",295,"Semiparametric",TRUE
"Main",500,"Asymmetric mixture",240,"OLS",TRUE
"Main",500,"Asymmetric mixture",240,"Semiparametric",TRUE
"Main",200,"Symmetric bimodal",144,"OLS",TRUE
"Main",200,"Symmetric bimodal",144,"Semiparametric",TRUE
"Main",200,"Symmetric bimodal",448,"OLS",TRUE
"Main",200,"Symmetric bimodal",448,"Semiparametric",TRUE
"Main",200,"Asymmetric mixture",25,"OLS",TRUE
"Main",200,"Asymmetric mixture",25,"Semiparametric",TRUE
"Main",500,"Skew-normal",267,"OLS",TRUE
"Main",500,"Skew-normal",267,"Semiparametric",TRUE
"Main",200,"Skew-normal",935,"OLS",TRUE
"Main",200,"Skew-normal",935,"Semiparametric",TRUE
"Main",200,"Skew-normal",114,"OLS",TRUE
"Main",200,"Skew-normal",114,"Semiparametric",TRUE
"Main",500,"Asymmetric mixture",666,"OLS",TRUE
"Main",500,"Asymmetric mixture",666,"Semiparametric",TRUE
"Main",500,"Asymmetric mixture",847,"OLS",TRUE
"Main",500,"Asymmetric mixture",847,"Semiparametric",TRUE
"Main",200,"Asymmetric mixture",768,"OLS",TRUE
"Main",200,"Asymmetric mixture",768,"Semiparametric",TRUE
"Main",500,"Gaussian",301,"OLS",TRUE
"Main",500,"Gaussian",301,"Semiparametric",TRUE
"Main",500,"Gaussian",683,"OLS",TRUE
"Main",500,"Gaussian",683,"Semiparametric",TRUE
"Main",500,"Skew-normal",897,"OLS",TRUE
"Main",500,"Skew-normal",897,"Semiparametric",TRUE
"Main",500,"Skew-normal",490,"OLS",TRUE
"Main",500,"Skew-normal",490,"Semiparametric",TRUE
"Main",500,"Symmetric bimodal",442,"OLS",TRUE
"Main",500,"Symmetric bimodal",442,"Semiparametric",TRUE
"Main",500,"Asymmetric mixture",676,"OLS",TRUE
"Main",500,"Asymmetric mixture",676,"Semiparametric",TRUE
"Main",500,"Gaussian",712,"OLS",TRUE
"Main",500,"Gaussian",712,"Semiparametric",TRUE
"Main",200,"Asymmetric mixture",395,"OLS",TRUE
"Main",200,"Asymmetric mixture",395,"Semiparametric",TRUE
"Main",500,"Skew-normal",874,"OLS",TRUE
"Main",500,"Skew-normal",874,"Semiparametric",TRUE
"Main",200,"Skew-normal",38,"OLS",TRUE
"Main",200,"Skew-normal",38,"Semiparametric",TRUE
"Main",200,"Asymmetric mixture",397,"OLS",TRUE
"Main",200,"Asymmetric mixture",397,"Semiparametric",TRUE
"Main",200,"Skew-normal",509,"OLS",TRUE
"Main",200,"Skew-normal",509,"Semiparametric",TRUE
"Main",200,"Asymmetric mixture",487,"OLS",TRUE
"Main",200,"Asymmetric mixture",487,"Semiparametric",TRUE
"Main",200,"Asymmetric mixture",912,"OLS",TRUE
"Main",200,"Asymmetric mixture",912,"Semiparametric",TRUE
"Main",500,"Symmetric bimodal",448,"OLS",TRUE
"Main",500,"Symmetric bimodal",448,"Semiparametric",TRUE
"Main",500,"Asymmetric mixture",741,"OLS",TRUE
"Main",500,"Asymmetric mixture",741,"Semiparametric",TRUE
"Main",200,"Skew-normal",988,"OLS",TRUE
"Main",200,"Skew-normal",988,"Semiparametric",TRUE
"Main",200,"Asymmetric mixture",774,"OLS",TRUE
"Main",200,"Asymmetric mixture",774,"Semiparametric",TRUE
"Main",500,"Skew-normal",352,"OLS",TRUE
"Main",500,"Skew-normal",352,"Semiparametric",TRUE
"Main",200,"Symmetric bimodal",934,"OLS",TRUE
"Main",200,"Symmetric bimodal",934,"Semiparametric",TRUE
"Main",200,"Asymmetric mixture",126,"OLS",TRUE
"Main",200,"Asymmetric mixture",126,"Semiparametric",FALSE
"Main",200,"Symmetric bimodal",157,"OLS",TRUE
"Main",200,"Symmetric bimodal",157,"Semiparametric",TRUE
"Main",500,"Gaussian",744,"OLS",TRUE
"Main",500,"Gaussian",744,"Semiparametric",TRUE
"Main",500,"Skew-normal",828,"OLS",TRUE
"Main",500,"Skew-normal",828,"Semiparametric",TRUE
"Main",200,"Skew-normal",954,"OLS",TRUE
"Main",200,"Skew-normal",954,"Semiparametric",TRUE
"Main",200,"Symmetric bimodal",602,"OLS",TRUE
"Main",200,"Symmetric bimodal",602,"Semiparametric",TRUE
"Main",500,"Gaussian",408,"OLS",TRUE
"Main",500,"Gaussian",408,"Semiparametric",TRUE
"Main",500,"Asymmetric mixture",565,"OLS",TRUE
"Main",500,"Asymmetric mixture",565,"Semiparametric",TRUE
"Main",500,"Symmetric bimodal",757,"OLS",TRUE
"Main",500,"Symmetric bimodal",757,"Semiparametric",TRUE
"Main",200,"Symmetric bimodal",631,"OLS",TRUE
"Main",200,"Symmetric bimodal",631,"Semiparametric",TRUE
"Main",200,"Asymmetric mixture",636,"OLS",TRUE
"Main",200,"Asymmetric mixture",636,"Semiparametric",TRUE
"Main",200,"Symmetric bimodal",793,"OLS",TRUE
"Main",200,"Symmetric bimodal",793,"Semiparametric",TRUE
"Main",200,"Symmetric bimodal",606,"OLS",TRUE
"Main",200,"Symmetric bimodal",606,"Semiparametric",TRUE
"Main",200,"Skew-normal",165,"OLS",TRUE
"Main",200,"Skew-normal",165,"Semiparametric",TRUE
"Main",500,"Skew-normal",914,"OLS",TRUE
"Main",500,"Skew-normal",914,"Semiparametric",TRUE
"Main",500,"Symmetric bimodal",513,"OLS",TRUE
"Main",500,"Symmetric bimodal",513,"Semiparametric",TRUE
"Main",200,"Skew-normal",310,"OLS",TRUE
"Main",200,"Skew-normal",310,"Semiparametric",TRUE
"Main",500,"Symmetric bimodal",825,"OLS",TRUE
"Main",500,"Symmetric bimodal",825,"Semiparametric",TRUE
"Main",500,"Skew-normal",886,"OLS",TRUE
"Main",500,"Skew-normal",886,"Semiparametric",TRUE
"Main",500,"Gaussian",135,"OLS",TRUE
"Main",500,"Gaussian",135,"Semiparametric",TRUE
"Main",200,"Gaussian",450,"OLS",TRUE
"Main",200,"Gaussian",450,"Semiparametric",TRUE
"Main",500,"Asymmetric mixture",806,"OLS",TRUE
"Main",500,"Asymmetric mixture",806,"Semiparametric",TRUE
"Main",500,"Gaussian",345,"OLS",TRUE
"Main",500,"Gaussian",345,"Semiparametric",TRUE
"Main",500,"Gaussian",186,"OLS",TRUE
"Main",500,"Gaussian",186,"Semiparametric",TRUE
"Main",500,"Asymmetric mixture",355,"OLS",TRUE
"Main",500,"Asymmetric mixture",355,"Semiparametric",TRUE
"Main",500,"Skew-normal",264,"OLS",TRUE
"Main",500,"Skew-normal",264,"Semiparametric",TRUE
"Main",200,"Symmetric bimodal",267,"OLS",TRUE
"Main",200,"Symmetric bimodal",267,"Semiparametric",TRUE
"Main",200,"Skew-normal",101,"OLS",TRUE
"Main",200,"Skew-normal",101,"Semiparametric",TRUE
"Main",500,"Asymmetric mixture",84,"OLS",TRUE
"Main",500,"Asymmetric mixture",84,"Semiparametric",TRUE
"Main",200,"Skew-normal",823,"OLS",TRUE
"Main",200,"Skew-normal",823,"Semiparametric",TRUE
"Main",500,"Asymmetric mixture",802,"OLS",TRUE
"Main",500,"Asymmetric mixture",802,"Semiparametric",TRUE
"Main",500,"Gaussian",969,"OLS",TRUE
"Main",500,"Gaussian",969,"Semiparametric",TRUE
"Main",500,"Asymmetric mixture",944,"OLS",TRUE
"Main",500,"Asymmetric mixture",944,"Semiparametric",TRUE
"Main",500,"Skew-normal",191,"OLS",TRUE
"Main",500,"Skew-normal",191,"Semiparametric",TRUE
"Main",200,"Gaussian",218,"OLS",TRUE
"Main",200,"Gaussian",218,"Semiparametric",TRUE
"Main",500,"Symmetric bimodal",150,"OLS",TRUE
"Main",500,"Symmetric bimodal",150,"Semiparametric",TRUE
"Main",200,"Skew-normal",264,"OLS",TRUE
"Main",200,"Skew-normal",264,"Semiparametric",TRUE
"Main",500,"Asymmetric mixture",988,"OLS",TRUE
"Main",500,"Asymmetric mixture",988,"Semiparametric",TRUE
"Main",500,"Asymmetric mixture",195,"OLS",TRUE
"Main",500,"Asymmetric mixture",195,"Semiparametric",TRUE
"Main",500,"Gaussian",209,"OLS",TRUE
"Main",500,"Gaussian",209,"Semiparametric",TRUE
"Main",500,"Skew-normal",592,"OLS",TRUE
"Main",500,"Skew-normal",592,"Semiparametric",TRUE
"Main",500,"Gaussian",711,"OLS",TRUE
"Main",500,"Gaussian",711,"Semiparametric",TRUE
"Main",200,"Symmetric bimodal",671,"OLS",TRUE
"Main",200,"Symmetric bimodal",671,"Semiparametric",TRUE
"Main",500,"Gaussian",269,"OLS",TRUE
"Main",500,"Gaussian",269,"Semiparametric",TRUE
"Main",200,"Skew-normal",927,"OLS",TRUE
"Main",200,"Skew-normal",927,"Semiparametric",TRUE
"Main",500,"Gaussian",246,"OLS",TRUE
"Main",500,"Gaussian",246,"Semiparametric",TRUE
"Main",200,"Asymmetric mixture",812,"OLS",TRUE
"Main",200,"Asymmetric mixture",812,"Semiparametric",TRUE
"Main",500,"Asymmetric mixture",848,"OLS",TRUE
"Main",500,"Asymmetric mixture",848,"Semiparametric",TRUE
"Main",200,"Asymmetric mixture",779,"OLS",TRUE
"Main",200,"Asymmetric mixture",779,"Semiparametric",FALSE
"Main",500,"Skew-normal",27,"OLS",TRUE
"Main",500,"Skew-normal",27,"Semiparametric",TRUE
"Main",200,"Skew-normal",608,"OLS",TRUE
"Main",200,"Skew-normal",608,"Semiparametric",TRUE
"Main",500,"Asymmetric mixture",637,"OLS",TRUE
"Main",500,"Asymmetric mixture",637,"Semiparametric",TRUE
"Main",200,"Skew-normal",739,"OLS",TRUE
"Main",200,"Skew-normal",739,"Semiparametric",TRUE
"Main",200,"Skew-normal",405,"OLS",TRUE
"Main",200,"Skew-normal",405,"Semiparametric",TRUE
"Main",200,"Skew-normal",98,"OLS",TRUE
"Main",200,"Skew-normal",98,"Semiparametric",TRUE
"Main",200,"Symmetric bimodal",50,"OLS",TRUE
"Main",200,"Symmetric bimodal",50,"Semiparametric",TRUE
"Main",500,"Skew-normal",50,"OLS",TRUE
"Main",500,"Skew-normal",50,"Semiparametric",TRUE
"Main",200,"Symmetric bimodal",739,"OLS",TRUE
"Main",200,"Symmetric bimodal",739,"Semiparametric",TRUE
"Main",500,"Symmetric bimodal",59,"OLS",TRUE
"Main",500,"Symmetric bimodal",59,"Semiparametric",TRUE
"Main",200,"Skew-normal",996,"OLS",TRUE
"Main",200,"Skew-normal",996,"Semiparametric",TRUE
"Main",500,"Asymmetric mixture",379,"OLS",TRUE
"Main",500,"Asymmetric mixture",379,"Semiparametric",TRUE
"Main",200,"Gaussian",144,"OLS",TRUE
"Main",200,"Gaussian",144,"Semiparametric",TRUE
"Main",500,"Asymmetric mixture",422,"OLS",TRUE
"Main",500,"Asymmetric mixture",422,"Semiparametric",TRUE
"Main",500,"Skew-normal",581,"OLS",TRUE
"Main",500,"Skew-normal",581,"Semiparametric",TRUE
"Main",500,"Gaussian",343,"OLS",TRUE
"Main",500,"Gaussian",343,"Semiparametric",TRUE
"Main",500,"Asymmetric mixture",576,"OLS",TRUE
"Main",500,"Asymmetric mixture",576,"Semiparametric",TRUE
"Main",500,"Asymmetric mixture",770,"OLS",TRUE
"Main",500,"Asymmetric mixture",770,"Semiparametric",TRUE
"Main",200,"Symmetric bimodal",129,"OLS",TRUE
"Main",200,"Symmetric bimodal",129,"Semiparametric",TRUE
"Main",500,"Symmetric bimodal",164,"OLS",TRUE
"Main",500,"Symmetric bimodal",164,"Semiparametric",TRUE
"Main",500,"Symmetric bimodal",330,"OLS",TRUE
"Main",500,"Symmetric bimodal",330,"Semiparametric",TRUE
"Main",500,"Symmetric bimodal",756,"OLS",TRUE
"Main",500,"Symmetric bimodal",756,"Semiparametric",TRUE
"Main",200,"Skew-normal",712,"OLS",TRUE
"Main",200,"Skew-normal",712,"Semiparametric",TRUE
"Main",200,"Gaussian",534,"OLS",TRUE
"Main",200,"Gaussian",534,"Semiparametric",TRUE
"Main",200,"Skew-normal",3,"OLS",TRUE
"Main",200,"Skew-normal",3,"Semiparametric",TRUE
"Main",200,"Symmetric bimodal",264,"OLS",TRUE
"Main",200,"Symmetric bimodal",264,"Semiparametric",TRUE
"Main",500,"Symmetric bimodal",288,"OLS",TRUE
"Main",500,"Symmetric bimodal",288,"Semiparametric",TRUE
"Main",200,"Skew-normal",316,"OLS",TRUE
"Main",200,"Skew-normal",316,"Semiparametric",TRUE
"Main",200,"Skew-normal",85,"OLS",TRUE
"Main",200,"Skew-normal",85,"Semiparametric",TRUE
"Main",500,"Gaussian",768,"OLS",TRUE
"Main",500,"Gaussian",768,"Semiparametric",TRUE
"Main",200,"Asymmetric mixture",183,"OLS",TRUE
"Main",200,"Asymmetric mixture",183,"Semiparametric",TRUE
"Main",500,"Skew-normal",36,"OLS",TRUE
"Main",500,"Skew-normal",36,"Semiparametric",TRUE
"Main",500,"Asymmetric mixture",965,"OLS",TRUE
"Main",500,"Asymmetric mixture",965,"Semiparametric",TRUE
"Main",200,"Asymmetric mixture",432,"OLS",TRUE
"Main",200,"Asymmetric mixture",432,"Semiparametric",TRUE
"Main",500,"Symmetric bimodal",469,"OLS",TRUE
"Main",500,"Symmetric bimodal",469,"Semiparametric",TRUE
"Main",200,"Asymmetric mixture",393,"OLS",TRUE
"Main",200,"Asymmetric mixture",393,"Semiparametric",TRUE
"Main",500,"Asymmetric mixture",80,"OLS",TRUE
"Main",500,"Asymmetric mixture",80,"Semiparametric",TRUE
"Main",500,"Symmetric bimodal",249,"OLS",TRUE
"Main",500,"Symmetric bimodal",249,"Semiparametric",TRUE
"Main",200,"Skew-normal",625,"OLS",TRUE
"Main",200,"Skew-normal",625,"Semiparametric",TRUE
"Main",200,"Gaussian",150,"OLS",TRUE
"Main",200,"Gaussian",150,"Semiparametric",TRUE
"Main",200,"Skew-normal",708,"OLS",TRUE
"Main",200,"Skew-normal",708,"Semiparametric",TRUE
"Main",200,"Gaussian",120,"OLS",TRUE
"Main",200,"Gaussian",120,"Semiparametric",TRUE
"Main",500,"Skew-normal",436,"OLS",TRUE
"Main",500,"Skew-normal",436,"Semiparametric",TRUE
"Main",500,"Skew-normal",887,"OLS",TRUE
"Main",500,"Skew-normal",887,"Semiparametric",TRUE
"Main",200,"Symmetric bimodal",634,"OLS",TRUE
"Main",200,"Symmetric bimodal",634,"Semiparametric",TRUE
"Main",500,"Gaussian",393,"OLS",TRUE
"Main",500,"Gaussian",393,"Semiparametric",TRUE
"Main",200,"Asymmetric mixture",278,"OLS",TRUE
"Main",200,"Asymmetric mixture",278,"Semiparametric",TRUE
"Main",200,"Gaussian",938,"OLS",TRUE
"Main",200,"Gaussian",938,"Semiparametric",TRUE
"Main",500,"Gaussian",402,"OLS",TRUE
"Main",500,"Gaussian",402,"Semiparametric",TRUE
"Main",200,"Symmetric bimodal",461,"OLS",TRUE
"Main",200,"Symmetric bimodal",461,"Semiparametric",TRUE
"Main",200,"Skew-normal",396,"OLS",TRUE
"Main",200,"Skew-normal",396,"Semiparametric",TRUE
"Main",500,"Gaussian",836,"OLS",TRUE
"Main",500,"Gaussian",836,"Semiparametric",TRUE
"Main",200,"Symmetric bimodal",247,"OLS",TRUE
"Main",200,"Symmetric bimodal",247,"Semiparametric",TRUE
"Main",200,"Symmetric bimodal",902,"OLS",TRUE
"Main",200,"Symmetric bimodal",902,"Semiparametric",TRUE
"Main",500,"Skew-normal",959,"OLS",TRUE
"Main",500,"Skew-normal",959,"Semiparametric",TRUE
"Main",200,"Symmetric bimodal",113,"OLS",TRUE
"Main",200,"Symmetric bimodal",113,"Semiparametric",TRUE
"Main",500,"Gaussian",870,"OLS",TRUE
"Main",500,"Gaussian",870,"Semiparametric",TRUE
"Main",500,"Skew-normal",506,"OLS",TRUE
"Main",500,"Skew-normal",506,"Semiparametric",TRUE
"Main",200,"Symmetric bimodal",898,"OLS",TRUE
"Main",200,"Symmetric bimodal",898,"Semiparametric",TRUE
"Main",200,"Skew-normal",295,"OLS",TRUE
"Main",200,"Skew-normal",295,"Semiparametric",TRUE
"Main",200,"Asymmetric mixture",29,"OLS",TRUE
"Main",200,"Asymmetric mixture",29,"Semiparametric",TRUE
"Main",200,"Gaussian",416,"OLS",TRUE
"Main",200,"Gaussian",416,"Semiparametric",TRUE
"Main",200,"Symmetric bimodal",363,"OLS",TRUE
"Main",200,"Symmetric bimodal",363,"Semiparametric",TRUE
"Main",500,"Symmetric bimodal",542,"OLS",TRUE
"Main",500,"Symmetric bimodal",542,"Semiparametric",TRUE
"Main",500,"Gaussian",276,"OLS",TRUE
"Main",500,"Gaussian",276,"Semiparametric",TRUE
"Main",200,"Gaussian",488,"OLS",TRUE
"Main",200,"Gaussian",488,"Semiparametric",TRUE
"Main",200,"Asymmetric mixture",935,"OLS",TRUE
"Main",200,"Asymmetric mixture",935,"Semiparametric",TRUE
"Main",500,"Skew-normal",968,"OLS",TRUE
"Main",500,"Skew-normal",968,"Semiparametric",TRUE
"Main",500,"Symmetric bimodal",740,"OLS",TRUE
"Main",500,"Symmetric bimodal",740,"Semiparametric",TRUE
"Main",500,"Gaussian",760,"OLS",TRUE
"Main",500,"Gaussian",760,"Semiparametric",TRUE
"Main",200,"Symmetric bimodal",341,"OLS",TRUE
"Main",200,"Symmetric bimodal",341,"Semiparametric",TRUE
"Main",200,"Asymmetric mixture",660,"OLS",TRUE
"Main",200,"Asymmetric mixture",660,"Semiparametric",TRUE
"Main",200,"Skew-normal",746,"OLS",TRUE
"Main",200,"Skew-normal",746,"Semiparametric",TRUE
"Main",500,"Symmetric bimodal",566,"OLS",TRUE
"Main",500,"Symmetric bimodal",566,"Semiparametric",TRUE
"Main",200,"Skew-normal",915,"OLS",TRUE
"Main",200,"Skew-normal",915,"Semiparametric",TRUE
"Main",500,"Gaussian",790,"OLS",TRUE
"Main",500,"Gaussian",790,"Semiparametric",TRUE
"Main",200,"Asymmetric mixture",861,"OLS",TRUE
"Main",200,"Asymmetric mixture",861,"Semiparametric",TRUE
"Main",200,"Skew-normal",94,"OLS",TRUE
"Main",200,"Skew-normal",94,"Semiparametric",TRUE
"Main",500,"Symmetric bimodal",134,"OLS",TRUE
"Main",500,"Symmetric bimodal",134,"Semiparametric",TRUE
"Main",200,"Asymmetric mixture",273,"OLS",TRUE
"Main",200,"Asymmetric mixture",273,"Semiparametric",TRUE
"Main",500,"Skew-normal",303,"OLS",TRUE
"Main",500,"Skew-normal",303,"Semiparametric",TRUE
"Main",200,"Symmetric bimodal",388,"OLS",TRUE
"Main",200,"Symmetric bimodal",388,"Semiparametric",TRUE
"Main",500,"Symmetric bimodal",624,"OLS",TRUE
"Main",500,"Symmetric bimodal",624,"Semiparametric",TRUE
"Main",500,"Skew-normal",98,"OLS",TRUE
"Main",500,"Skew-normal",98,"Semiparametric",TRUE
"Main",200,"Asymmetric mixture",817,"OLS",TRUE
"Main",200,"Asymmetric mixture",817,"Semiparametric",TRUE
"Main",200,"Asymmetric mixture",974,"OLS",TRUE
"Main",200,"Asymmetric mixture",974,"Semiparametric",FALSE
"Main",500,"Gaussian",316,"OLS",TRUE
"Main",500,"Gaussian",316,"Semiparametric",TRUE
"Main",200,"Symmetric bimodal",778,"OLS",TRUE
"Main",200,"Symmetric bimodal",778,"Semiparametric",TRUE
"Main",200,"Asymmetric mixture",820,"OLS",TRUE
"Main",200,"Asymmetric mixture",820,"Semiparametric",TRUE
"Main",200,"Symmetric bimodal",585,"OLS",TRUE
"Main",200,"Symmetric bimodal",585,"Semiparametric",TRUE
"Main",200,"Asymmetric mixture",133,"OLS",TRUE
"Main",200,"Asymmetric mixture",133,"Semiparametric",TRUE
"Main",500,"Symmetric bimodal",302,"OLS",TRUE
"Main",500,"Symmetric bimodal",302,"Semiparametric",TRUE
"Main",500,"Gaussian",72,"OLS",TRUE
"Main",500,"Gaussian",72,"Semiparametric",TRUE
"Main",500,"Symmetric bimodal",955,"OLS",TRUE
"Main",500,"Symmetric bimodal",955,"Semiparametric",TRUE
"Main",500,"Symmetric bimodal",478,"OLS",TRUE
"Main",500,"Symmetric bimodal",478,"Semiparametric",TRUE
"Main",200,"Asymmetric mixture",239,"OLS",TRUE
"Main",200,"Asymmetric mixture",239,"Semiparametric",TRUE
"Main",500,"Asymmetric mixture",634,"OLS",TRUE
"Main",500,"Asymmetric mixture",634,"Semiparametric",TRUE
"Main",500,"Asymmetric mixture",470,"OLS",TRUE
"Main",500,"Asymmetric mixture",470,"Semiparametric",TRUE
"Main",500,"Symmetric bimodal",679,"OLS",TRUE
"Main",500,"Symmetric bimodal",679,"Semiparametric",TRUE
"Main",500,"Gaussian",457,"OLS",TRUE
"Main",500,"Gaussian",457,"Semiparametric",TRUE
"Main",500,"Symmetric bimodal",331,"OLS",TRUE
"Main",500,"Symmetric bimodal",331,"Semiparametric",TRUE
"Main",200,"Asymmetric mixture",130,"OLS",TRUE
"Main",200,"Asymmetric mixture",130,"Semiparametric",TRUE
"Main",500,"Symmetric bimodal",685,"OLS",TRUE
"Main",500,"Symmetric bimodal",685,"Semiparametric",TRUE
"Main",500,"Gaussian",69,"OLS",TRUE
"Main",500,"Gaussian",69,"Semiparametric",TRUE
"Main",500,"Asymmetric mixture",82,"OLS",TRUE
"Main",500,"Asymmetric mixture",82,"Semiparametric",TRUE
"Main",500,"Asymmetric mixture",412,"OLS",TRUE
"Main",500,"Asymmetric mixture",412,"Semiparametric",TRUE
"Main",200,"Symmetric bimodal",931,"OLS",TRUE
"Main",200,"Symmetric bimodal",931,"Semiparametric",TRUE
"Main",200,"Skew-normal",491,"OLS",TRUE
"Main",200,"Skew-normal",491,"Semiparametric",TRUE
"Main",200,"Skew-normal",50,"OLS",TRUE
"Main",200,"Skew-normal",50,"Semiparametric",TRUE
"Main",500,"Asymmetric mixture",301,"OLS",TRUE
"Main",500,"Asymmetric mixture",301,"Semiparametric",TRUE
"Main",500,"Gaussian",735,"OLS",TRUE
"Main",500,"Gaussian",735,"Semiparametric",TRUE
"Main",200,"Gaussian",755,"OLS",TRUE
"Main",200,"Gaussian",755,"Semiparametric",TRUE
"Main",200,"Symmetric bimodal",649,"OLS",TRUE
"Main",200,"Symmetric bimodal",649,"Semiparametric",TRUE
"Main",500,"Symmetric bimodal",645,"OLS",TRUE
"Main",500,"Symmetric bimodal",645,"Semiparametric",TRUE
"Main",200,"Symmetric bimodal",22,"OLS",TRUE
"Main",200,"Symmetric bimodal",22,"Semiparametric",TRUE
"Main",200,"Skew-normal",662,"OLS",TRUE
"Main",200,"Skew-normal",662,"Semiparametric",TRUE
"Main",500,"Skew-normal",42,"OLS",TRUE
"Main",500,"Skew-normal",42,"Semiparametric",TRUE
"Main",500,"Symmetric bimodal",713,"OLS",TRUE
"Main",500,"Symmetric bimodal",713,"Semiparametric",TRUE
"Main",500,"Gaussian",521,"OLS",TRUE
"Main",500,"Gaussian",521,"Semiparametric",TRUE
"Main",200,"Gaussian",259,"OLS",TRUE
"Main",200,"Gaussian",259,"Semiparametric",TRUE
"Main",200,"Gaussian",834,"OLS",TRUE
"Main",200,"Gaussian",834,"Semiparametric",TRUE
"Main",500,"Symmetric bimodal",226,"OLS",TRUE
"Main",500,"Symmetric bimodal",226,"Semiparametric",TRUE
"Main",200,"Skew-normal",851,"OLS",TRUE
"Main",200,"Skew-normal",851,"Semiparametric",TRUE
"Main",500,"Asymmetric mixture",705,"OLS",TRUE
"Main",500,"Asymmetric mixture",705,"Semiparametric",TRUE
"Main",200,"Gaussian",809,"OLS",TRUE
"Main",200,"Gaussian",809,"Semiparametric",TRUE
"Main",500,"Symmetric bimodal",536,"OLS",TRUE
"Main",500,"Symmetric bimodal",536,"Semiparametric",TRUE
"Main",500,"Skew-normal",796,"OLS",TRUE
"Main",500,"Skew-normal",796,"Semiparametric",TRUE
"Main",500,"Asymmetric mixture",367,"OLS",TRUE
"Main",500,"Asymmetric mixture",367,"Semiparametric",TRUE
"Main",200,"Asymmetric mixture",492,"OLS",TRUE
"Main",200,"Asymmetric mixture",492,"Semiparametric",TRUE
"Main",200,"Skew-normal",632,"OLS",TRUE
"Main",200,"Skew-normal",632,"Semiparametric",TRUE
"Main",500,"Symmetric bimodal",111,"OLS",TRUE
"Main",500,"Symmetric bimodal",111,"Semiparametric",TRUE
"Main",200,"Symmetric bimodal",548,"OLS",TRUE
"Main",200,"Symmetric bimodal",548,"Semiparametric",TRUE
"Main",200,"Asymmetric mixture",260,"OLS",TRUE
"Main",200,"Asymmetric mixture",260,"Semiparametric",TRUE
"Main",200,"Gaussian",993,"OLS",TRUE
"Main",200,"Gaussian",993,"Semiparametric",TRUE
"Main",200,"Symmetric bimodal",143,"OLS",TRUE
"Main",200,"Symmetric bimodal",143,"Semiparametric",TRUE
"Main",200,"Asymmetric mixture",154,"OLS",TRUE
"Main",200,"Asymmetric mixture",154,"Semiparametric",TRUE
"Main",500,"Gaussian",272,"OLS",TRUE
"Main",500,"Gaussian",272,"Semiparametric",TRUE
"Main",500,"Asymmetric mixture",871,"OLS",TRUE
"Main",500,"Asymmetric mixture",871,"Semiparametric",TRUE
"Main",500,"Gaussian",800,"OLS",TRUE
"Main",500,"Gaussian",800,"Semiparametric",TRUE
"Main",500,"Skew-normal",14,"OLS",TRUE
"Main",500,"Skew-normal",14,"Semiparametric",TRUE
"Main",500,"Asymmetric mixture",189,"OLS",TRUE
"Main",500,"Asymmetric mixture",189,"Semiparametric",TRUE
"Main",200,"Asymmetric mixture",341,"OLS",TRUE
"Main",200,"Asymmetric mixture",341,"Semiparametric",TRUE
"Main",200,"Asymmetric mixture",573,"OLS",TRUE
"Main",200,"Asymmetric mixture",573,"Semiparametric",TRUE
"Main",500,"Skew-normal",260,"OLS",TRUE
"Main",500,"Skew-normal",260,"Semiparametric",TRUE
"Main",500,"Asymmetric mixture",779,"OLS",TRUE
"Main",500,"Asymmetric mixture",779,"Semiparametric",TRUE
"Main",500,"Asymmetric mixture",887,"OLS",TRUE
"Main",500,"Asymmetric mixture",887,"Semiparametric",TRUE
"Main",200,"Gaussian",19,"OLS",TRUE
"Main",200,"Gaussian",19,"Semiparametric",TRUE
"Main",200,"Symmetric bimodal",864,"OLS",TRUE
"Main",200,"Symmetric bimodal",864,"Semiparametric",TRUE
"Main",200,"Skew-normal",568,"OLS",TRUE
"Main",200,"Skew-normal",568,"Semiparametric",TRUE
"Main",200,"Skew-normal",203,"OLS",TRUE
"Main",200,"Skew-normal",203,"Semiparametric",TRUE
"Main",200,"Gaussian",939,"OLS",TRUE
"Main",200,"Gaussian",939,"Semiparametric",TRUE
"Main",500,"Skew-normal",102,"OLS",TRUE
"Main",500,"Skew-normal",102,"Semiparametric",TRUE
"Main",500,"Skew-normal",797,"OLS",TRUE
"Main",500,"Skew-normal",797,"Semiparametric",TRUE
"Main",200,"Symmetric bimodal",446,"OLS",TRUE
"Main",200,"Symmetric bimodal",446,"Semiparametric",TRUE
"Main",500,"Asymmetric mixture",215,"OLS",TRUE
"Main",500,"Asymmetric mixture",215,"Semiparametric",TRUE
"Main",200,"Asymmetric mixture",372,"OLS",TRUE
"Main",200,"Asymmetric mixture",372,"Semiparametric",FALSE
"Main",200,"Gaussian",7,"OLS",TRUE
"Main",200,"Gaussian",7,"Semiparametric",TRUE
"Main",500,"Asymmetric mixture",617,"OLS",TRUE
"Main",500,"Asymmetric mixture",617,"Semiparametric",TRUE
"Main",200,"Asymmetric mixture",960,"OLS",TRUE
"Main",200,"Asymmetric mixture",960,"Semiparametric",TRUE
"Main",500,"Asymmetric mixture",396,"OLS",TRUE
"Main",500,"Asymmetric mixture",396,"Semiparametric",TRUE
"Main",500,"Gaussian",786,"OLS",TRUE
"Main",500,"Gaussian",786,"Semiparametric",TRUE
"Main",500,"Gaussian",290,"OLS",TRUE
"Main",500,"Gaussian",290,"Semiparametric",TRUE
"Main",500,"Gaussian",693,"OLS",TRUE
"Main",500,"Gaussian",693,"Semiparametric",TRUE
"Main",200,"Symmetric bimodal",905,"OLS",TRUE
"Main",200,"Symmetric bimodal",905,"Semiparametric",TRUE
"Main",200,"Skew-normal",415,"OLS",TRUE
"Main",200,"Skew-normal",415,"Semiparametric",TRUE
"Main",500,"Skew-normal",895,"OLS",TRUE
"Main",500,"Skew-normal",895,"Semiparametric",TRUE
"Main",500,"Asymmetric mixture",942,"OLS",TRUE
"Main",500,"Asymmetric mixture",942,"Semiparametric",TRUE
"Main",200,"Skew-normal",704,"OLS",TRUE
"Main",200,"Skew-normal",704,"Semiparametric",TRUE
"Main",200,"Gaussian",995,"OLS",TRUE
"Main",200,"Gaussian",995,"Semiparametric",TRUE
"Main",500,"Symmetric bimodal",349,"OLS",TRUE
"Main",500,"Symmetric bimodal",349,"Semiparametric",TRUE
"Main",200,"Asymmetric mixture",72,"OLS",TRUE
"Main",200,"Asymmetric mixture",72,"Semiparametric",TRUE
"Main",500,"Skew-normal",83,"OLS",TRUE
"Main",500,"Skew-normal",83,"Semiparametric",TRUE
"Main",500,"Skew-normal",203,"OLS",TRUE
"Main",500,"Skew-normal",203,"Semiparametric",TRUE
"Main",200,"Symmetric bimodal",847,"OLS",TRUE
"Main",200,"Symmetric bimodal",847,"Semiparametric",TRUE
"Main",200,"Asymmetric mixture",730,"OLS",TRUE
"Main",200,"Asymmetric mixture",730,"Semiparametric",TRUE
"Main",500,"Gaussian",543,"OLS",TRUE
"Main",500,"Gaussian",543,"Semiparametric",TRUE
"Main",500,"Gaussian",208,"OLS",TRUE
"Main",500,"Gaussian",208,"Semiparametric",TRUE
"Main",500,"Symmetric bimodal",868,"OLS",TRUE
"Main",500,"Symmetric bimodal",868,"Semiparametric",TRUE
"Main",200,"Asymmetric mixture",210,"OLS",TRUE
"Main",200,"Asymmetric mixture",210,"Semiparametric",TRUE
"Main",500,"Skew-normal",380,"OLS",TRUE
"Main",500,"Skew-normal",380,"Semiparametric",TRUE
"Main",200,"Gaussian",209,"OLS",TRUE
"Main",200,"Gaussian",209,"Semiparametric",TRUE
"Main",500,"Skew-normal",322,"OLS",TRUE
"Main",500,"Skew-normal",322,"Semiparametric",TRUE
"Main",500,"Skew-normal",961,"OLS",TRUE
"Main",500,"Skew-normal",961,"Semiparametric",TRUE
"Main",200,"Asymmetric mixture",424,"OLS",TRUE
"Main",200,"Asymmetric mixture",424,"Semiparametric",TRUE
"Main",200,"Skew-normal",658,"OLS",TRUE
"Main",200,"Skew-normal",658,"Semiparametric",TRUE
"Main",500,"Asymmetric mixture",774,"OLS",TRUE
"Main",500,"Asymmetric mixture",774,"Semiparametric",TRUE
"Main",200,"Skew-normal",329,"OLS",TRUE
"Main",200,"Skew-normal",329,"Semiparametric",TRUE
"Main",200,"Gaussian",961,"OLS",TRUE
"Main",200,"Gaussian",961,"Semiparametric",TRUE
"Main",200,"Asymmetric mixture",845,"OLS",TRUE
"Main",200,"Asymmetric mixture",845,"Semiparametric",FALSE
"Main",200,"Gaussian",566,"OLS",TRUE
"Main",200,"Gaussian",566,"Semiparametric",TRUE
"Main",500,"Gaussian",692,"OLS",TRUE
"Main",500,"Gaussian",692,"Semiparametric",TRUE
"Main",200,"Gaussian",708,"OLS",TRUE
"Main",200,"Gaussian",708,"Semiparametric",TRUE
"Main",200,"Symmetric bimodal",724,"OLS",TRUE
"Main",200,"Symmetric bimodal",724,"Semiparametric",TRUE
"Main",500,"Asymmetric mixture",542,"OLS",TRUE
"Main",500,"Asymmetric mixture",542,"Semiparametric",TRUE
"Main",500,"Symmetric bimodal",325,"OLS",TRUE
"Main",500,"Symmetric bimodal",325,"Semiparametric",TRUE
"Main",200,"Symmetric bimodal",713,"OLS",TRUE
"Main",200,"Symmetric bimodal",713,"Semiparametric",TRUE
"Main",200,"Symmetric bimodal",695,"OLS",TRUE
"Main",200,"Symmetric bimodal",695,"Semiparametric",TRUE
"Main",200,"Skew-normal",637,"OLS",TRUE
"Main",200,"Skew-normal",637,"Semiparametric",TRUE
"Main",200,"Asymmetric mixture",362,"OLS",TRUE
"Main",200,"Asymmetric mixture",362,"Semiparametric",TRUE
"Main",200,"Asymmetric mixture",159,"OLS",TRUE
"Main",200,"Asymmetric mixture",159,"Semiparametric",TRUE
"Main",200,"Skew-normal",385,"OLS",TRUE
"Main",200,"Skew-normal",385,"Semiparametric",TRUE
"Main",200,"Asymmetric mixture",735,"OLS",TRUE
"Main",200,"Asymmetric mixture",735,"Semiparametric",TRUE
"Main",200,"Gaussian",531,"OLS",TRUE
"Main",200,"Gaussian",531,"Semiparametric",TRUE
"Main",500,"Symmetric bimodal",846,"OLS",TRUE
"Main",500,"Symmetric bimodal",846,"Semiparametric",TRUE
"Main",200,"Symmetric bimodal",784,"OLS",TRUE
"Main",200,"Symmetric bimodal",784,"Semiparametric",TRUE
"Main",200,"Asymmetric mixture",22,"OLS",TRUE
"Main",200,"Asymmetric mixture",22,"Semiparametric",TRUE
"Main",200,"Skew-normal",275,"OLS",TRUE
"Main",200,"Skew-normal",275,"Semiparametric",TRUE
"Main",500,"Skew-normal",499,"OLS",TRUE
"Main",500,"Skew-normal",499,"Semiparametric",TRUE
"Main",200,"Asymmetric mixture",902,"OLS",TRUE
"Main",200,"Asymmetric mixture",902,"Semiparametric",TRUE
"Main",500,"Skew-normal",268,"OLS",TRUE
"Main",500,"Skew-normal",268,"Semiparametric",TRUE
"Main",500,"Asymmetric mixture",222,"OLS",TRUE
"Main",500,"Asymmetric mixture",222,"Semiparametric",TRUE
"Main",200,"Symmetric bimodal",601,"OLS",TRUE
"Main",200,"Symmetric bimodal",601,"Semiparametric",TRUE
"Main",500,"Symmetric bimodal",834,"OLS",TRUE
"Main",500,"Symmetric bimodal",834,"Semiparametric",TRUE
"Main",200,"Symmetric bimodal",226,"OLS",TRUE
"Main",200,"Symmetric bimodal",226,"Semiparametric",TRUE
"Main",200,"Skew-normal",856,"OLS",TRUE
"Main",200,"Skew-normal",856,"Semiparametric",TRUE
"Main",200,"Gaussian",637,"OLS",TRUE
"Main",200,"Gaussian",637,"Semiparametric",TRUE
"Main",500,"Asymmetric mixture",85,"OLS",TRUE
"Main",500,"Asymmetric mixture",85,"Semiparametric",TRUE
"Main",500,"Asymmetric mixture",651,"OLS",TRUE
"Main",500,"Asymmetric mixture",651,"Semiparametric",TRUE
"Main",200,"Asymmetric mixture",610,"OLS",TRUE
"Main",200,"Asymmetric mixture",610,"Semiparametric",TRUE
"Main",200,"Asymmetric mixture",884,"OLS",TRUE
"Main",200,"Asymmetric mixture",884,"Semiparametric",TRUE
"Main",500,"Gaussian",363,"OLS",TRUE
"Main",500,"Gaussian",363,"Semiparametric",TRUE
"Main",200,"Asymmetric mixture",695,"OLS",TRUE
"Main",200,"Asymmetric mixture",695,"Semiparametric",TRUE
"Main",200,"Symmetric bimodal",552,"OLS",TRUE
"Main",200,"Symmetric bimodal",552,"Semiparametric",TRUE
"Main",200,"Asymmetric mixture",157,"OLS",TRUE
"Main",200,"Asymmetric mixture",157,"Semiparametric",TRUE
"Main",200,"Asymmetric mixture",849,"OLS",TRUE
"Main",200,"Asymmetric mixture",849,"Semiparametric",TRUE
"Main",200,"Asymmetric mixture",783,"OLS",TRUE
"Main",200,"Asymmetric mixture",783,"Semiparametric",FALSE
"Main",500,"Symmetric bimodal",996,"OLS",TRUE
"Main",500,"Symmetric bimodal",996,"Semiparametric",TRUE
"Main",500,"Asymmetric mixture",223,"OLS",TRUE
"Main",500,"Asymmetric mixture",223,"Semiparametric",TRUE
"Main",500,"Asymmetric mixture",292,"OLS",TRUE
"Main",500,"Asymmetric mixture",292,"Semiparametric",TRUE
"Main",200,"Skew-normal",202,"OLS",TRUE
"Main",200,"Skew-normal",202,"Semiparametric",TRUE
"Main",500,"Skew-normal",496,"OLS",TRUE
"Main",500,"Skew-normal",496,"Semiparametric",TRUE
"Main",200,"Symmetric bimodal",587,"OLS",TRUE
"Main",200,"Symmetric bimodal",587,"Semiparametric",TRUE
"Main",500,"Asymmetric mixture",407,"OLS",TRUE
"Main",500,"Asymmetric mixture",407,"Semiparametric",TRUE
"Main",200,"Skew-normal",90,"OLS",TRUE
"Main",200,"Skew-normal",90,"Semiparametric",TRUE
"Main",200,"Asymmetric mixture",544,"OLS",TRUE
"Main",200,"Asymmetric mixture",544,"Semiparametric",TRUE
"Main",200,"Gaussian",883,"OLS",TRUE
"Main",200,"Gaussian",883,"Semiparametric",TRUE
"Main",500,"Gaussian",828,"OLS",TRUE
"Main",500,"Gaussian",828,"Semiparametric",TRUE
"Main",500,"Asymmetric mixture",221,"OLS",TRUE
"Main",500,"Asymmetric mixture",221,"Semiparametric",TRUE
"Main",500,"Asymmetric mixture",263,"OLS",TRUE
"Main",500,"Asymmetric mixture",263,"Semiparametric",TRUE
"Main",200,"Skew-normal",817,"OLS",TRUE
"Main",200,"Skew-normal",817,"Semiparametric",TRUE
"Main",200,"Symmetric bimodal",608,"OLS",TRUE
"Main",200,"Symmetric bimodal",608,"Semiparametric",TRUE
"Main",500,"Gaussian",298,"OLS",TRUE
"Main",500,"Gaussian",298,"Semiparametric",TRUE
"Main",500,"Skew-normal",254,"OLS",TRUE
"Main",500,"Skew-normal",254,"Semiparametric",TRUE
"Main",200,"Symmetric bimodal",983,"OLS",TRUE
"Main",200,"Symmetric bimodal",983,"Semiparametric",TRUE
"Main",200,"Asymmetric mixture",881,"OLS",TRUE
"Main",200,"Asymmetric mixture",881,"Semiparametric",TRUE
"Main",200,"Asymmetric mixture",5,"OLS",TRUE
"Main",200,"Asymmetric mixture",5,"Semiparametric",TRUE
"Main",500,"Skew-normal",435,"OLS",TRUE
"Main",500,"Skew-normal",435,"Semiparametric",TRUE
"Main",500,"Asymmetric mixture",110,"OLS",TRUE
"Main",500,"Asymmetric mixture",110,"Semiparametric",TRUE
"Main",500,"Skew-normal",584,"OLS",TRUE
"Main",500,"Skew-normal",584,"Semiparametric",TRUE
"Main",500,"Symmetric bimodal",525,"OLS",TRUE
"Main",500,"Symmetric bimodal",525,"Semiparametric",TRUE
"Main",500,"Symmetric bimodal",563,"OLS",TRUE
"Main",500,"Symmetric bimodal",563,"Semiparametric",TRUE
"Main",500,"Asymmetric mixture",903,"OLS",TRUE
"Main",500,"Asymmetric mixture",903,"Semiparametric",TRUE
"Main",500,"Gaussian",64,"OLS",TRUE
"Main",500,"Gaussian",64,"Semiparametric",TRUE
"Main",500,"Symmetric bimodal",20,"OLS",TRUE
"Main",500,"Symmetric bimodal",20,"Semiparametric",TRUE
"Main",500,"Symmetric bimodal",745,"OLS",TRUE
"Main",500,"Symmetric bimodal",745,"Semiparametric",TRUE
"Main",500,"Asymmetric mixture",27,"OLS",TRUE
"Main",500,"Asymmetric mixture",27,"Semiparametric",TRUE
"Main",200,"Asymmetric mixture",981,"OLS",TRUE
"Main",200,"Asymmetric mixture",981,"Semiparametric",TRUE
"Main",500,"Gaussian",41,"OLS",TRUE
"Main",500,"Gaussian",41,"Semiparametric",TRUE
"Main",500,"Skew-normal",192,"OLS",TRUE
"Main",500,"Skew-normal",192,"Semiparametric",TRUE
"Main",200,"Asymmetric mixture",671,"OLS",TRUE
"Main",200,"Asymmetric mixture",671,"Semiparametric",TRUE
"Main",500,"Asymmetric mixture",283,"OLS",TRUE
"Main",500,"Asymmetric mixture",283,"Semiparametric",TRUE
"Main",200,"Symmetric bimodal",114,"OLS",TRUE
"Main",200,"Symmetric bimodal",114,"Semiparametric",TRUE
"Main",200,"Symmetric bimodal",970,"OLS",TRUE
"Main",200,"Symmetric bimodal",970,"Semiparametric",TRUE
"Main",500,"Gaussian",198,"OLS",TRUE
"Main",500,"Gaussian",198,"Semiparametric",TRUE
"Main",200,"Symmetric bimodal",797,"OLS",TRUE
"Main",200,"Symmetric bimodal",797,"Semiparametric",TRUE
"Main",200,"Gaussian",833,"OLS",TRUE
"Main",200,"Gaussian",833,"Semiparametric",TRUE
"Main",200,"Symmetric bimodal",285,"OLS",TRUE
"Main",200,"Symmetric bimodal",285,"Semiparametric",TRUE
"Main",500,"Symmetric bimodal",534,"OLS",TRUE
"Main",500,"Symmetric bimodal",534,"Semiparametric",TRUE
"Main",200,"Symmetric bimodal",356,"OLS",TRUE
"Main",200,"Symmetric bimodal",356,"Semiparametric",TRUE
"Main",200,"Asymmetric mixture",328,"OLS",TRUE
"Main",200,"Asymmetric mixture",328,"Semiparametric",TRUE
"Main",500,"Asymmetric mixture",971,"OLS",TRUE
"Main",500,"Asymmetric mixture",971,"Semiparametric",TRUE
"Main",200,"Skew-normal",304,"OLS",TRUE
"Main",200,"Skew-normal",304,"Semiparametric",TRUE
"Main",200,"Gaussian",870,"OLS",TRUE
"Main",200,"Gaussian",870,"Semiparametric",TRUE
"Main",500,"Asymmetric mixture",536,"OLS",TRUE
"Main",500,"Asymmetric mixture",536,"Semiparametric",TRUE
"Main",500,"Gaussian",624,"OLS",TRUE
"Main",500,"Gaussian",624,"Semiparametric",TRUE
"Main",200,"Symmetric bimodal",798,"OLS",TRUE
"Main",200,"Symmetric bimodal",798,"Semiparametric",TRUE
"Main",500,"Gaussian",928,"OLS",TRUE
"Main",500,"Gaussian",928,"Semiparametric",TRUE
"Main",200,"Skew-normal",164,"OLS",TRUE
"Main",200,"Skew-normal",164,"Semiparametric",TRUE
"Main",500,"Asymmetric mixture",480,"OLS",TRUE
"Main",500,"Asymmetric mixture",480,"Semiparametric",TRUE
"Main",500,"Asymmetric mixture",62,"OLS",TRUE
"Main",500,"Asymmetric mixture",62,"Semiparametric",TRUE
"Main",500,"Gaussian",417,"OLS",TRUE
"Main",500,"Gaussian",417,"Semiparametric",TRUE
"Main",200,"Asymmetric mixture",732,"OLS",TRUE
"Main",200,"Asymmetric mixture",732,"Semiparametric",TRUE
"Main",200,"Gaussian",322,"OLS",TRUE
"Main",200,"Gaussian",322,"Semiparametric",TRUE
"Main",500,"Skew-normal",985,"OLS",TRUE
"Main",500,"Skew-normal",985,"Semiparametric",TRUE
"Main",500,"Symmetric bimodal",240,"OLS",TRUE
"Main",500,"Symmetric bimodal",240,"Semiparametric",TRUE
"Main",500,"Symmetric bimodal",489,"OLS",TRUE
"Main",500,"Symmetric bimodal",489,"Semiparametric",TRUE
"Main",500,"Asymmetric mixture",640,"OLS",TRUE
"Main",500,"Asymmetric mixture",640,"Semiparametric",TRUE
"Main",200,"Symmetric bimodal",568,"OLS",TRUE
"Main",200,"Symmetric bimodal",568,"Semiparametric",TRUE
"Main",500,"Symmetric bimodal",932,"OLS",TRUE
"Main",500,"Symmetric bimodal",932,"Semiparametric",TRUE
"Main",200,"Skew-normal",579,"OLS",TRUE
"Main",200,"Skew-normal",579,"Semiparametric",TRUE
"Main",200,"Gaussian",625,"OLS",TRUE
"Main",200,"Gaussian",625,"Semiparametric",TRUE
"Main",500,"Skew-normal",139,"OLS",TRUE
"Main",500,"Skew-normal",139,"Semiparametric",TRUE
"Main",200,"Skew-normal",754,"OLS",TRUE
"Main",200,"Skew-normal",754,"Semiparametric",TRUE
"Main",500,"Skew-normal",201,"OLS",TRUE
"Main",500,"Skew-normal",201,"Semiparametric",TRUE
"Main",200,"Symmetric bimodal",159,"OLS",TRUE
"Main",200,"Symmetric bimodal",159,"Semiparametric",TRUE
"Main",500,"Symmetric bimodal",753,"OLS",TRUE
"Main",500,"Symmetric bimodal",753,"Semiparametric",TRUE
"Main",200,"Symmetric bimodal",231,"OLS",TRUE
"Main",200,"Symmetric bimodal",231,"Semiparametric",FALSE
"Main",500,"Symmetric bimodal",755,"OLS",TRUE
"Main",500,"Symmetric bimodal",755,"Semiparametric",TRUE
"Main",500,"Gaussian",181,"OLS",TRUE
"Main",500,"Gaussian",181,"Semiparametric",TRUE
"Main",500,"Symmetric bimodal",327,"OLS",TRUE
"Main",500,"Symmetric bimodal",327,"Semiparametric",TRUE
"Main",200,"Symmetric bimodal",854,"OLS",TRUE
"Main",200,"Symmetric bimodal",854,"Semiparametric",TRUE
"Main",500,"Gaussian",288,"OLS",TRUE
"Main",500,"Gaussian",288,"Semiparametric",TRUE
"Main",200,"Asymmetric mixture",847,"OLS",TRUE
"Main",200,"Asymmetric mixture",847,"Semiparametric",TRUE
"Main",200,"Gaussian",368,"OLS",TRUE
"Main",200,"Gaussian",368,"Semiparametric",TRUE
"Main",200,"Skew-normal",896,"OLS",TRUE
"Main",200,"Skew-normal",896,"Semiparametric",TRUE
"Main",500,"Skew-normal",998,"OLS",TRUE
"Main",500,"Skew-normal",998,"Semiparametric",TRUE
"Main",500,"Symmetric bimodal",781,"OLS",TRUE
"Main",500,"Symmetric bimodal",781,"Semiparametric",TRUE
"Main",500,"Asymmetric mixture",325,"OLS",TRUE
"Main",500,"Asymmetric mixture",325,"Semiparametric",TRUE
"Main",500,"Symmetric bimodal",880,"OLS",TRUE
"Main",500,"Symmetric bimodal",880,"Semiparametric",TRUE
"Main",500,"Skew-normal",989,"OLS",TRUE
"Main",500,"Skew-normal",989,"Semiparametric",TRUE
"Main",500,"Asymmetric mixture",149,"OLS",TRUE
"Main",500,"Asymmetric mixture",149,"Semiparametric",TRUE
"Main",200,"Asymmetric mixture",529,"OLS",TRUE
"Main",200,"Asymmetric mixture",529,"Semiparametric",TRUE
"Main",500,"Symmetric bimodal",578,"OLS",TRUE
"Main",500,"Symmetric bimodal",578,"Semiparametric",TRUE
"Main",500,"Skew-normal",209,"OLS",TRUE
"Main",500,"Skew-normal",209,"Semiparametric",TRUE
"Main",200,"Asymmetric mixture",407,"OLS",TRUE
"Main",200,"Asymmetric mixture",407,"Semiparametric",TRUE
"Main",200,"Gaussian",408,"OLS",TRUE
"Main",200,"Gaussian",408,"Semiparametric",TRUE
"Main",200,"Skew-normal",564,"OLS",TRUE
"Main",200,"Skew-normal",564,"Semiparametric",TRUE
"Main",500,"Asymmetric mixture",108,"OLS",TRUE
"Main",500,"Asymmetric mixture",108,"Semiparametric",TRUE
"Main",200,"Gaussian",733,"OLS",TRUE
"Main",200,"Gaussian",733,"Semiparametric",TRUE
"Main",500,"Gaussian",585,"OLS",TRUE
"Main",500,"Gaussian",585,"Semiparametric",TRUE
"Main",500,"Skew-normal",579,"OLS",TRUE
"Main",500,"Skew-normal",579,"Semiparametric",TRUE
"Main",200,"Gaussian",991,"OLS",TRUE
"Main",200,"Gaussian",991,"Semiparametric",TRUE
"Main",200,"Skew-normal",115,"OLS",TRUE
"Main",200,"Skew-normal",115,"Semiparametric",TRUE
"Main",200,"Symmetric bimodal",429,"OLS",TRUE
"Main",200,"Symmetric bimodal",429,"Semiparametric",TRUE
"Main",500,"Gaussian",310,"OLS",TRUE
"Main",500,"Gaussian",310,"Semiparametric",TRUE
"Main",200,"Symmetric bimodal",522,"OLS",TRUE
"Main",200,"Symmetric bimodal",522,"Semiparametric",TRUE
"Main",200,"Asymmetric mixture",467,"OLS",TRUE
"Main",200,"Asymmetric mixture",467,"Semiparametric",TRUE
"Main",200,"Symmetric bimodal",886,"OLS",TRUE
"Main",200,"Symmetric bimodal",886,"Semiparametric",TRUE
"Main",500,"Skew-normal",614,"OLS",TRUE
"Main",500,"Skew-normal",614,"Semiparametric",TRUE
"Main",200,"Skew-normal",255,"OLS",TRUE
"Main",200,"Skew-normal",255,"Semiparametric",TRUE
"Main",200,"Skew-normal",446,"OLS",TRUE
"Main",200,"Skew-normal",446,"Semiparametric",TRUE
"Main",500,"Gaussian",618,"OLS",TRUE
"Main",500,"Gaussian",618,"Semiparametric",TRUE
"Main",500,"Skew-normal",95,"OLS",TRUE
"Main",500,"Skew-normal",95,"Semiparametric",TRUE
"Main",200,"Gaussian",16,"OLS",TRUE
"Main",200,"Gaussian",16,"Semiparametric",TRUE
"Main",200,"Symmetric bimodal",612,"OLS",TRUE
"Main",200,"Symmetric bimodal",612,"Semiparametric",TRUE
"Main",500,"Symmetric bimodal",313,"OLS",TRUE
"Main",500,"Symmetric bimodal",313,"Semiparametric",TRUE
"Main",500,"Symmetric bimodal",232,"OLS",TRUE
"Main",500,"Symmetric bimodal",232,"Semiparametric",TRUE
"Main",500,"Gaussian",40,"OLS",TRUE
"Main",500,"Gaussian",40,"Semiparametric",TRUE
"Main",200,"Symmetric bimodal",201,"OLS",TRUE
"Main",200,"Symmetric bimodal",201,"Semiparametric",TRUE
"Main",500,"Asymmetric mixture",91,"OLS",TRUE
"Main",500,"Asymmetric mixture",91,"Semiparametric",TRUE
"Main",500,"Skew-normal",74,"OLS",TRUE
"Main",500,"Skew-normal",74,"Semiparametric",TRUE
"Main",200,"Asymmetric mixture",490,"OLS",TRUE
"Main",200,"Asymmetric mixture",490,"Semiparametric",TRUE
"Main",500,"Symmetric bimodal",417,"OLS",TRUE
"Main",500,"Symmetric bimodal",417,"Semiparametric",TRUE
"Main",200,"Asymmetric mixture",868,"OLS",TRUE
"Main",200,"Asymmetric mixture",868,"Semiparametric",TRUE
"Main",200,"Gaussian",836,"OLS",TRUE
"Main",200,"Gaussian",836,"Semiparametric",TRUE
"Main",500,"Asymmetric mixture",3,"OLS",TRUE
"Main",500,"Asymmetric mixture",3,"Semiparametric",TRUE
"Main",200,"Skew-normal",961,"OLS",TRUE
"Main",200,"Skew-normal",961,"Semiparametric",TRUE
"Main",500,"Symmetric bimodal",19,"OLS",TRUE
"Main",500,"Symmetric bimodal",19,"Semiparametric",TRUE
"Main",200,"Asymmetric mixture",200,"OLS",TRUE
"Main",200,"Asymmetric mixture",200,"Semiparametric",TRUE
"Main",200,"Skew-normal",459,"OLS",TRUE
"Main",200,"Skew-normal",459,"Semiparametric",TRUE
"Main",500,"Gaussian",676,"OLS",TRUE
"Main",500,"Gaussian",676,"Semiparametric",TRUE
"Main",200,"Skew-normal",228,"OLS",TRUE
"Main",200,"Skew-normal",228,"Semiparametric",TRUE
"Main",200,"Gaussian",24,"OLS",TRUE
"Main",200,"Gaussian",24,"Semiparametric",TRUE
"Main",500,"Skew-normal",932,"OLS",TRUE
"Main",500,"Skew-normal",932,"Semiparametric",TRUE
"Main",200,"Asymmetric mixture",521,"OLS",TRUE
"Main",200,"Asymmetric mixture",521,"Semiparametric",TRUE
"Main",200,"Gaussian",301,"OLS",TRUE
"Main",200,"Gaussian",301,"Semiparametric",TRUE
"Main",200,"Asymmetric mixture",249,"OLS",TRUE
"Main",200,"Asymmetric mixture",249,"Semiparametric",TRUE
"Main",200,"Symmetric bimodal",903,"OLS",TRUE
"Main",200,"Symmetric bimodal",903,"Semiparametric",TRUE
"Main",500,"Symmetric bimodal",990,"OLS",TRUE
"Main",500,"Symmetric bimodal",990,"Semiparametric",TRUE
"Main",200,"Symmetric bimodal",190,"OLS",TRUE
"Main",200,"Symmetric bimodal",190,"Semiparametric",TRUE
"Main",200,"Symmetric bimodal",529,"OLS",TRUE
"Main",200,"Symmetric bimodal",529,"Semiparametric",TRUE
"Main",200,"Gaussian",302,"OLS",TRUE
"Main",200,"Gaussian",302,"Semiparametric",TRUE
"Main",200,"Gaussian",163,"OLS",TRUE
"Main",200,"Gaussian",163,"Semiparametric",TRUE
"Main",200,"Skew-normal",591,"OLS",TRUE
"Main",200,"Skew-normal",591,"Semiparametric",TRUE
"Main",200,"Asymmetric mixture",967,"OLS",TRUE
"Main",200,"Asymmetric mixture",967,"Semiparametric",TRUE
"Main",200,"Symmetric bimodal",435,"OLS",TRUE
"Main",200,"Symmetric bimodal",435,"Semiparametric",TRUE
"Main",200,"Skew-normal",468,"OLS",TRUE
"Main",200,"Skew-normal",468,"Semiparametric",TRUE
"Main",200,"Skew-normal",239,"OLS",TRUE
"Main",200,"Skew-normal",239,"Semiparametric",TRUE
"Main",200,"Asymmetric mixture",374,"OLS",TRUE
"Main",200,"Asymmetric mixture",374,"Semiparametric",TRUE
"Main",500,"Asymmetric mixture",286,"OLS",TRUE
"Main",500,"Asymmetric mixture",286,"Semiparametric",TRUE
"Main",500,"Gaussian",742,"OLS",TRUE
"Main",500,"Gaussian",742,"Semiparametric",TRUE
"Main",200,"Gaussian",487,"OLS",TRUE
"Main",200,"Gaussian",487,"Semiparametric",TRUE
"Main",200,"Gaussian",864,"OLS",TRUE
"Main",200,"Gaussian",864,"Semiparametric",TRUE
"Main",500,"Asymmetric mixture",583,"OLS",TRUE
"Main",500,"Asymmetric mixture",583,"Semiparametric",TRUE
"Main",500,"Asymmetric mixture",674,"OLS",TRUE
"Main",500,"Asymmetric mixture",674,"Semiparametric",TRUE
"Main",500,"Gaussian",504,"OLS",TRUE
"Main",500,"Gaussian",504,"Semiparametric",TRUE
"Main",200,"Gaussian",772,"OLS",TRUE
"Main",200,"Gaussian",772,"Semiparametric",TRUE
"Main",500,"Gaussian",221,"OLS",TRUE
"Main",500,"Gaussian",221,"Semiparametric",TRUE
"Main",200,"Gaussian",575,"OLS",TRUE
"Main",200,"Gaussian",575,"Semiparametric",TRUE
"Main",200,"Asymmetric mixture",11,"OLS",TRUE
"Main",200,"Asymmetric mixture",11,"Semiparametric",TRUE
"Main",200,"Asymmetric mixture",696,"OLS",TRUE
"Main",200,"Asymmetric mixture",696,"Semiparametric",TRUE
"Main",200,"Symmetric bimodal",692,"OLS",TRUE
"Main",200,"Symmetric bimodal",692,"Semiparametric",TRUE
"Main",500,"Skew-normal",187,"OLS",TRUE
"Main",500,"Skew-normal",187,"Semiparametric",TRUE
"Main",200,"Skew-normal",322,"OLS",TRUE
"Main",200,"Skew-normal",322,"Semiparametric",TRUE
"Main",200,"Skew-normal",506,"OLS",TRUE
"Main",200,"Skew-normal",506,"Semiparametric",TRUE
"Main",500,"Skew-normal",136,"OLS",TRUE
"Main",500,"Skew-normal",136,"Semiparametric",TRUE
"Main",200,"Gaussian",133,"OLS",TRUE
"Main",200,"Gaussian",133,"Semiparametric",TRUE
"Main",200,"Asymmetric mixture",27,"OLS",TRUE
"Main",200,"Asymmetric mixture",27,"Semiparametric",TRUE
"Main",200,"Symmetric bimodal",957,"OLS",TRUE
"Main",200,"Symmetric bimodal",957,"Semiparametric",TRUE
"Main",500,"Asymmetric mixture",831,"OLS",TRUE
"Main",500,"Asymmetric mixture",831,"Semiparametric",TRUE
"Main",200,"Skew-normal",170,"OLS",TRUE
"Main",200,"Skew-normal",170,"Semiparametric",TRUE
"Main",500,"Gaussian",273,"OLS",TRUE
"Main",500,"Gaussian",273,"Semiparametric",TRUE
"Main",500,"Asymmetric mixture",961,"OLS",TRUE
"Main",500,"Asymmetric mixture",961,"Semiparametric",TRUE
"Main",200,"Symmetric bimodal",398,"OLS",TRUE
"Main",200,"Symmetric bimodal",398,"Semiparametric",TRUE
"Main",200,"Skew-normal",505,"OLS",TRUE
"Main",200,"Skew-normal",505,"Semiparametric",TRUE
"Main",500,"Asymmetric mixture",889,"OLS",TRUE
"Main",500,"Asymmetric mixture",889,"Semiparametric",TRUE
"Main",500,"Skew-normal",685,"OLS",TRUE
"Main",500,"Skew-normal",685,"Semiparametric",TRUE
"Main",200,"Gaussian",47,"OLS",TRUE
"Main",200,"Gaussian",47,"Semiparametric",TRUE
"Main",200,"Gaussian",345,"OLS",TRUE
"Main",200,"Gaussian",345,"Semiparametric",TRUE
"Main",500,"Symmetric bimodal",663,"OLS",TRUE
"Main",500,"Symmetric bimodal",663,"Semiparametric",TRUE
"Main",200,"Asymmetric mixture",301,"OLS",TRUE
"Main",200,"Asymmetric mixture",301,"Semiparametric",TRUE
"Main",500,"Skew-normal",905,"OLS",TRUE
"Main",500,"Skew-normal",905,"Semiparametric",TRUE
"Main",200,"Skew-normal",150,"OLS",TRUE
"Main",200,"Skew-normal",150,"Semiparametric",TRUE
"Main",500,"Symmetric bimodal",445,"OLS",TRUE
"Main",500,"Symmetric bimodal",445,"Semiparametric",TRUE
"Main",500,"Skew-normal",308,"OLS",TRUE
"Main",500,"Skew-normal",308,"Semiparametric",TRUE
"Main",500,"Skew-normal",931,"OLS",TRUE
"Main",500,"Skew-normal",931,"Semiparametric",TRUE
"Main",200,"Gaussian",812,"OLS",TRUE
"Main",200,"Gaussian",812,"Semiparametric",TRUE
"Main",500,"Skew-normal",116,"OLS",TRUE
"Main",500,"Skew-normal",116,"Semiparametric",TRUE
"Main",200,"Symmetric bimodal",682,"OLS",TRUE
"Main",200,"Symmetric bimodal",682,"Semiparametric",TRUE
"Main",500,"Skew-normal",888,"OLS",TRUE
"Main",500,"Skew-normal",888,"Semiparametric",TRUE
"Main",500,"Symmetric bimodal",17,"OLS",TRUE
"Main",500,"Symmetric bimodal",17,"Semiparametric",TRUE
"Main",500,"Asymmetric mixture",456,"OLS",TRUE
"Main",500,"Asymmetric mixture",456,"Semiparametric",TRUE
"Main",200,"Skew-normal",75,"OLS",TRUE
"Main",200,"Skew-normal",75,"Semiparametric",TRUE
"Main",200,"Symmetric bimodal",889,"OLS",TRUE
"Main",200,"Symmetric bimodal",889,"Semiparametric",TRUE
"Main",200,"Asymmetric mixture",308,"OLS",TRUE
"Main",200,"Asymmetric mixture",308,"Semiparametric",TRUE
"Main",500,"Asymmetric mixture",437,"OLS",TRUE
"Main",500,"Asymmetric mixture",437,"Semiparametric",TRUE
"Main",500,"Asymmetric mixture",737,"OLS",TRUE
"Main",500,"Asymmetric mixture",737,"Semiparametric",TRUE
"Main",500,"Asymmetric mixture",867,"OLS",TRUE
"Main",500,"Asymmetric mixture",867,"Semiparametric",TRUE
"Main",500,"Gaussian",429,"OLS",TRUE
"Main",500,"Gaussian",429,"Semiparametric",TRUE
"Main",500,"Asymmetric mixture",502,"OLS",TRUE
"Main",500,"Asymmetric mixture",502,"Semiparametric",TRUE
"Main",500,"Symmetric bimodal",461,"OLS",TRUE
"Main",500,"Symmetric bimodal",461,"Semiparametric",TRUE
"Main",500,"Asymmetric mixture",499,"OLS",TRUE
"Main",500,"Asymmetric mixture",499,"Semiparametric",TRUE
"Main",500,"Skew-normal",909,"OLS",TRUE
"Main",500,"Skew-normal",909,"Semiparametric",TRUE
"Main",200,"Asymmetric mixture",48,"OLS",TRUE
"Main",200,"Asymmetric mixture",48,"Semiparametric",TRUE
"Main",500,"Symmetric bimodal",593,"OLS",TRUE
"Main",500,"Symmetric bimodal",593,"Semiparametric",TRUE
"Main",500,"Skew-normal",28,"OLS",TRUE
"Main",500,"Skew-normal",28,"Semiparametric",TRUE
"Main",200,"Gaussian",479,"OLS",TRUE
"Main",200,"Gaussian",479,"Semiparametric",TRUE
"Main",200,"Asymmetric mixture",384,"OLS",TRUE
"Main",200,"Asymmetric mixture",384,"Semiparametric",TRUE
"Main",500,"Symmetric bimodal",451,"OLS",TRUE
"Main",500,"Symmetric bimodal",451,"Semiparametric",TRUE
"Main",200,"Gaussian",229,"OLS",TRUE
"Main",200,"Gaussian",229,"Semiparametric",TRUE
"Main",500,"Symmetric bimodal",501,"OLS",TRUE
"Main",500,"Symmetric bimodal",501,"Semiparametric",TRUE
"Main",200,"Asymmetric mixture",2,"OLS",TRUE
"Main",200,"Asymmetric mixture",2,"Semiparametric",TRUE
"Main",200,"Asymmetric mixture",893,"OLS",TRUE
"Main",200,"Asymmetric mixture",893,"Semiparametric",TRUE
"Main",500,"Asymmetric mixture",728,"OLS",TRUE
"Main",500,"Asymmetric mixture",728,"Semiparametric",TRUE
"Main",500,"Gaussian",685,"OLS",TRUE
"Main",500,"Gaussian",685,"Semiparametric",TRUE
"Main",500,"Skew-normal",915,"OLS",TRUE
"Main",500,"Skew-normal",915,"Semiparametric",TRUE
"Main",500,"Asymmetric mixture",483,"OLS",TRUE
"Main",500,"Asymmetric mixture",483,"Semiparametric",TRUE
"Main",200,"Gaussian",449,"OLS",TRUE
"Main",200,"Gaussian",449,"Semiparametric",TRUE
"Main",200,"Symmetric bimodal",18,"OLS",TRUE
"Main",200,"Symmetric bimodal",18,"Semiparametric",TRUE
"Main",500,"Gaussian",728,"OLS",TRUE
"Main",500,"Gaussian",728,"Semiparametric",TRUE
"Main",200,"Asymmetric mixture",104,"OLS",TRUE
"Main",200,"Asymmetric mixture",104,"Semiparametric",FALSE
"Main",200,"Skew-normal",924,"OLS",TRUE
"Main",200,"Skew-normal",924,"Semiparametric",TRUE
"Main",200,"Asymmetric mixture",26,"OLS",TRUE
"Main",200,"Asymmetric mixture",26,"Semiparametric",TRUE
"Main",500,"Symmetric bimodal",865,"OLS",TRUE
"Main",500,"Symmetric bimodal",865,"Semiparametric",TRUE
"Main",500,"Skew-normal",350,"OLS",TRUE
"Main",500,"Skew-normal",350,"Semiparametric",TRUE
"Main",200,"Asymmetric mixture",349,"OLS",TRUE
"Main",200,"Asymmetric mixture",349,"Semiparametric",TRUE
"Main",200,"Gaussian",711,"OLS",TRUE
"Main",200,"Gaussian",711,"Semiparametric",TRUE
"Main",200,"Skew-normal",485,"OLS",TRUE
"Main",200,"Skew-normal",485,"Semiparametric",TRUE
"Main",500,"Gaussian",757,"OLS",TRUE
"Main",500,"Gaussian",757,"Semiparametric",TRUE
"Main",500,"Gaussian",83,"OLS",TRUE
"Main",500,"Gaussian",83,"Semiparametric",TRUE
"Main",500,"Symmetric bimodal",976,"OLS",TRUE
"Main",500,"Symmetric bimodal",976,"Semiparametric",TRUE
"Main",500,"Asymmetric mixture",293,"OLS",TRUE
"Main",500,"Asymmetric mixture",293,"Semiparametric",TRUE
"Main",200,"Skew-normal",424,"OLS",TRUE
"Main",200,"Skew-normal",424,"Semiparametric",TRUE
"Main",500,"Gaussian",754,"OLS",TRUE
"Main",500,"Gaussian",754,"Semiparametric",TRUE
"Main",200,"Gaussian",840,"OLS",TRUE
"Main",200,"Gaussian",840,"Semiparametric",TRUE
"Main",200,"Asymmetric mixture",323,"OLS",TRUE
"Main",200,"Asymmetric mixture",323,"Semiparametric",TRUE
"Main",500,"Gaussian",61,"OLS",TRUE
"Main",500,"Gaussian",61,"Semiparametric",TRUE
"Main",200,"Asymmetric mixture",975,"OLS",TRUE
"Main",200,"Asymmetric mixture",975,"Semiparametric",TRUE
"Main",200,"Asymmetric mixture",42,"OLS",TRUE
"Main",200,"Asymmetric mixture",42,"Semiparametric",TRUE
"Main",500,"Symmetric bimodal",830,"OLS",TRUE
"Main",500,"Symmetric bimodal",830,"Semiparametric",TRUE
"Main",200,"Skew-normal",750,"OLS",TRUE
"Main",200,"Skew-normal",750,"Semiparametric",TRUE
"Main",200,"Symmetric bimodal",513,"OLS",TRUE
"Main",200,"Symmetric bimodal",513,"Semiparametric",TRUE
"Main",500,"Symmetric bimodal",860,"OLS",TRUE
"Main",500,"Symmetric bimodal",860,"Semiparametric",TRUE
"Main",500,"Symmetric bimodal",180,"OLS",TRUE
"Main",500,"Symmetric bimodal",180,"Semiparametric",TRUE
"Main",500,"Symmetric bimodal",820,"OLS",TRUE
"Main",500,"Symmetric bimodal",820,"Semiparametric",TRUE
"Main",200,"Gaussian",680,"OLS",TRUE
"Main",200,"Gaussian",680,"Semiparametric",TRUE
"Main",500,"Gaussian",942,"OLS",TRUE
"Main",500,"Gaussian",942,"Semiparametric",TRUE
"Main",200,"Gaussian",989,"OLS",TRUE
"Main",200,"Gaussian",989,"Semiparametric",TRUE
"Main",200,"Gaussian",647,"OLS",TRUE
"Main",200,"Gaussian",647,"Semiparametric",TRUE
"Main",500,"Asymmetric mixture",444,"OLS",TRUE
"Main",500,"Asymmetric mixture",444,"Semiparametric",TRUE
"Main",200,"Asymmetric mixture",143,"OLS",TRUE
"Main",200,"Asymmetric mixture",143,"Semiparametric",TRUE
"Main",500,"Gaussian",280,"OLS",TRUE
"Main",500,"Gaussian",280,"Semiparametric",TRUE
"Main",500,"Symmetric bimodal",822,"OLS",TRUE
"Main",500,"Symmetric bimodal",822,"Semiparametric",TRUE
"Main",500,"Skew-normal",10,"OLS",TRUE
"Main",500,"Skew-normal",10,"Semiparametric",TRUE
"Main",500,"Asymmetric mixture",945,"OLS",TRUE
"Main",500,"Asymmetric mixture",945,"Semiparametric",TRUE
"Main",500,"Symmetric bimodal",304,"OLS",TRUE
"Main",500,"Symmetric bimodal",304,"Semiparametric",TRUE
"Main",200,"Asymmetric mixture",673,"OLS",TRUE
"Main",200,"Asymmetric mixture",673,"Semiparametric",FALSE
"Main",200,"Symmetric bimodal",367,"OLS",TRUE
"Main",200,"Symmetric bimodal",367,"Semiparametric",TRUE
"Main",500,"Symmetric bimodal",609,"OLS",TRUE
"Main",500,"Symmetric bimodal",609,"Semiparametric",TRUE
"Main",500,"Asymmetric mixture",254,"OLS",TRUE
"Main",500,"Asymmetric mixture",254,"Semiparametric",TRUE
"Main",200,"Skew-normal",946,"OLS",TRUE
"Main",200,"Skew-normal",946,"Semiparametric",TRUE
"Main",500,"Skew-normal",710,"OLS",TRUE
"Main",500,"Skew-normal",710,"Semiparametric",TRUE
"Main",200,"Skew-normal",909,"OLS",TRUE
"Main",200,"Skew-normal",909,"Semiparametric",TRUE
"Main",500,"Asymmetric mixture",231,"OLS",TRUE
"Main",500,"Asymmetric mixture",231,"Semiparametric",TRUE
"Main",500,"Asymmetric mixture",334,"OLS",TRUE
"Main",500,"Asymmetric mixture",334,"Semiparametric",TRUE
"Main",200,"Gaussian",579,"OLS",TRUE
"Main",200,"Gaussian",579,"Semiparametric",TRUE
"Main",500,"Skew-normal",857,"OLS",TRUE
"Main",500,"Skew-normal",857,"Semiparametric",TRUE
"Main",200,"Gaussian",342,"OLS",TRUE
"Main",200,"Gaussian",342,"Semiparametric",TRUE
"Main",200,"Symmetric bimodal",837,"OLS",TRUE
"Main",200,"Symmetric bimodal",837,"Semiparametric",TRUE
"Main",500,"Skew-normal",756,"OLS",TRUE
"Main",500,"Skew-normal",756,"Semiparametric",TRUE
"Main",200,"Skew-normal",380,"OLS",TRUE
"Main",200,"Skew-normal",380,"Semiparametric",TRUE
"Main",500,"Gaussian",804,"OLS",TRUE
"Main",500,"Gaussian",804,"Semiparametric",TRUE
"Main",500,"Symmetric bimodal",305,"OLS",TRUE
"Main",500,"Symmetric bimodal",305,"Semiparametric",TRUE
"Main",200,"Symmetric bimodal",17,"OLS",TRUE
"Main",200,"Symmetric bimodal",17,"Semiparametric",TRUE
"Main",200,"Asymmetric mixture",980,"OLS",TRUE
"Main",200,"Asymmetric mixture",980,"Semiparametric",TRUE
"Main",200,"Gaussian",224,"OLS",TRUE
"Main",200,"Gaussian",224,"Semiparametric",TRUE
"Main",200,"Skew-normal",281,"OLS",TRUE
"Main",200,"Skew-normal",281,"Semiparametric",TRUE
"Main",500,"Symmetric bimodal",759,"OLS",TRUE
"Main",500,"Symmetric bimodal",759,"Semiparametric",TRUE
"Main",500,"Gaussian",151,"OLS",TRUE
"Main",500,"Gaussian",151,"Semiparametric",TRUE
"Main",200,"Gaussian",641,"OLS",TRUE
"Main",200,"Gaussian",641,"Semiparametric",TRUE
"Main",200,"Symmetric bimodal",237,"OLS",TRUE
"Main",200,"Symmetric bimodal",237,"Semiparametric",TRUE
"Main",500,"Symmetric bimodal",866,"OLS",TRUE
"Main",500,"Symmetric bimodal",866,"Semiparametric",TRUE
"Main",500,"Symmetric bimodal",737,"OLS",TRUE
"Main",500,"Symmetric bimodal",737,"Semiparametric",TRUE
"Main",500,"Skew-normal",958,"OLS",TRUE
"Main",500,"Skew-normal",958,"Semiparametric",TRUE
"Main",500,"Asymmetric mixture",132,"OLS",TRUE
"Main",500,"Asymmetric mixture",132,"Semiparametric",TRUE
"Main",500,"Gaussian",972,"OLS",TRUE
"Main",500,"Gaussian",972,"Semiparametric",TRUE
"Main",200,"Asymmetric mixture",330,"OLS",TRUE
"Main",200,"Asymmetric mixture",330,"Semiparametric",TRUE
"Main",200,"Asymmetric mixture",615,"OLS",TRUE
"Main",200,"Asymmetric mixture",615,"Semiparametric",FALSE
"Main",200,"Gaussian",814,"OLS",TRUE
"Main",200,"Gaussian",814,"Semiparametric",TRUE
"Main",200,"Gaussian",76,"OLS",TRUE
"Main",200,"Gaussian",76,"Semiparametric",TRUE
"Main",500,"Skew-normal",854,"OLS",TRUE
"Main",500,"Skew-normal",854,"Semiparametric",TRUE
"Main",200,"Symmetric bimodal",856,"OLS",TRUE
"Main",200,"Symmetric bimodal",856,"Semiparametric",FALSE
"Main",500,"Gaussian",822,"OLS",TRUE
"Main",500,"Gaussian",822,"Semiparametric",TRUE
"Main",200,"Skew-normal",425,"OLS",TRUE
"Main",200,"Skew-normal",425,"Semiparametric",TRUE
"Main",500,"Asymmetric mixture",598,"OLS",TRUE
"Main",500,"Asymmetric mixture",598,"Semiparametric",TRUE
"Main",200,"Gaussian",807,"OLS",TRUE
"Main",200,"Gaussian",807,"Semiparametric",TRUE
"Main",200,"Gaussian",440,"OLS",TRUE
"Main",200,"Gaussian",440,"Semiparametric",TRUE
"Main",200,"Skew-normal",142,"OLS",TRUE
"Main",200,"Skew-normal",142,"Semiparametric",TRUE
"Main",200,"Symmetric bimodal",40,"OLS",TRUE
"Main",200,"Symmetric bimodal",40,"Semiparametric",TRUE
"Main",500,"Symmetric bimodal",151,"OLS",TRUE
"Main",500,"Symmetric bimodal",151,"Semiparametric",TRUE
"Main",500,"Symmetric bimodal",843,"OLS",TRUE
"Main",500,"Symmetric bimodal",843,"Semiparametric",TRUE
"Main",500,"Asymmetric mixture",681,"OLS",TRUE
"Main",500,"Asymmetric mixture",681,"Semiparametric",TRUE
"Main",200,"Gaussian",770,"OLS",TRUE
"Main",200,"Gaussian",770,"Semiparametric",TRUE
"Main",200,"Symmetric bimodal",37,"OLS",TRUE
"Main",200,"Symmetric bimodal",37,"Semiparametric",TRUE
"Main",200,"Asymmetric mixture",352,"OLS",TRUE
"Main",200,"Asymmetric mixture",352,"Semiparametric",TRUE
"Main",500,"Gaussian",337,"OLS",TRUE
"Main",500,"Gaussian",337,"Semiparametric",TRUE
"Main",500,"Symmetric bimodal",808,"OLS",TRUE
"Main",500,"Symmetric bimodal",808,"Semiparametric",TRUE
"Main",500,"Skew-normal",684,"OLS",TRUE
"Main",500,"Skew-normal",684,"Semiparametric",TRUE
"Main",500,"Asymmetric mixture",759,"OLS",TRUE
"Main",500,"Asymmetric mixture",759,"Semiparametric",TRUE
"Main",500,"Symmetric bimodal",329,"OLS",TRUE
"Main",500,"Symmetric bimodal",329,"Semiparametric",TRUE
"Main",500,"Symmetric bimodal",887,"OLS",TRUE
"Main",500,"Symmetric bimodal",887,"Semiparametric",TRUE
"Main",500,"Skew-normal",762,"OLS",TRUE
"Main",500,"Skew-normal",762,"Semiparametric",TRUE
"Main",500,"Asymmetric mixture",526,"OLS",TRUE
"Main",500,"Asymmetric mixture",526,"Semiparametric",TRUE
"Main",500,"Asymmetric mixture",768,"OLS",TRUE
"Main",500,"Asymmetric mixture",768,"Semiparametric",TRUE
"Main",500,"Gaussian",57,"OLS",TRUE
"Main",500,"Gaussian",57,"Semiparametric",TRUE
"Main",200,"Gaussian",77,"OLS",TRUE
"Main",200,"Gaussian",77,"Semiparametric",TRUE
"Main",500,"Asymmetric mixture",120,"OLS",TRUE
"Main",500,"Asymmetric mixture",120,"Semiparametric",TRUE
"Main",500,"Asymmetric mixture",337,"OLS",TRUE
"Main",500,"Asymmetric mixture",337,"Semiparametric",TRUE
"Main",500,"Skew-normal",299,"OLS",TRUE
"Main",500,"Skew-normal",299,"Semiparametric",TRUE
"Main",200,"Asymmetric mixture",140,"OLS",TRUE
"Main",200,"Asymmetric mixture",140,"Semiparametric",TRUE
"Main",200,"Asymmetric mixture",598,"OLS",TRUE
"Main",200,"Asymmetric mixture",598,"Semiparametric",TRUE
"Main",500,"Skew-normal",632,"OLS",TRUE
"Main",500,"Skew-normal",632,"Semiparametric",TRUE
"Main",500,"Asymmetric mixture",956,"OLS",TRUE
"Main",500,"Asymmetric mixture",956,"Semiparametric",TRUE
"Main",200,"Skew-normal",339,"OLS",TRUE
"Main",200,"Skew-normal",339,"Semiparametric",TRUE
"Main",500,"Gaussian",850,"OLS",TRUE
"Main",500,"Gaussian",850,"Semiparametric",TRUE
"Main",200,"Gaussian",746,"OLS",TRUE
"Main",200,"Gaussian",746,"Semiparametric",TRUE
"Main",500,"Asymmetric mixture",463,"OLS",TRUE
"Main",500,"Asymmetric mixture",463,"Semiparametric",TRUE
"Main",200,"Symmetric bimodal",765,"OLS",TRUE
"Main",200,"Symmetric bimodal",765,"Semiparametric",FALSE
"Main",500,"Skew-normal",571,"OLS",TRUE
"Main",500,"Skew-normal",571,"Semiparametric",TRUE
"Main",500,"Asymmetric mixture",119,"OLS",TRUE
"Main",500,"Asymmetric mixture",119,"Semiparametric",TRUE
"Main",500,"Symmetric bimodal",944,"OLS",TRUE
"Main",500,"Symmetric bimodal",944,"Semiparametric",TRUE
"Main",500,"Gaussian",322,"OLS",TRUE
"Main",500,"Gaussian",322,"Semiparametric",TRUE
"Main",500,"Gaussian",839,"OLS",TRUE
"Main",500,"Gaussian",839,"Semiparametric",TRUE
"Main",500,"Skew-normal",487,"OLS",TRUE
"Main",500,"Skew-normal",487,"Semiparametric",TRUE
"Main",500,"Asymmetric mixture",162,"OLS",TRUE
"Main",500,"Asymmetric mixture",162,"Semiparametric",TRUE
"Main",500,"Symmetric bimodal",965,"OLS",TRUE
"Main",500,"Symmetric bimodal",965,"Semiparametric",TRUE
"Main",200,"Gaussian",357,"OLS",TRUE
"Main",200,"Gaussian",357,"Semiparametric",TRUE
"Main",200,"Gaussian",788,"OLS",TRUE
"Main",200,"Gaussian",788,"Semiparametric",TRUE
"Main",500,"Symmetric bimodal",158,"OLS",TRUE
"Main",500,"Symmetric bimodal",158,"Semiparametric",TRUE
"Main",200,"Skew-normal",403,"OLS",TRUE
"Main",200,"Skew-normal",403,"Semiparametric",TRUE
"Main",500,"Gaussian",378,"OLS",TRUE
"Main",500,"Gaussian",378,"Semiparametric",TRUE
"Main",500,"Skew-normal",485,"OLS",TRUE
"Main",500,"Skew-normal",485,"Semiparametric",TRUE
"Main",200,"Symmetric bimodal",57,"OLS",TRUE
"Main",200,"Symmetric bimodal",57,"Semiparametric",TRUE
"Main",500,"Gaussian",568,"OLS",TRUE
"Main",500,"Gaussian",568,"Semiparametric",TRUE
"Main",500,"Asymmetric mixture",724,"OLS",TRUE
"Main",500,"Asymmetric mixture",724,"Semiparametric",TRUE
"Main",200,"Gaussian",182,"OLS",TRUE
"Main",200,"Gaussian",182,"Semiparametric",TRUE
"Main",200,"Skew-normal",569,"OLS",TRUE
"Main",200,"Skew-normal",569,"Semiparametric",TRUE
"Main",200,"Asymmetric mixture",989,"OLS",TRUE
"Main",200,"Asymmetric mixture",989,"Semiparametric",TRUE
"Main",200,"Gaussian",152,"OLS",TRUE
"Main",200,"Gaussian",152,"Semiparametric",TRUE
"Main",200,"Symmetric bimodal",175,"OLS",TRUE
"Main",200,"Symmetric bimodal",175,"Semiparametric",TRUE
"Main",200,"Symmetric bimodal",257,"OLS",TRUE
"Main",200,"Symmetric bimodal",257,"Semiparametric",TRUE
"Main",200,"Gaussian",266,"OLS",TRUE
"Main",200,"Gaussian",266,"Semiparametric",TRUE
"Main",500,"Asymmetric mixture",525,"OLS",TRUE
"Main",500,"Asymmetric mixture",525,"Semiparametric",TRUE
"Main",500,"Gaussian",626,"OLS",TRUE
"Main",500,"Gaussian",626,"Semiparametric",TRUE
"Main",200,"Asymmetric mixture",531,"OLS",TRUE
"Main",200,"Asymmetric mixture",531,"Semiparametric",TRUE
"Main",200,"Asymmetric mixture",471,"OLS",TRUE
"Main",200,"Asymmetric mixture",471,"Semiparametric",FALSE
"Main",200,"Gaussian",132,"OLS",TRUE
"Main",200,"Gaussian",132,"Semiparametric",TRUE
"Main",200,"Gaussian",495,"OLS",TRUE
"Main",200,"Gaussian",495,"Semiparametric",TRUE
"Main",500,"Asymmetric mixture",447,"OLS",TRUE
"Main",500,"Asymmetric mixture",447,"Semiparametric",TRUE
"Main",200,"Gaussian",825,"OLS",TRUE
"Main",200,"Gaussian",825,"Semiparametric",TRUE
"Main",500,"Symmetric bimodal",877,"OLS",TRUE
"Main",500,"Symmetric bimodal",877,"Semiparametric",TRUE
"Main",500,"Symmetric bimodal",852,"OLS",TRUE
"Main",500,"Symmetric bimodal",852,"Semiparametric",TRUE
"Main",500,"Gaussian",537,"OLS",TRUE
"Main",500,"Gaussian",537,"Semiparametric",TRUE
"Main",500,"Asymmetric mixture",193,"OLS",TRUE
"Main",500,"Asymmetric mixture",193,"Semiparametric",TRUE
"Main",500,"Gaussian",675,"OLS",TRUE
"Main",500,"Gaussian",675,"Semiparametric",TRUE
"Main",500,"Skew-normal",456,"OLS",TRUE
"Main",500,"Skew-normal",456,"Semiparametric",TRUE
"Main",500,"Gaussian",794,"OLS",TRUE
"Main",500,"Gaussian",794,"Semiparametric",TRUE
"Main",200,"Gaussian",582,"OLS",TRUE
"Main",200,"Gaussian",582,"Semiparametric",TRUE
"Main",500,"Symmetric bimodal",371,"OLS",TRUE
"Main",500,"Symmetric bimodal",371,"Semiparametric",TRUE
"Main",200,"Gaussian",90,"OLS",TRUE
"Main",200,"Gaussian",90,"Semiparametric",TRUE
"Main",200,"Symmetric bimodal",590,"OLS",TRUE
"Main",200,"Symmetric bimodal",590,"Semiparametric",TRUE
"Main",200,"Gaussian",2,"OLS",TRUE
"Main",200,"Gaussian",2,"Semiparametric",TRUE
"Main",500,"Skew-normal",279,"OLS",TRUE
"Main",500,"Skew-normal",279,"Semiparametric",TRUE
"Main",500,"Gaussian",726,"OLS",TRUE
"Main",500,"Gaussian",726,"Semiparametric",TRUE
"Main",500,"Asymmetric mixture",71,"OLS",TRUE
"Main",500,"Asymmetric mixture",71,"Semiparametric",TRUE
"Main",200,"Skew-normal",245,"OLS",TRUE
"Main",200,"Skew-normal",245,"Semiparametric",TRUE
"Main",500,"Skew-normal",244,"OLS",TRUE
"Main",500,"Skew-normal",244,"Semiparametric",TRUE
"Main",200,"Asymmetric mixture",987,"OLS",TRUE
"Main",200,"Asymmetric mixture",987,"Semiparametric",TRUE
"Main",200,"Gaussian",868,"OLS",TRUE
"Main",200,"Gaussian",868,"Semiparametric",TRUE
"Main",500,"Asymmetric mixture",32,"OLS",TRUE
"Main",500,"Asymmetric mixture",32,"Semiparametric",TRUE
"Main",200,"Skew-normal",542,"OLS",TRUE
"Main",200,"Skew-normal",542,"Semiparametric",TRUE
"Main",200,"Symmetric bimodal",325,"OLS",TRUE
"Main",200,"Symmetric bimodal",325,"Semiparametric",TRUE
"Main",200,"Skew-normal",293,"OLS",TRUE
"Main",200,"Skew-normal",293,"Semiparametric",TRUE
"Main",200,"Gaussian",906,"OLS",TRUE
"Main",200,"Gaussian",906,"Semiparametric",TRUE
"Main",500,"Asymmetric mixture",717,"OLS",TRUE
"Main",500,"Asymmetric mixture",717,"Semiparametric",TRUE
"Main",200,"Symmetric bimodal",170,"OLS",TRUE
"Main",200,"Symmetric bimodal",170,"Semiparametric",TRUE
"Main",200,"Asymmetric mixture",649,"OLS",TRUE
"Main",200,"Asymmetric mixture",649,"Semiparametric",TRUE
"Main",500,"Symmetric bimodal",554,"OLS",TRUE
"Main",500,"Symmetric bimodal",554,"Semiparametric",TRUE
"Main",500,"Skew-normal",605,"OLS",TRUE
"Main",500,"Skew-normal",605,"Semiparametric",TRUE
"Main",200,"Gaussian",689,"OLS",TRUE
"Main",200,"Gaussian",689,"Semiparametric",TRUE
"Main",500,"Asymmetric mixture",474,"OLS",TRUE
"Main",500,"Asymmetric mixture",474,"Semiparametric",TRUE
"Main",500,"Symmetric bimodal",248,"OLS",TRUE
"Main",500,"Symmetric bimodal",248,"Semiparametric",TRUE
"Main",200,"Skew-normal",813,"OLS",TRUE
"Main",200,"Skew-normal",813,"Semiparametric",TRUE
"Main",200,"Skew-normal",437,"OLS",TRUE
"Main",200,"Skew-normal",437,"Semiparametric",TRUE
"Main",500,"Skew-normal",78,"OLS",TRUE
"Main",500,"Skew-normal",78,"Semiparametric",TRUE
"Main",500,"Symmetric bimodal",959,"OLS",TRUE
"Main",500,"Symmetric bimodal",959,"Semiparametric",TRUE
"Main",200,"Skew-normal",604,"OLS",TRUE
"Main",200,"Skew-normal",604,"Semiparametric",TRUE
"Main",200,"Skew-normal",702,"OLS",TRUE
"Main",200,"Skew-normal",702,"Semiparametric",TRUE
"Main",500,"Symmetric bimodal",928,"OLS",TRUE
"Main",500,"Symmetric bimodal",928,"Semiparametric",TRUE
"Main",500,"Symmetric bimodal",32,"OLS",TRUE
"Main",500,"Symmetric bimodal",32,"Semiparametric",TRUE
"Main",500,"Gaussian",641,"OLS",TRUE
"Main",500,"Gaussian",641,"Semiparametric",TRUE
"Main",200,"Symmetric bimodal",112,"OLS",TRUE
"Main",200,"Symmetric bimodal",112,"Semiparametric",TRUE
"Main",200,"Skew-normal",72,"OLS",TRUE
"Main",200,"Skew-normal",72,"Semiparametric",TRUE
"Main",200,"Symmetric bimodal",804,"OLS",TRUE
"Main",200,"Symmetric bimodal",804,"Semiparametric",TRUE
"Main",500,"Skew-normal",460,"OLS",TRUE
"Main",500,"Skew-normal",460,"Semiparametric",TRUE
"Main",500,"Skew-normal",169,"OLS",TRUE
"Main",500,"Skew-normal",169,"Semiparametric",TRUE
"Main",200,"Skew-normal",949,"OLS",TRUE
"Main",200,"Skew-normal",949,"Semiparametric",TRUE
"Main",500,"Skew-normal",501,"OLS",TRUE
"Main",500,"Skew-normal",501,"Semiparametric",TRUE
"Main",500,"Gaussian",788,"OLS",TRUE
"Main",500,"Gaussian",788,"Semiparametric",TRUE
"Main",500,"Asymmetric mixture",468,"OLS",TRUE
"Main",500,"Asymmetric mixture",468,"Semiparametric",TRUE
"Main",200,"Skew-normal",600,"OLS",TRUE
"Main",200,"Skew-normal",600,"Semiparametric",TRUE
"Main",200,"Asymmetric mixture",162,"OLS",TRUE
"Main",200,"Asymmetric mixture",162,"Semiparametric",FALSE
"Main",200,"Gaussian",110,"OLS",TRUE
"Main",200,"Gaussian",110,"Semiparametric",TRUE
"Main",200,"Symmetric bimodal",657,"OLS",TRUE
"Main",200,"Symmetric bimodal",657,"Semiparametric",TRUE
"Main",500,"Asymmetric mixture",794,"OLS",TRUE
"Main",500,"Asymmetric mixture",794,"Semiparametric",TRUE
"Main",500,"Skew-normal",603,"OLS",TRUE
"Main",500,"Skew-normal",603,"Semiparametric",TRUE
"Main",200,"Asymmetric mixture",285,"OLS",TRUE
"Main",200,"Asymmetric mixture",285,"Semiparametric",TRUE
"Main",500,"Gaussian",515,"OLS",TRUE
"Main",500,"Gaussian",515,"Semiparametric",TRUE
"Main",500,"Gaussian",143,"OLS",TRUE
"Main",500,"Gaussian",143,"Semiparametric",TRUE
"Main",200,"Symmetric bimodal",150,"OLS",TRUE
"Main",200,"Symmetric bimodal",150,"Semiparametric",TRUE
"Main",500,"Gaussian",695,"OLS",TRUE
"Main",500,"Gaussian",695,"Semiparametric",TRUE
"Main",500,"Symmetric bimodal",768,"OLS",TRUE
"Main",500,"Symmetric bimodal",768,"Semiparametric",TRUE
"Main",200,"Asymmetric mixture",795,"OLS",TRUE
"Main",200,"Asymmetric mixture",795,"Semiparametric",TRUE
"Main",500,"Skew-normal",392,"OLS",TRUE
"Main",500,"Skew-normal",392,"Semiparametric",TRUE
"Main",500,"Symmetric bimodal",263,"OLS",TRUE
"Main",500,"Symmetric bimodal",263,"Semiparametric",TRUE
"Main",200,"Symmetric bimodal",877,"OLS",TRUE
"Main",200,"Symmetric bimodal",877,"Semiparametric",FALSE
"Main",500,"Skew-normal",468,"OLS",TRUE
"Main",500,"Skew-normal",468,"Semiparametric",TRUE
"Main",200,"Asymmetric mixture",569,"OLS",TRUE
"Main",200,"Asymmetric mixture",569,"Semiparametric",TRUE
"Main",500,"Symmetric bimodal",529,"OLS",TRUE
"Main",500,"Symmetric bimodal",529,"Semiparametric",TRUE
"Main",200,"Skew-normal",208,"OLS",TRUE
"Main",200,"Skew-normal",208,"Semiparametric",TRUE
"Main",500,"Asymmetric mixture",344,"OLS",TRUE
"Main",500,"Asymmetric mixture",344,"Semiparametric",TRUE
"Main",500,"Skew-normal",675,"OLS",TRUE
"Main",500,"Skew-normal",675,"Semiparametric",TRUE
"Main",500,"Skew-normal",833,"OLS",TRUE
"Main",500,"Skew-normal",833,"Semiparametric",TRUE
"Main",200,"Gaussian",149,"OLS",TRUE
"Main",200,"Gaussian",149,"Semiparametric",TRUE
"Main",200,"Asymmetric mixture",75,"OLS",TRUE
"Main",200,"Asymmetric mixture",75,"Semiparametric",TRUE
"Main",500,"Symmetric bimodal",480,"OLS",TRUE
"Main",500,"Symmetric bimodal",480,"Semiparametric",TRUE
"Main",500,"Skew-normal",883,"OLS",TRUE
"Main",500,"Skew-normal",883,"Semiparametric",TRUE
"Main",500,"Asymmetric mixture",45,"OLS",TRUE
"Main",500,"Asymmetric mixture",45,"Semiparametric",TRUE
"Main",500,"Skew-normal",134,"OLS",TRUE
"Main",500,"Skew-normal",134,"Semiparametric",TRUE
"Main",500,"Gaussian",575,"OLS",TRUE
"Main",500,"Gaussian",575,"Semiparametric",TRUE
"Main",500,"Asymmetric mixture",840,"OLS",TRUE
"Main",500,"Asymmetric mixture",840,"Semiparametric",TRUE
"Main",200,"Symmetric bimodal",373,"OLS",TRUE
"Main",200,"Symmetric bimodal",373,"Semiparametric",TRUE
"Main",500,"Skew-normal",706,"OLS",TRUE
"Main",500,"Skew-normal",706,"Semiparametric",TRUE
"Main",500,"Gaussian",171,"OLS",TRUE
"Main",500,"Gaussian",171,"Semiparametric",TRUE
"Main",500,"Skew-normal",248,"OLS",TRUE
"Main",500,"Skew-normal",248,"Semiparametric",TRUE
"Main",200,"Symmetric bimodal",730,"OLS",TRUE
"Main",200,"Symmetric bimodal",730,"Semiparametric",TRUE
"Main",500,"Asymmetric mixture",104,"OLS",TRUE
"Main",500,"Asymmetric mixture",104,"Semiparametric",TRUE
"Main",200,"Asymmetric mixture",207,"OLS",TRUE
"Main",200,"Asymmetric mixture",207,"Semiparametric",TRUE
"Main",200,"Symmetric bimodal",491,"OLS",TRUE
"Main",200,"Symmetric bimodal",491,"Semiparametric",TRUE
"Main",500,"Gaussian",293,"OLS",TRUE
"Main",500,"Gaussian",293,"Semiparametric",TRUE
"Main",500,"Skew-normal",812,"OLS",TRUE
"Main",500,"Skew-normal",812,"Semiparametric",TRUE
"Main",500,"Gaussian",539,"OLS",TRUE
"Main",500,"Gaussian",539,"Semiparametric",TRUE
"Main",200,"Skew-normal",379,"OLS",TRUE
"Main",200,"Skew-normal",379,"Semiparametric",TRUE
"Main",500,"Skew-normal",469,"OLS",TRUE
"Main",500,"Skew-normal",469,"Semiparametric",TRUE
"Main",200,"Skew-normal",457,"OLS",TRUE
"Main",200,"Skew-normal",457,"Semiparametric",TRUE
"Main",500,"Asymmetric mixture",694,"OLS",TRUE
"Main",500,"Asymmetric mixture",694,"Semiparametric",TRUE
"Main",500,"Gaussian",474,"OLS",TRUE
"Main",500,"Gaussian",474,"Semiparametric",TRUE
"Main",500,"Skew-normal",688,"OLS",TRUE
"Main",500,"Skew-normal",688,"Semiparametric",TRUE
"Main",500,"Gaussian",573,"OLS",TRUE
"Main",500,"Gaussian",573,"Semiparametric",TRUE
"Main",500,"Asymmetric mixture",594,"OLS",TRUE
"Main",500,"Asymmetric mixture",594,"Semiparametric",TRUE
"Main",500,"Asymmetric mixture",747,"OLS",TRUE
"Main",500,"Asymmetric mixture",747,"Semiparametric",TRUE
"Main",500,"Asymmetric mixture",783,"OLS",TRUE
"Main",500,"Asymmetric mixture",783,"Semiparametric",TRUE
"Main",200,"Asymmetric mixture",622,"OLS",TRUE
"Main",200,"Asymmetric mixture",622,"Semiparametric",TRUE
"Main",500,"Gaussian",723,"OLS",TRUE
"Main",500,"Gaussian",723,"Semiparametric",TRUE
"Main",200,"Gaussian",468,"OLS",TRUE
"Main",200,"Gaussian",468,"Semiparametric",TRUE
"Main",200,"Symmetric bimodal",833,"OLS",TRUE
"Main",200,"Symmetric bimodal",833,"Semiparametric",TRUE
"Main",500,"Gaussian",698,"OLS",TRUE
"Main",500,"Gaussian",698,"Semiparametric",TRUE
"Main",500,"Skew-normal",278,"OLS",TRUE
"Main",500,"Skew-normal",278,"Semiparametric",TRUE
"Main",200,"Gaussian",583,"OLS",TRUE
"Main",200,"Gaussian",583,"Semiparametric",TRUE
"Main",500,"Asymmetric mixture",927,"OLS",TRUE
"Main",500,"Asymmetric mixture",927,"Semiparametric",TRUE
"Main",500,"Skew-normal",949,"OLS",TRUE
"Main",500,"Skew-normal",949,"Semiparametric",TRUE
"Main",200,"Skew-normal",477,"OLS",TRUE
"Main",200,"Skew-normal",477,"Semiparametric",TRUE
"Main",200,"Symmetric bimodal",6,"OLS",TRUE
"Main",200,"Symmetric bimodal",6,"Semiparametric",FALSE
"Main",500,"Asymmetric mixture",788,"OLS",TRUE
"Main",500,"Asymmetric mixture",788,"Semiparametric",TRUE
"Main",200,"Gaussian",250,"OLS",TRUE
"Main",200,"Gaussian",250,"Semiparametric",TRUE
"Main",200,"Gaussian",455,"OLS",TRUE
"Main",200,"Gaussian",455,"Semiparametric",TRUE
"Main",200,"Asymmetric mixture",350,"OLS",TRUE
"Main",200,"Asymmetric mixture",350,"Semiparametric",FALSE
"Main",500,"Symmetric bimodal",48,"OLS",TRUE
"Main",500,"Symmetric bimodal",48,"Semiparametric",TRUE
"Main",200,"Gaussian",192,"OLS",TRUE
"Main",200,"Gaussian",192,"Semiparametric",TRUE
"Main",200,"Gaussian",591,"OLS",TRUE
"Main",200,"Gaussian",591,"Semiparametric",TRUE
"Main",200,"Symmetric bimodal",688,"OLS",TRUE
"Main",200,"Symmetric bimodal",688,"Semiparametric",TRUE
"Main",500,"Asymmetric mixture",670,"OLS",TRUE
"Main",500,"Asymmetric mixture",670,"Semiparametric",TRUE
"Main",200,"Symmetric bimodal",425,"OLS",TRUE
"Main",200,"Symmetric bimodal",425,"Semiparametric",TRUE
"Main",200,"Skew-normal",463,"OLS",TRUE
"Main",200,"Skew-normal",463,"Semiparametric",TRUE
"Main",500,"Asymmetric mixture",714,"OLS",TRUE
"Main",500,"Asymmetric mixture",714,"Semiparametric",TRUE
"Main",200,"Skew-normal",389,"OLS",TRUE
"Main",200,"Skew-normal",389,"Semiparametric",TRUE
"Main",200,"Asymmetric mixture",724,"OLS",TRUE
"Main",200,"Asymmetric mixture",724,"Semiparametric",TRUE
"Main",500,"Symmetric bimodal",503,"OLS",TRUE
"Main",500,"Symmetric bimodal",503,"Semiparametric",TRUE
"Main",500,"Symmetric bimodal",405,"OLS",TRUE
"Main",500,"Symmetric bimodal",405,"Semiparametric",TRUE
"Main",200,"Asymmetric mixture",667,"OLS",TRUE
"Main",200,"Asymmetric mixture",667,"Semiparametric",TRUE
"Main",200,"Symmetric bimodal",666,"OLS",TRUE
"Main",200,"Symmetric bimodal",666,"Semiparametric",TRUE
"Main",200,"Skew-normal",29,"OLS",TRUE
"Main",200,"Skew-normal",29,"Semiparametric",TRUE
"Main",200,"Asymmetric mixture",939,"OLS",TRUE
"Main",200,"Asymmetric mixture",939,"Semiparametric",TRUE
"Main",500,"Asymmetric mixture",608,"OLS",TRUE
"Main",500,"Asymmetric mixture",608,"Semiparametric",TRUE
"Main",500,"Skew-normal",259,"OLS",TRUE
"Main",500,"Skew-normal",259,"Semiparametric",TRUE
"Main",500,"Gaussian",419,"OLS",TRUE
"Main",500,"Gaussian",419,"Semiparametric",TRUE
"Main",500,"Skew-normal",346,"OLS",TRUE
"Main",500,"Skew-normal",346,"Semiparametric",TRUE
"Main",200,"Gaussian",654,"OLS",TRUE
"Main",200,"Gaussian",654,"Semiparametric",TRUE
"Main",500,"Symmetric bimodal",41,"OLS",TRUE
"Main",500,"Symmetric bimodal",41,"Semiparametric",TRUE
"Main",500,"Gaussian",975,"OLS",TRUE
"Main",500,"Gaussian",975,"Semiparametric",TRUE
"Main",500,"Skew-normal",101,"OLS",TRUE
"Main",500,"Skew-normal",101,"Semiparametric",TRUE
"Main",500,"Gaussian",470,"OLS",TRUE
"Main",500,"Gaussian",470,"Semiparametric",TRUE
"Main",500,"Symmetric bimodal",15,"OLS",TRUE
"Main",500,"Symmetric bimodal",15,"Semiparametric",TRUE
"Main",200,"Symmetric bimodal",268,"OLS",TRUE
"Main",200,"Symmetric bimodal",268,"Semiparametric",TRUE
"Main",200,"Skew-normal",290,"OLS",TRUE
"Main",200,"Skew-normal",290,"Semiparametric",TRUE
"Main",500,"Symmetric bimodal",426,"OLS",TRUE
"Main",500,"Symmetric bimodal",426,"Semiparametric",TRUE
"Main",500,"Gaussian",387,"OLS",TRUE
"Main",500,"Gaussian",387,"Semiparametric",TRUE
"Main",500,"Symmetric bimodal",471,"OLS",TRUE
"Main",500,"Symmetric bimodal",471,"Semiparametric",TRUE
"Main",200,"Symmetric bimodal",56,"OLS",TRUE
"Main",200,"Symmetric bimodal",56,"Semiparametric",TRUE
"Main",200,"Symmetric bimodal",628,"OLS",TRUE
"Main",200,"Symmetric bimodal",628,"Semiparametric",FALSE
"Main",200,"Asymmetric mixture",547,"OLS",TRUE
"Main",200,"Asymmetric mixture",547,"Semiparametric",TRUE
"Main",500,"Symmetric bimodal",154,"OLS",TRUE
"Main",500,"Symmetric bimodal",154,"Semiparametric",TRUE
"Main",500,"Asymmetric mixture",949,"OLS",TRUE
"Main",500,"Asymmetric mixture",949,"Semiparametric",TRUE
"Main",200,"Asymmetric mixture",326,"OLS",TRUE
"Main",200,"Asymmetric mixture",326,"Semiparametric",TRUE
"Main",500,"Skew-normal",364,"OLS",TRUE
"Main",500,"Skew-normal",364,"Semiparametric",TRUE
"Main",200,"Gaussian",212,"OLS",TRUE
"Main",200,"Gaussian",212,"Semiparametric",TRUE
"Main",200,"Gaussian",863,"OLS",TRUE
"Main",200,"Gaussian",863,"Semiparametric",TRUE
"Main",200,"Gaussian",148,"OLS",TRUE
"Main",200,"Gaussian",148,"Semiparametric",TRUE
"Main",200,"Gaussian",262,"OLS",TRUE
"Main",200,"Gaussian",262,"Semiparametric",TRUE
"Main",200,"Symmetric bimodal",962,"OLS",TRUE
"Main",200,"Symmetric bimodal",962,"Semiparametric",TRUE
"Main",500,"Skew-normal",500,"OLS",TRUE
"Main",500,"Skew-normal",500,"Semiparametric",TRUE
"Main",200,"Gaussian",428,"OLS",TRUE
"Main",200,"Gaussian",428,"Semiparametric",TRUE
"Main",200,"Symmetric bimodal",255,"OLS",TRUE
"Main",200,"Symmetric bimodal",255,"Semiparametric",TRUE
"Main",200,"Symmetric bimodal",39,"OLS",TRUE
"Main",200,"Symmetric bimodal",39,"Semiparametric",TRUE
"Main",200,"Skew-normal",890,"OLS",TRUE
"Main",200,"Skew-normal",890,"Semiparametric",TRUE
"Main",200,"Skew-normal",738,"OLS",TRUE
"Main",200,"Skew-normal",738,"Semiparametric",TRUE
"Main",200,"Symmetric bimodal",187,"OLS",TRUE
"Main",200,"Symmetric bimodal",187,"Semiparametric",FALSE
"Main",200,"Skew-normal",125,"OLS",TRUE
"Main",200,"Skew-normal",125,"Semiparametric",TRUE
"Main",200,"Symmetric bimodal",148,"OLS",TRUE
"Main",200,"Symmetric bimodal",148,"Semiparametric",TRUE
"Main",200,"Asymmetric mixture",929,"OLS",TRUE
"Main",200,"Asymmetric mixture",929,"Semiparametric",TRUE
"Main",500,"Asymmetric mixture",302,"OLS",TRUE
"Main",500,"Asymmetric mixture",302,"Semiparametric",TRUE
"Main",200,"Asymmetric mixture",483,"OLS",TRUE
"Main",200,"Asymmetric mixture",483,"Semiparametric",TRUE
"Main",200,"Symmetric bimodal",302,"OLS",TRUE
"Main",200,"Symmetric bimodal",302,"Semiparametric",TRUE
"Main",200,"Gaussian",784,"OLS",TRUE
"Main",200,"Gaussian",784,"Semiparametric",TRUE
"Main",500,"Gaussian",763,"OLS",TRUE
"Main",500,"Gaussian",763,"Semiparametric",TRUE
"Main",500,"Gaussian",792,"OLS",TRUE
"Main",500,"Gaussian",792,"Semiparametric",TRUE
"Main",200,"Symmetric bimodal",921,"OLS",TRUE
"Main",200,"Symmetric bimodal",921,"Semiparametric",TRUE
"Main",200,"Gaussian",544,"OLS",TRUE
"Main",200,"Gaussian",544,"Semiparametric",TRUE
"Main",500,"Skew-normal",869,"OLS",TRUE
"Main",500,"Skew-normal",869,"Semiparametric",TRUE
"Main",200,"Skew-normal",620,"OLS",TRUE
"Main",200,"Skew-normal",620,"Semiparametric",TRUE
"Main",200,"Skew-normal",23,"OLS",TRUE
"Main",200,"Skew-normal",23,"Semiparametric",TRUE
"Main",200,"Asymmetric mixture",208,"OLS",TRUE
"Main",200,"Asymmetric mixture",208,"Semiparametric",FALSE
"Main",500,"Skew-normal",255,"OLS",TRUE
"Main",500,"Skew-normal",255,"Semiparametric",TRUE
"Main",500,"Symmetric bimodal",561,"OLS",TRUE
"Main",500,"Symmetric bimodal",561,"Semiparametric",TRUE
"Main",200,"Symmetric bimodal",777,"OLS",TRUE
"Main",200,"Symmetric bimodal",777,"Semiparametric",TRUE
"Main",500,"Skew-normal",49,"OLS",TRUE
"Main",500,"Skew-normal",49,"Semiparametric",TRUE
"Main",500,"Skew-normal",550,"OLS",TRUE
"Main",500,"Skew-normal",550,"Semiparametric",TRUE
"Main",200,"Gaussian",128,"OLS",TRUE
"Main",200,"Gaussian",128,"Semiparametric",TRUE
"Main",200,"Skew-normal",964,"OLS",TRUE
"Main",200,"Skew-normal",964,"Semiparametric",TRUE
"Main",500,"Gaussian",189,"OLS",TRUE
"Main",500,"Gaussian",189,"Semiparametric",TRUE
"Main",500,"Gaussian",861,"OLS",TRUE
"Main",500,"Gaussian",861,"Semiparametric",TRUE
"Main",200,"Gaussian",179,"OLS",TRUE
"Main",200,"Gaussian",179,"Semiparametric",TRUE
"Main",500,"Asymmetric mixture",411,"OLS",TRUE
"Main",500,"Asymmetric mixture",411,"Semiparametric",TRUE
"Main",500,"Gaussian",725,"OLS",TRUE
"Main",500,"Gaussian",725,"Semiparametric",TRUE
"Main",200,"Symmetric bimodal",470,"OLS",TRUE
"Main",200,"Symmetric bimodal",470,"Semiparametric",TRUE
"Main",200,"Asymmetric mixture",240,"OLS",TRUE
"Main",200,"Asymmetric mixture",240,"Semiparametric",TRUE
"Main",500,"Skew-normal",429,"OLS",TRUE
"Main",500,"Skew-normal",429,"Semiparametric",TRUE
"Main",500,"Symmetric bimodal",297,"OLS",TRUE
"Main",500,"Symmetric bimodal",297,"Semiparametric",TRUE
"Main",500,"Asymmetric mixture",261,"OLS",TRUE
"Main",500,"Asymmetric mixture",261,"Semiparametric",TRUE
"Main",200,"Asymmetric mixture",713,"OLS",TRUE
"Main",200,"Asymmetric mixture",713,"Semiparametric",TRUE
"Main",200,"Asymmetric mixture",461,"OLS",TRUE
"Main",200,"Asymmetric mixture",461,"Semiparametric",TRUE
"Main",500,"Symmetric bimodal",693,"OLS",TRUE
"Main",500,"Symmetric bimodal",693,"Semiparametric",TRUE
"Main",200,"Symmetric bimodal",266,"OLS",TRUE
"Main",200,"Symmetric bimodal",266,"Semiparametric",TRUE
"Main",200,"Asymmetric mixture",579,"OLS",TRUE
"Main",200,"Asymmetric mixture",579,"Semiparametric",TRUE
"Main",500,"Symmetric bimodal",575,"OLS",TRUE
"Main",500,"Symmetric bimodal",575,"Semiparametric",TRUE
"Main",500,"Gaussian",919,"OLS",TRUE
"Main",500,"Gaussian",919,"Semiparametric",TRUE
"Main",500,"Skew-normal",444,"OLS",TRUE
"Main",500,"Skew-normal",444,"Semiparametric",TRUE
"Main",500,"Gaussian",112,"OLS",TRUE
"Main",500,"Gaussian",112,"Semiparametric",TRUE
"Main",500,"Skew-normal",633,"OLS",TRUE
"Main",500,"Skew-normal",633,"Semiparametric",TRUE
"Main",500,"Skew-normal",497,"OLS",TRUE
"Main",500,"Skew-normal",497,"Semiparametric",TRUE
"Main",200,"Skew-normal",225,"OLS",TRUE
"Main",200,"Skew-normal",225,"Semiparametric",TRUE
"Main",500,"Gaussian",448,"OLS",TRUE
"Main",500,"Gaussian",448,"Semiparametric",TRUE
"Main",200,"Gaussian",617,"OLS",TRUE
"Main",200,"Gaussian",617,"Semiparametric",TRUE
"Main",500,"Skew-normal",230,"OLS",TRUE
"Main",500,"Skew-normal",230,"Semiparametric",TRUE
"Main",500,"Asymmetric mixture",928,"OLS",TRUE
"Main",500,"Asymmetric mixture",928,"Semiparametric",TRUE
"Main",200,"Asymmetric mixture",915,"OLS",TRUE
"Main",200,"Asymmetric mixture",915,"Semiparametric",TRUE
"Main",200,"Symmetric bimodal",599,"OLS",TRUE
"Main",200,"Symmetric bimodal",599,"Semiparametric",TRUE
"Main",500,"Asymmetric mixture",42,"OLS",TRUE
"Main",500,"Asymmetric mixture",42,"Semiparametric",TRUE
"Main",500,"Symmetric bimodal",172,"OLS",TRUE
"Main",500,"Symmetric bimodal",172,"Semiparametric",TRUE
"Main",500,"Asymmetric mixture",67,"OLS",TRUE
"Main",500,"Asymmetric mixture",67,"Semiparametric",TRUE
"Main",200,"Asymmetric mixture",428,"OLS",TRUE
"Main",200,"Asymmetric mixture",428,"Semiparametric",TRUE
"Main",200,"Symmetric bimodal",379,"OLS",TRUE
"Main",200,"Symmetric bimodal",379,"Semiparametric",TRUE
"Main",200,"Asymmetric mixture",425,"OLS",TRUE
"Main",200,"Asymmetric mixture",425,"Semiparametric",TRUE
"Main",200,"Gaussian",925,"OLS",TRUE
"Main",200,"Gaussian",925,"Semiparametric",TRUE
"Main",200,"Symmetric bimodal",965,"OLS",TRUE
"Main",200,"Symmetric bimodal",965,"Semiparametric",TRUE
"Main",500,"Symmetric bimodal",363,"OLS",TRUE
"Main",500,"Symmetric bimodal",363,"Semiparametric",TRUE
"Main",500,"Gaussian",617,"OLS",TRUE
"Main",500,"Gaussian",617,"Semiparametric",TRUE
"Main",500,"Skew-normal",39,"OLS",TRUE
"Main",500,"Skew-normal",39,"Semiparametric",TRUE
"Main",200,"Gaussian",576,"OLS",TRUE
"Main",200,"Gaussian",576,"Semiparametric",TRUE
"Main",200,"Symmetric bimodal",524,"OLS",TRUE
"Main",200,"Symmetric bimodal",524,"Semiparametric",TRUE
"Main",500,"Gaussian",89,"OLS",TRUE
"Main",500,"Gaussian",89,"Semiparametric",TRUE
"Main",200,"Symmetric bimodal",796,"OLS",TRUE
"Main",200,"Symmetric bimodal",796,"Semiparametric",TRUE
"Main",500,"Asymmetric mixture",54,"OLS",TRUE
"Main",500,"Asymmetric mixture",54,"Semiparametric",TRUE
"Main",200,"Symmetric bimodal",88,"OLS",TRUE
"Main",200,"Symmetric bimodal",88,"Semiparametric",TRUE
"Main",500,"Asymmetric mixture",305,"OLS",TRUE
"Main",500,"Asymmetric mixture",305,"Semiparametric",TRUE
"Main",500,"Gaussian",965,"OLS",TRUE
"Main",500,"Gaussian",965,"Semiparametric",TRUE
"Main",200,"Gaussian",758,"OLS",TRUE
"Main",200,"Gaussian",758,"Semiparametric",TRUE
"Main",200,"Symmetric bimodal",782,"OLS",TRUE
"Main",200,"Symmetric bimodal",782,"Semiparametric",TRUE
"Main",500,"Gaussian",261,"OLS",TRUE
"Main",500,"Gaussian",261,"Semiparametric",TRUE
"Main",500,"Asymmetric mixture",220,"OLS",TRUE
"Main",500,"Asymmetric mixture",220,"Semiparametric",TRUE
"Main",500,"Asymmetric mixture",743,"OLS",TRUE
"Main",500,"Asymmetric mixture",743,"Semiparametric",TRUE
"Main",500,"Gaussian",123,"OLS",TRUE
"Main",500,"Gaussian",123,"Semiparametric",TRUE
"Main",200,"Gaussian",871,"OLS",TRUE
"Main",200,"Gaussian",871,"Semiparametric",TRUE
"Main",200,"Skew-normal",994,"OLS",TRUE
"Main",200,"Skew-normal",994,"Semiparametric",TRUE
"Main",500,"Symmetric bimodal",284,"OLS",TRUE
"Main",500,"Symmetric bimodal",284,"Semiparametric",TRUE
"Main",500,"Skew-normal",902,"OLS",TRUE
"Main",500,"Skew-normal",902,"Semiparametric",TRUE
"Main",200,"Gaussian",545,"OLS",TRUE
"Main",200,"Gaussian",545,"Semiparametric",TRUE
"Main",500,"Symmetric bimodal",597,"OLS",TRUE
"Main",500,"Symmetric bimodal",597,"Semiparametric",TRUE
"Main",200,"Symmetric bimodal",183,"OLS",TRUE
"Main",200,"Symmetric bimodal",183,"Semiparametric",TRUE
"Main",200,"Gaussian",805,"OLS",TRUE
"Main",200,"Gaussian",805,"Semiparametric",TRUE
"Main",200,"Symmetric bimodal",523,"OLS",TRUE
"Main",200,"Symmetric bimodal",523,"Semiparametric",TRUE
"Main",200,"Symmetric bimodal",45,"OLS",TRUE
"Main",200,"Symmetric bimodal",45,"Semiparametric",TRUE
"Main",500,"Symmetric bimodal",664,"OLS",TRUE
"Main",500,"Symmetric bimodal",664,"Semiparametric",TRUE
"Main",500,"Asymmetric mixture",973,"OLS",TRUE
"Main",500,"Asymmetric mixture",973,"Semiparametric",TRUE
"Main",200,"Symmetric bimodal",91,"OLS",TRUE
"Main",200,"Symmetric bimodal",91,"Semiparametric",TRUE
"Main",200,"Asymmetric mixture",710,"OLS",TRUE
"Main",200,"Asymmetric mixture",710,"Semiparametric",FALSE
"Main",200,"Symmetric bimodal",184,"OLS",TRUE
"Main",200,"Symmetric bimodal",184,"Semiparametric",TRUE
"Main",500,"Asymmetric mixture",968,"OLS",TRUE
"Main",500,"Asymmetric mixture",968,"Semiparametric",TRUE
"Main",500,"Skew-normal",235,"OLS",TRUE
"Main",500,"Skew-normal",235,"Semiparametric",TRUE
"Main",200,"Skew-normal",590,"OLS",TRUE
"Main",200,"Skew-normal",590,"Semiparametric",TRUE
"Main",500,"Asymmetric mixture",311,"OLS",TRUE
"Main",500,"Asymmetric mixture",311,"Semiparametric",TRUE
"Main",200,"Gaussian",166,"OLS",TRUE
"Main",200,"Gaussian",166,"Semiparametric",TRUE
"Main",500,"Symmetric bimodal",818,"OLS",TRUE
"Main",500,"Symmetric bimodal",818,"Semiparametric",TRUE
"Main",500,"Asymmetric mixture",114,"OLS",TRUE
"Main",500,"Asymmetric mixture",114,"Semiparametric",TRUE
"Main",200,"Asymmetric mixture",209,"OLS",TRUE
"Main",200,"Asymmetric mixture",209,"Semiparametric",TRUE
"Main",200,"Symmetric bimodal",985,"OLS",TRUE
"Main",200,"Symmetric bimodal",985,"Semiparametric",TRUE
"Main",200,"Asymmetric mixture",293,"OLS",TRUE
"Main",200,"Asymmetric mixture",293,"Semiparametric",TRUE
"Main",200,"Asymmetric mixture",555,"OLS",TRUE
"Main",200,"Asymmetric mixture",555,"Semiparametric",TRUE
"Main",200,"Skew-normal",765,"OLS",TRUE
"Main",200,"Skew-normal",765,"Semiparametric",TRUE
"Main",500,"Symmetric bimodal",863,"OLS",TRUE
"Main",500,"Symmetric bimodal",863,"Semiparametric",TRUE
"Main",200,"Symmetric bimodal",990,"OLS",TRUE
"Main",200,"Symmetric bimodal",990,"Semiparametric",TRUE
"Main",500,"Skew-normal",73,"OLS",TRUE
"Main",500,"Skew-normal",73,"Semiparametric",TRUE
"Main",500,"Gaussian",732,"OLS",TRUE
"Main",500,"Gaussian",732,"Semiparametric",TRUE
"Main",200,"Gaussian",735,"OLS",TRUE
"Main",200,"Gaussian",735,"Semiparametric",TRUE
"Main",200,"Symmetric bimodal",339,"OLS",TRUE
"Main",200,"Symmetric bimodal",339,"Semiparametric",TRUE
"Main",200,"Gaussian",613,"OLS",TRUE
"Main",200,"Gaussian",613,"Semiparametric",TRUE
"Main",200,"Asymmetric mixture",865,"OLS",TRUE
"Main",200,"Asymmetric mixture",865,"Semiparametric",TRUE
"Main",500,"Symmetric bimodal",711,"OLS",TRUE
"Main",500,"Symmetric bimodal",711,"Semiparametric",TRUE
"Main",500,"Symmetric bimodal",541,"OLS",TRUE
"Main",500,"Symmetric bimodal",541,"Semiparametric",TRUE
"Main",500,"Gaussian",423,"OLS",TRUE
"Main",500,"Gaussian",423,"Semiparametric",TRUE
"Main",200,"Symmetric bimodal",895,"OLS",TRUE
"Main",200,"Symmetric bimodal",895,"Semiparametric",TRUE
"Main",200,"Skew-normal",599,"OLS",TRUE
"Main",200,"Skew-normal",599,"Semiparametric",TRUE
"Main",200,"Symmetric bimodal",212,"OLS",TRUE
"Main",200,"Symmetric bimodal",212,"Semiparametric",TRUE
"Main",200,"Asymmetric mixture",50,"OLS",TRUE
"Main",200,"Asymmetric mixture",50,"Semiparametric",TRUE
"Main",500,"Skew-normal",213,"OLS",TRUE
"Main",500,"Skew-normal",213,"Semiparametric",TRUE
"Main",200,"Symmetric bimodal",200,"OLS",TRUE
"Main",200,"Symmetric bimodal",200,"Semiparametric",TRUE
"Main",500,"Gaussian",957,"OLS",TRUE
"Main",500,"Gaussian",957,"Semiparametric",TRUE
"Main",500,"Symmetric bimodal",102,"OLS",TRUE
"Main",500,"Symmetric bimodal",102,"Semiparametric",TRUE
"Main",500,"Symmetric bimodal",595,"OLS",TRUE
"Main",500,"Symmetric bimodal",595,"Semiparametric",TRUE
"Main",200,"Asymmetric mixture",58,"OLS",TRUE
"Main",200,"Asymmetric mixture",58,"Semiparametric",TRUE
"Main",200,"Skew-normal",18,"OLS",TRUE
"Main",200,"Skew-normal",18,"Semiparametric",TRUE
"Main",200,"Skew-normal",16,"OLS",TRUE
"Main",200,"Skew-normal",16,"Semiparametric",TRUE
"Main",500,"Asymmetric mixture",913,"OLS",TRUE
"Main",500,"Asymmetric mixture",913,"Semiparametric",TRUE
"Main",200,"Skew-normal",688,"OLS",TRUE
"Main",200,"Skew-normal",688,"Semiparametric",TRUE
"Main",500,"Symmetric bimodal",544,"OLS",TRUE
"Main",500,"Symmetric bimodal",544,"Semiparametric",TRUE
"Main",200,"Skew-normal",826,"OLS",TRUE
"Main",200,"Skew-normal",826,"Semiparametric",TRUE
"Main",200,"Skew-normal",273,"OLS",TRUE
"Main",200,"Skew-normal",273,"Semiparametric",TRUE
"Main",500,"Symmetric bimodal",340,"OLS",TRUE
"Main",500,"Symmetric bimodal",340,"Semiparametric",TRUE
"Main",200,"Asymmetric mixture",653,"OLS",TRUE
"Main",200,"Asymmetric mixture",653,"Semiparametric",TRUE
"Main",200,"Skew-normal",779,"OLS",TRUE
"Main",200,"Skew-normal",779,"Semiparametric",TRUE
"Main",200,"Symmetric bimodal",427,"OLS",TRUE
"Main",200,"Symmetric bimodal",427,"Semiparametric",TRUE
"Main",200,"Symmetric bimodal",173,"OLS",TRUE
"Main",200,"Symmetric bimodal",173,"Semiparametric",TRUE
"Main",500,"Gaussian",339,"OLS",TRUE
"Main",500,"Gaussian",339,"Semiparametric",TRUE
"Main",500,"Symmetric bimodal",957,"OLS",TRUE
"Main",500,"Symmetric bimodal",957,"Semiparametric",TRUE
"Main",500,"Gaussian",190,"OLS",TRUE
"Main",500,"Gaussian",190,"Semiparametric",TRUE
"Main",500,"Skew-normal",678,"OLS",TRUE
"Main",500,"Skew-normal",678,"Semiparametric",TRUE
"Main",200,"Skew-normal",911,"OLS",TRUE
"Main",200,"Skew-normal",911,"Semiparametric",TRUE
"Main",500,"Asymmetric mixture",659,"OLS",TRUE
"Main",500,"Asymmetric mixture",659,"Semiparametric",TRUE
"Main",500,"Asymmetric mixture",633,"OLS",TRUE
"Main",500,"Asymmetric mixture",633,"Semiparametric",TRUE
"Main",200,"Asymmetric mixture",614,"OLS",TRUE
"Main",200,"Asymmetric mixture",614,"Semiparametric",TRUE
"Main",200,"Gaussian",951,"OLS",TRUE
"Main",200,"Gaussian",951,"Semiparametric",TRUE
"Main",200,"Symmetric bimodal",282,"OLS",TRUE
"Main",200,"Symmetric bimodal",282,"Semiparametric",TRUE
"Main",200,"Gaussian",974,"OLS",TRUE
"Main",200,"Gaussian",974,"Semiparametric",TRUE
"Main",500,"Symmetric bimodal",747,"OLS",TRUE
"Main",500,"Symmetric bimodal",747,"Semiparametric",TRUE
"Main",200,"Skew-normal",878,"OLS",TRUE
"Main",200,"Skew-normal",878,"Semiparametric",TRUE
"Main",500,"Asymmetric mixture",83,"OLS",TRUE
"Main",500,"Asymmetric mixture",83,"Semiparametric",TRUE
"Main",200,"Skew-normal",807,"OLS",TRUE
"Main",200,"Skew-normal",807,"Semiparametric",TRUE
"Main",500,"Symmetric bimodal",415,"OLS",TRUE
"Main",500,"Symmetric bimodal",415,"Semiparametric",TRUE
"Main",200,"Skew-normal",242,"OLS",TRUE
"Main",200,"Skew-normal",242,"Semiparametric",TRUE
"Main",200,"Skew-normal",440,"OLS",TRUE
"Main",200,"Skew-normal",440,"Semiparametric",TRUE
"Main",200,"Gaussian",208,"OLS",TRUE
"Main",200,"Gaussian",208,"Semiparametric",TRUE
"Main",500,"Asymmetric mixture",38,"OLS",TRUE
"Main",500,"Asymmetric mixture",38,"Semiparametric",TRUE
"Main",200,"Asymmetric mixture",626,"OLS",TRUE
"Main",200,"Asymmetric mixture",626,"Semiparametric",TRUE
"Main",200,"Symmetric bimodal",195,"OLS",TRUE
"Main",200,"Symmetric bimodal",195,"Semiparametric",TRUE
"Main",500,"Asymmetric mixture",398,"OLS",TRUE
"Main",500,"Asymmetric mixture",398,"Semiparametric",TRUE
"Main",200,"Skew-normal",398,"OLS",TRUE
"Main",200,"Skew-normal",398,"Semiparametric",TRUE
"Main",500,"Asymmetric mixture",434,"OLS",TRUE
"Main",500,"Asymmetric mixture",434,"Semiparametric",TRUE
"Main",500,"Symmetric bimodal",596,"OLS",TRUE
"Main",500,"Symmetric bimodal",596,"Semiparametric",TRUE
"Main",500,"Skew-normal",85,"OLS",TRUE
"Main",500,"Skew-normal",85,"Semiparametric",TRUE
"Main",500,"Symmetric bimodal",463,"OLS",TRUE
"Main",500,"Symmetric bimodal",463,"Semiparametric",TRUE
"Main",200,"Asymmetric mixture",883,"OLS",TRUE
"Main",200,"Asymmetric mixture",883,"Semiparametric",TRUE
"Main",200,"Skew-normal",831,"OLS",TRUE
"Main",200,"Skew-normal",831,"Semiparametric",TRUE
"Main",200,"Symmetric bimodal",433,"OLS",TRUE
"Main",200,"Symmetric bimodal",433,"Semiparametric",TRUE
"Main",500,"Skew-normal",972,"OLS",TRUE
"Main",500,"Skew-normal",972,"Semiparametric",TRUE
"Main",200,"Asymmetric mixture",67,"OLS",TRUE
"Main",200,"Asymmetric mixture",67,"Semiparametric",TRUE
"Main",500,"Asymmetric mixture",950,"OLS",TRUE
"Main",500,"Asymmetric mixture",950,"Semiparametric",TRUE
"Main",200,"Skew-normal",450,"OLS",TRUE
"Main",200,"Skew-normal",450,"Semiparametric",TRUE
"Main",200,"Asymmetric mixture",155,"OLS",TRUE
"Main",200,"Asymmetric mixture",155,"Semiparametric",TRUE
"Main",500,"Symmetric bimodal",770,"OLS",TRUE
"Main",500,"Symmetric bimodal",770,"Semiparametric",TRUE
"Main",200,"Skew-normal",128,"OLS",TRUE
"Main",200,"Skew-normal",128,"Semiparametric",TRUE
"Main",200,"Asymmetric mixture",135,"OLS",TRUE
"Main",200,"Asymmetric mixture",135,"Semiparametric",FALSE
"Main",500,"Symmetric bimodal",629,"OLS",TRUE
"Main",500,"Symmetric bimodal",629,"Semiparametric",TRUE
"Main",200,"Gaussian",777,"OLS",TRUE
"Main",200,"Gaussian",777,"Semiparametric",TRUE
"Main",500,"Symmetric bimodal",218,"OLS",TRUE
"Main",500,"Symmetric bimodal",218,"Semiparametric",TRUE
"Main",500,"Asymmetric mixture",20,"OLS",TRUE
"Main",500,"Asymmetric mixture",20,"Semiparametric",TRUE
"Main",500,"Asymmetric mixture",19,"OLS",TRUE
"Main",500,"Asymmetric mixture",19,"Semiparametric",TRUE
"Main",200,"Asymmetric mixture",560,"OLS",TRUE
"Main",200,"Asymmetric mixture",560,"Semiparametric",TRUE
"Main",500,"Gaussian",467,"OLS",TRUE
"Main",500,"Gaussian",467,"Semiparametric",TRUE
"Main",500,"Gaussian",170,"OLS",TRUE
"Main",500,"Gaussian",170,"Semiparametric",TRUE
"Main",500,"Skew-normal",791,"OLS",TRUE
"Main",500,"Skew-normal",791,"Semiparametric",TRUE
"Main",500,"Skew-normal",20,"OLS",TRUE
"Main",500,"Skew-normal",20,"Semiparametric",TRUE
"Main",500,"Asymmetric mixture",358,"OLS",TRUE
"Main",500,"Asymmetric mixture",358,"Semiparametric",TRUE
"Main",200,"Skew-normal",278,"OLS",TRUE
"Main",200,"Skew-normal",278,"Semiparametric",TRUE
"Main",200,"Gaussian",442,"OLS",TRUE
"Main",200,"Gaussian",442,"Semiparametric",TRUE
"Main",500,"Gaussian",672,"OLS",TRUE
"Main",500,"Gaussian",672,"Semiparametric",TRUE
"Main",200,"Gaussian",547,"OLS",TRUE
"Main",200,"Gaussian",547,"Semiparametric",TRUE
"Main",500,"Symmetric bimodal",446,"OLS",TRUE
"Main",500,"Symmetric bimodal",446,"Semiparametric",TRUE
"Main",200,"Symmetric bimodal",916,"OLS",TRUE
"Main",200,"Symmetric bimodal",916,"Semiparametric",TRUE
"Main",200,"Gaussian",470,"OLS",TRUE
"Main",200,"Gaussian",470,"Semiparametric",TRUE
"Main",200,"Skew-normal",969,"OLS",TRUE
"Main",200,"Skew-normal",969,"Semiparametric",TRUE
"Main",200,"Skew-normal",970,"OLS",TRUE
"Main",200,"Skew-normal",970,"Semiparametric",TRUE
"Main",200,"Asymmetric mixture",694,"OLS",TRUE
"Main",200,"Asymmetric mixture",694,"Semiparametric",FALSE
"Main",500,"Asymmetric mixture",416,"OLS",TRUE
"Main",500,"Asymmetric mixture",416,"Semiparametric",TRUE
"Main",500,"Symmetric bimodal",392,"OLS",TRUE
"Main",500,"Symmetric bimodal",392,"Semiparametric",TRUE
"Main",500,"Asymmetric mixture",257,"OLS",TRUE
"Main",500,"Asymmetric mixture",257,"Semiparametric",TRUE
"Main",500,"Asymmetric mixture",908,"OLS",TRUE
"Main",500,"Asymmetric mixture",908,"Semiparametric",TRUE
"Main",200,"Asymmetric mixture",678,"OLS",TRUE
"Main",200,"Asymmetric mixture",678,"Semiparametric",FALSE
"Main",200,"Asymmetric mixture",110,"OLS",TRUE
"Main",200,"Asymmetric mixture",110,"Semiparametric",TRUE
"Main",500,"Asymmetric mixture",571,"OLS",TRUE
"Main",500,"Asymmetric mixture",571,"Semiparametric",TRUE
"Main",500,"Symmetric bimodal",103,"OLS",TRUE
"Main",500,"Symmetric bimodal",103,"Semiparametric",TRUE
"Main",500,"Skew-normal",233,"OLS",TRUE
"Main",500,"Skew-normal",233,"Semiparametric",TRUE
"Main",500,"Gaussian",542,"OLS",TRUE
"Main",500,"Gaussian",542,"Semiparametric",TRUE
"Main",200,"Asymmetric mixture",118,"OLS",TRUE
"Main",200,"Asymmetric mixture",118,"Semiparametric",TRUE
"Main",200,"Gaussian",457,"OLS",TRUE
"Main",200,"Gaussian",457,"Semiparametric",TRUE
"Main",500,"Asymmetric mixture",616,"OLS",TRUE
"Main",500,"Asymmetric mixture",616,"Semiparametric",TRUE
"Main",200,"Asymmetric mixture",203,"OLS",TRUE
"Main",200,"Asymmetric mixture",203,"Semiparametric",TRUE
"Main",500,"Skew-normal",862,"OLS",TRUE
"Main",500,"Skew-normal",862,"Semiparametric",TRUE
"Main",500,"Symmetric bimodal",565,"OLS",TRUE
"Main",500,"Symmetric bimodal",565,"Semiparametric",TRUE
"Main",500,"Gaussian",522,"OLS",TRUE
"Main",500,"Gaussian",522,"Semiparametric",TRUE
"Main",200,"Symmetric bimodal",400,"OLS",TRUE
"Main",200,"Symmetric bimodal",400,"Semiparametric",FALSE
"Main",500,"Symmetric bimodal",26,"OLS",TRUE
"Main",500,"Symmetric bimodal",26,"Semiparametric",TRUE
"Main",200,"Symmetric bimodal",188,"OLS",TRUE
"Main",200,"Symmetric bimodal",188,"Semiparametric",TRUE
"Main",200,"Gaussian",648,"OLS",TRUE
"Main",200,"Gaussian",648,"Semiparametric",TRUE
"Main",200,"Symmetric bimodal",179,"OLS",TRUE
"Main",200,"Symmetric bimodal",179,"Semiparametric",TRUE
"Main",500,"Asymmetric mixture",960,"OLS",TRUE
"Main",500,"Asymmetric mixture",960,"Semiparametric",TRUE
"Main",200,"Symmetric bimodal",23,"OLS",TRUE
"Main",200,"Symmetric bimodal",23,"Semiparametric",TRUE
"Main",500,"Gaussian",874,"OLS",TRUE
"Main",500,"Gaussian",874,"Semiparametric",TRUE
"Main",200,"Gaussian",153,"OLS",TRUE
"Main",200,"Gaussian",153,"Semiparametric",TRUE
"Main",200,"Gaussian",448,"OLS",TRUE
"Main",200,"Gaussian",448,"Semiparametric",TRUE
"Main",200,"Symmetric bimodal",466,"OLS",TRUE
"Main",200,"Symmetric bimodal",466,"Semiparametric",TRUE
"Main",200,"Skew-normal",626,"OLS",TRUE
"Main",200,"Skew-normal",626,"Semiparametric",TRUE
"Main",500,"Gaussian",132,"OLS",TRUE
"Main",500,"Gaussian",132,"Semiparametric",TRUE
"Main",500,"Gaussian",58,"OLS",TRUE
"Main",500,"Gaussian",58,"Semiparametric",TRUE
"Main",500,"Gaussian",563,"OLS",TRUE
"Main",500,"Gaussian",563,"Semiparametric",TRUE
"Main",200,"Gaussian",356,"OLS",TRUE
"Main",200,"Gaussian",356,"Semiparametric",TRUE
"Main",200,"Skew-normal",975,"OLS",TRUE
"Main",200,"Skew-normal",975,"Semiparametric",TRUE
"Main",500,"Asymmetric mixture",964,"OLS",TRUE
"Main",500,"Asymmetric mixture",964,"Semiparametric",TRUE
"Main",500,"Symmetric bimodal",861,"OLS",TRUE
"Main",500,"Symmetric bimodal",861,"Semiparametric",TRUE
"Main",200,"Symmetric bimodal",745,"OLS",TRUE
"Main",200,"Symmetric bimodal",745,"Semiparametric",TRUE
"Main",500,"Asymmetric mixture",491,"OLS",TRUE
"Main",500,"Asymmetric mixture",491,"Semiparametric",TRUE
"Main",200,"Skew-normal",323,"OLS",TRUE
"Main",200,"Skew-normal",323,"Semiparametric",TRUE
"Main",200,"Gaussian",569,"OLS",TRUE
"Main",200,"Gaussian",569,"Semiparametric",TRUE
"Main",200,"Gaussian",903,"OLS",TRUE
"Main",200,"Gaussian",903,"Semiparametric",TRUE
"Main",200,"Skew-normal",973,"OLS",TRUE
"Main",200,"Skew-normal",973,"Semiparametric",TRUE
"Main",200,"Skew-normal",324,"OLS",TRUE
"Main",200,"Skew-normal",324,"Semiparametric",TRUE
"Main",500,"Gaussian",79,"OLS",TRUE
"Main",500,"Gaussian",79,"Semiparametric",TRUE
"Main",200,"Symmetric bimodal",67,"OLS",TRUE
"Main",200,"Symmetric bimodal",67,"Semiparametric",TRUE
"Main",200,"Skew-normal",132,"OLS",TRUE
"Main",200,"Skew-normal",132,"Semiparametric",TRUE
"Main",500,"Symmetric bimodal",824,"OLS",TRUE
"Main",500,"Symmetric bimodal",824,"Semiparametric",TRUE
"Main",200,"Skew-normal",336,"OLS",TRUE
"Main",200,"Skew-normal",336,"Semiparametric",TRUE
"Main",200,"Gaussian",924,"OLS",TRUE
"Main",200,"Gaussian",924,"Semiparametric",TRUE
"Main",500,"Skew-normal",313,"OLS",TRUE
"Main",500,"Skew-normal",313,"Semiparametric",TRUE
"Main",500,"Symmetric bimodal",344,"OLS",TRUE
"Main",500,"Symmetric bimodal",344,"Semiparametric",TRUE
"Main",200,"Skew-normal",919,"OLS",TRUE
"Main",200,"Skew-normal",919,"Semiparametric",TRUE
"Main",500,"Symmetric bimodal",627,"OLS",TRUE
"Main",500,"Symmetric bimodal",627,"Semiparametric",TRUE
"Main",500,"Skew-normal",261,"OLS",TRUE
"Main",500,"Skew-normal",261,"Semiparametric",TRUE
"Main",200,"Skew-normal",57,"OLS",TRUE
"Main",200,"Skew-normal",57,"Semiparametric",TRUE
"Main",500,"Skew-normal",699,"OLS",TRUE
"Main",500,"Skew-normal",699,"Semiparametric",TRUE
"Main",200,"Gaussian",274,"OLS",TRUE
"Main",200,"Gaussian",274,"Semiparametric",TRUE
"Main",200,"Symmetric bimodal",654,"OLS",TRUE
"Main",200,"Symmetric bimodal",654,"Semiparametric",TRUE
"Main",200,"Asymmetric mixture",911,"OLS",TRUE
"Main",200,"Asymmetric mixture",911,"Semiparametric",TRUE
"Main",500,"Skew-normal",366,"OLS",TRUE
"Main",500,"Skew-normal",366,"Semiparametric",TRUE
"Main",500,"Symmetric bimodal",911,"OLS",TRUE
"Main",500,"Symmetric bimodal",911,"Semiparametric",TRUE
"Main",500,"Skew-normal",804,"OLS",TRUE
"Main",500,"Skew-normal",804,"Semiparametric",TRUE
"Main",200,"Skew-normal",118,"OLS",TRUE
"Main",200,"Skew-normal",118,"Semiparametric",TRUE
"Main",500,"Symmetric bimodal",210,"OLS",TRUE
"Main",500,"Symmetric bimodal",210,"Semiparametric",TRUE
"Main",500,"Symmetric bimodal",901,"OLS",TRUE
"Main",500,"Symmetric bimodal",901,"Semiparametric",TRUE
"Main",200,"Gaussian",203,"OLS",TRUE
"Main",200,"Gaussian",203,"Semiparametric",TRUE
"Main",200,"Skew-normal",48,"OLS",TRUE
"Main",200,"Skew-normal",48,"Semiparametric",TRUE
"Main",500,"Symmetric bimodal",190,"OLS",TRUE
"Main",500,"Symmetric bimodal",190,"Semiparametric",TRUE
"Main",500,"Symmetric bimodal",245,"OLS",TRUE
"Main",500,"Symmetric bimodal",245,"Semiparametric",TRUE
"Main",200,"Skew-normal",297,"OLS",TRUE
"Main",200,"Skew-normal",297,"Semiparametric",TRUE
"Main",500,"Symmetric bimodal",465,"OLS",TRUE
"Main",500,"Symmetric bimodal",465,"Semiparametric",TRUE
"Main",500,"Asymmetric mixture",998,"OLS",TRUE
"Main",500,"Asymmetric mixture",998,"Semiparametric",TRUE
"Main",200,"Gaussian",417,"OLS",TRUE
"Main",200,"Gaussian",417,"Semiparametric",TRUE
"Main",500,"Skew-normal",77,"OLS",TRUE
"Main",500,"Skew-normal",77,"Semiparametric",TRUE
"Main",500,"Asymmetric mixture",50,"OLS",TRUE
"Main",500,"Asymmetric mixture",50,"Semiparametric",TRUE
"Main",500,"Skew-normal",518,"OLS",TRUE
"Main",500,"Skew-normal",518,"Semiparametric",TRUE
"Main",200,"Asymmetric mixture",454,"OLS",TRUE
"Main",200,"Asymmetric mixture",454,"Semiparametric",TRUE
"Main",200,"Symmetric bimodal",89,"OLS",TRUE
"Main",200,"Symmetric bimodal",89,"Semiparametric",TRUE
"Main",500,"Skew-normal",689,"OLS",TRUE
"Main",500,"Skew-normal",689,"Semiparametric",TRUE
"Main",500,"Skew-normal",822,"OLS",TRUE
"Main",500,"Skew-normal",822,"Semiparametric",TRUE
"Main",500,"Asymmetric mixture",820,"OLS",TRUE
"Main",500,"Asymmetric mixture",820,"Semiparametric",TRUE
"Main",200,"Asymmetric mixture",799,"OLS",TRUE
"Main",200,"Asymmetric mixture",799,"Semiparametric",TRUE
"Main",500,"Asymmetric mixture",74,"OLS",TRUE
"Main",500,"Asymmetric mixture",74,"Semiparametric",TRUE
"Main",500,"Gaussian",806,"OLS",TRUE
"Main",500,"Gaussian",806,"Semiparametric",TRUE
"Main",200,"Skew-normal",159,"OLS",TRUE
"Main",200,"Skew-normal",159,"Semiparametric",TRUE
"Main",500,"Asymmetric mixture",620,"OLS",TRUE
"Main",500,"Asymmetric mixture",620,"Semiparametric",TRUE
"Main",200,"Gaussian",508,"OLS",TRUE
"Main",200,"Gaussian",508,"Semiparametric",TRUE
"Main",200,"Asymmetric mixture",750,"OLS",TRUE
"Main",200,"Asymmetric mixture",750,"Semiparametric",TRUE
"Main",200,"Symmetric bimodal",166,"OLS",TRUE
"Main",200,"Symmetric bimodal",166,"Semiparametric",TRUE
"Main",500,"Gaussian",164,"OLS",TRUE
"Main",500,"Gaussian",164,"Semiparametric",TRUE
"Main",500,"Symmetric bimodal",254,"OLS",TRUE
"Main",500,"Symmetric bimodal",254,"Semiparametric",TRUE
"Main",200,"Asymmetric mixture",459,"OLS",TRUE
"Main",200,"Asymmetric mixture",459,"Semiparametric",TRUE
"Main",500,"Asymmetric mixture",585,"OLS",TRUE
"Main",500,"Asymmetric mixture",585,"Semiparametric",TRUE
"Main",500,"Asymmetric mixture",216,"OLS",TRUE
"Main",500,"Asymmetric mixture",216,"Semiparametric",TRUE
"Main",500,"Gaussian",90,"OLS",TRUE
"Main",500,"Gaussian",90,"Semiparametric",TRUE
"Main",500,"Gaussian",163,"OLS",TRUE
"Main",500,"Gaussian",163,"Semiparametric",TRUE
"Main",200,"Asymmetric mixture",422,"OLS",TRUE
"Main",200,"Asymmetric mixture",422,"Semiparametric",TRUE
"Main",500,"Gaussian",507,"OLS",TRUE
"Main",500,"Gaussian",507,"Semiparametric",TRUE
"Main",200,"Gaussian",857,"OLS",TRUE
"Main",200,"Gaussian",857,"Semiparametric",TRUE
"Main",500,"Gaussian",394,"OLS",TRUE
"Main",500,"Gaussian",394,"Semiparametric",TRUE
"Main",200,"Symmetric bimodal",328,"OLS",TRUE
"Main",200,"Symmetric bimodal",328,"Semiparametric",TRUE
"Main",200,"Skew-normal",574,"OLS",TRUE
"Main",200,"Skew-normal",574,"Semiparametric",TRUE
"Main",200,"Symmetric bimodal",477,"OLS",TRUE
"Main",200,"Symmetric bimodal",477,"Semiparametric",TRUE
"Main",200,"Skew-normal",790,"OLS",TRUE
"Main",200,"Skew-normal",790,"Semiparametric",TRUE
"Main",200,"Gaussian",323,"OLS",TRUE
"Main",200,"Gaussian",323,"Semiparametric",TRUE
"Main",500,"Gaussian",179,"OLS",TRUE
"Main",500,"Gaussian",179,"Semiparametric",TRUE
"Main",500,"Gaussian",654,"OLS",TRUE
"Main",500,"Gaussian",654,"Semiparametric",TRUE
"Main",200,"Skew-normal",489,"OLS",TRUE
"Main",200,"Skew-normal",489,"Semiparametric",TRUE
"Main",500,"Skew-normal",180,"OLS",TRUE
"Main",500,"Skew-normal",180,"Semiparametric",TRUE
"Main",200,"Gaussian",396,"OLS",TRUE
"Main",200,"Gaussian",396,"Semiparametric",TRUE
"Main",200,"Skew-normal",906,"OLS",TRUE
"Main",200,"Skew-normal",906,"Semiparametric",TRUE
"Main",500,"Symmetric bimodal",455,"OLS",TRUE
"Main",500,"Symmetric bimodal",455,"Semiparametric",TRUE
"Main",200,"Skew-normal",785,"OLS",TRUE
"Main",200,"Skew-normal",785,"Semiparametric",TRUE
"Main",200,"Asymmetric mixture",63,"OLS",TRUE
"Main",200,"Asymmetric mixture",63,"Semiparametric",TRUE
"Main",500,"Symmetric bimodal",481,"OLS",TRUE
"Main",500,"Symmetric bimodal",481,"Semiparametric",TRUE
"Main",500,"Symmetric bimodal",229,"OLS",TRUE
"Main",500,"Symmetric bimodal",229,"Semiparametric",TRUE
"Main",200,"Skew-normal",332,"OLS",TRUE
"Main",200,"Skew-normal",332,"Semiparametric",TRUE
"Main",500,"Gaussian",107,"OLS",TRUE
"Main",500,"Gaussian",107,"Semiparametric",TRUE
"Main",200,"Symmetric bimodal",885,"OLS",TRUE
"Main",200,"Symmetric bimodal",885,"Semiparametric",TRUE
"Main",500,"Asymmetric mixture",709,"OLS",TRUE
"Main",500,"Asymmetric mixture",709,"Semiparametric",TRUE
"Main",200,"Gaussian",835,"OLS",TRUE
"Main",200,"Gaussian",835,"Semiparametric",TRUE
"Main",500,"Symmetric bimodal",112,"OLS",TRUE
"Main",500,"Symmetric bimodal",112,"Semiparametric",TRUE
"Main",200,"Skew-normal",676,"OLS",TRUE
"Main",200,"Skew-normal",676,"Semiparametric",TRUE
"Main",200,"Asymmetric mixture",540,"OLS",TRUE
"Main",200,"Asymmetric mixture",540,"Semiparametric",TRUE
"Main",500,"Gaussian",745,"OLS",TRUE
"Main",500,"Gaussian",745,"Semiparametric",TRUE
"Main",200,"Symmetric bimodal",193,"OLS",TRUE
"Main",200,"Symmetric bimodal",193,"Semiparametric",TRUE
"Main",500,"Symmetric bimodal",250,"OLS",TRUE
"Main",500,"Symmetric bimodal",250,"Semiparametric",TRUE
"Main",200,"Symmetric bimodal",732,"OLS",TRUE
"Main",200,"Symmetric bimodal",732,"Semiparametric",TRUE
"Main",500,"Skew-normal",652,"OLS",TRUE
"Main",500,"Skew-normal",652,"Semiparametric",TRUE
"Main",200,"Skew-normal",611,"OLS",TRUE
"Main",200,"Skew-normal",611,"Semiparametric",TRUE
"Main",200,"Gaussian",704,"OLS",TRUE
"Main",200,"Gaussian",704,"Semiparametric",TRUE
"Main",500,"Skew-normal",942,"OLS",TRUE
"Main",500,"Skew-normal",942,"Semiparametric",TRUE
"Main",500,"Gaussian",642,"OLS",TRUE
"Main",500,"Gaussian",642,"Semiparametric",TRUE
"Main",500,"Skew-normal",806,"OLS",TRUE
"Main",500,"Skew-normal",806,"Semiparametric",TRUE
"Main",200,"Skew-normal",596,"OLS",TRUE
"Main",200,"Skew-normal",596,"Semiparametric",TRUE
"Main",200,"Asymmetric mixture",346,"OLS",TRUE
"Main",200,"Asymmetric mixture",346,"Semiparametric",TRUE
"Main",500,"Asymmetric mixture",625,"OLS",TRUE
"Main",500,"Asymmetric mixture",625,"Semiparametric",TRUE
"Main",500,"Gaussian",680,"OLS",TRUE
"Main",500,"Gaussian",680,"Semiparametric",TRUE
"Main",500,"Gaussian",588,"OLS",TRUE
"Main",500,"Gaussian",588,"Semiparametric",TRUE
"Main",500,"Asymmetric mixture",466,"OLS",TRUE
"Main",500,"Asymmetric mixture",466,"Semiparametric",TRUE
"Main",200,"Asymmetric mixture",738,"OLS",TRUE
"Main",200,"Asymmetric mixture",738,"Semiparametric",TRUE
"Main",500,"Asymmetric mixture",992,"OLS",TRUE
"Main",500,"Asymmetric mixture",992,"Semiparametric",TRUE
"Main",500,"Skew-normal",820,"OLS",TRUE
"Main",500,"Skew-normal",820,"Semiparametric",TRUE
"Main",500,"Gaussian",619,"OLS",TRUE
"Main",500,"Gaussian",619,"Semiparametric",TRUE
"Main",200,"Gaussian",413,"OLS",TRUE
"Main",200,"Gaussian",413,"Semiparametric",TRUE
"Main",500,"Symmetric bimodal",332,"OLS",TRUE
"Main",500,"Symmetric bimodal",332,"Semiparametric",TRUE
"Main",200,"Asymmetric mixture",297,"OLS",TRUE
"Main",200,"Asymmetric mixture",297,"Semiparametric",FALSE
"Main",500,"Skew-normal",382,"OLS",TRUE
"Main",500,"Skew-normal",382,"Semiparametric",TRUE
"Main",500,"Skew-normal",512,"OLS",TRUE
"Main",500,"Skew-normal",512,"Semiparametric",TRUE
"Main",500,"Gaussian",169,"OLS",TRUE
"Main",500,"Gaussian",169,"Semiparametric",TRUE
"Main",200,"Asymmetric mixture",51,"OLS",TRUE
"Main",200,"Asymmetric mixture",51,"Semiparametric",TRUE
"Main",500,"Symmetric bimodal",452,"OLS",TRUE
"Main",500,"Symmetric bimodal",452,"Semiparametric",TRUE
"Main",200,"Symmetric bimodal",229,"OLS",TRUE
"Main",200,"Symmetric bimodal",229,"Semiparametric",TRUE
"Main",500,"Asymmetric mixture",359,"OLS",TRUE
"Main",500,"Asymmetric mixture",359,"Semiparametric",TRUE
"Main",200,"Skew-normal",466,"OLS",TRUE
"Main",200,"Skew-normal",466,"Semiparametric",TRUE
"Main",500,"Symmetric bimodal",508,"OLS",TRUE
"Main",500,"Symmetric bimodal",508,"Semiparametric",TRUE
"Main",500,"Gaussian",738,"OLS",TRUE
"Main",500,"Gaussian",738,"Semiparametric",TRUE
"Main",200,"Skew-normal",670,"OLS",TRUE
"Main",200,"Skew-normal",670,"Semiparametric",TRUE
"Main",500,"Gaussian",896,"OLS",TRUE
"Main",500,"Gaussian",896,"Semiparametric",TRUE
"Main",200,"Symmetric bimodal",372,"OLS",TRUE
"Main",200,"Symmetric bimodal",372,"Semiparametric",TRUE
"Main",500,"Gaussian",86,"OLS",TRUE
"Main",500,"Gaussian",86,"Semiparametric",TRUE
"Main",500,"Symmetric bimodal",487,"OLS",TRUE
"Main",500,"Symmetric bimodal",487,"Semiparametric",TRUE
"Main",500,"Asymmetric mixture",938,"OLS",TRUE
"Main",500,"Asymmetric mixture",938,"Semiparametric",TRUE
"Main",200,"Symmetric bimodal",384,"OLS",TRUE
"Main",200,"Symmetric bimodal",384,"Semiparametric",TRUE
"Main",200,"Gaussian",213,"OLS",TRUE
"Main",200,"Gaussian",213,"Semiparametric",TRUE
"Main",500,"Skew-normal",109,"OLS",TRUE
"Main",500,"Skew-normal",109,"Semiparametric",TRUE
"Main",200,"Gaussian",714,"OLS",TRUE
"Main",200,"Gaussian",714,"Semiparametric",TRUE
"Main",200,"Symmetric bimodal",564,"OLS",TRUE
"Main",200,"Symmetric bimodal",564,"Semiparametric",TRUE
"Main",500,"Gaussian",230,"OLS",TRUE
"Main",500,"Gaussian",230,"Semiparametric",TRUE
"Main",200,"Gaussian",324,"OLS",TRUE
"Main",200,"Gaussian",324,"Semiparametric",TRUE
"Main",500,"Asymmetric mixture",621,"OLS",TRUE
"Main",500,"Asymmetric mixture",621,"Semiparametric",TRUE
"Main",200,"Asymmetric mixture",853,"OLS",TRUE
"Main",200,"Asymmetric mixture",853,"Semiparametric",TRUE
"Main",200,"Gaussian",791,"OLS",TRUE
"Main",200,"Gaussian",791,"Semiparametric",TRUE
"Main",500,"Gaussian",909,"OLS",TRUE
"Main",500,"Gaussian",909,"Semiparametric",TRUE
"Main",500,"Asymmetric mixture",372,"OLS",TRUE
"Main",500,"Asymmetric mixture",372,"Semiparametric",TRUE
"Main",200,"Symmetric bimodal",111,"OLS",TRUE
"Main",200,"Symmetric bimodal",111,"Semiparametric",TRUE
"Main",200,"Asymmetric mixture",722,"OLS",TRUE
"Main",200,"Asymmetric mixture",722,"Semiparametric",TRUE
"Main",500,"Gaussian",106,"OLS",TRUE
"Main",500,"Gaussian",106,"Semiparametric",TRUE
"Main",500,"Gaussian",336,"OLS",TRUE
"Main",500,"Gaussian",336,"Semiparametric",TRUE
"Main",500,"Gaussian",130,"OLS",TRUE
"Main",500,"Gaussian",130,"Semiparametric",TRUE
"Main",500,"Skew-normal",158,"OLS",TRUE
"Main",500,"Skew-normal",158,"Semiparametric",TRUE
"Main",200,"Asymmetric mixture",703,"OLS",TRUE
"Main",200,"Asymmetric mixture",703,"Semiparametric",TRUE
"Main",500,"Gaussian",19,"OLS",TRUE
"Main",500,"Gaussian",19,"Semiparametric",TRUE
"Main",200,"Skew-normal",991,"OLS",TRUE
"Main",200,"Skew-normal",991,"Semiparametric",TRUE
"Main",500,"Asymmetric mixture",182,"OLS",TRUE
"Main",500,"Asymmetric mixture",182,"Semiparametric",TRUE
"Main",200,"Skew-normal",359,"OLS",TRUE
"Main",200,"Skew-normal",359,"Semiparametric",TRUE
"Main",500,"Symmetric bimodal",269,"OLS",TRUE
"Main",500,"Symmetric bimodal",269,"Semiparametric",TRUE
"Main",200,"Asymmetric mixture",117,"OLS",TRUE
"Main",200,"Asymmetric mixture",117,"Semiparametric",TRUE
"Main",500,"Symmetric bimodal",769,"OLS",TRUE
"Main",500,"Symmetric bimodal",769,"Semiparametric",TRUE
"Main",200,"Asymmetric mixture",91,"OLS",TRUE
"Main",200,"Asymmetric mixture",91,"Semiparametric",TRUE
"Main",500,"Skew-normal",161,"OLS",TRUE
"Main",500,"Skew-normal",161,"Semiparametric",TRUE
"Main",500,"Asymmetric mixture",65,"OLS",TRUE
"Main",500,"Asymmetric mixture",65,"Semiparametric",TRUE
"Main",200,"Symmetric bimodal",127,"OLS",TRUE
"Main",200,"Symmetric bimodal",127,"Semiparametric",TRUE
"Main",500,"Symmetric bimodal",735,"OLS",TRUE
"Main",500,"Symmetric bimodal",735,"Semiparametric",TRUE
"Main",500,"Asymmetric mixture",986,"OLS",TRUE
"Main",500,"Asymmetric mixture",986,"Semiparametric",TRUE
"Main",500,"Symmetric bimodal",113,"OLS",TRUE
"Main",500,"Symmetric bimodal",113,"Semiparametric",TRUE
"Main",200,"Symmetric bimodal",712,"OLS",TRUE
"Main",200,"Symmetric bimodal",712,"Semiparametric",TRUE
"Main",200,"Skew-normal",196,"OLS",TRUE
"Main",200,"Skew-normal",196,"Semiparametric",TRUE
"Main",200,"Skew-normal",755,"OLS",TRUE
"Main",200,"Skew-normal",755,"Semiparametric",TRUE
"Main",200,"Gaussian",779,"OLS",TRUE
"Main",200,"Gaussian",779,"Semiparametric",TRUE
"Main",200,"Symmetric bimodal",217,"OLS",TRUE
"Main",200,"Symmetric bimodal",217,"Semiparametric",FALSE
"Main",500,"Gaussian",682,"OLS",TRUE
"Main",500,"Gaussian",682,"Semiparametric",TRUE
"Main",200,"Skew-normal",728,"OLS",TRUE
"Main",200,"Skew-normal",728,"Semiparametric",TRUE
"Main",200,"Asymmetric mixture",824,"OLS",TRUE
"Main",200,"Asymmetric mixture",824,"Semiparametric",TRUE
"Main",500,"Gaussian",87,"OLS",TRUE
"Main",500,"Gaussian",87,"Semiparametric",TRUE
"Main",500,"Symmetric bimodal",282,"OLS",TRUE
"Main",500,"Symmetric bimodal",282,"Semiparametric",TRUE
"Main",200,"Asymmetric mixture",141,"OLS",TRUE
"Main",200,"Asymmetric mixture",141,"Semiparametric",TRUE
"Main",500,"Asymmetric mixture",68,"OLS",TRUE
"Main",500,"Asymmetric mixture",68,"Semiparametric",TRUE
"Main",200,"Skew-normal",980,"OLS",TRUE
"Main",200,"Skew-normal",980,"Semiparametric",TRUE
"Main",500,"Gaussian",857,"OLS",TRUE
"Main",500,"Gaussian",857,"Semiparametric",TRUE
"Main",500,"Symmetric bimodal",438,"OLS",TRUE
"Main",500,"Symmetric bimodal",438,"Semiparametric",TRUE
"Main",200,"Symmetric bimodal",650,"OLS",TRUE
"Main",200,"Symmetric bimodal",650,"Semiparametric",TRUE
"Main",200,"Symmetric bimodal",699,"OLS",TRUE
"Main",200,"Symmetric bimodal",699,"Semiparametric",TRUE
"Main",200,"Gaussian",968,"OLS",TRUE
"Main",200,"Gaussian",968,"Semiparametric",TRUE
"Main",200,"Gaussian",935,"OLS",TRUE
"Main",200,"Gaussian",935,"Semiparametric",TRUE
"Main",200,"Symmetric bimodal",420,"OLS",TRUE
"Main",200,"Symmetric bimodal",420,"Semiparametric",TRUE
"Main",200,"Symmetric bimodal",691,"OLS",TRUE
"Main",200,"Symmetric bimodal",691,"Semiparametric",TRUE
"Main",500,"Skew-normal",818,"OLS",TRUE
"Main",500,"Skew-normal",818,"Semiparametric",TRUE
"Main",200,"Asymmetric mixture",366,"OLS",TRUE
"Main",200,"Asymmetric mixture",366,"Semiparametric",TRUE
"Main",200,"Asymmetric mixture",61,"OLS",TRUE
"Main",200,"Asymmetric mixture",61,"Semiparametric",TRUE
"Main",200,"Skew-normal",936,"OLS",TRUE
"Main",200,"Skew-normal",936,"Semiparametric",TRUE
"Main",200,"Gaussian",896,"OLS",TRUE
"Main",200,"Gaussian",896,"Semiparametric",TRUE
"Main",200,"Symmetric bimodal",259,"OLS",TRUE
"Main",200,"Symmetric bimodal",259,"Semiparametric",TRUE
"Main",500,"Skew-normal",602,"OLS",TRUE
"Main",500,"Skew-normal",602,"Semiparametric",TRUE
"Main",200,"Gaussian",424,"OLS",TRUE
"Main",200,"Gaussian",424,"Semiparametric",TRUE
"Main",500,"Symmetric bimodal",547,"OLS",TRUE
"Main",500,"Symmetric bimodal",547,"Semiparametric",TRUE
"Main",200,"Skew-normal",480,"OLS",TRUE
"Main",200,"Skew-normal",480,"Semiparametric",TRUE
"Main",200,"Skew-normal",571,"OLS",TRUE
"Main",200,"Skew-normal",571,"Semiparametric",TRUE
"Main",500,"Symmetric bimodal",605,"OLS",TRUE
"Main",500,"Symmetric bimodal",605,"Semiparametric",TRUE
"Main",500,"Skew-normal",374,"OLS",TRUE
"Main",500,"Skew-normal",374,"Semiparametric",TRUE
"Main",500,"Skew-normal",55,"OLS",TRUE
"Main",500,"Skew-normal",55,"Semiparametric",TRUE
"Main",500,"Asymmetric mixture",800,"OLS",TRUE
"Main",500,"Asymmetric mixture",800,"Semiparametric",TRUE
"Main",500,"Asymmetric mixture",857,"OLS",TRUE
"Main",500,"Asymmetric mixture",857,"Semiparametric",TRUE
"Main",200,"Asymmetric mixture",112,"OLS",TRUE
"Main",200,"Asymmetric mixture",112,"Semiparametric",TRUE
"Main",200,"Asymmetric mixture",831,"OLS",TRUE
"Main",200,"Asymmetric mixture",831,"Semiparametric",TRUE
"Main",200,"Symmetric bimodal",476,"OLS",TRUE
"Main",200,"Symmetric bimodal",476,"Semiparametric",TRUE
"Main",200,"Asymmetric mixture",522,"OLS",TRUE
"Main",200,"Asymmetric mixture",522,"Semiparametric",TRUE
"Main",200,"Symmetric bimodal",789,"OLS",TRUE
"Main",200,"Symmetric bimodal",789,"Semiparametric",FALSE
"Main",500,"Gaussian",148,"OLS",TRUE
"Main",500,"Gaussian",148,"Semiparametric",TRUE
"Main",200,"Gaussian",698,"OLS",TRUE
"Main",200,"Gaussian",698,"Semiparametric",TRUE
"Main",500,"Symmetric bimodal",730,"OLS",TRUE
"Main",500,"Symmetric bimodal",730,"Semiparametric",TRUE
"Main",500,"Asymmetric mixture",55,"OLS",TRUE
"Main",500,"Asymmetric mixture",55,"Semiparametric",TRUE
"Main",200,"Skew-normal",517,"OLS",TRUE
"Main",200,"Skew-normal",517,"Semiparametric",TRUE
"Main",200,"Asymmetric mixture",945,"OLS",TRUE
"Main",200,"Asymmetric mixture",945,"Semiparametric",TRUE
"Main",200,"Gaussian",102,"OLS",TRUE
"Main",200,"Gaussian",102,"Semiparametric",TRUE
"Main",500,"Symmetric bimodal",945,"OLS",TRUE
"Main",500,"Symmetric bimodal",945,"Semiparametric",TRUE
"Main",200,"Symmetric bimodal",987,"OLS",TRUE
"Main",200,"Symmetric bimodal",987,"Semiparametric",FALSE
"Main",200,"Gaussian",920,"OLS",TRUE
"Main",200,"Gaussian",920,"Semiparametric",TRUE
"Main",500,"Asymmetric mixture",442,"OLS",TRUE
"Main",500,"Asymmetric mixture",442,"Semiparametric",TRUE
"Main",200,"Gaussian",400,"OLS",TRUE
"Main",200,"Gaussian",400,"Semiparametric",TRUE
"Main",200,"Skew-normal",623,"OLS",TRUE
"Main",200,"Skew-normal",623,"Semiparametric",TRUE
"Main",200,"Skew-normal",133,"OLS",TRUE
"Main",200,"Skew-normal",133,"Semiparametric",TRUE
"Main",500,"Symmetric bimodal",662,"OLS",TRUE
"Main",500,"Symmetric bimodal",662,"Semiparametric",TRUE
"Main",500,"Symmetric bimodal",647,"OLS",TRUE
"Main",500,"Symmetric bimodal",647,"Semiparametric",TRUE
"Main",500,"Skew-normal",743,"OLS",TRUE
"Main",500,"Skew-normal",743,"Semiparametric",TRUE
"Main",500,"Symmetric bimodal",618,"OLS",TRUE
"Main",500,"Symmetric bimodal",618,"Semiparametric",TRUE
"Main",500,"Skew-normal",258,"OLS",TRUE
"Main",500,"Skew-normal",258,"Semiparametric",TRUE
"Main",200,"Gaussian",174,"OLS",TRUE
"Main",200,"Gaussian",174,"Semiparametric",TRUE
"Main",200,"Asymmetric mixture",15,"OLS",TRUE
"Main",200,"Asymmetric mixture",15,"Semiparametric",TRUE
"Main",200,"Skew-normal",503,"OLS",TRUE
"Main",200,"Skew-normal",503,"Semiparametric",TRUE
"Main",500,"Asymmetric mixture",36,"OLS",TRUE
"Main",500,"Asymmetric mixture",36,"Semiparametric",TRUE
"Main",200,"Gaussian",65,"OLS",TRUE
"Main",200,"Gaussian",65,"Semiparametric",TRUE
"Main",500,"Symmetric bimodal",468,"OLS",TRUE
"Main",500,"Symmetric bimodal",468,"Semiparametric",TRUE
"Main",500,"Symmetric bimodal",356,"OLS",TRUE
"Main",500,"Symmetric bimodal",356,"Semiparametric",TRUE
"Main",200,"Skew-normal",687,"OLS",TRUE
"Main",200,"Skew-normal",687,"Semiparametric",TRUE
"Main",500,"Skew-normal",81,"OLS",TRUE
"Main",500,"Skew-normal",81,"Semiparametric",TRUE
"Main",500,"Gaussian",133,"OLS",TRUE
"Main",500,"Gaussian",133,"Semiparametric",TRUE
"Main",200,"Symmetric bimodal",432,"OLS",TRUE
"Main",200,"Symmetric bimodal",432,"Semiparametric",TRUE
"Main",200,"Gaussian",640,"OLS",TRUE
"Main",200,"Gaussian",640,"Semiparametric",TRUE
"Main",500,"Skew-normal",478,"OLS",TRUE
"Main",500,"Skew-normal",478,"Semiparametric",TRUE
"Main",200,"Symmetric bimodal",677,"OLS",TRUE
"Main",200,"Symmetric bimodal",677,"Semiparametric",TRUE
"Main",500,"Symmetric bimodal",428,"OLS",TRUE
"Main",500,"Symmetric bimodal",428,"Semiparametric",TRUE
"Main",200,"Skew-normal",374,"OLS",TRUE
"Main",200,"Skew-normal",374,"Semiparametric",TRUE
"Main",500,"Symmetric bimodal",315,"OLS",TRUE
"Main",500,"Symmetric bimodal",315,"Semiparametric",TRUE
"Main",200,"Symmetric bimodal",952,"OLS",TRUE
"Main",200,"Symmetric bimodal",952,"Semiparametric",TRUE
"Main",200,"Asymmetric mixture",658,"OLS",TRUE
"Main",200,"Asymmetric mixture",658,"Semiparametric",TRUE
"Main",200,"Symmetric bimodal",46,"OLS",TRUE
"Main",200,"Symmetric bimodal",46,"Semiparametric",TRUE
"Main",200,"Skew-normal",730,"OLS",TRUE
"Main",200,"Skew-normal",730,"Semiparametric",TRUE
"Main",500,"Skew-normal",873,"OLS",TRUE
"Main",500,"Skew-normal",873,"Semiparametric",TRUE
"Main",200,"Skew-normal",174,"OLS",TRUE
"Main",200,"Skew-normal",174,"Semiparametric",TRUE
"Main",500,"Gaussian",761,"OLS",TRUE
"Main",500,"Gaussian",761,"Semiparametric",TRUE
"Main",500,"Gaussian",231,"OLS",TRUE
"Main",500,"Gaussian",231,"Semiparametric",TRUE
"Main",500,"Gaussian",915,"OLS",TRUE
"Main",500,"Gaussian",915,"Semiparametric",TRUE
"Main",500,"Gaussian",914,"OLS",TRUE
"Main",500,"Gaussian",914,"Semiparametric",TRUE
"Main",200,"Asymmetric mixture",418,"OLS",TRUE
"Main",200,"Asymmetric mixture",418,"Semiparametric",FALSE
"Main",200,"Symmetric bimodal",562,"OLS",TRUE
"Main",200,"Symmetric bimodal",562,"Semiparametric",TRUE
"Main",200,"Asymmetric mixture",99,"OLS",TRUE
"Main",200,"Asymmetric mixture",99,"Semiparametric",TRUE
"Main",200,"Gaussian",339,"OLS",TRUE
"Main",200,"Gaussian",339,"Semiparametric",TRUE
"Main",500,"Skew-normal",655,"OLS",TRUE
"Main",500,"Skew-normal",655,"Semiparametric",TRUE
"Main",500,"Symmetric bimodal",579,"OLS",TRUE
"Main",500,"Symmetric bimodal",579,"Semiparametric",TRUE
"Main",200,"Gaussian",505,"OLS",TRUE
"Main",200,"Gaussian",505,"Semiparametric",TRUE
"Main",500,"Skew-normal",265,"OLS",TRUE
"Main",500,"Skew-normal",265,"Semiparametric",TRUE
"Main",200,"Gaussian",860,"OLS",TRUE
"Main",200,"Gaussian",860,"Semiparametric",TRUE
"Main",200,"Asymmetric mixture",757,"OLS",TRUE
"Main",200,"Asymmetric mixture",757,"Semiparametric",TRUE
"Main",200,"Gaussian",461,"OLS",TRUE
"Main",200,"Gaussian",461,"Semiparametric",TRUE
"Main",500,"Asymmetric mixture",40,"OLS",TRUE
"Main",500,"Asymmetric mixture",40,"Semiparametric",TRUE
"Main",200,"Symmetric bimodal",171,"OLS",TRUE
"Main",200,"Symmetric bimodal",171,"Semiparametric",TRUE
"Main",500,"Asymmetric mixture",936,"OLS",TRUE
"Main",500,"Asymmetric mixture",936,"Semiparametric",TRUE
"Main",500,"Symmetric bimodal",739,"OLS",TRUE
"Main",500,"Symmetric bimodal",739,"Semiparametric",TRUE
"Main",200,"Skew-normal",689,"OLS",TRUE
"Main",200,"Skew-normal",689,"Semiparametric",TRUE
"Main",200,"Skew-normal",682,"OLS",TRUE
"Main",200,"Skew-normal",682,"Semiparametric",TRUE
"Main",500,"Symmetric bimodal",328,"OLS",TRUE
"Main",500,"Symmetric bimodal",328,"Semiparametric",TRUE
"Main",500,"Asymmetric mixture",955,"OLS",TRUE
"Main",500,"Asymmetric mixture",955,"Semiparametric",TRUE
"Main",500,"Asymmetric mixture",348,"OLS",TRUE
"Main",500,"Asymmetric mixture",348,"Semiparametric",TRUE
"Main",200,"Gaussian",750,"OLS",TRUE
"Main",200,"Gaussian",750,"Semiparametric",TRUE
"Main",200,"Symmetric bimodal",174,"OLS",TRUE
"Main",200,"Symmetric bimodal",174,"Semiparametric",TRUE
"Main",500,"Skew-normal",768,"OLS",TRUE
"Main",500,"Skew-normal",768,"Semiparametric",TRUE
"Main",200,"Symmetric bimodal",814,"OLS",TRUE
"Main",200,"Symmetric bimodal",814,"Semiparametric",TRUE
"Main",200,"Skew-normal",668,"OLS",TRUE
"Main",200,"Skew-normal",668,"Semiparametric",TRUE
"Main",200,"Gaussian",82,"OLS",TRUE
"Main",200,"Gaussian",82,"Semiparametric",TRUE
"Main",500,"Skew-normal",973,"OLS",TRUE
"Main",500,"Skew-normal",973,"Semiparametric",TRUE
"Main",500,"Asymmetric mixture",682,"OLS",TRUE
"Main",500,"Asymmetric mixture",682,"Semiparametric",TRUE
"Main",200,"Gaussian",769,"OLS",TRUE
"Main",200,"Gaussian",769,"Semiparametric",TRUE
"Main",200,"Asymmetric mixture",517,"OLS",TRUE
"Main",200,"Asymmetric mixture",517,"Semiparametric",TRUE
"Main",500,"Symmetric bimodal",276,"OLS",TRUE
"Main",500,"Symmetric bimodal",276,"Semiparametric",TRUE
"Main",500,"Asymmetric mixture",387,"OLS",TRUE
"Main",500,"Asymmetric mixture",387,"Semiparametric",TRUE
"Main",500,"Symmetric bimodal",490,"OLS",TRUE
"Main",500,"Symmetric bimodal",490,"Semiparametric",TRUE
"Main",500,"Skew-normal",533,"OLS",TRUE
"Main",500,"Skew-normal",533,"Semiparametric",TRUE
"Main",200,"Gaussian",164,"OLS",TRUE
"Main",200,"Gaussian",164,"Semiparametric",TRUE
"Main",200,"Gaussian",526,"OLS",TRUE
"Main",200,"Gaussian",526,"Semiparametric",TRUE
"Main",500,"Asymmetric mixture",566,"OLS",TRUE
"Main",500,"Asymmetric mixture",566,"Semiparametric",TRUE
"Main",500,"Symmetric bimodal",975,"OLS",TRUE
"Main",500,"Symmetric bimodal",975,"Semiparametric",TRUE
"Main",200,"Asymmetric mixture",776,"OLS",TRUE
"Main",200,"Asymmetric mixture",776,"Semiparametric",TRUE
"Main",500,"Asymmetric mixture",905,"OLS",TRUE
"Main",500,"Asymmetric mixture",905,"Semiparametric",TRUE
"Main",500,"Gaussian",248,"OLS",TRUE
"Main",500,"Gaussian",248,"Semiparametric",TRUE
"Main",500,"Skew-normal",133,"OLS",TRUE
"Main",500,"Skew-normal",133,"Semiparametric",TRUE
"Main",500,"Symmetric bimodal",29,"OLS",TRUE
"Main",500,"Symmetric bimodal",29,"Semiparametric",TRUE
"Main",500,"Skew-normal",54,"OLS",TRUE
"Main",500,"Skew-normal",54,"Semiparametric",TRUE
"Main",500,"Skew-normal",148,"OLS",TRUE
"Main",500,"Skew-normal",148,"Semiparametric",TRUE
"Main",500,"Symmetric bimodal",598,"OLS",TRUE
"Main",500,"Symmetric bimodal",598,"Semiparametric",TRUE
"Main",200,"Skew-normal",606,"OLS",TRUE
"Main",200,"Skew-normal",606,"Semiparametric",TRUE
"Main",500,"Asymmetric mixture",4,"OLS",TRUE
"Main",500,"Asymmetric mixture",4,"Semiparametric",TRUE
"Main",200,"Gaussian",387,"OLS",TRUE
"Main",200,"Gaussian",387,"Semiparametric",TRUE
"Main",200,"Asymmetric mixture",194,"OLS",TRUE
"Main",200,"Asymmetric mixture",194,"Semiparametric",TRUE
"Main",500,"Symmetric bimodal",673,"OLS",TRUE
"Main",500,"Symmetric bimodal",673,"Semiparametric",TRUE
"Main",500,"Gaussian",770,"OLS",TRUE
"Main",500,"Gaussian",770,"Semiparametric",TRUE
"Main",500,"Skew-normal",904,"OLS",TRUE
"Main",500,"Skew-normal",904,"Semiparametric",TRUE
"Main",200,"Skew-normal",681,"OLS",TRUE
"Main",200,"Skew-normal",681,"Semiparametric",TRUE
"Main",500,"Skew-normal",944,"OLS",TRUE
"Main",500,"Skew-normal",944,"Semiparametric",TRUE
"Main",200,"Skew-normal",120,"OLS",TRUE
"Main",200,"Skew-normal",120,"Semiparametric",TRUE
"Main",500,"Skew-normal",305,"OLS",TRUE
"Main",500,"Skew-normal",305,"Semiparametric",TRUE
"Main",200,"Symmetric bimodal",263,"OLS",TRUE
"Main",200,"Symmetric bimodal",263,"Semiparametric",TRUE
"Main",500,"Asymmetric mixture",629,"OLS",TRUE
"Main",500,"Asymmetric mixture",629,"Semiparametric",TRUE
"Main",200,"Asymmetric mixture",12,"OLS",TRUE
"Main",200,"Asymmetric mixture",12,"Semiparametric",TRUE
"Main",500,"Symmetric bimodal",286,"OLS",TRUE
"Main",500,"Symmetric bimodal",286,"Semiparametric",TRUE
"Main",500,"Skew-normal",363,"OLS",TRUE
"Main",500,"Skew-normal",363,"Semiparametric",TRUE
"Main",200,"Skew-normal",145,"OLS",TRUE
"Main",200,"Skew-normal",145,"Semiparametric",TRUE
"Main",500,"Asymmetric mixture",925,"OLS",TRUE
"Main",500,"Asymmetric mixture",925,"Semiparametric",TRUE
"Main",200,"Gaussian",532,"OLS",TRUE
"Main",200,"Gaussian",532,"Semiparametric",TRUE
"Main",500,"Asymmetric mixture",792,"OLS",TRUE
"Main",500,"Asymmetric mixture",792,"Semiparametric",TRUE
"Main",200,"Skew-normal",836,"OLS",TRUE
"Main",200,"Skew-normal",836,"Semiparametric",TRUE
"Main",500,"Asymmetric mixture",59,"OLS",TRUE
"Main",500,"Asymmetric mixture",59,"Semiparametric",TRUE
"Main",500,"Skew-normal",745,"OLS",TRUE
"Main",500,"Skew-normal",745,"Semiparametric",TRUE
"Main",200,"Gaussian",823,"OLS",TRUE
"Main",200,"Gaussian",823,"Semiparametric",TRUE
"Main",500,"Skew-normal",339,"OLS",TRUE
"Main",500,"Skew-normal",339,"Semiparametric",TRUE
"Main",500,"Symmetric bimodal",701,"OLS",TRUE
"Main",500,"Symmetric bimodal",701,"Semiparametric",TRUE
"Main",200,"Skew-normal",641,"OLS",TRUE
"Main",200,"Skew-normal",641,"Semiparametric",TRUE
"Main",200,"Gaussian",66,"OLS",TRUE
"Main",200,"Gaussian",66,"Semiparametric",TRUE
"Main",200,"Gaussian",609,"OLS",TRUE
"Main",200,"Gaussian",609,"Semiparametric",TRUE
"Main",200,"Symmetric bimodal",975,"OLS",TRUE
"Main",200,"Symmetric bimodal",975,"Semiparametric",TRUE
"Main",200,"Symmetric bimodal",615,"OLS",TRUE
"Main",200,"Symmetric bimodal",615,"Semiparametric",TRUE
"Main",200,"Symmetric bimodal",881,"OLS",TRUE
"Main",200,"Symmetric bimodal",881,"Semiparametric",TRUE
"Main",500,"Skew-normal",724,"OLS",TRUE
"Main",500,"Skew-normal",724,"Semiparametric",TRUE
"Main",500,"Skew-normal",717,"OLS",TRUE
"Main",500,"Skew-normal",717,"Semiparametric",TRUE
"Main",200,"Skew-normal",490,"OLS",TRUE
"Main",200,"Skew-normal",490,"Semiparametric",TRUE
"Main",500,"Asymmetric mixture",885,"OLS",TRUE
"Main",500,"Asymmetric mixture",885,"Semiparametric",TRUE
"Main",200,"Gaussian",587,"OLS",TRUE
"Main",200,"Gaussian",587,"Semiparametric",TRUE
"Main",500,"Gaussian",66,"OLS",TRUE
"Main",500,"Gaussian",66,"Semiparametric",TRUE
"Main",500,"Symmetric bimodal",643,"OLS",TRUE
"Main",500,"Symmetric bimodal",643,"Semiparametric",TRUE
"Main",500,"Symmetric bimodal",847,"OLS",TRUE
"Main",500,"Symmetric bimodal",847,"Semiparametric",TRUE
"Main",500,"Asymmetric mixture",458,"OLS",TRUE
"Main",500,"Asymmetric mixture",458,"Semiparametric",TRUE
"Main",500,"Symmetric bimodal",443,"OLS",TRUE
"Main",500,"Symmetric bimodal",443,"Semiparametric",TRUE
"Main",500,"Asymmetric mixture",125,"OLS",TRUE
"Main",500,"Asymmetric mixture",125,"Semiparametric",TRUE
"Main",200,"Gaussian",624,"OLS",TRUE
"Main",200,"Gaussian",624,"Semiparametric",TRUE
"Main",500,"Skew-normal",537,"OLS",TRUE
"Main",500,"Skew-normal",537,"Semiparametric",TRUE
"Main",200,"Asymmetric mixture",480,"OLS",TRUE
"Main",200,"Asymmetric mixture",480,"Semiparametric",TRUE
"Main",200,"Symmetric bimodal",817,"OLS",TRUE
"Main",200,"Symmetric bimodal",817,"Semiparametric",TRUE
"Main",500,"Symmetric bimodal",449,"OLS",TRUE
"Main",500,"Symmetric bimodal",449,"Semiparametric",TRUE
"Main",200,"Skew-normal",777,"OLS",TRUE
"Main",200,"Skew-normal",777,"Semiparametric",TRUE
"Main",200,"Symmetric bimodal",826,"OLS",TRUE
"Main",200,"Symmetric bimodal",826,"Semiparametric",TRUE
"Main",500,"Symmetric bimodal",176,"OLS",TRUE
"Main",500,"Symmetric bimodal",176,"Semiparametric",TRUE
"Main",200,"Gaussian",820,"OLS",TRUE
"Main",200,"Gaussian",820,"Semiparametric",TRUE
"Main",500,"Gaussian",940,"OLS",TRUE
"Main",500,"Gaussian",940,"Semiparametric",TRUE
"Main",500,"Skew-normal",557,"OLS",TRUE
"Main",500,"Skew-normal",557,"Semiparametric",TRUE
"Main",200,"Gaussian",49,"OLS",TRUE
"Main",200,"Gaussian",49,"Semiparametric",TRUE
"Main",200,"Symmetric bimodal",973,"OLS",TRUE
"Main",200,"Symmetric bimodal",973,"Semiparametric",TRUE
"Main",500,"Asymmetric mixture",322,"OLS",TRUE
"Main",500,"Asymmetric mixture",322,"Semiparametric",TRUE
"Main",200,"Gaussian",299,"OLS",TRUE
"Main",200,"Gaussian",299,"Semiparametric",TRUE
"Main",200,"Asymmetric mixture",174,"OLS",TRUE
"Main",200,"Asymmetric mixture",174,"Semiparametric",TRUE
"Main",200,"Asymmetric mixture",841,"OLS",TRUE
"Main",200,"Asymmetric mixture",841,"Semiparametric",TRUE
"Main",500,"Skew-normal",965,"OLS",TRUE
"Main",500,"Skew-normal",965,"Semiparametric",TRUE
"Main",200,"Skew-normal",494,"OLS",TRUE
"Main",200,"Skew-normal",494,"Semiparametric",TRUE
"Main",500,"Skew-normal",667,"OLS",TRUE
"Main",500,"Skew-normal",667,"Semiparametric",TRUE
"Main",500,"Skew-normal",919,"OLS",TRUE
"Main",500,"Skew-normal",919,"Semiparametric",TRUE
"Main",500,"Asymmetric mixture",641,"OLS",TRUE
"Main",500,"Asymmetric mixture",641,"Semiparametric",TRUE
"Main",200,"Asymmetric mixture",347,"OLS",TRUE
"Main",200,"Asymmetric mixture",347,"Semiparametric",TRUE
"Main",500,"Asymmetric mixture",459,"OLS",TRUE
"Main",500,"Asymmetric mixture",459,"Semiparametric",TRUE
"Main",200,"Asymmetric mixture",773,"OLS",TRUE
"Main",200,"Asymmetric mixture",773,"Semiparametric",TRUE
"Main",200,"Symmetric bimodal",1,"OLS",TRUE
"Main",200,"Symmetric bimodal",1,"Semiparametric",FALSE
"Main",500,"Symmetric bimodal",71,"OLS",TRUE
"Main",500,"Symmetric bimodal",71,"Semiparametric",TRUE
"Main",500,"Symmetric bimodal",816,"OLS",TRUE
"Main",500,"Symmetric bimodal",816,"Semiparametric",TRUE
"Main",200,"Asymmetric mixture",446,"OLS",TRUE
"Main",200,"Asymmetric mixture",446,"Semiparametric",TRUE
"Main",200,"Asymmetric mixture",879,"OLS",TRUE
"Main",200,"Asymmetric mixture",879,"Semiparametric",TRUE
"Main",200,"Gaussian",481,"OLS",TRUE
"Main",200,"Gaussian",481,"Semiparametric",TRUE
"Main",500,"Symmetric bimodal",242,"OLS",TRUE
"Main",500,"Symmetric bimodal",242,"Semiparametric",TRUE
"Main",500,"Symmetric bimodal",237,"OLS",TRUE
"Main",500,"Symmetric bimodal",237,"Semiparametric",TRUE
"Main",200,"Symmetric bimodal",865,"OLS",TRUE
"Main",200,"Symmetric bimodal",865,"Semiparametric",FALSE
"Main",200,"Gaussian",117,"OLS",TRUE
"Main",200,"Gaussian",117,"Semiparametric",TRUE
"Main",500,"Symmetric bimodal",704,"OLS",TRUE
"Main",500,"Symmetric bimodal",704,"Semiparametric",TRUE
"Main",500,"Skew-normal",167,"OLS",TRUE
"Main",500,"Skew-normal",167,"Semiparametric",TRUE
"Main",200,"Symmetric bimodal",191,"OLS",TRUE
"Main",200,"Symmetric bimodal",191,"Semiparametric",TRUE
"Main",500,"Gaussian",958,"OLS",TRUE
"Main",500,"Gaussian",958,"Semiparametric",TRUE
"Main",200,"Asymmetric mixture",704,"OLS",TRUE
"Main",200,"Asymmetric mixture",704,"Semiparametric",TRUE
"Main",200,"Symmetric bimodal",893,"OLS",TRUE
"Main",200,"Symmetric bimodal",893,"Semiparametric",TRUE
"Main",500,"Symmetric bimodal",859,"OLS",TRUE
"Main",500,"Symmetric bimodal",859,"Semiparametric",TRUE
"Main",200,"Skew-normal",559,"OLS",TRUE
"Main",200,"Skew-normal",559,"Semiparametric",TRUE
"Main",200,"Asymmetric mixture",152,"OLS",TRUE
"Main",200,"Asymmetric mixture",152,"Semiparametric",TRUE
"Main",500,"Gaussian",278,"OLS",TRUE
"Main",500,"Gaussian",278,"Semiparametric",TRUE
"Main",500,"Skew-normal",643,"OLS",TRUE
"Main",500,"Skew-normal",643,"Semiparametric",TRUE
"Main",500,"Skew-normal",829,"OLS",TRUE
"Main",500,"Skew-normal",829,"Semiparametric",TRUE
"Main",200,"Gaussian",398,"OLS",TRUE
"Main",200,"Gaussian",398,"Semiparametric",TRUE
"Main",200,"Asymmetric mixture",170,"OLS",TRUE
"Main",200,"Asymmetric mixture",170,"Semiparametric",TRUE
"Main",500,"Gaussian",142,"OLS",TRUE
"Main",500,"Gaussian",142,"Semiparametric",TRUE
"Main",500,"Skew-normal",6,"OLS",TRUE
"Main",500,"Skew-normal",6,"Semiparametric",TRUE
"Main",200,"Symmetric bimodal",342,"OLS",TRUE
"Main",200,"Symmetric bimodal",342,"Semiparametric",TRUE
"Main",500,"Gaussian",696,"OLS",TRUE
"Main",500,"Gaussian",696,"Semiparametric",TRUE
"Main",500,"Symmetric bimodal",188,"OLS",TRUE
"Main",500,"Symmetric bimodal",188,"Semiparametric",TRUE
"Main",500,"Gaussian",556,"OLS",TRUE
"Main",500,"Gaussian",556,"Semiparametric",TRUE
"Main",500,"Asymmetric mixture",389,"OLS",TRUE
"Main",500,"Asymmetric mixture",389,"Semiparametric",TRUE
"Main",200,"Asymmetric mixture",76,"OLS",TRUE
"Main",200,"Asymmetric mixture",76,"Semiparametric",TRUE
"Main",200,"Symmetric bimodal",655,"OLS",TRUE
"Main",200,"Symmetric bimodal",655,"Semiparametric",TRUE
"Main",500,"Skew-normal",617,"OLS",TRUE
"Main",500,"Skew-normal",617,"Semiparametric",TRUE
"Main",500,"Asymmetric mixture",218,"OLS",TRUE
"Main",500,"Asymmetric mixture",218,"Semiparametric",TRUE
"Main",500,"Gaussian",540,"OLS",TRUE
"Main",500,"Gaussian",540,"Semiparametric",TRUE
"Main",200,"Gaussian",778,"OLS",TRUE
"Main",200,"Gaussian",778,"Semiparametric",TRUE
"Main",500,"Symmetric bimodal",766,"OLS",TRUE
"Main",500,"Symmetric bimodal",766,"Semiparametric",TRUE
"Main",200,"Skew-normal",342,"OLS",TRUE
"Main",200,"Skew-normal",342,"Semiparametric",TRUE
"Main",500,"Skew-normal",140,"OLS",TRUE
"Main",500,"Skew-normal",140,"Semiparametric",TRUE
"Main",200,"Symmetric bimodal",219,"OLS",TRUE
"Main",200,"Symmetric bimodal",219,"Semiparametric",TRUE
"Main",200,"Gaussian",721,"OLS",TRUE
"Main",200,"Gaussian",721,"Semiparametric",TRUE
"Main",200,"Gaussian",958,"OLS",TRUE
"Main",200,"Gaussian",958,"Semiparametric",TRUE
"Main",500,"Gaussian",824,"OLS",TRUE
"Main",500,"Gaussian",824,"Semiparametric",TRUE
"Main",200,"Asymmetric mixture",436,"OLS",TRUE
"Main",200,"Asymmetric mixture",436,"Semiparametric",FALSE
"Main",200,"Gaussian",982,"OLS",TRUE
"Main",200,"Gaussian",982,"Semiparametric",TRUE
"Main",200,"Gaussian",36,"OLS",TRUE
"Main",200,"Gaussian",36,"Semiparametric",TRUE
"Main",500,"Gaussian",802,"OLS",TRUE
"Main",500,"Gaussian",802,"Semiparametric",TRUE
"Main",200,"Asymmetric mixture",184,"OLS",TRUE
"Main",200,"Asymmetric mixture",184,"Semiparametric",TRUE
"Main",500,"Symmetric bimodal",385,"OLS",TRUE
"Main",500,"Symmetric bimodal",385,"Semiparametric",TRUE
"Main",200,"Asymmetric mixture",149,"OLS",TRUE
"Main",200,"Asymmetric mixture",149,"Semiparametric",TRUE
"Main",500,"Gaussian",899,"OLS",TRUE
"Main",500,"Gaussian",899,"Semiparametric",TRUE
"Main",200,"Skew-normal",70,"OLS",TRUE
"Main",200,"Skew-normal",70,"Semiparametric",TRUE
"Main",200,"Asymmetric mixture",442,"OLS",TRUE
"Main",200,"Asymmetric mixture",442,"Semiparametric",TRUE
"Main",500,"Skew-normal",693,"OLS",TRUE
"Main",500,"Skew-normal",693,"Semiparametric",TRUE
"Main",500,"Skew-normal",237,"OLS",TRUE
"Main",500,"Skew-normal",237,"Semiparametric",TRUE
"Main",500,"Asymmetric mixture",424,"OLS",TRUE
"Main",500,"Asymmetric mixture",424,"Semiparametric",TRUE
"Main",500,"Asymmetric mixture",276,"OLS",TRUE
"Main",500,"Asymmetric mixture",276,"Semiparametric",TRUE
"Main",200,"Skew-normal",577,"OLS",TRUE
"Main",200,"Skew-normal",577,"Semiparametric",TRUE
"Main",500,"Symmetric bimodal",440,"OLS",TRUE
"Main",500,"Symmetric bimodal",440,"Semiparametric",TRUE
"Main",200,"Asymmetric mixture",251,"OLS",TRUE
"Main",200,"Asymmetric mixture",251,"Semiparametric",TRUE
"Main",200,"Asymmetric mixture",729,"OLS",TRUE
"Main",200,"Asymmetric mixture",729,"Semiparametric",TRUE
"Main",500,"Symmetric bimodal",719,"OLS",TRUE
"Main",500,"Symmetric bimodal",719,"Semiparametric",TRUE
"Main",200,"Skew-normal",160,"OLS",TRUE
"Main",200,"Skew-normal",160,"Semiparametric",TRUE
"Main",200,"Gaussian",454,"OLS",TRUE
"Main",200,"Gaussian",454,"Semiparametric",TRUE
"Main",200,"Gaussian",691,"OLS",TRUE
"Main",200,"Gaussian",691,"Semiparametric",TRUE
"Main",200,"Gaussian",411,"OLS",TRUE
"Main",200,"Gaussian",411,"Semiparametric",TRUE
"Main",500,"Gaussian",348,"OLS",TRUE
"Main",500,"Gaussian",348,"Semiparametric",TRUE
"Main",500,"Asymmetric mixture",87,"OLS",TRUE
"Main",500,"Asymmetric mixture",87,"Semiparametric",TRUE
"Main",500,"Skew-normal",67,"OLS",TRUE
"Main",500,"Skew-normal",67,"Semiparametric",TRUE
"Main",500,"Gaussian",858,"OLS",TRUE
"Main",500,"Gaussian",858,"Semiparametric",TRUE
"Main",200,"Asymmetric mixture",719,"OLS",TRUE
"Main",200,"Asymmetric mixture",719,"Semiparametric",TRUE
"Main",200,"Skew-normal",593,"OLS",TRUE
"Main",200,"Skew-normal",593,"Semiparametric",TRUE
"Main",200,"Skew-normal",305,"OLS",TRUE
"Main",200,"Skew-normal",305,"Semiparametric",TRUE
"Main",200,"Gaussian",671,"OLS",TRUE
"Main",200,"Gaussian",671,"Semiparametric",TRUE
"Main",200,"Symmetric bimodal",391,"OLS",TRUE
"Main",200,"Symmetric bimodal",391,"Semiparametric",TRUE
"Main",500,"Asymmetric mixture",782,"OLS",TRUE
"Main",500,"Asymmetric mixture",782,"Semiparametric",TRUE
"Main",200,"Symmetric bimodal",298,"OLS",TRUE
"Main",200,"Symmetric bimodal",298,"Semiparametric",TRUE
"Main",500,"Skew-normal",90,"OLS",TRUE
"Main",500,"Skew-normal",90,"Semiparametric",TRUE
"Main",500,"Symmetric bimodal",51,"OLS",TRUE
"Main",500,"Symmetric bimodal",51,"Semiparametric",TRUE
"Main",200,"Skew-normal",63,"OLS",TRUE
"Main",200,"Skew-normal",63,"Semiparametric",TRUE
"Main",200,"Asymmetric mixture",973,"OLS",TRUE
"Main",200,"Asymmetric mixture",973,"Semiparametric",TRUE
"Main",200,"Skew-normal",628,"OLS",TRUE
"Main",200,"Skew-normal",628,"Semiparametric",TRUE
"Main",500,"Gaussian",23,"OLS",TRUE
"Main",500,"Gaussian",23,"Semiparametric",TRUE
"Main",200,"Symmetric bimodal",815,"OLS",TRUE
"Main",200,"Symmetric bimodal",815,"Semiparametric",TRUE
"Main",500,"Gaussian",424,"OLS",TRUE
"Main",500,"Gaussian",424,"Semiparametric",TRUE
"Main",200,"Asymmetric mixture",421,"OLS",TRUE
"Main",200,"Asymmetric mixture",421,"Semiparametric",TRUE
"Main",500,"Skew-normal",162,"OLS",TRUE
"Main",500,"Skew-normal",162,"Semiparametric",TRUE
"Main",200,"Skew-normal",209,"OLS",TRUE
"Main",200,"Skew-normal",209,"Semiparametric",TRUE
"Main",500,"Symmetric bimodal",601,"OLS",TRUE
"Main",500,"Symmetric bimodal",601,"Semiparametric",TRUE
"Main",500,"Asymmetric mixture",78,"OLS",TRUE
"Main",500,"Asymmetric mixture",78,"Semiparametric",TRUE
"Main",500,"Asymmetric mixture",99,"OLS",TRUE
"Main",500,"Asymmetric mixture",99,"Semiparametric",TRUE
"Main",500,"Gaussian",453,"OLS",TRUE
"Main",500,"Gaussian",453,"Semiparametric",TRUE
"Main",200,"Symmetric bimodal",640,"OLS",TRUE
"Main",200,"Symmetric bimodal",640,"Semiparametric",TRUE
"Main",200,"Skew-normal",516,"OLS",TRUE
"Main",200,"Skew-normal",516,"Semiparametric",TRUE
"Main",500,"Skew-normal",620,"OLS",TRUE
"Main",500,"Skew-normal",620,"Semiparametric",TRUE
"Main",500,"Skew-normal",784,"OLS",TRUE
"Main",500,"Skew-normal",784,"Semiparametric",TRUE
"Main",500,"Asymmetric mixture",117,"OLS",TRUE
"Main",500,"Asymmetric mixture",117,"Semiparametric",TRUE
"Main",200,"Asymmetric mixture",69,"OLS",TRUE
"Main",200,"Asymmetric mixture",69,"Semiparametric",TRUE
"Main",200,"Symmetric bimodal",375,"OLS",TRUE
"Main",200,"Symmetric bimodal",375,"Semiparametric",TRUE
"Main",200,"Asymmetric mixture",206,"OLS",TRUE
"Main",200,"Asymmetric mixture",206,"Semiparametric",TRUE
"Main",500,"Symmetric bimodal",654,"OLS",TRUE
"Main",500,"Symmetric bimodal",654,"Semiparametric",TRUE
"Main",500,"Gaussian",502,"OLS",TRUE
"Main",500,"Gaussian",502,"Semiparametric",TRUE
"Main",500,"Gaussian",598,"OLS",TRUE
"Main",500,"Gaussian",598,"Semiparametric",TRUE
"Main",200,"Symmetric bimodal",279,"OLS",TRUE
"Main",200,"Symmetric bimodal",279,"Semiparametric",TRUE
"Main",500,"Gaussian",240,"OLS",TRUE
"Main",500,"Gaussian",240,"Semiparametric",TRUE
"Main",500,"Symmetric bimodal",359,"OLS",TRUE
"Main",500,"Symmetric bimodal",359,"Semiparametric",TRUE
"Main",500,"Skew-normal",390,"OLS",TRUE
"Main",500,"Skew-normal",390,"Semiparametric",TRUE
"Main",500,"Skew-normal",283,"OLS",TRUE
"Main",500,"Skew-normal",283,"Semiparametric",TRUE
"Main",500,"Asymmetric mixture",501,"OLS",TRUE
"Main",500,"Asymmetric mixture",501,"Semiparametric",TRUE
"Main",500,"Skew-normal",425,"OLS",TRUE
"Main",500,"Skew-normal",425,"Semiparametric",TRUE
"Main",200,"Symmetric bimodal",390,"OLS",TRUE
"Main",200,"Symmetric bimodal",390,"Semiparametric",TRUE
"Main",200,"Gaussian",113,"OLS",TRUE
"Main",200,"Gaussian",113,"Semiparametric",TRUE
"Main",500,"Symmetric bimodal",518,"OLS",TRUE
"Main",500,"Symmetric bimodal",518,"Semiparametric",TRUE
"Main",500,"Gaussian",612,"OLS",TRUE
"Main",500,"Gaussian",612,"Semiparametric",TRUE
"Main",200,"Skew-normal",554,"OLS",TRUE
"Main",200,"Skew-normal",554,"Semiparametric",TRUE
"Main",200,"Symmetric bimodal",913,"OLS",TRUE
"Main",200,"Symmetric bimodal",913,"Semiparametric",FALSE
"Main",500,"Gaussian",207,"OLS",TRUE
"Main",500,"Gaussian",207,"Semiparametric",TRUE
"Main",500,"Symmetric bimodal",133,"OLS",TRUE
"Main",500,"Symmetric bimodal",133,"Semiparametric",TRUE
"Main",200,"Asymmetric mixture",437,"OLS",TRUE
"Main",200,"Asymmetric mixture",437,"Semiparametric",TRUE
"Main",200,"Asymmetric mixture",816,"OLS",TRUE
"Main",200,"Asymmetric mixture",816,"Semiparametric",TRUE
"Main",500,"Skew-normal",448,"OLS",TRUE
"Main",500,"Skew-normal",448,"Semiparametric",TRUE
"Main",200,"Asymmetric mixture",513,"OLS",TRUE
"Main",200,"Asymmetric mixture",513,"Semiparametric",FALSE
"Main",200,"Symmetric bimodal",295,"OLS",TRUE
"Main",200,"Symmetric bimodal",295,"Semiparametric",TRUE
"Main",200,"Symmetric bimodal",96,"OLS",TRUE
"Main",200,"Symmetric bimodal",96,"Semiparametric",TRUE
"Main",200,"Skew-normal",191,"OLS",TRUE
"Main",200,"Skew-normal",191,"Semiparametric",TRUE
"Main",200,"Gaussian",605,"OLS",TRUE
"Main",200,"Gaussian",605,"Semiparametric",TRUE
"Main",500,"Symmetric bimodal",660,"OLS",TRUE
"Main",500,"Symmetric bimodal",660,"Semiparametric",TRUE
"Main",500,"Asymmetric mixture",365,"OLS",TRUE
"Main",500,"Asymmetric mixture",365,"Semiparametric",TRUE
"Main",500,"Symmetric bimodal",380,"OLS",TRUE
"Main",500,"Symmetric bimodal",380,"Semiparametric",TRUE
"Main",500,"Symmetric bimodal",653,"OLS",TRUE
"Main",500,"Symmetric bimodal",653,"Semiparametric",TRUE
"Main",200,"Gaussian",581,"OLS",TRUE
"Main",200,"Gaussian",581,"Semiparametric",TRUE
"Main",500,"Gaussian",872,"OLS",TRUE
"Main",500,"Gaussian",872,"Semiparametric",TRUE
"Main",200,"Symmetric bimodal",381,"OLS",TRUE
"Main",200,"Symmetric bimodal",381,"Semiparametric",TRUE
"Main",200,"Asymmetric mixture",971,"OLS",TRUE
"Main",200,"Asymmetric mixture",971,"Semiparametric",TRUE
"Main",200,"Gaussian",183,"OLS",TRUE
"Main",200,"Gaussian",183,"Semiparametric",TRUE
"Main",200,"Asymmetric mixture",416,"OLS",TRUE
"Main",200,"Asymmetric mixture",416,"Semiparametric",TRUE
"Main",500,"Asymmetric mixture",351,"OLS",TRUE
"Main",500,"Asymmetric mixture",351,"Semiparametric",TRUE
"Main",500,"Gaussian",564,"OLS",TRUE
"Main",500,"Gaussian",564,"Semiparametric",TRUE
"Main",200,"Symmetric bimodal",947,"OLS",TRUE
"Main",200,"Symmetric bimodal",947,"Semiparametric",TRUE
"Main",200,"Gaussian",697,"OLS",TRUE
"Main",200,"Gaussian",697,"Semiparametric",TRUE
"Main",200,"Symmetric bimodal",344,"OLS",TRUE
"Main",200,"Symmetric bimodal",344,"Semiparametric",TRUE
"Main",200,"Skew-normal",714,"OLS",TRUE
"Main",200,"Skew-normal",714,"Semiparametric",TRUE
"Main",200,"Asymmetric mixture",258,"OLS",TRUE
"Main",200,"Asymmetric mixture",258,"Semiparametric",TRUE
"Main",200,"Asymmetric mixture",815,"OLS",TRUE
"Main",200,"Asymmetric mixture",815,"Semiparametric",TRUE
"Main",200,"Gaussian",936,"OLS",TRUE
"Main",200,"Gaussian",936,"Semiparametric",TRUE
"Main",500,"Skew-normal",560,"OLS",TRUE
"Main",500,"Skew-normal",560,"Semiparametric",TRUE
"Main",500,"Asymmetric mixture",201,"OLS",TRUE
"Main",500,"Asymmetric mixture",201,"Semiparametric",TRUE
"Main",200,"Asymmetric mixture",378,"OLS",TRUE
"Main",200,"Asymmetric mixture",378,"Semiparametric",TRUE
"Main",500,"Symmetric bimodal",895,"OLS",TRUE
"Main",500,"Symmetric bimodal",895,"Semiparametric",TRUE
"Main",500,"Asymmetric mixture",75,"OLS",TRUE
"Main",500,"Asymmetric mixture",75,"Semiparametric",TRUE
"Main",200,"Skew-normal",481,"OLS",TRUE
"Main",200,"Skew-normal",481,"Semiparametric",TRUE
"Main",200,"Symmetric bimodal",621,"OLS",TRUE
"Main",200,"Symmetric bimodal",621,"Semiparametric",TRUE
"Main",500,"Asymmetric mixture",313,"OLS",TRUE
"Main",500,"Asymmetric mixture",313,"Semiparametric",TRUE
"Main",500,"Symmetric bimodal",583,"OLS",TRUE
"Main",500,"Symmetric bimodal",583,"Semiparametric",TRUE
"Main",200,"Asymmetric mixture",282,"OLS",TRUE
"Main",200,"Asymmetric mixture",282,"Semiparametric",TRUE
"Main",200,"Symmetric bimodal",8,"OLS",TRUE
"Main",200,"Symmetric bimodal",8,"Semiparametric",TRUE
"Main",200,"Skew-normal",601,"OLS",TRUE
"Main",200,"Skew-normal",601,"Semiparametric",TRUE
"Main",200,"Skew-normal",740,"OLS",TRUE
"Main",200,"Skew-normal",740,"Semiparametric",TRUE
"Main",200,"Skew-normal",100,"OLS",TRUE
"Main",200,"Skew-normal",100,"Semiparametric",TRUE
"Main",500,"Asymmetric mixture",66,"OLS",TRUE
"Main",500,"Asymmetric mixture",66,"Semiparametric",TRUE
"Main",200,"Skew-normal",83,"OLS",TRUE
"Main",200,"Skew-normal",83,"Semiparametric",TRUE
"Main",200,"Skew-normal",237,"OLS",TRUE
"Main",200,"Skew-normal",237,"Semiparametric",TRUE
"Main",200,"Symmetric bimodal",806,"OLS",TRUE
"Main",200,"Symmetric bimodal",806,"Semiparametric",TRUE
"Main",500,"Asymmetric mixture",49,"OLS",TRUE
"Main",500,"Asymmetric mixture",49,"Semiparametric",TRUE
"Main",200,"Skew-normal",940,"OLS",TRUE
"Main",200,"Skew-normal",940,"Semiparametric",TRUE
"Main",200,"Asymmetric mixture",683,"OLS",TRUE
"Main",200,"Asymmetric mixture",683,"Semiparametric",TRUE
"Main",500,"Asymmetric mixture",106,"OLS",TRUE
"Main",500,"Asymmetric mixture",106,"Semiparametric",TRUE
"Main",500,"Gaussian",834,"OLS",TRUE
"Main",500,"Gaussian",834,"Semiparametric",TRUE
"Main",500,"Skew-normal",864,"OLS",TRUE
"Main",500,"Skew-normal",864,"Semiparametric",TRUE
"Main",200,"Symmetric bimodal",484,"OLS",TRUE
"Main",200,"Symmetric bimodal",484,"Semiparametric",FALSE
"Main",200,"Asymmetric mixture",538,"OLS",TRUE
"Main",200,"Asymmetric mixture",538,"Semiparametric",TRUE
"Main",500,"Gaussian",633,"OLS",TRUE
"Main",500,"Gaussian",633,"Semiparametric",TRUE
"Main",500,"Symmetric bimodal",821,"OLS",TRUE
"Main",500,"Symmetric bimodal",821,"Semiparametric",TRUE
"Main",200,"Gaussian",919,"OLS",TRUE
"Main",200,"Gaussian",919,"Semiparametric",TRUE
"Main",200,"Gaussian",984,"OLS",TRUE
"Main",200,"Gaussian",984,"Semiparametric",TRUE
"Main",500,"Asymmetric mixture",987,"OLS",TRUE
"Main",500,"Asymmetric mixture",987,"Semiparametric",TRUE
"Main",200,"Symmetric bimodal",192,"OLS",TRUE
"Main",200,"Symmetric bimodal",192,"Semiparametric",TRUE
"Main",500,"Gaussian",212,"OLS",TRUE
"Main",500,"Gaussian",212,"Semiparametric",TRUE
"Main",200,"Asymmetric mixture",339,"OLS",TRUE
"Main",200,"Asymmetric mixture",339,"Semiparametric",TRUE
"Main",500,"Gaussian",827,"OLS",TRUE
"Main",500,"Gaussian",827,"Semiparametric",TRUE
"Main",200,"Symmetric bimodal",578,"OLS",TRUE
"Main",200,"Symmetric bimodal",578,"Semiparametric",TRUE
"Main",200,"Asymmetric mixture",176,"OLS",TRUE
"Main",200,"Asymmetric mixture",176,"Semiparametric",TRUE
"Main",200,"Gaussian",5,"OLS",TRUE
"Main",200,"Gaussian",5,"Semiparametric",TRUE
"Main",500,"Gaussian",853,"OLS",TRUE
"Main",500,"Gaussian",853,"Semiparametric",TRUE
"Main",200,"Asymmetric mixture",782,"OLS",TRUE
"Main",200,"Asymmetric mixture",782,"Semiparametric",TRUE
"Main",500,"Symmetric bimodal",622,"OLS",TRUE
"Main",500,"Symmetric bimodal",622,"Semiparametric",TRUE
"Main",200,"Symmetric bimodal",349,"OLS",TRUE
"Main",200,"Symmetric bimodal",349,"Semiparametric",TRUE
"Main",200,"Skew-normal",968,"OLS",TRUE
"Main",200,"Skew-normal",968,"Semiparametric",TRUE
"Main",500,"Symmetric bimodal",126,"OLS",TRUE
"Main",500,"Symmetric bimodal",126,"Semiparametric",TRUE
"Main",200,"Gaussian",485,"OLS",TRUE
"Main",200,"Gaussian",485,"Semiparametric",TRUE
"Main",200,"Gaussian",61,"OLS",TRUE
"Main",200,"Gaussian",61,"Semiparametric",TRUE
"Main",500,"Asymmetric mixture",139,"OLS",TRUE
"Main",500,"Asymmetric mixture",139,"Semiparametric",TRUE
"Main",500,"Asymmetric mixture",612,"OLS",TRUE
"Main",500,"Asymmetric mixture",612,"Semiparametric",TRUE
"Main",200,"Symmetric bimodal",252,"OLS",TRUE
"Main",200,"Symmetric bimodal",252,"Semiparametric",TRUE
"Main",200,"Gaussian",45,"OLS",TRUE
"Main",200,"Gaussian",45,"Semiparametric",TRUE
"Main",500,"Asymmetric mixture",763,"OLS",TRUE
"Main",500,"Asymmetric mixture",763,"Semiparametric",TRUE
"Main",200,"Symmetric bimodal",215,"OLS",TRUE
"Main",200,"Symmetric bimodal",215,"Semiparametric",TRUE
"Main",500,"Skew-normal",912,"OLS",TRUE
"Main",500,"Skew-normal",912,"Semiparametric",TRUE
"Main",200,"Symmetric bimodal",719,"OLS",TRUE
"Main",200,"Symmetric bimodal",719,"Semiparametric",TRUE
"Main",200,"Skew-normal",541,"OLS",TRUE
"Main",200,"Skew-normal",541,"Semiparametric",TRUE
"Main",500,"Skew-normal",377,"OLS",TRUE
"Main",500,"Skew-normal",377,"Semiparametric",TRUE
"Main",200,"Gaussian",875,"OLS",TRUE
"Main",200,"Gaussian",875,"Semiparametric",TRUE
"Main",500,"Gaussian",476,"OLS",TRUE
"Main",500,"Gaussian",476,"Semiparametric",TRUE
"Main",200,"Gaussian",789,"OLS",TRUE
"Main",200,"Gaussian",789,"Semiparametric",TRUE
"Main",200,"Asymmetric mixture",125,"OLS",TRUE
"Main",200,"Asymmetric mixture",125,"Semiparametric",TRUE
"Main",200,"Gaussian",317,"OLS",TRUE
"Main",200,"Gaussian",317,"Semiparametric",TRUE
"Main",200,"Symmetric bimodal",574,"OLS",TRUE
"Main",200,"Symmetric bimodal",574,"Semiparametric",TRUE
"Main",500,"Gaussian",687,"OLS",TRUE
"Main",500,"Gaussian",687,"Semiparametric",TRUE
"Main",500,"Symmetric bimodal",285,"OLS",TRUE
"Main",500,"Symmetric bimodal",285,"Semiparametric",TRUE
"Main",500,"Skew-normal",700,"OLS",TRUE
"Main",500,"Skew-normal",700,"Semiparametric",TRUE
"Main",500,"Skew-normal",647,"OLS",TRUE
"Main",500,"Skew-normal",647,"Semiparametric",TRUE
"Main",200,"Skew-normal",630,"OLS",TRUE
"Main",200,"Skew-normal",630,"Semiparametric",TRUE
"Main",500,"Symmetric bimodal",582,"OLS",TRUE
"Main",500,"Symmetric bimodal",582,"Semiparametric",TRUE
"Main",200,"Skew-normal",470,"OLS",TRUE
"Main",200,"Skew-normal",470,"Semiparametric",TRUE
"Main",200,"Symmetric bimodal",14,"OLS",TRUE
"Main",200,"Symmetric bimodal",14,"Semiparametric",TRUE
"Main",500,"Skew-normal",582,"OLS",TRUE
"Main",500,"Skew-normal",582,"Semiparametric",TRUE
"Main",200,"Asymmetric mixture",771,"OLS",TRUE
"Main",200,"Asymmetric mixture",771,"Semiparametric",TRUE
"Main",500,"Gaussian",758,"OLS",TRUE
"Main",500,"Gaussian",758,"Semiparametric",TRUE
"Main",500,"Skew-normal",608,"OLS",TRUE
"Main",500,"Skew-normal",608,"Semiparametric",TRUE
"Main",500,"Symmetric bimodal",377,"OLS",TRUE
"Main",500,"Symmetric bimodal",377,"Semiparametric",TRUE
"Main",200,"Symmetric bimodal",770,"OLS",TRUE
"Main",200,"Symmetric bimodal",770,"Semiparametric",TRUE
"Main",200,"Skew-normal",221,"OLS",TRUE
"Main",200,"Skew-normal",221,"Semiparametric",TRUE
"Main",200,"Gaussian",381,"OLS",TRUE
"Main",200,"Gaussian",381,"Semiparametric",TRUE
"Main",500,"Symmetric bimodal",826,"OLS",TRUE
"Main",500,"Symmetric bimodal",826,"Semiparametric",TRUE
"Main",200,"Skew-normal",89,"OLS",TRUE
"Main",200,"Skew-normal",89,"Semiparametric",TRUE
"Main",500,"Asymmetric mixture",653,"OLS",TRUE
"Main",500,"Asymmetric mixture",653,"Semiparametric",TRUE
"Main",200,"Gaussian",888,"OLS",TRUE
"Main",200,"Gaussian",888,"Semiparametric",TRUE
"Main",200,"Asymmetric mixture",456,"OLS",TRUE
"Main",200,"Asymmetric mixture",456,"Semiparametric",TRUE
"Main",200,"Asymmetric mixture",309,"OLS",TRUE
"Main",200,"Asymmetric mixture",309,"Semiparametric",TRUE
"Main",500,"Gaussian",664,"OLS",TRUE
"Main",500,"Gaussian",664,"Semiparametric",TRUE
"Main",200,"Asymmetric mixture",322,"OLS",TRUE
"Main",200,"Asymmetric mixture",322,"Semiparametric",TRUE
"Main",200,"Skew-normal",8,"OLS",TRUE
"Main",200,"Skew-normal",8,"Semiparametric",TRUE
"Main",200,"Asymmetric mixture",212,"OLS",TRUE
"Main",200,"Asymmetric mixture",212,"Semiparametric",TRUE
"Main",500,"Asymmetric mixture",14,"OLS",TRUE
"Main",500,"Asymmetric mixture",14,"Semiparametric",TRUE
"Main",500,"Asymmetric mixture",706,"OLS",TRUE
"Main",500,"Asymmetric mixture",706,"Semiparametric",TRUE
"Main",200,"Skew-normal",447,"OLS",TRUE
"Main",200,"Skew-normal",447,"Semiparametric",TRUE
"Main",200,"Gaussian",665,"OLS",TRUE
"Main",200,"Gaussian",665,"Semiparametric",TRUE
"Main",200,"Asymmetric mixture",62,"OLS",TRUE
"Main",200,"Asymmetric mixture",62,"Semiparametric",TRUE
"Main",500,"Asymmetric mixture",94,"OLS",TRUE
"Main",500,"Asymmetric mixture",94,"Semiparametric",TRUE
"Main",200,"Symmetric bimodal",832,"OLS",TRUE
"Main",200,"Symmetric bimodal",832,"Semiparametric",TRUE
"Main",200,"Symmetric bimodal",577,"OLS",TRUE
"Main",200,"Symmetric bimodal",577,"Semiparametric",TRUE
"Main",200,"Skew-normal",602,"OLS",TRUE
"Main",200,"Skew-normal",602,"Semiparametric",TRUE
"Main",500,"Symmetric bimodal",366,"OLS",TRUE
"Main",500,"Symmetric bimodal",366,"Semiparametric",TRUE
"Main",500,"Gaussian",815,"OLS",TRUE
"Main",500,"Gaussian",815,"Semiparametric",TRUE
"Main",200,"Skew-normal",635,"OLS",TRUE
"Main",200,"Skew-normal",635,"Semiparametric",TRUE
"Main",500,"Asymmetric mixture",10,"OLS",TRUE
"Main",500,"Asymmetric mixture",10,"Semiparametric",TRUE
"Main",500,"Skew-normal",893,"OLS",TRUE
"Main",500,"Skew-normal",893,"Semiparametric",TRUE
"Main",500,"Asymmetric mixture",478,"OLS",TRUE
"Main",500,"Asymmetric mixture",478,"Semiparametric",TRUE
"Main",500,"Asymmetric mixture",288,"OLS",TRUE
"Main",500,"Asymmetric mixture",288,"Semiparametric",TRUE
"Main",500,"Skew-normal",470,"OLS",TRUE
"Main",500,"Skew-normal",470,"Semiparametric",TRUE
"Main",500,"Skew-normal",956,"OLS",TRUE
"Main",500,"Skew-normal",956,"Semiparametric",TRUE
"Main",200,"Symmetric bimodal",780,"OLS",TRUE
"Main",200,"Symmetric bimodal",780,"Semiparametric",FALSE
"Main",200,"Skew-normal",12,"OLS",TRUE
"Main",200,"Skew-normal",12,"Semiparametric",TRUE
"Main",500,"Gaussian",784,"OLS",TRUE
"Main",500,"Gaussian",784,"Semiparametric",TRUE
"Main",500,"Gaussian",865,"OLS",TRUE
"Main",500,"Gaussian",865,"Semiparametric",TRUE
"Main",500,"Skew-normal",664,"OLS",TRUE
"Main",500,"Skew-normal",664,"Semiparametric",TRUE
"Main",200,"Skew-normal",423,"OLS",TRUE
"Main",200,"Skew-normal",423,"Semiparametric",TRUE
"Main",200,"Gaussian",994,"OLS",TRUE
"Main",200,"Gaussian",994,"Semiparametric",TRUE
"Main",200,"Symmetric bimodal",709,"OLS",TRUE
"Main",200,"Symmetric bimodal",709,"Semiparametric",TRUE
"Main",500,"Skew-normal",867,"OLS",TRUE
"Main",500,"Skew-normal",867,"Semiparametric",TRUE
"Main",200,"Symmetric bimodal",301,"OLS",TRUE
"Main",200,"Symmetric bimodal",301,"Semiparametric",TRUE
"Main",500,"Gaussian",124,"OLS",TRUE
"Main",500,"Gaussian",124,"Semiparametric",TRUE
"Main",500,"Gaussian",819,"OLS",TRUE
"Main",500,"Gaussian",819,"Semiparametric",TRUE
"Main",500,"Asymmetric mixture",176,"OLS",TRUE
"Main",500,"Asymmetric mixture",176,"Semiparametric",TRUE
"Main",200,"Asymmetric mixture",682,"OLS",TRUE
"Main",200,"Asymmetric mixture",682,"Semiparametric",TRUE
"Main",200,"Gaussian",315,"OLS",TRUE
"Main",200,"Gaussian",315,"Semiparametric",TRUE
"Main",200,"Asymmetric mixture",921,"OLS",TRUE
"Main",200,"Asymmetric mixture",921,"Semiparametric",TRUE
"Main",200,"Symmetric bimodal",131,"OLS",TRUE
"Main",200,"Symmetric bimodal",131,"Semiparametric",TRUE
"Main",500,"Symmetric bimodal",118,"OLS",TRUE
"Main",500,"Symmetric bimodal",118,"Semiparametric",TRUE
"Main",500,"Gaussian",17,"OLS",TRUE
"Main",500,"Gaussian",17,"Semiparametric",TRUE
"Main",500,"Gaussian",284,"OLS",TRUE
"Main",500,"Gaussian",284,"Semiparametric",TRUE
"Main",200,"Symmetric bimodal",412,"OLS",TRUE
"Main",200,"Symmetric bimodal",412,"Semiparametric",TRUE
"Main",200,"Gaussian",570,"OLS",TRUE
"Main",200,"Gaussian",570,"Semiparametric",TRUE
"Main",500,"Skew-normal",532,"OLS",TRUE
"Main",500,"Skew-normal",532,"Semiparametric",TRUE
"Main",500,"Symmetric bimodal",130,"OLS",TRUE
"Main",500,"Symmetric bimodal",130,"Semiparametric",TRUE
"Main",500,"Skew-normal",843,"OLS",TRUE
"Main",500,"Skew-normal",843,"Semiparametric",TRUE
"Main",500,"Symmetric bimodal",888,"OLS",TRUE
"Main",500,"Symmetric bimodal",888,"Semiparametric",TRUE
"Main",200,"Skew-normal",360,"OLS",TRUE
"Main",200,"Skew-normal",360,"Semiparametric",TRUE
"Main",200,"Asymmetric mixture",508,"OLS",TRUE
"Main",200,"Asymmetric mixture",508,"Semiparametric",TRUE
"Main",200,"Gaussian",181,"OLS",TRUE
"Main",200,"Gaussian",181,"Semiparametric",TRUE
"Main",200,"Gaussian",336,"OLS",TRUE
"Main",200,"Gaussian",336,"Semiparametric",TRUE
"Main",500,"Symmetric bimodal",891,"OLS",TRUE
"Main",500,"Symmetric bimodal",891,"Semiparametric",TRUE
"Main",200,"Gaussian",844,"OLS",TRUE
"Main",200,"Gaussian",844,"Semiparametric",TRUE
"Main",500,"Skew-normal",175,"OLS",TRUE
"Main",500,"Skew-normal",175,"Semiparametric",TRUE
"Main",500,"Gaussian",659,"OLS",TRUE
"Main",500,"Gaussian",659,"Semiparametric",TRUE
"Main",200,"Gaussian",50,"OLS",TRUE
"Main",200,"Gaussian",50,"Semiparametric",TRUE
"Main",200,"Symmetric bimodal",357,"OLS",TRUE
"Main",200,"Symmetric bimodal",357,"Semiparametric",TRUE
"Main",200,"Asymmetric mixture",605,"OLS",TRUE
"Main",200,"Asymmetric mixture",605,"Semiparametric",TRUE
"Main",500,"Gaussian",921,"OLS",TRUE
"Main",500,"Gaussian",921,"Semiparametric",TRUE
"Main",500,"Symmetric bimodal",43,"OLS",TRUE
"Main",500,"Symmetric bimodal",43,"Semiparametric",TRUE
"Main",500,"Symmetric bimodal",617,"OLS",TRUE
"Main",500,"Symmetric bimodal",617,"Semiparametric",TRUE
"Main",200,"Gaussian",669,"OLS",TRUE
"Main",200,"Gaussian",669,"Semiparametric",TRUE
"Main",500,"Symmetric bimodal",952,"OLS",TRUE
"Main",500,"Symmetric bimodal",952,"Semiparametric",TRUE
"Main",200,"Skew-normal",243,"OLS",TRUE
"Main",200,"Skew-normal",243,"Semiparametric",TRUE
"Main",200,"Asymmetric mixture",473,"OLS",TRUE
"Main",200,"Asymmetric mixture",473,"Semiparametric",FALSE
"Main",200,"Symmetric bimodal",510,"OLS",TRUE
"Main",200,"Symmetric bimodal",510,"Semiparametric",TRUE
"Main",500,"Asymmetric mixture",388,"OLS",TRUE
"Main",500,"Asymmetric mixture",388,"Semiparametric",TRUE
"Main",200,"Skew-normal",934,"OLS",TRUE
"Main",200,"Skew-normal",934,"Semiparametric",TRUE
"Main",500,"Asymmetric mixture",88,"OLS",TRUE
"Main",500,"Asymmetric mixture",88,"Semiparametric",TRUE
"Main",200,"Gaussian",198,"OLS",TRUE
"Main",200,"Gaussian",198,"Semiparametric",TRUE
"Main",200,"Skew-normal",280,"OLS",TRUE
"Main",200,"Skew-normal",280,"Semiparametric",TRUE
"Main",200,"Gaussian",55,"OLS",TRUE
"Main",200,"Gaussian",55,"Semiparametric",TRUE
"Main",500,"Gaussian",571,"OLS",TRUE
"Main",500,"Gaussian",571,"Semiparametric",TRUE
"Main",500,"Gaussian",998,"OLS",TRUE
"Main",500,"Gaussian",998,"Semiparametric",TRUE
"Main",500,"Skew-normal",406,"OLS",TRUE
"Main",500,"Skew-normal",406,"Semiparametric",TRUE
"Main",200,"Skew-normal",169,"OLS",TRUE
"Main",200,"Skew-normal",169,"Semiparametric",TRUE
"Main",500,"Asymmetric mixture",749,"OLS",TRUE
"Main",500,"Asymmetric mixture",749,"Semiparametric",TRUE
"Main",200,"Symmetric bimodal",579,"OLS",TRUE
"Main",200,"Symmetric bimodal",579,"Semiparametric",TRUE
"Main",500,"Symmetric bimodal",268,"OLS",TRUE
"Main",500,"Symmetric bimodal",268,"Semiparametric",TRUE
"Main",200,"Asymmetric mixture",672,"OLS",TRUE
"Main",200,"Asymmetric mixture",672,"Semiparametric",TRUE
"Main",500,"Skew-normal",153,"OLS",TRUE
"Main",500,"Skew-normal",153,"Semiparametric",TRUE
"Main",500,"Asymmetric mixture",849,"OLS",TRUE
"Main",500,"Asymmetric mixture",849,"Semiparametric",TRUE
"Main",200,"Gaussian",893,"OLS",TRUE
"Main",200,"Gaussian",893,"Semiparametric",TRUE
"Main",500,"Asymmetric mixture",23,"OLS",TRUE
"Main",500,"Asymmetric mixture",23,"Semiparametric",TRUE
"Main",500,"Asymmetric mixture",834,"OLS",TRUE
"Main",500,"Asymmetric mixture",834,"Semiparametric",TRUE
"Main",500,"Asymmetric mixture",70,"OLS",TRUE
"Main",500,"Asymmetric mixture",70,"Semiparametric",TRUE
"Main",500,"Gaussian",566,"OLS",TRUE
"Main",500,"Gaussian",566,"Semiparametric",TRUE
"Main",500,"Skew-normal",759,"OLS",TRUE
"Main",500,"Skew-normal",759,"Semiparametric",TRUE
"Main",200,"Skew-normal",863,"OLS",TRUE
"Main",200,"Skew-normal",863,"Semiparametric",TRUE
"Main",200,"Asymmetric mixture",59,"OLS",TRUE
"Main",200,"Asymmetric mixture",59,"Semiparametric",TRUE
"Main",200,"Symmetric bimodal",182,"OLS",TRUE
"Main",200,"Symmetric bimodal",182,"Semiparametric",TRUE
"Main",200,"Symmetric bimodal",613,"OLS",TRUE
"Main",200,"Symmetric bimodal",613,"Semiparametric",TRUE
"Main",200,"Symmetric bimodal",757,"OLS",TRUE
"Main",200,"Symmetric bimodal",757,"Semiparametric",TRUE
"Main",200,"Skew-normal",898,"OLS",TRUE
"Main",200,"Skew-normal",898,"Semiparametric",TRUE
"Main",200,"Gaussian",923,"OLS",TRUE
"Main",200,"Gaussian",923,"Semiparametric",TRUE
"Main",500,"Asymmetric mixture",16,"OLS",TRUE
"Main",500,"Asymmetric mixture",16,"Semiparametric",TRUE
"Main",200,"Symmetric bimodal",326,"OLS",TRUE
"Main",200,"Symmetric bimodal",326,"Semiparametric",TRUE
"Main",200,"Asymmetric mixture",506,"OLS",TRUE
"Main",200,"Asymmetric mixture",506,"Semiparametric",TRUE
"Main",200,"Gaussian",344,"OLS",TRUE
"Main",200,"Gaussian",344,"Semiparametric",TRUE
"Main",200,"Gaussian",282,"OLS",TRUE
"Main",200,"Gaussian",282,"Semiparametric",TRUE
"Main",500,"Skew-normal",421,"OLS",TRUE
"Main",500,"Skew-normal",421,"Semiparametric",TRUE
"Main",200,"Skew-normal",99,"OLS",TRUE
"Main",200,"Skew-normal",99,"Semiparametric",TRUE
"Main",200,"Gaussian",701,"OLS",TRUE
"Main",200,"Gaussian",701,"Semiparametric",TRUE
"Main",500,"Asymmetric mixture",53,"OLS",TRUE
"Main",500,"Asymmetric mixture",53,"Semiparametric",TRUE
"Main",500,"Skew-normal",847,"OLS",TRUE
"Main",500,"Skew-normal",847,"Semiparametric",TRUE
"Main",500,"Gaussian",946,"OLS",TRUE
"Main",500,"Gaussian",946,"Semiparametric",TRUE
"Main",500,"Skew-normal",668,"OLS",TRUE
"Main",500,"Skew-normal",668,"Semiparametric",TRUE
"Main",500,"Gaussian",136,"OLS",TRUE
"Main",500,"Gaussian",136,"Semiparametric",TRUE
"Main",500,"Symmetric bimodal",909,"OLS",TRUE
"Main",500,"Symmetric bimodal",909,"Semiparametric",TRUE
"Main",200,"Skew-normal",455,"OLS",TRUE
"Main",200,"Skew-normal",455,"Semiparametric",TRUE
"Main",200,"Asymmetric mixture",396,"OLS",TRUE
"Main",200,"Asymmetric mixture",396,"Semiparametric",TRUE
"Main",200,"Symmetric bimodal",26,"OLS",TRUE
"Main",200,"Symmetric bimodal",26,"Semiparametric",TRUE
"Main",500,"Symmetric bimodal",607,"OLS",TRUE
"Main",500,"Symmetric bimodal",607,"Semiparametric",TRUE
"Main",200,"Gaussian",672,"OLS",TRUE
"Main",200,"Gaussian",672,"Semiparametric",TRUE
"Main",500,"Skew-normal",319,"OLS",TRUE
"Main",500,"Skew-normal",319,"Semiparametric",TRUE
"Main",500,"Asymmetric mixture",479,"OLS",TRUE
"Main",500,"Asymmetric mixture",479,"Semiparametric",TRUE
"Main",200,"Skew-normal",926,"OLS",TRUE
"Main",200,"Skew-normal",926,"Semiparametric",TRUE
"Main",500,"Symmetric bimodal",167,"OLS",TRUE
"Main",500,"Symmetric bimodal",167,"Semiparametric",TRUE
"Main",200,"Asymmetric mixture",717,"OLS",TRUE
"Main",200,"Asymmetric mixture",717,"Semiparametric",TRUE
"Main",500,"Gaussian",104,"OLS",TRUE
"Main",500,"Gaussian",104,"Semiparametric",TRUE
"Main",500,"Asymmetric mixture",696,"OLS",TRUE
"Main",500,"Asymmetric mixture",696,"Semiparametric",TRUE
"Main",200,"Symmetric bimodal",689,"OLS",TRUE
"Main",200,"Symmetric bimodal",689,"Semiparametric",TRUE
"Main",500,"Asymmetric mixture",21,"OLS",TRUE
"Main",500,"Asymmetric mixture",21,"Semiparametric",TRUE
"Main",500,"Symmetric bimodal",494,"OLS",TRUE
"Main",500,"Symmetric bimodal",494,"Semiparametric",TRUE
"Main",200,"Skew-normal",873,"OLS",TRUE
"Main",200,"Skew-normal",873,"Semiparametric",TRUE
"Main",500,"Skew-normal",841,"OLS",TRUE
"Main",500,"Skew-normal",841,"Semiparametric",TRUE
"Main",200,"Gaussian",633,"OLS",TRUE
"Main",200,"Gaussian",633,"Semiparametric",TRUE
"Main",200,"Gaussian",185,"OLS",TRUE
"Main",200,"Gaussian",185,"Semiparametric",TRUE
"Main",200,"Asymmetric mixture",675,"OLS",TRUE
"Main",200,"Asymmetric mixture",675,"Semiparametric",TRUE
"Main",200,"Asymmetric mixture",227,"OLS",TRUE
"Main",200,"Asymmetric mixture",227,"Semiparametric",TRUE
"Main",200,"Skew-normal",545,"OLS",TRUE
"Main",200,"Skew-normal",545,"Semiparametric",TRUE
"Main",200,"Symmetric bimodal",989,"OLS",TRUE
"Main",200,"Symmetric bimodal",989,"Semiparametric",TRUE
"Main",200,"Symmetric bimodal",332,"OLS",TRUE
"Main",200,"Symmetric bimodal",332,"Semiparametric",TRUE
"Main",500,"Symmetric bimodal",786,"OLS",TRUE
"Main",500,"Symmetric bimodal",786,"Semiparametric",TRUE
"Main",500,"Skew-normal",525,"OLS",TRUE
"Main",500,"Skew-normal",525,"Semiparametric",TRUE
"Main",200,"Symmetric bimodal",516,"OLS",TRUE
"Main",200,"Symmetric bimodal",516,"Semiparametric",TRUE
"Main",200,"Asymmetric mixture",839,"OLS",TRUE
"Main",200,"Asymmetric mixture",839,"Semiparametric",FALSE
"Main",200,"Skew-normal",152,"OLS",TRUE
"Main",200,"Skew-normal",152,"Semiparametric",TRUE
"Main",500,"Asymmetric mixture",1000,"OLS",TRUE
"Main",500,"Asymmetric mixture",1000,"Semiparametric",TRUE
"Main",200,"Asymmetric mixture",937,"OLS",TRUE
"Main",200,"Asymmetric mixture",937,"Semiparametric",TRUE
"Main",500,"Symmetric bimodal",391,"OLS",TRUE
"Main",500,"Symmetric bimodal",391,"Semiparametric",TRUE
"Main",500,"Skew-normal",190,"OLS",TRUE
"Main",500,"Skew-normal",190,"Semiparametric",TRUE
"Main",500,"Gaussian",389,"OLS",TRUE
"Main",500,"Gaussian",389,"Semiparametric",TRUE
"Main",500,"Symmetric bimodal",128,"OLS",TRUE
"Main",500,"Symmetric bimodal",128,"Semiparametric",TRUE
"Main",200,"Asymmetric mixture",593,"OLS",TRUE
"Main",200,"Asymmetric mixture",593,"Semiparametric",TRUE
"Main",500,"Skew-normal",884,"OLS",TRUE
"Main",500,"Skew-normal",884,"Semiparametric",TRUE
"Main",200,"Skew-normal",325,"OLS",TRUE
"Main",200,"Skew-normal",325,"Semiparametric",TRUE
"Main",500,"Gaussian",434,"OLS",TRUE
"Main",500,"Gaussian",434,"Semiparametric",TRUE
"Main",500,"Skew-normal",984,"OLS",TRUE
"Main",500,"Skew-normal",984,"Semiparametric",TRUE
"Main",200,"Skew-normal",256,"OLS",TRUE
"Main",200,"Skew-normal",256,"Semiparametric",TRUE
"Main",500,"Symmetric bimodal",916,"OLS",TRUE
"Main",500,"Symmetric bimodal",916,"Semiparametric",TRUE
"Main",200,"Skew-normal",268,"OLS",TRUE
"Main",200,"Skew-normal",268,"Semiparametric",TRUE
"Main",200,"Symmetric bimodal",946,"OLS",TRUE
"Main",200,"Symmetric bimodal",946,"Semiparametric",TRUE
"Main",500,"Symmetric bimodal",496,"OLS",TRUE
"Main",500,"Symmetric bimodal",496,"Semiparametric",TRUE
"Main",500,"Symmetric bimodal",993,"OLS",TRUE
"Main",500,"Symmetric bimodal",993,"Semiparametric",TRUE
"Main",500,"Gaussian",482,"OLS",TRUE
"Main",500,"Gaussian",482,"Semiparametric",TRUE
"Main",500,"Gaussian",129,"OLS",TRUE
"Main",500,"Gaussian",129,"Semiparametric",TRUE
"Main",500,"Symmetric bimodal",676,"OLS",TRUE
"Main",500,"Symmetric bimodal",676,"Semiparametric",TRUE
"Main",200,"Gaussian",523,"OLS",TRUE
"Main",200,"Gaussian",523,"Semiparametric",TRUE
"Main",200,"Asymmetric mixture",882,"OLS",TRUE
"Main",200,"Asymmetric mixture",882,"Semiparametric",TRUE
"Main",200,"Asymmetric mixture",969,"OLS",TRUE
"Main",200,"Asymmetric mixture",969,"Semiparametric",TRUE
"Main",500,"Symmetric bimodal",724,"OLS",TRUE
"Main",500,"Symmetric bimodal",724,"Semiparametric",TRUE
"Main",500,"Gaussian",255,"OLS",TRUE
"Main",500,"Gaussian",255,"Semiparametric",TRUE
"Main",200,"Symmetric bimodal",788,"OLS",TRUE
"Main",200,"Symmetric bimodal",788,"Semiparametric",TRUE
"Main",200,"Symmetric bimodal",862,"OLS",TRUE
"Main",200,"Symmetric bimodal",862,"Semiparametric",TRUE
"Main",500,"Gaussian",283,"OLS",TRUE
"Main",500,"Gaussian",283,"Semiparametric",TRUE
"Main",200,"Asymmetric mixture",252,"OLS",TRUE
"Main",200,"Asymmetric mixture",252,"Semiparametric",TRUE
"Main",500,"Symmetric bimodal",751,"OLS",TRUE
"Main",500,"Symmetric bimodal",751,"Semiparametric",TRUE
"Main",500,"Gaussian",364,"OLS",TRUE
"Main",500,"Gaussian",364,"Semiparametric",TRUE
"Main",200,"Skew-normal",648,"OLS",TRUE
"Main",200,"Skew-normal",648,"Semiparametric",TRUE
"Main",200,"Skew-normal",476,"OLS",TRUE
"Main",200,"Skew-normal",476,"Semiparametric",TRUE
"Main",500,"Symmetric bimodal",989,"OLS",TRUE
"Main",500,"Symmetric bimodal",989,"Semiparametric",TRUE
"Main",500,"Gaussian",615,"OLS",TRUE
"Main",500,"Gaussian",615,"Semiparametric",TRUE
"Main",200,"Skew-normal",395,"OLS",TRUE
"Main",200,"Skew-normal",395,"Semiparametric",TRUE
"Main",500,"Gaussian",407,"OLS",TRUE
"Main",500,"Gaussian",407,"Semiparametric",TRUE
"Main",200,"Skew-normal",907,"OLS",TRUE
"Main",200,"Skew-normal",907,"Semiparametric",TRUE
"Main",200,"Asymmetric mixture",578,"OLS",TRUE
"Main",200,"Asymmetric mixture",578,"Semiparametric",FALSE
"Main",200,"Gaussian",667,"OLS",TRUE
"Main",200,"Gaussian",667,"Semiparametric",TRUE
"Main",500,"Gaussian",876,"OLS",TRUE
"Main",500,"Gaussian",876,"Semiparametric",TRUE
"Main",500,"Symmetric bimodal",369,"OLS",TRUE
"Main",500,"Symmetric bimodal",369,"Semiparametric",TRUE
"Main",200,"Symmetric bimodal",149,"OLS",TRUE
"Main",200,"Symmetric bimodal",149,"Semiparametric",TRUE
"Main",500,"Skew-normal",561,"OLS",TRUE
"Main",500,"Skew-normal",561,"Semiparametric",TRUE
"Main",200,"Asymmetric mixture",743,"OLS",TRUE
"Main",200,"Asymmetric mixture",743,"Semiparametric",TRUE
"Main",200,"Skew-normal",830,"OLS",TRUE
"Main",200,"Skew-normal",830,"Semiparametric",TRUE
"Main",200,"Skew-normal",135,"OLS",TRUE
"Main",200,"Skew-normal",135,"Semiparametric",TRUE
"Main",200,"Gaussian",828,"OLS",TRUE
"Main",200,"Gaussian",828,"Semiparametric",TRUE
"Main",200,"Symmetric bimodal",853,"OLS",TRUE
"Main",200,"Symmetric bimodal",853,"Semiparametric",FALSE
"Main",500,"Skew-normal",212,"OLS",TRUE
"Main",500,"Skew-normal",212,"Semiparametric",TRUE
"Main",500,"Symmetric bimodal",482,"OLS",TRUE
"Main",500,"Symmetric bimodal",482,"Semiparametric",TRUE
"Main",200,"Symmetric bimodal",434,"OLS",TRUE
"Main",200,"Symmetric bimodal",434,"Semiparametric",TRUE
"Main",500,"Skew-normal",24,"OLS",TRUE
"Main",500,"Skew-normal",24,"Semiparametric",TRUE
"Main",500,"Asymmetric mixture",264,"OLS",TRUE
"Main",500,"Asymmetric mixture",264,"Semiparametric",TRUE
"Main",200,"Gaussian",618,"OLS",TRUE
"Main",200,"Gaussian",618,"Semiparametric",TRUE
"Main",200,"Gaussian",785,"OLS",TRUE
"Main",200,"Gaussian",785,"Semiparametric",TRUE
"Main",200,"Asymmetric mixture",470,"OLS",TRUE
"Main",200,"Asymmetric mixture",470,"Semiparametric",TRUE
"Main",500,"Gaussian",634,"OLS",TRUE
"Main",500,"Gaussian",634,"Semiparametric",TRUE
"Main",200,"Asymmetric mixture",784,"OLS",TRUE
"Main",200,"Asymmetric mixture",784,"Semiparametric",TRUE
"Main",500,"Asymmetric mixture",556,"OLS",TRUE
"Main",500,"Asymmetric mixture",556,"Semiparametric",TRUE
"Main",200,"Asymmetric mixture",498,"OLS",TRUE
"Main",200,"Asymmetric mixture",498,"Semiparametric",TRUE
"Main",500,"Asymmetric mixture",481,"OLS",TRUE
"Main",500,"Asymmetric mixture",481,"Semiparametric",TRUE
"Main",200,"Skew-normal",814,"OLS",TRUE
"Main",200,"Skew-normal",814,"Semiparametric",TRUE
"Main",200,"Gaussian",749,"OLS",TRUE
"Main",200,"Gaussian",749,"Semiparametric",TRUE
"Main",500,"Gaussian",953,"OLS",TRUE
"Main",500,"Gaussian",953,"Semiparametric",TRUE
"Main",500,"Skew-normal",813,"OLS",TRUE
"Main",500,"Skew-normal",813,"Semiparametric",TRUE
"Main",200,"Skew-normal",404,"OLS",TRUE
"Main",200,"Skew-normal",404,"Semiparametric",TRUE
"Main",200,"Skew-normal",301,"OLS",TRUE
"Main",200,"Skew-normal",301,"Semiparametric",TRUE
"Main",200,"Gaussian",890,"OLS",TRUE
"Main",200,"Gaussian",890,"Semiparametric",TRUE
"Main",500,"Skew-normal",683,"OLS",TRUE
"Main",500,"Skew-normal",683,"Semiparametric",TRUE
"Main",200,"Asymmetric mixture",864,"OLS",TRUE
"Main",200,"Asymmetric mixture",864,"Semiparametric",TRUE
"Main",200,"Asymmetric mixture",645,"OLS",TRUE
"Main",200,"Asymmetric mixture",645,"Semiparametric",TRUE
"Main",500,"Asymmetric mixture",916,"OLS",TRUE
"Main",500,"Asymmetric mixture",916,"Semiparametric",TRUE
"Main",500,"Skew-normal",877,"OLS",TRUE
"Main",500,"Skew-normal",877,"Semiparametric",TRUE
"Main",200,"Asymmetric mixture",843,"OLS",TRUE
"Main",200,"Asymmetric mixture",843,"Semiparametric",TRUE
"Main",500,"Skew-normal",196,"OLS",TRUE
"Main",500,"Skew-normal",196,"Semiparametric",TRUE
"Main",200,"Symmetric bimodal",533,"OLS",TRUE
"Main",200,"Symmetric bimodal",533,"Semiparametric",TRUE
"Main",500,"Skew-normal",644,"OLS",TRUE
"Main",500,"Skew-normal",644,"Semiparametric",TRUE
"Main",500,"Asymmetric mixture",170,"OLS",TRUE
"Main",500,"Asymmetric mixture",170,"Semiparametric",TRUE
"Main",500,"Asymmetric mixture",374,"OLS",TRUE
"Main",500,"Asymmetric mixture",374,"Semiparametric",TRUE
"Main",500,"Gaussian",200,"OLS",TRUE
"Main",500,"Gaussian",200,"Semiparametric",TRUE
"Main",200,"Symmetric bimodal",849,"OLS",TRUE
"Main",200,"Symmetric bimodal",849,"Semiparametric",TRUE
"Main",500,"Symmetric bimodal",217,"OLS",TRUE
"Main",500,"Symmetric bimodal",217,"Semiparametric",TRUE
"Main",500,"Asymmetric mixture",298,"OLS",TRUE
"Main",500,"Asymmetric mixture",298,"Semiparametric",TRUE
"Main",200,"Symmetric bimodal",261,"OLS",TRUE
"Main",200,"Symmetric bimodal",261,"Semiparametric",TRUE
"Main",200,"Symmetric bimodal",428,"OLS",TRUE
"Main",200,"Symmetric bimodal",428,"Semiparametric",TRUE
"Main",500,"Symmetric bimodal",458,"OLS",TRUE
"Main",500,"Symmetric bimodal",458,"Semiparametric",TRUE
"Main",500,"Gaussian",420,"OLS",TRUE
"Main",500,"Gaussian",420,"Semiparametric",TRUE
"Main",200,"Asymmetric mixture",30,"OLS",TRUE
"Main",200,"Asymmetric mixture",30,"Semiparametric",TRUE
"Main",500,"Asymmetric mixture",937,"OLS",TRUE
"Main",500,"Asymmetric mixture",937,"Semiparametric",TRUE
"Main",200,"Symmetric bimodal",369,"OLS",TRUE
"Main",200,"Symmetric bimodal",369,"Semiparametric",TRUE
"Main",200,"Asymmetric mixture",242,"OLS",TRUE
"Main",200,"Asymmetric mixture",242,"Semiparametric",TRUE
"Main",500,"Gaussian",33,"OLS",TRUE
"Main",500,"Gaussian",33,"Semiparametric",TRUE
"Main",200,"Gaussian",521,"OLS",TRUE
"Main",200,"Gaussian",521,"Semiparametric",TRUE
"Main",200,"Symmetric bimodal",805,"OLS",TRUE
"Main",200,"Symmetric bimodal",805,"Semiparametric",TRUE
"Main",500,"Asymmetric mixture",873,"OLS",TRUE
"Main",500,"Asymmetric mixture",873,"Semiparametric",TRUE
"Main",200,"Gaussian",257,"OLS",TRUE
"Main",200,"Gaussian",257,"Semiparametric",TRUE
"Main",200,"Gaussian",702,"OLS",TRUE
"Main",200,"Gaussian",702,"Semiparametric",TRUE
"Main",500,"Asymmetric mixture",339,"OLS",TRUE
"Main",500,"Asymmetric mixture",339,"Semiparametric",TRUE
"Main",500,"Asymmetric mixture",121,"OLS",TRUE
"Main",500,"Asymmetric mixture",121,"Semiparametric",TRUE
"Main",500,"Skew-normal",642,"OLS",TRUE
"Main",500,"Skew-normal",642,"Semiparametric",TRUE
"Main",200,"Symmetric bimodal",723,"OLS",TRUE
"Main",200,"Symmetric bimodal",723,"Semiparametric",TRUE
"Main",500,"Skew-normal",202,"OLS",TRUE
"Main",500,"Skew-normal",202,"Semiparametric",TRUE
"Main",200,"Gaussian",334,"OLS",TRUE
"Main",200,"Gaussian",334,"Semiparametric",TRUE
"Main",200,"Asymmetric mixture",124,"OLS",TRUE
"Main",200,"Asymmetric mixture",124,"Semiparametric",FALSE
"Main",200,"Gaussian",375,"OLS",TRUE
"Main",200,"Gaussian",375,"Semiparametric",TRUE
"Main",500,"Gaussian",647,"OLS",TRUE
"Main",500,"Gaussian",647,"Semiparametric",TRUE
"Main",200,"Gaussian",433,"OLS",TRUE
"Main",200,"Gaussian",433,"Semiparametric",TRUE
"Main",500,"Gaussian",489,"OLS",TRUE
"Main",500,"Gaussian",489,"Semiparametric",TRUE
"Main",200,"Gaussian",912,"OLS",TRUE
"Main",200,"Gaussian",912,"Semiparametric",TRUE
"Main",500,"Skew-normal",91,"OLS",TRUE
"Main",500,"Skew-normal",91,"Semiparametric",TRUE
"Main",200,"Skew-normal",443,"OLS",TRUE
"Main",200,"Skew-normal",443,"Semiparametric",TRUE
"Main",200,"Skew-normal",363,"OLS",TRUE
"Main",200,"Skew-normal",363,"Semiparametric",TRUE
"Main",200,"Symmetric bimodal",319,"OLS",TRUE
"Main",200,"Symmetric bimodal",319,"Semiparametric",TRUE
"Main",500,"Symmetric bimodal",838,"OLS",TRUE
"Main",500,"Symmetric bimodal",838,"Semiparametric",TRUE
"Main",500,"Skew-normal",434,"OLS",TRUE
"Main",500,"Skew-normal",434,"Semiparametric",TRUE
"Main",200,"Skew-normal",151,"OLS",TRUE
"Main",200,"Skew-normal",151,"Semiparametric",TRUE
"Main",200,"Skew-normal",345,"OLS",TRUE
"Main",200,"Skew-normal",345,"Semiparametric",TRUE
"Main",500,"Symmetric bimodal",200,"OLS",TRUE
"Main",500,"Symmetric bimodal",200,"Semiparametric",TRUE
"Main",500,"Gaussian",53,"OLS",TRUE
"Main",500,"Gaussian",53,"Semiparametric",TRUE
"Main",200,"Gaussian",668,"OLS",TRUE
"Main",200,"Gaussian",668,"Semiparametric",TRUE
"Main",200,"Symmetric bimodal",537,"OLS",TRUE
"Main",200,"Symmetric bimodal",537,"Semiparametric",TRUE
"Main",200,"Symmetric bimodal",760,"OLS",TRUE
"Main",200,"Symmetric bimodal",760,"Semiparametric",TRUE
"Main",500,"Asymmetric mixture",430,"OLS",TRUE
"Main",500,"Asymmetric mixture",430,"Semiparametric",TRUE
"Main",500,"Asymmetric mixture",405,"OLS",TRUE
"Main",500,"Asymmetric mixture",405,"Semiparametric",TRUE
"Main",500,"Symmetric bimodal",104,"OLS",TRUE
"Main",500,"Symmetric bimodal",104,"Semiparametric",TRUE
"Main",200,"Skew-normal",871,"OLS",TRUE
"Main",200,"Skew-normal",871,"Semiparametric",TRUE
"Main",200,"Skew-normal",963,"OLS",TRUE
"Main",200,"Skew-normal",963,"Semiparametric",TRUE
"Main",500,"Asymmetric mixture",151,"OLS",TRUE
"Main",500,"Asymmetric mixture",151,"Semiparametric",TRUE
"Main",200,"Asymmetric mixture",998,"OLS",TRUE
"Main",200,"Asymmetric mixture",998,"Semiparametric",FALSE
"Main",200,"Asymmetric mixture",191,"OLS",TRUE
"Main",200,"Asymmetric mixture",191,"Semiparametric",TRUE
"Main",500,"Symmetric bimodal",64,"OLS",TRUE
"Main",500,"Symmetric bimodal",64,"Semiparametric",TRUE
"Main",200,"Skew-normal",138,"OLS",TRUE
"Main",200,"Skew-normal",138,"Semiparametric",TRUE
"Main",500,"Symmetric bimodal",9,"OLS",TRUE
"Main",500,"Symmetric bimodal",9,"Semiparametric",TRUE
"Main",500,"Gaussian",54,"OLS",TRUE
"Main",500,"Gaussian",54,"Semiparametric",TRUE
"Main",500,"Gaussian",430,"OLS",TRUE
"Main",500,"Gaussian",430,"Semiparametric",TRUE
"Main",500,"Skew-normal",242,"OLS",TRUE
"Main",500,"Skew-normal",242,"Semiparametric",TRUE
"Main",500,"Asymmetric mixture",592,"OLS",TRUE
"Main",500,"Asymmetric mixture",592,"Semiparametric",TRUE
"Main",200,"Skew-normal",578,"OLS",TRUE
"Main",200,"Skew-normal",578,"Semiparametric",TRUE
"Main",200,"Asymmetric mixture",788,"OLS",TRUE
"Main",200,"Asymmetric mixture",788,"Semiparametric",TRUE
"Main",500,"Skew-normal",799,"OLS",TRUE
"Main",500,"Skew-normal",799,"Semiparametric",TRUE
"Main",200,"Asymmetric mixture",286,"OLS",TRUE
"Main",200,"Asymmetric mixture",286,"Semiparametric",TRUE
"Main",200,"Gaussian",527,"OLS",TRUE
"Main",200,"Gaussian",527,"Semiparametric",TRUE
"Main",500,"Gaussian",645,"OLS",TRUE
"Main",500,"Gaussian",645,"Semiparametric",TRUE
"Main",200,"Asymmetric mixture",136,"OLS",TRUE
"Main",200,"Asymmetric mixture",136,"Semiparametric",TRUE
"Main",500,"Symmetric bimodal",574,"OLS",TRUE
"Main",500,"Symmetric bimodal",574,"Semiparametric",TRUE
"Main",200,"Asymmetric mixture",572,"OLS",TRUE
"Main",200,"Asymmetric mixture",572,"Semiparametric",FALSE
"Main",200,"Skew-normal",718,"OLS",TRUE
"Main",200,"Skew-normal",718,"Semiparametric",TRUE
"Main",200,"Skew-normal",14,"OLS",TRUE
"Main",200,"Skew-normal",14,"Semiparametric",TRUE
"Main",500,"Gaussian",342,"OLS",TRUE
"Main",500,"Gaussian",342,"Semiparametric",TRUE
"Main",200,"Skew-normal",473,"OLS",TRUE
"Main",200,"Skew-normal",473,"Semiparametric",TRUE
"Main",500,"Gaussian",587,"OLS",TRUE
"Main",500,"Gaussian",587,"Semiparametric",TRUE
"Main",500,"Skew-normal",467,"OLS",TRUE
"Main",500,"Skew-normal",467,"Semiparametric",TRUE
"Main",200,"Asymmetric mixture",781,"OLS",TRUE
"Main",200,"Asymmetric mixture",781,"Semiparametric",TRUE
"Main",200,"Gaussian",81,"OLS",TRUE
"Main",200,"Gaussian",81,"Semiparametric",TRUE
"Main",500,"Symmetric bimodal",625,"OLS",TRUE
"Main",500,"Symmetric bimodal",625,"Semiparametric",TRUE
"Main",500,"Skew-normal",781,"OLS",TRUE
"Main",500,"Skew-normal",781,"Semiparametric",TRUE
"Main",200,"Skew-normal",201,"OLS",TRUE
"Main",200,"Skew-normal",201,"Semiparametric",TRUE
"Main",500,"Asymmetric mixture",632,"OLS",TRUE
"Main",500,"Asymmetric mixture",632,"Semiparametric",TRUE
"Main",500,"Gaussian",279,"OLS",TRUE
"Main",500,"Gaussian",279,"Semiparametric",TRUE
"Main",200,"Skew-normal",874,"OLS",TRUE
"Main",200,"Skew-normal",874,"Semiparametric",TRUE
"Main",200,"Gaussian",517,"OLS",TRUE
"Main",200,"Gaussian",517,"Semiparametric",TRUE
"Main",500,"Gaussian",191,"OLS",TRUE
"Main",500,"Gaussian",191,"Semiparametric",TRUE
"Main",200,"Gaussian",727,"OLS",TRUE
"Main",200,"Gaussian",727,"Semiparametric",TRUE
"Main",200,"Gaussian",496,"OLS",TRUE
"Main",200,"Gaussian",496,"Semiparametric",TRUE
"Main",500,"Skew-normal",164,"OLS",TRUE
"Main",500,"Skew-normal",164,"Semiparametric",TRUE
"Main",500,"Gaussian",274,"OLS",TRUE
"Main",500,"Gaussian",274,"Semiparametric",TRUE
"Main",500,"Gaussian",926,"OLS",TRUE
"Main",500,"Gaussian",926,"Semiparametric",TRUE
"Main",200,"Symmetric bimodal",503,"OLS",TRUE
"Main",200,"Symmetric bimodal",503,"Semiparametric",TRUE
"Main",500,"Symmetric bimodal",79,"OLS",TRUE
"Main",500,"Symmetric bimodal",79,"Semiparametric",TRUE
"Main",200,"Skew-normal",54,"OLS",TRUE
"Main",200,"Skew-normal",54,"Semiparametric",TRUE
"Main",200,"Gaussian",125,"OLS",TRUE
"Main",200,"Gaussian",125,"Semiparametric",TRUE
"Main",200,"Symmetric bimodal",729,"OLS",TRUE
"Main",200,"Symmetric bimodal",729,"Semiparametric",TRUE
"Main",500,"Asymmetric mixture",312,"OLS",TRUE
"Main",500,"Asymmetric mixture",312,"Semiparametric",TRUE
"Main",500,"Symmetric bimodal",725,"OLS",TRUE
"Main",500,"Symmetric bimodal",725,"Semiparametric",TRUE
"Main",500,"Skew-normal",206,"OLS",TRUE
"Main",500,"Skew-normal",206,"Semiparametric",TRUE
"Main",200,"Symmetric bimodal",541,"OLS",TRUE
"Main",200,"Symmetric bimodal",541,"Semiparametric",TRUE
"Main",200,"Asymmetric mixture",942,"OLS",TRUE
"Main",200,"Asymmetric mixture",942,"Semiparametric",TRUE
"Main",500,"Symmetric bimodal",223,"OLS",TRUE
"Main",500,"Symmetric bimodal",223,"Semiparametric",TRUE
"Main",500,"Skew-normal",990,"OLS",TRUE
"Main",500,"Skew-normal",990,"Semiparametric",TRUE
"Main",500,"Gaussian",570,"OLS",TRUE
"Main",500,"Gaussian",570,"Semiparametric",TRUE
"Main",500,"Skew-normal",176,"OLS",TRUE
"Main",500,"Skew-normal",176,"Semiparametric",TRUE
"Main",200,"Skew-normal",526,"OLS",TRUE
"Main",200,"Skew-normal",526,"Semiparametric",TRUE
"Main",500,"Symmetric bimodal",545,"OLS",TRUE
"Main",500,"Symmetric bimodal",545,"Semiparametric",TRUE
"Main",200,"Skew-normal",956,"OLS",TRUE
"Main",200,"Skew-normal",956,"Semiparametric",TRUE
"Main",200,"Symmetric bimodal",416,"OLS",TRUE
"Main",200,"Symmetric bimodal",416,"Semiparametric",TRUE
"Main",500,"Symmetric bimodal",550,"OLS",TRUE
"Main",500,"Symmetric bimodal",550,"Semiparametric",TRUE
"Main",200,"Skew-normal",66,"OLS",TRUE
"Main",200,"Skew-normal",66,"Semiparametric",TRUE
"Main",500,"Asymmetric mixture",140,"OLS",TRUE
"Main",500,"Asymmetric mixture",140,"Semiparametric",TRUE
"Main",500,"Symmetric bimodal",760,"OLS",TRUE
"Main",500,"Symmetric bimodal",760,"Semiparametric",TRUE
"Main",500,"Skew-normal",744,"OLS",TRUE
"Main",500,"Skew-normal",744,"Semiparametric",TRUE
"Main",500,"Symmetric bimodal",310,"OLS",TRUE
"Main",500,"Symmetric bimodal",310,"Semiparametric",TRUE
"Main",500,"Skew-normal",539,"OLS",TRUE
"Main",500,"Skew-normal",539,"Semiparametric",TRUE
"Main",500,"Asymmetric mixture",202,"OLS",TRUE
"Main",500,"Asymmetric mixture",202,"Semiparametric",TRUE
"Main",200,"Symmetric bimodal",283,"OLS",TRUE
"Main",200,"Symmetric bimodal",283,"Semiparametric",TRUE
"Main",500,"Symmetric bimodal",746,"OLS",TRUE
"Main",500,"Symmetric bimodal",746,"Semiparametric",TRUE
"Main",200,"Skew-normal",416,"OLS",TRUE
"Main",200,"Skew-normal",416,"Semiparametric",TRUE
"Main",200,"Skew-normal",939,"OLS",TRUE
"Main",200,"Skew-normal",939,"Semiparametric",TRUE
"Main",500,"Asymmetric mixture",198,"OLS",TRUE
"Main",500,"Asymmetric mixture",198,"Semiparametric",TRUE
"Main",500,"Asymmetric mixture",933,"OLS",TRUE
"Main",500,"Asymmetric mixture",933,"Semiparametric",TRUE
"Main",200,"Asymmetric mixture",855,"OLS",TRUE
"Main",200,"Asymmetric mixture",855,"Semiparametric",TRUE
"Main",200,"Symmetric bimodal",436,"OLS",TRUE
"Main",200,"Symmetric bimodal",436,"Semiparametric",TRUE
"Main",500,"Skew-normal",507,"OLS",TRUE
"Main",500,"Skew-normal",507,"Semiparametric",TRUE
"Main",500,"Skew-normal",481,"OLS",TRUE
"Main",500,"Skew-normal",481,"Semiparametric",TRUE
"Main",200,"Skew-normal",759,"OLS",TRUE
"Main",200,"Skew-normal",759,"Semiparametric",TRUE
"Main",500,"Asymmetric mixture",519,"OLS",TRUE
"Main",500,"Asymmetric mixture",519,"Semiparametric",TRUE
"Main",200,"Asymmetric mixture",887,"OLS",TRUE
"Main",200,"Asymmetric mixture",887,"Semiparametric",TRUE
"Main",200,"Skew-normal",24,"OLS",TRUE
"Main",200,"Skew-normal",24,"Semiparametric",TRUE
"Main",200,"Gaussian",271,"OLS",TRUE
"Main",200,"Gaussian",271,"Semiparametric",TRUE
"Main",200,"Symmetric bimodal",500,"OLS",TRUE
"Main",200,"Symmetric bimodal",500,"Semiparametric",FALSE
"Main",500,"Asymmetric mixture",402,"OLS",TRUE
"Main",500,"Asymmetric mixture",402,"Semiparametric",TRUE
"Main",500,"Asymmetric mixture",81,"OLS",TRUE
"Main",500,"Asymmetric mixture",81,"Semiparametric",TRUE
"Main",200,"Skew-normal",442,"OLS",TRUE
"Main",200,"Skew-normal",442,"Semiparametric",TRUE
"Main",200,"Skew-normal",185,"OLS",TRUE
"Main",200,"Skew-normal",185,"Semiparametric",TRUE
"Main",500,"Gaussian",60,"OLS",TRUE
"Main",500,"Gaussian",60,"Semiparametric",TRUE
"Main",500,"Symmetric bimodal",170,"OLS",TRUE
"Main",500,"Symmetric bimodal",170,"Semiparametric",TRUE
"Main",200,"Gaussian",197,"OLS",TRUE
"Main",200,"Gaussian",197,"Semiparametric",TRUE
"Main",200,"Gaussian",384,"OLS",TRUE
"Main",200,"Gaussian",384,"Semiparametric",TRUE
"Main",200,"Gaussian",432,"OLS",TRUE
"Main",200,"Gaussian",432,"Semiparametric",TRUE
"Main",200,"Symmetric bimodal",385,"OLS",TRUE
"Main",200,"Symmetric bimodal",385,"Semiparametric",TRUE
"Main",200,"Symmetric bimodal",180,"OLS",TRUE
"Main",200,"Symmetric bimodal",180,"Semiparametric",TRUE
"Main",200,"Asymmetric mixture",24,"OLS",TRUE
"Main",200,"Asymmetric mixture",24,"Semiparametric",TRUE
"Main",500,"Asymmetric mixture",656,"OLS",TRUE
"Main",500,"Asymmetric mixture",656,"Semiparametric",TRUE
"Main",200,"Skew-normal",104,"OLS",TRUE
"Main",200,"Skew-normal",104,"Semiparametric",TRUE
"Main",200,"Symmetric bimodal",165,"OLS",TRUE
"Main",200,"Symmetric bimodal",165,"Semiparametric",TRUE
"Main",500,"Asymmetric mixture",775,"OLS",TRUE
"Main",500,"Asymmetric mixture",775,"Semiparametric",TRUE
"Main",200,"Gaussian",30,"OLS",TRUE
"Main",200,"Gaussian",30,"Semiparametric",TRUE
"Main",500,"Skew-normal",59,"OLS",TRUE
"Main",500,"Skew-normal",59,"Semiparametric",TRUE
"Main",200,"Asymmetric mixture",79,"OLS",TRUE
"Main",200,"Asymmetric mixture",79,"Semiparametric",TRUE
"Main",500,"Gaussian",609,"OLS",TRUE
"Main",500,"Gaussian",609,"Semiparametric",TRUE
"Main",200,"Symmetric bimodal",44,"OLS",TRUE
"Main",200,"Symmetric bimodal",44,"Semiparametric",FALSE
"Main",500,"Symmetric bimodal",365,"OLS",TRUE
"Main",500,"Symmetric bimodal",365,"Semiparametric",TRUE
"Main",500,"Asymmetric mixture",515,"OLS",TRUE
"Main",500,"Asymmetric mixture",515,"Semiparametric",TRUE
"Main",200,"Skew-normal",61,"OLS",TRUE
"Main",200,"Skew-normal",61,"Semiparametric",TRUE
"Main",500,"Skew-normal",104,"OLS",TRUE
"Main",500,"Skew-normal",104,"Semiparametric",TRUE
"Main",200,"Asymmetric mixture",906,"OLS",TRUE
"Main",200,"Asymmetric mixture",906,"Semiparametric",TRUE
"Main",200,"Symmetric bimodal",790,"OLS",TRUE
"Main",200,"Symmetric bimodal",790,"Semiparametric",TRUE
"Main",500,"Gaussian",478,"OLS",TRUE
"Main",500,"Gaussian",478,"Semiparametric",TRUE
"Main",500,"Asymmetric mixture",451,"OLS",TRUE
"Main",500,"Asymmetric mixture",451,"Semiparametric",TRUE
"Main",500,"Gaussian",835,"OLS",TRUE
"Main",500,"Gaussian",835,"Semiparametric",TRUE
"Main",500,"Asymmetric mixture",146,"OLS",TRUE
"Main",500,"Asymmetric mixture",146,"Semiparametric",TRUE
"Main",500,"Symmetric bimodal",764,"OLS",TRUE
"Main",500,"Symmetric bimodal",764,"Semiparametric",TRUE
"Main",500,"Skew-normal",493,"OLS",TRUE
"Main",500,"Skew-normal",493,"Semiparametric",TRUE
"Main",500,"Asymmetric mixture",624,"OLS",TRUE
"Main",500,"Asymmetric mixture",624,"Semiparametric",TRUE
"Main",500,"Asymmetric mixture",33,"OLS",TRUE
"Main",500,"Asymmetric mixture",33,"Semiparametric",TRUE
"Main",200,"Gaussian",407,"OLS",TRUE
"Main",200,"Gaussian",407,"Semiparametric",TRUE
"Main",200,"Gaussian",793,"OLS",TRUE
"Main",200,"Gaussian",793,"Semiparametric",TRUE
"Main",200,"Gaussian",200,"OLS",TRUE
"Main",200,"Gaussian",200,"Semiparametric",TRUE
"Main",500,"Asymmetric mixture",28,"OLS",TRUE
"Main",500,"Asymmetric mixture",28,"Semiparametric",TRUE
"Main",500,"Skew-normal",141,"OLS",TRUE
"Main",500,"Skew-normal",141,"Semiparametric",TRUE
"Main",500,"Symmetric bimodal",261,"OLS",TRUE
"Main",500,"Symmetric bimodal",261,"Semiparametric",TRUE
"Main",200,"Symmetric bimodal",340,"OLS",TRUE
"Main",200,"Symmetric bimodal",340,"Semiparametric",TRUE
"Main",500,"Asymmetric mixture",851,"OLS",TRUE
"Main",500,"Asymmetric mixture",851,"Semiparametric",TRUE
"Main",200,"Asymmetric mixture",373,"OLS",TRUE
"Main",200,"Asymmetric mixture",373,"Semiparametric",TRUE
"Main",200,"Asymmetric mixture",528,"OLS",TRUE
"Main",200,"Asymmetric mixture",528,"Semiparametric",TRUE
"Main",200,"Gaussian",401,"OLS",TRUE
"Main",200,"Gaussian",401,"Semiparametric",TRUE
"Main",200,"Symmetric bimodal",635,"OLS",TRUE
"Main",200,"Symmetric bimodal",635,"Semiparametric",TRUE
"Main",200,"Asymmetric mixture",856,"OLS",TRUE
"Main",200,"Asymmetric mixture",856,"Semiparametric",TRUE
"Main",500,"Skew-normal",80,"OLS",TRUE
"Main",500,"Skew-normal",80,"Semiparametric",TRUE
"Main",200,"Skew-normal",474,"OLS",TRUE
"Main",200,"Skew-normal",474,"Semiparametric",TRUE
"Main",200,"Gaussian",313,"OLS",TRUE
"Main",200,"Gaussian",313,"Semiparametric",TRUE
"Main",500,"Skew-normal",786,"OLS",TRUE
"Main",500,"Skew-normal",786,"Semiparametric",TRUE
"Main",500,"Skew-normal",473,"OLS",TRUE
"Main",500,"Skew-normal",473,"Semiparametric",TRUE
"Main",200,"Gaussian",397,"OLS",TRUE
"Main",200,"Gaussian",397,"Semiparametric",TRUE
"Main",500,"Symmetric bimodal",588,"OLS",TRUE
"Main",500,"Symmetric bimodal",588,"Semiparametric",TRUE
"Main",200,"Skew-normal",607,"OLS",TRUE
"Main",200,"Skew-normal",607,"Semiparametric",TRUE
"Main",200,"Symmetric bimodal",584,"OLS",TRUE
"Main",200,"Symmetric bimodal",584,"Semiparametric",TRUE
"Main",200,"Asymmetric mixture",758,"OLS",TRUE
"Main",200,"Asymmetric mixture",758,"Semiparametric",TRUE
"Main",500,"Gaussian",719,"OLS",TRUE
"Main",500,"Gaussian",719,"Semiparametric",TRUE
"Main",500,"Skew-normal",863,"OLS",TRUE
"Main",500,"Skew-normal",863,"Semiparametric",TRUE
"Main",200,"Gaussian",644,"OLS",TRUE
"Main",200,"Gaussian",644,"Semiparametric",TRUE
"Main",200,"Gaussian",134,"OLS",TRUE
"Main",200,"Gaussian",134,"Semiparametric",TRUE
"Main",500,"Symmetric bimodal",522,"OLS",TRUE
"Main",500,"Symmetric bimodal",522,"Semiparametric",TRUE
"Main",500,"Gaussian",535,"OLS",TRUE
"Main",500,"Gaussian",535,"Semiparametric",TRUE
"Main",200,"Symmetric bimodal",459,"OLS",TRUE
"Main",200,"Symmetric bimodal",459,"Semiparametric",TRUE
"Main",500,"Symmetric bimodal",189,"OLS",TRUE
"Main",500,"Symmetric bimodal",189,"Semiparametric",TRUE
"Main",200,"Skew-normal",186,"OLS",TRUE
"Main",200,"Skew-normal",186,"Semiparametric",TRUE
"Main",500,"Gaussian",141,"OLS",TRUE
"Main",500,"Gaussian",141,"Semiparametric",TRUE
"Main",500,"Asymmetric mixture",771,"OLS",TRUE
"Main",500,"Asymmetric mixture",771,"Semiparametric",TRUE
"Main",200,"Asymmetric mixture",132,"OLS",TRUE
"Main",200,"Asymmetric mixture",132,"Semiparametric",TRUE
"Main",500,"Skew-normal",245,"OLS",TRUE
"Main",500,"Skew-normal",245,"Semiparametric",TRUE
"Main",500,"Gaussian",622,"OLS",TRUE
"Main",500,"Gaussian",622,"Semiparametric",TRUE
"Main",500,"Symmetric bimodal",110,"OLS",TRUE
"Main",500,"Symmetric bimodal",110,"Semiparametric",TRUE
"Main",500,"Symmetric bimodal",794,"OLS",TRUE
"Main",500,"Symmetric bimodal",794,"Semiparametric",TRUE
"Main",500,"Symmetric bimodal",530,"OLS",TRUE
"Main",500,"Symmetric bimodal",530,"Semiparametric",TRUE
"Main",500,"Symmetric bimodal",934,"OLS",TRUE
"Main",500,"Symmetric bimodal",934,"Semiparametric",TRUE
"Main",200,"Symmetric bimodal",360,"OLS",TRUE
"Main",200,"Symmetric bimodal",360,"Semiparametric",TRUE
"Main",200,"Symmetric bimodal",735,"OLS",TRUE
"Main",200,"Symmetric bimodal",735,"Semiparametric",TRUE
"Main",200,"Asymmetric mixture",632,"OLS",TRUE
"Main",200,"Asymmetric mixture",632,"Semiparametric",TRUE
"Main",500,"Skew-normal",400,"OLS",TRUE
"Main",500,"Skew-normal",400,"Semiparametric",TRUE
"Main",500,"Skew-normal",593,"OLS",TRUE
"Main",500,"Skew-normal",593,"Semiparametric",TRUE
"Main",500,"Skew-normal",349,"OLS",TRUE
"Main",500,"Skew-normal",349,"Semiparametric",TRUE
"Main",500,"Symmetric bimodal",274,"OLS",TRUE
"Main",500,"Symmetric bimodal",274,"Semiparametric",TRUE
"Main",500,"Gaussian",268,"OLS",TRUE
"Main",500,"Gaussian",268,"Semiparametric",TRUE
"Main",500,"Gaussian",583,"OLS",TRUE
"Main",500,"Gaussian",583,"Semiparametric",TRUE
"Main",500,"Asymmetric mixture",609,"OLS",TRUE
"Main",500,"Asymmetric mixture",609,"Semiparametric",TRUE
"Main",200,"Asymmetric mixture",511,"OLS",TRUE
"Main",200,"Asymmetric mixture",511,"Semiparametric",TRUE
"Main",500,"Skew-normal",12,"OLS",TRUE
"Main",500,"Skew-normal",12,"Semiparametric",TRUE
"Main",500,"Asymmetric mixture",910,"OLS",TRUE
"Main",500,"Asymmetric mixture",910,"Semiparametric",TRUE
"Main",500,"Symmetric bimodal",312,"OLS",TRUE
"Main",500,"Symmetric bimodal",312,"Semiparametric",TRUE
"Main",200,"Gaussian",191,"OLS",TRUE
"Main",200,"Gaussian",191,"Semiparametric",TRUE
"Main",500,"Asymmetric mixture",996,"OLS",TRUE
"Main",500,"Asymmetric mixture",996,"Semiparametric",TRUE
"Main",200,"Skew-normal",931,"OLS",TRUE
"Main",200,"Skew-normal",931,"Semiparametric",TRUE
"Main",500,"Asymmetric mixture",90,"OLS",TRUE
"Main",500,"Asymmetric mixture",90,"Semiparametric",TRUE
"Main",500,"Asymmetric mixture",124,"OLS",TRUE
"Main",500,"Asymmetric mixture",124,"Semiparametric",TRUE
"Main",200,"Gaussian",350,"OLS",TRUE
"Main",200,"Gaussian",350,"Semiparametric",TRUE
"Main",200,"Skew-normal",930,"OLS",TRUE
"Main",200,"Skew-normal",930,"Semiparametric",TRUE
"Main",500,"Gaussian",70,"OLS",TRUE
"Main",500,"Gaussian",70,"Semiparametric",TRUE
"Main",200,"Skew-normal",471,"OLS",TRUE
"Main",200,"Skew-normal",471,"Semiparametric",TRUE
"Main",500,"Symmetric bimodal",681,"OLS",TRUE
"Main",500,"Symmetric bimodal",681,"Semiparametric",TRUE
"Main",200,"Asymmetric mixture",558,"OLS",TRUE
"Main",200,"Asymmetric mixture",558,"Semiparametric",TRUE
"Main",200,"Asymmetric mixture",187,"OLS",TRUE
"Main",200,"Asymmetric mixture",187,"Semiparametric",TRUE
"Main",200,"Asymmetric mixture",551,"OLS",TRUE
"Main",200,"Asymmetric mixture",551,"Semiparametric",TRUE
"Main",500,"Skew-normal",274,"OLS",TRUE
"Main",500,"Skew-normal",274,"Semiparametric",TRUE
"Main",200,"Skew-normal",464,"OLS",TRUE
"Main",200,"Skew-normal",464,"Semiparametric",TRUE
"Main",500,"Gaussian",483,"OLS",TRUE
"Main",500,"Gaussian",483,"Semiparametric",TRUE
"Main",200,"Skew-normal",84,"OLS",TRUE
"Main",200,"Skew-normal",84,"Semiparametric",TRUE
"Main",200,"Symmetric bimodal",581,"OLS",TRUE
"Main",200,"Symmetric bimodal",581,"Semiparametric",TRUE
"Main",500,"Gaussian",948,"OLS",TRUE
"Main",500,"Gaussian",948,"Semiparametric",TRUE
"Main",500,"Symmetric bimodal",355,"OLS",TRUE
"Main",500,"Symmetric bimodal",355,"Semiparametric",TRUE
"Main",500,"Skew-normal",442,"OLS",TRUE
"Main",500,"Skew-normal",442,"Semiparametric",TRUE
"Main",200,"Symmetric bimodal",499,"OLS",TRUE
"Main",200,"Symmetric bimodal",499,"Semiparametric",TRUE
"Main",200,"Gaussian",241,"OLS",TRUE
"Main",200,"Gaussian",241,"Semiparametric",TRUE
"Main",200,"Asymmetric mixture",311,"OLS",TRUE
"Main",200,"Asymmetric mixture",311,"Semiparametric",TRUE
"Main",500,"Skew-normal",111,"OLS",TRUE
"Main",500,"Skew-normal",111,"Semiparametric",TRUE
"Main",200,"Symmetric bimodal",993,"OLS",TRUE
"Main",200,"Symmetric bimodal",993,"Semiparametric",TRUE
"Main",500,"Skew-normal",115,"OLS",TRUE
"Main",500,"Skew-normal",115,"Semiparametric",TRUE
"Main",500,"Symmetric bimodal",642,"OLS",TRUE
"Main",500,"Symmetric bimodal",642,"Semiparametric",TRUE
"Main",200,"Symmetric bimodal",238,"OLS",TRUE
"Main",200,"Symmetric bimodal",238,"Semiparametric",TRUE
"Main",500,"Skew-normal",648,"OLS",TRUE
"Main",500,"Skew-normal",648,"Semiparametric",TRUE
"Main",500,"Skew-normal",472,"OLS",TRUE
"Main",500,"Skew-normal",472,"Semiparametric",TRUE
"Main",200,"Symmetric bimodal",504,"OLS",TRUE
"Main",200,"Symmetric bimodal",504,"Semiparametric",TRUE
"Main",500,"Asymmetric mixture",247,"OLS",TRUE
"Main",500,"Asymmetric mixture",247,"Semiparametric",TRUE
"Main",200,"Asymmetric mixture",602,"OLS",TRUE
"Main",200,"Asymmetric mixture",602,"Semiparametric",TRUE
"Main",200,"Symmetric bimodal",759,"OLS",TRUE
"Main",200,"Symmetric bimodal",759,"Semiparametric",TRUE
"Main",500,"Asymmetric mixture",460,"OLS",TRUE
"Main",500,"Asymmetric mixture",460,"Semiparametric",TRUE
"Main",200,"Symmetric bimodal",918,"OLS",TRUE
"Main",200,"Symmetric bimodal",918,"Semiparametric",TRUE
"Main",200,"Skew-normal",573,"OLS",TRUE
"Main",200,"Skew-normal",573,"Semiparametric",TRUE
"Main",200,"Gaussian",14,"OLS",TRUE
"Main",200,"Gaussian",14,"Semiparametric",TRUE
"Main",500,"Skew-normal",214,"OLS",TRUE
"Main",500,"Skew-normal",214,"Semiparametric",TRUE
"Main",200,"Skew-normal",798,"OLS",TRUE
"Main",200,"Skew-normal",798,"Semiparametric",TRUE
"Main",200,"Skew-normal",653,"OLS",TRUE
"Main",200,"Skew-normal",653,"Semiparametric",TRUE
"Main",200,"Skew-normal",108,"OLS",TRUE
"Main",200,"Skew-normal",108,"Semiparametric",TRUE
"Main",500,"Gaussian",146,"OLS",TRUE
"Main",500,"Gaussian",146,"Semiparametric",TRUE
"Main",500,"Gaussian",152,"OLS",TRUE
"Main",500,"Gaussian",152,"Semiparametric",TRUE
"Main",500,"Skew-normal",16,"OLS",TRUE
"Main",500,"Skew-normal",16,"Semiparametric",TRUE
"Main",500,"Asymmetric mixture",255,"OLS",TRUE
"Main",500,"Asymmetric mixture",255,"Semiparametric",TRUE
"Main",500,"Gaussian",971,"OLS",TRUE
"Main",500,"Gaussian",971,"Semiparametric",TRUE
"Main",500,"Skew-normal",365,"OLS",TRUE
"Main",500,"Skew-normal",365,"Semiparametric",TRUE
"Main",500,"Symmetric bimodal",878,"OLS",TRUE
"Main",500,"Symmetric bimodal",878,"Semiparametric",TRUE
"Main",200,"Asymmetric mixture",146,"OLS",TRUE
"Main",200,"Asymmetric mixture",146,"Semiparametric",TRUE
"Main",200,"Symmetric bimodal",270,"OLS",TRUE
"Main",200,"Symmetric bimodal",270,"Semiparametric",TRUE
"Main",200,"Asymmetric mixture",857,"OLS",TRUE
"Main",200,"Asymmetric mixture",857,"Semiparametric",TRUE
"Main",200,"Skew-normal",87,"OLS",TRUE
"Main",200,"Skew-normal",87,"Semiparametric",TRUE
"Main",500,"Symmetric bimodal",516,"OLS",TRUE
"Main",500,"Symmetric bimodal",516,"Semiparametric",TRUE
"Main",500,"Symmetric bimodal",950,"OLS",TRUE
"Main",500,"Symmetric bimodal",950,"Semiparametric",TRUE
"Main",200,"Asymmetric mixture",241,"OLS",TRUE
"Main",200,"Asymmetric mixture",241,"Semiparametric",TRUE
"Main",500,"Symmetric bimodal",198,"OLS",TRUE
"Main",500,"Symmetric bimodal",198,"Semiparametric",TRUE
"Main",500,"Asymmetric mixture",227,"OLS",TRUE
"Main",500,"Asymmetric mixture",227,"Semiparametric",TRUE
"Main",200,"Symmetric bimodal",305,"OLS",TRUE
"Main",200,"Symmetric bimodal",305,"Semiparametric",TRUE
"Main",200,"Gaussian",89,"OLS",TRUE
"Main",200,"Gaussian",89,"Semiparametric",TRUE
"Main",200,"Gaussian",659,"OLS",TRUE
"Main",200,"Gaussian",659,"Semiparametric",TRUE
"Main",200,"Skew-normal",328,"OLS",TRUE
"Main",200,"Skew-normal",328,"Semiparametric",TRUE
"Main",200,"Symmetric bimodal",996,"OLS",TRUE
"Main",200,"Symmetric bimodal",996,"Semiparametric",TRUE
"Main",200,"Skew-normal",724,"OLS",TRUE
"Main",200,"Skew-normal",724,"Semiparametric",TRUE
"Main",500,"Skew-normal",293,"OLS",TRUE
"Main",500,"Skew-normal",293,"Semiparametric",TRUE
"Main",200,"Gaussian",955,"OLS",TRUE
"Main",200,"Gaussian",955,"Semiparametric",TRUE
"Main",200,"Gaussian",456,"OLS",TRUE
"Main",200,"Gaussian",456,"Semiparametric",TRUE
"Main",500,"Skew-normal",572,"OLS",TRUE
"Main",500,"Skew-normal",572,"Semiparametric",TRUE
"Main",200,"Gaussian",75,"OLS",TRUE
"Main",200,"Gaussian",75,"Semiparametric",TRUE
"Main",200,"Symmetric bimodal",594,"OLS",TRUE
"Main",200,"Symmetric bimodal",594,"Semiparametric",TRUE
"Main",200,"Asymmetric mixture",414,"OLS",TRUE
"Main",200,"Asymmetric mixture",414,"Semiparametric",FALSE
"Main",500,"Symmetric bimodal",884,"OLS",TRUE
"Main",500,"Symmetric bimodal",884,"Semiparametric",TRUE
"Main",200,"Gaussian",296,"OLS",TRUE
"Main",200,"Gaussian",296,"Semiparametric",TRUE
"Main",500,"Gaussian",779,"OLS",TRUE
"Main",500,"Gaussian",779,"Semiparametric",TRUE
"Main",200,"Symmetric bimodal",424,"OLS",TRUE
"Main",200,"Symmetric bimodal",424,"Semiparametric",TRUE
"Main",500,"Gaussian",311,"OLS",TRUE
"Main",500,"Gaussian",311,"Semiparametric",TRUE
"Main",500,"Asymmetric mixture",959,"OLS",TRUE
"Main",500,"Asymmetric mixture",959,"Semiparametric",TRUE
"Main",500,"Skew-normal",301,"OLS",TRUE
"Main",500,"Skew-normal",301,"Semiparametric",TRUE
"Main",500,"Symmetric bimodal",683,"OLS",TRUE
"Main",500,"Symmetric bimodal",683,"Semiparametric",TRUE
"Main",500,"Symmetric bimodal",140,"OLS",TRUE
"Main",500,"Symmetric bimodal",140,"Semiparametric",TRUE
"Main",200,"Gaussian",309,"OLS",TRUE
"Main",200,"Gaussian",309,"Semiparametric",TRUE
"Main",500,"Skew-normal",574,"OLS",TRUE
"Main",500,"Skew-normal",574,"Semiparametric",TRUE
"Main",500,"Asymmetric mixture",341,"OLS",TRUE
"Main",500,"Asymmetric mixture",341,"Semiparametric",TRUE
"Main",200,"Gaussian",596,"OLS",TRUE
"Main",200,"Gaussian",596,"Semiparametric",TRUE
"Main",500,"Gaussian",907,"OLS",TRUE
"Main",500,"Gaussian",907,"Semiparametric",TRUE
"Main",500,"Symmetric bimodal",384,"OLS",TRUE
"Main",500,"Symmetric bimodal",384,"Semiparametric",TRUE
"Main",500,"Skew-normal",464,"OLS",TRUE
"Main",500,"Skew-normal",464,"Semiparametric",TRUE
"Main",500,"Skew-normal",865,"OLS",TRUE
"Main",500,"Skew-normal",865,"Semiparametric",TRUE
"Main",200,"Gaussian",771,"OLS",TRUE
"Main",200,"Gaussian",771,"Semiparametric",TRUE
"Main",500,"Symmetric bimodal",616,"OLS",TRUE
"Main",500,"Symmetric bimodal",616,"Semiparametric",TRUE
"Main",500,"Gaussian",708,"OLS",TRUE
"Main",500,"Gaussian",708,"Semiparametric",TRUE
"Main",500,"Asymmetric mixture",776,"OLS",TRUE
"Main",500,"Asymmetric mixture",776,"Semiparametric",TRUE
"Main",200,"Gaussian",33,"OLS",TRUE
"Main",200,"Gaussian",33,"Semiparametric",TRUE
"Main",500,"Asymmetric mixture",645,"OLS",TRUE
"Main",500,"Asymmetric mixture",645,"Semiparametric",TRUE
"Main",500,"Asymmetric mixture",958,"OLS",TRUE
"Main",500,"Asymmetric mixture",958,"Semiparametric",TRUE
"Main",200,"Gaussian",907,"OLS",TRUE
"Main",200,"Gaussian",907,"Semiparametric",TRUE
"Main",200,"Symmetric bimodal",850,"OLS",TRUE
"Main",200,"Symmetric bimodal",850,"Semiparametric",TRUE
"Main",500,"Skew-normal",879,"OLS",TRUE
"Main",500,"Skew-normal",879,"Semiparametric",TRUE
"Main",200,"Skew-normal",171,"OLS",TRUE
"Main",200,"Skew-normal",171,"Semiparametric",TRUE
"Main",200,"Gaussian",747,"OLS",TRUE
"Main",200,"Gaussian",747,"Semiparametric",TRUE
"Main",200,"Symmetric bimodal",439,"OLS",TRUE
"Main",200,"Symmetric bimodal",439,"Semiparametric",TRUE
"Main",500,"Symmetric bimodal",281,"OLS",TRUE
"Main",500,"Symmetric bimodal",281,"Semiparametric",TRUE
"Main",500,"Gaussian",549,"OLS",TRUE
"Main",500,"Gaussian",549,"Semiparametric",TRUE
"Main",500,"Asymmetric mixture",72,"OLS",TRUE
"Main",500,"Asymmetric mixture",72,"Semiparametric",TRUE
"Main",200,"Skew-normal",492,"OLS",TRUE
"Main",200,"Skew-normal",492,"Semiparametric",TRUE
"Main",200,"Asymmetric mixture",791,"OLS",TRUE
"Main",200,"Asymmetric mixture",791,"Semiparametric",TRUE
"Main",500,"Gaussian",932,"OLS",TRUE
"Main",500,"Gaussian",932,"Semiparametric",TRUE
"Main",200,"Asymmetric mixture",68,"OLS",TRUE
"Main",200,"Asymmetric mixture",68,"Semiparametric",TRUE
"Main",200,"Asymmetric mixture",108,"OLS",TRUE
"Main",200,"Asymmetric mixture",108,"Semiparametric",TRUE
"Main",200,"Asymmetric mixture",688,"OLS",TRUE
"Main",200,"Asymmetric mixture",688,"Semiparametric",TRUE
"Main",200,"Asymmetric mixture",676,"OLS",TRUE
"Main",200,"Asymmetric mixture",676,"Semiparametric",TRUE
"Main",200,"Symmetric bimodal",93,"OLS",TRUE
"Main",200,"Symmetric bimodal",93,"Semiparametric",TRUE
"Main",500,"Symmetric bimodal",293,"OLS",TRUE
"Main",500,"Symmetric bimodal",293,"Semiparametric",TRUE
"Main",200,"Symmetric bimodal",310,"OLS",TRUE
"Main",200,"Symmetric bimodal",310,"Semiparametric",TRUE
"Main",500,"Gaussian",500,"OLS",TRUE
"Main",500,"Gaussian",500,"Semiparametric",TRUE
"Main",200,"Skew-normal",835,"OLS",TRUE
"Main",200,"Skew-normal",835,"Semiparametric",TRUE
"Main",500,"Asymmetric mixture",382,"OLS",TRUE
"Main",500,"Asymmetric mixture",382,"Semiparametric",TRUE
"Main",500,"Asymmetric mixture",590,"OLS",TRUE
"Main",500,"Asymmetric mixture",590,"Semiparametric",TRUE
"Main",200,"Asymmetric mixture",920,"OLS",TRUE
"Main",200,"Asymmetric mixture",920,"Semiparametric",TRUE
"Main",500,"Skew-normal",526,"OLS",TRUE
"Main",500,"Skew-normal",526,"Semiparametric",TRUE
"Main",500,"Skew-normal",183,"OLS",TRUE
"Main",500,"Skew-normal",183,"Semiparametric",TRUE
"Main",500,"Asymmetric mixture",443,"OLS",TRUE
"Main",500,"Asymmetric mixture",443,"Semiparametric",TRUE
"Main",500,"Symmetric bimodal",557,"OLS",TRUE
"Main",500,"Symmetric bimodal",557,"Semiparametric",TRUE
"Main",200,"Gaussian",430,"OLS",TRUE
"Main",200,"Gaussian",430,"Semiparametric",TRUE
"Main",200,"Skew-normal",340,"OLS",TRUE
"Main",200,"Skew-normal",340,"Semiparametric",TRUE
"Main",500,"Asymmetric mixture",467,"OLS",TRUE
"Main",500,"Asymmetric mixture",467,"Semiparametric",TRUE
"Main",200,"Skew-normal",436,"OLS",TRUE
"Main",200,"Skew-normal",436,"Semiparametric",TRUE
"Main",500,"Symmetric bimodal",571,"OLS",TRUE
"Main",500,"Symmetric bimodal",571,"Semiparametric",TRUE
"Main",500,"Asymmetric mixture",675,"OLS",TRUE
"Main",500,"Asymmetric mixture",675,"Semiparametric",TRUE
"Main",200,"Skew-normal",974,"OLS",TRUE
"Main",200,"Skew-normal",974,"Semiparametric",TRUE
"Main",500,"Symmetric bimodal",137,"OLS",TRUE
"Main",500,"Symmetric bimodal",137,"Semiparametric",TRUE
"Main",500,"Symmetric bimodal",115,"OLS",TRUE
"Main",500,"Symmetric bimodal",115,"Semiparametric",TRUE
"Main",200,"Gaussian",889,"OLS",TRUE
"Main",200,"Gaussian",889,"Semiparametric",TRUE
"Main",200,"Gaussian",465,"OLS",TRUE
"Main",200,"Gaussian",465,"Semiparametric",TRUE
"Main",500,"Gaussian",508,"OLS",TRUE
"Main",500,"Gaussian",508,"Semiparametric",TRUE
"Main",200,"Asymmetric mixture",591,"OLS",TRUE
"Main",200,"Asymmetric mixture",591,"Semiparametric",FALSE
"Main",500,"Gaussian",6,"OLS",TRUE
"Main",500,"Gaussian",6,"Semiparametric",TRUE
"Main",200,"Skew-normal",386,"OLS",TRUE
"Main",200,"Skew-normal",386,"Semiparametric",TRUE
"Main",500,"Symmetric bimodal",192,"OLS",TRUE
"Main",500,"Symmetric bimodal",192,"Semiparametric",TRUE
"Main",500,"Gaussian",469,"OLS",TRUE
"Main",500,"Gaussian",469,"Semiparametric",TRUE
"Main",500,"Asymmetric mixture",655,"OLS",TRUE
"Main",500,"Asymmetric mixture",655,"Semiparametric",TRUE
"Main",500,"Asymmetric mixture",579,"OLS",TRUE
"Main",500,"Asymmetric mixture",579,"Semiparametric",TRUE
"Main",500,"Asymmetric mixture",790,"OLS",TRUE
"Main",500,"Asymmetric mixture",790,"Semiparametric",TRUE
"Main",200,"Asymmetric mixture",458,"OLS",TRUE
"Main",200,"Asymmetric mixture",458,"Semiparametric",TRUE
"Main",200,"Asymmetric mixture",218,"OLS",TRUE
"Main",200,"Asymmetric mixture",218,"Semiparametric",TRUE
"Main",500,"Skew-normal",218,"OLS",TRUE
"Main",500,"Skew-normal",218,"Semiparametric",TRUE
"Main",200,"Asymmetric mixture",4,"OLS",TRUE
"Main",200,"Asymmetric mixture",4,"Semiparametric",TRUE
"Main",200,"Gaussian",929,"OLS",TRUE
"Main",200,"Gaussian",929,"Semiparametric",TRUE
"Main",200,"Asymmetric mixture",81,"OLS",TRUE
"Main",200,"Asymmetric mixture",81,"Semiparametric",TRUE
"Main",500,"Symmetric bimodal",52,"OLS",TRUE
"Main",500,"Symmetric bimodal",52,"Semiparametric",TRUE
"Main",500,"Symmetric bimodal",183,"OLS",TRUE
"Main",500,"Symmetric bimodal",183,"Semiparametric",TRUE
"Main",500,"Gaussian",374,"OLS",TRUE
"Main",500,"Gaussian",374,"Semiparametric",TRUE
"Main",500,"Gaussian",486,"OLS",TRUE
"Main",500,"Gaussian",486,"Semiparametric",TRUE
"Main",500,"Asymmetric mixture",997,"OLS",TRUE
"Main",500,"Asymmetric mixture",997,"Semiparametric",TRUE
"Main",200,"Symmetric bimodal",358,"OLS",TRUE
"Main",200,"Symmetric bimodal",358,"Semiparametric",TRUE
"Main",500,"Symmetric bimodal",45,"OLS",TRUE
"Main",500,"Symmetric bimodal",45,"Semiparametric",TRUE
"Main",200,"Skew-normal",621,"OLS",TRUE
"Main",200,"Skew-normal",621,"Semiparametric",TRUE
"Main",200,"Skew-normal",167,"OLS",TRUE
"Main",200,"Skew-normal",167,"Semiparametric",TRUE
"Main",200,"Asymmetric mixture",296,"OLS",TRUE
"Main",200,"Asymmetric mixture",296,"Semiparametric",FALSE
"Main",200,"Symmetric bimodal",869,"OLS",TRUE
"Main",200,"Symmetric bimodal",869,"Semiparametric",TRUE
"Main",200,"Skew-normal",566,"OLS",TRUE
"Main",200,"Skew-normal",566,"Semiparametric",TRUE
"Main",200,"Asymmetric mixture",562,"OLS",TRUE
"Main",200,"Asymmetric mixture",562,"Semiparametric",TRUE
"Main",500,"Gaussian",127,"OLS",TRUE
"Main",500,"Gaussian",127,"Semiparametric",TRUE
"Main",200,"Gaussian",486,"OLS",TRUE
"Main",200,"Gaussian",486,"Semiparametric",TRUE
"Main",500,"Asymmetric mixture",907,"OLS",TRUE
"Main",500,"Asymmetric mixture",907,"Semiparametric",TRUE
"Main",200,"Asymmetric mixture",450,"OLS",TRUE
"Main",200,"Asymmetric mixture",450,"Semiparametric",TRUE
"Main",200,"Skew-normal",897,"OLS",TRUE
"Main",200,"Skew-normal",897,"Semiparametric",TRUE
"Main",500,"Gaussian",267,"OLS",TRUE
"Main",500,"Gaussian",267,"Semiparametric",TRUE
"Main",200,"Symmetric bimodal",697,"OLS",TRUE
"Main",200,"Symmetric bimodal",697,"Semiparametric",TRUE
"Main",200,"Asymmetric mixture",810,"OLS",TRUE
"Main",200,"Asymmetric mixture",810,"Semiparametric",TRUE
"Main",200,"Asymmetric mixture",65,"OLS",TRUE
"Main",200,"Asymmetric mixture",65,"Semiparametric",TRUE
"Main",500,"Skew-normal",974,"OLS",TRUE
"Main",500,"Skew-normal",974,"Semiparametric",TRUE
"Main",500,"Gaussian",929,"OLS",TRUE
"Main",500,"Gaussian",929,"Semiparametric",TRUE
"Main",200,"Asymmetric mixture",38,"OLS",TRUE
"Main",200,"Asymmetric mixture",38,"Semiparametric",TRUE
"Main",200,"Gaussian",761,"OLS",TRUE
"Main",200,"Gaussian",761,"Semiparametric",TRUE
"Main",500,"Asymmetric mixture",143,"OLS",TRUE
"Main",500,"Asymmetric mixture",143,"Semiparametric",TRUE
"Main",200,"Symmetric bimodal",543,"OLS",TRUE
"Main",200,"Symmetric bimodal",543,"Semiparametric",TRUE
"Main",500,"Gaussian",110,"OLS",TRUE
"Main",500,"Gaussian",110,"Semiparametric",TRUE
"Main",500,"Symmetric bimodal",535,"OLS",TRUE
"Main",500,"Symmetric bimodal",535,"Semiparametric",TRUE
"Main",500,"Asymmetric mixture",303,"OLS",TRUE
"Main",500,"Asymmetric mixture",303,"Semiparametric",TRUE
"Main",500,"Asymmetric mixture",784,"OLS",TRUE
"Main",500,"Asymmetric mixture",784,"Semiparametric",TRUE
"Main",500,"Skew-normal",823,"OLS",TRUE
"Main",500,"Skew-normal",823,"Semiparametric",TRUE
"Main",500,"Gaussian",808,"OLS",TRUE
"Main",500,"Gaussian",808,"Semiparametric",TRUE
"Main",200,"Skew-normal",595,"OLS",TRUE
"Main",200,"Skew-normal",595,"Semiparametric",TRUE
"Main",500,"Skew-normal",866,"OLS",TRUE
"Main",500,"Skew-normal",866,"Semiparametric",TRUE
"Main",200,"Symmetric bimodal",763,"OLS",TRUE
"Main",200,"Symmetric bimodal",763,"Semiparametric",FALSE
"Main",500,"Gaussian",351,"OLS",TRUE
"Main",500,"Gaussian",351,"Semiparametric",TRUE
"Main",200,"Symmetric bimodal",307,"OLS",TRUE
"Main",200,"Symmetric bimodal",307,"Semiparametric",FALSE
"Main",200,"Symmetric bimodal",937,"OLS",TRUE
"Main",200,"Symmetric bimodal",937,"Semiparametric",FALSE
"Main",200,"Skew-normal",175,"OLS",TRUE
"Main",200,"Skew-normal",175,"Semiparametric",TRUE
"Main",500,"Symmetric bimodal",321,"OLS",TRUE
"Main",500,"Symmetric bimodal",321,"Semiparametric",TRUE
"Main",200,"Skew-normal",891,"OLS",TRUE
"Main",200,"Skew-normal",891,"Semiparametric",TRUE
"Main",500,"Asymmetric mixture",729,"OLS",TRUE
"Main",500,"Asymmetric mixture",729,"Semiparametric",TRUE
"Main",500,"Gaussian",607,"OLS",TRUE
"Main",500,"Gaussian",607,"Semiparametric",TRUE
"Main",200,"Symmetric bimodal",675,"OLS",TRUE
"Main",200,"Symmetric bimodal",675,"Semiparametric",TRUE
"Main",200,"Gaussian",386,"OLS",TRUE
"Main",200,"Gaussian",386,"Semiparametric",TRUE
"Main",500,"Asymmetric mixture",500,"OLS",TRUE
"Main",500,"Asymmetric mixture",500,"Semiparametric",TRUE
"Main",200,"Symmetric bimodal",304,"OLS",TRUE
"Main",200,"Symmetric bimodal",304,"Semiparametric",TRUE
"Main",500,"Gaussian",691,"OLS",TRUE
"Main",500,"Gaussian",691,"Semiparametric",TRUE
"Main",200,"Skew-normal",28,"OLS",TRUE
"Main",200,"Skew-normal",28,"Semiparametric",TRUE
"Main",200,"Skew-normal",525,"OLS",TRUE
"Main",200,"Skew-normal",525,"Semiparametric",TRUE
"Main",500,"Symmetric bimodal",875,"OLS",TRUE
"Main",500,"Symmetric bimodal",875,"Semiparametric",TRUE
"Main",500,"Symmetric bimodal",902,"OLS",TRUE
"Main",500,"Symmetric bimodal",902,"Semiparametric",TRUE
"Main",500,"Symmetric bimodal",163,"OLS",TRUE
"Main",500,"Symmetric bimodal",163,"Semiparametric",TRUE
"Main",200,"Gaussian",998,"OLS",TRUE
"Main",200,"Gaussian",998,"Semiparametric",TRUE
"Main",500,"Skew-normal",150,"OLS",TRUE
"Main",500,"Skew-normal",150,"Semiparametric",TRUE
"Main",200,"Gaussian",211,"OLS",TRUE
"Main",200,"Gaussian",211,"Semiparametric",TRUE
"Main",200,"Skew-normal",68,"OLS",TRUE
"Main",200,"Skew-normal",68,"Semiparametric",TRUE
"Main",200,"Symmetric bimodal",794,"OLS",TRUE
"Main",200,"Symmetric bimodal",794,"Semiparametric",TRUE
"Main",500,"Symmetric bimodal",844,"OLS",TRUE
"Main",500,"Symmetric bimodal",844,"Semiparametric",TRUE
"Main",500,"Asymmetric mixture",521,"OLS",TRUE
"Main",500,"Asymmetric mixture",521,"Semiparametric",TRUE
"Main",200,"Skew-normal",1000,"OLS",TRUE
"Main",200,"Skew-normal",1000,"Semiparametric",TRUE
"Main",500,"Gaussian",48,"OLS",TRUE
"Main",500,"Gaussian",48,"Semiparametric",TRUE
"Main",200,"Asymmetric mixture",387,"OLS",TRUE
"Main",200,"Asymmetric mixture",387,"Semiparametric",TRUE
"Main",500,"Gaussian",275,"OLS",TRUE
"Main",500,"Gaussian",275,"Semiparametric",TRUE
"Main",500,"Symmetric bimodal",204,"OLS",TRUE
"Main",500,"Symmetric bimodal",204,"Semiparametric",TRUE
"Main",200,"Asymmetric mixture",343,"OLS",TRUE
"Main",200,"Asymmetric mixture",343,"Semiparametric",TRUE
"Main",500,"Skew-normal",184,"OLS",TRUE
"Main",500,"Skew-normal",184,"Semiparametric",TRUE
"Main",200,"Skew-normal",147,"OLS",TRUE
"Main",200,"Skew-normal",147,"Semiparametric",TRUE
"Main",500,"Symmetric bimodal",108,"OLS",TRUE
"Main",500,"Symmetric bimodal",108,"Semiparametric",TRUE
"Main",200,"Asymmetric mixture",777,"OLS",TRUE
"Main",200,"Asymmetric mixture",777,"Semiparametric",TRUE
"Main",500,"Asymmetric mixture",930,"OLS",TRUE
"Main",500,"Asymmetric mixture",930,"Semiparametric",TRUE
"Main",200,"Skew-normal",762,"OLS",TRUE
"Main",200,"Skew-normal",762,"Semiparametric",TRUE
"Main",200,"Skew-normal",382,"OLS",TRUE
"Main",200,"Skew-normal",382,"Semiparametric",TRUE
"Main",500,"Gaussian",435,"OLS",TRUE
"Main",500,"Gaussian",435,"Semiparametric",TRUE
"Main",500,"Skew-normal",208,"OLS",TRUE
"Main",500,"Skew-normal",208,"Semiparametric",TRUE
"Main",500,"Gaussian",531,"OLS",TRUE
"Main",500,"Gaussian",531,"Semiparametric",TRUE
"Main",500,"Gaussian",880,"OLS",TRUE
"Main",500,"Gaussian",880,"Semiparametric",TRUE
"Main",500,"Asymmetric mixture",630,"OLS",TRUE
"Main",500,"Asymmetric mixture",630,"Semiparametric",TRUE
"Main",500,"Skew-normal",354,"OLS",TRUE
"Main",500,"Skew-normal",354,"Semiparametric",TRUE
"Main",500,"Asymmetric mixture",190,"OLS",TRUE
"Main",500,"Asymmetric mixture",190,"Semiparametric",TRUE
"Main",500,"Symmetric bimodal",979,"OLS",TRUE
"Main",500,"Symmetric bimodal",979,"Semiparametric",TRUE
"Main",200,"Asymmetric mixture",780,"OLS",TRUE
"Main",200,"Asymmetric mixture",780,"Semiparametric",FALSE
"Main",200,"Skew-normal",34,"OLS",TRUE
"Main",200,"Skew-normal",34,"Semiparametric",TRUE
"Main",500,"Gaussian",215,"OLS",TRUE
"Main",500,"Gaussian",215,"Semiparametric",TRUE
"Main",200,"Skew-normal",771,"OLS",TRUE
"Main",200,"Skew-normal",771,"Semiparametric",TRUE
"Main",500,"Symmetric bimodal",323,"OLS",TRUE
"Main",500,"Symmetric bimodal",323,"Semiparametric",TRUE
"Main",500,"Gaussian",108,"OLS",TRUE
"Main",500,"Gaussian",108,"Semiparametric",TRUE
"Main",200,"Gaussian",905,"OLS",TRUE
"Main",200,"Gaussian",905,"Semiparametric",TRUE
"Main",200,"Skew-normal",383,"OLS",TRUE
"Main",200,"Skew-normal",383,"Semiparametric",TRUE
"Main",500,"Skew-normal",721,"OLS",TRUE
"Main",500,"Skew-normal",721,"Semiparametric",TRUE
"Main",200,"Gaussian",147,"OLS",TRUE
"Main",200,"Gaussian",147,"Semiparametric",TRUE
"Main",500,"Asymmetric mixture",736,"OLS",TRUE
"Main",500,"Asymmetric mixture",736,"Semiparametric",TRUE
"Main",500,"Asymmetric mixture",801,"OLS",TRUE
"Main",500,"Asymmetric mixture",801,"Semiparametric",TRUE
"Main",200,"Skew-normal",840,"OLS",TRUE
"Main",200,"Skew-normal",840,"Semiparametric",TRUE
"Main",500,"Asymmetric mixture",962,"OLS",TRUE
"Main",500,"Asymmetric mixture",962,"Semiparametric",TRUE
"Main",200,"Asymmetric mixture",169,"OLS",TRUE
"Main",200,"Asymmetric mixture",169,"Semiparametric",TRUE
"Main",500,"Skew-normal",945,"OLS",TRUE
"Main",500,"Skew-normal",945,"Semiparametric",TRUE
"Main",500,"Gaussian",31,"OLS",TRUE
"Main",500,"Gaussian",31,"Semiparametric",TRUE
"Main",500,"Asymmetric mixture",584,"OLS",TRUE
"Main",500,"Asymmetric mixture",584,"Semiparametric",TRUE
"Main",200,"Skew-normal",984,"OLS",TRUE
"Main",200,"Skew-normal",984,"Semiparametric",TRUE
"Main",500,"Symmetric bimodal",185,"OLS",TRUE
"Main",500,"Symmetric bimodal",185,"Semiparametric",TRUE
"Main",500,"Asymmetric mixture",577,"OLS",TRUE
"Main",500,"Asymmetric mixture",577,"Semiparametric",TRUE
"Main",200,"Asymmetric mixture",57,"OLS",TRUE
"Main",200,"Asymmetric mixture",57,"Semiparametric",TRUE
"Main",200,"Symmetric bimodal",662,"OLS",TRUE
"Main",200,"Symmetric bimodal",662,"Semiparametric",TRUE
"Main",200,"Symmetric bimodal",824,"OLS",TRUE
"Main",200,"Symmetric bimodal",824,"Semiparametric",TRUE
"Main",500,"Symmetric bimodal",947,"OLS",TRUE
"Main",500,"Symmetric bimodal",947,"Semiparametric",TRUE
"Main",500,"Skew-normal",129,"OLS",TRUE
"Main",500,"Skew-normal",129,"Semiparametric",TRUE
"Main",500,"Symmetric bimodal",623,"OLS",TRUE
"Main",500,"Symmetric bimodal",623,"Semiparametric",TRUE
"Main",500,"Skew-normal",703,"OLS",TRUE
"Main",500,"Skew-normal",703,"Semiparametric",TRUE
"Main",200,"Gaussian",316,"OLS",TRUE
"Main",200,"Gaussian",316,"Semiparametric",TRUE
"Main",500,"Asymmetric mixture",354,"OLS",TRUE
"Main",500,"Asymmetric mixture",354,"Semiparametric",TRUE
"Main",200,"Skew-normal",985,"OLS",TRUE
"Main",200,"Skew-normal",985,"Semiparametric",TRUE
"Main",200,"Asymmetric mixture",464,"OLS",TRUE
"Main",200,"Asymmetric mixture",464,"Semiparametric",TRUE
"Main",200,"Symmetric bimodal",545,"OLS",TRUE
"Main",200,"Symmetric bimodal",545,"Semiparametric",TRUE
"Main",200,"Skew-normal",990,"OLS",TRUE
"Main",200,"Skew-normal",990,"Semiparametric",TRUE
"Main",200,"Asymmetric mixture",637,"OLS",TRUE
"Main",200,"Asymmetric mixture",637,"Semiparametric",FALSE
"Main",200,"Skew-normal",540,"OLS",TRUE
"Main",200,"Skew-normal",540,"Semiparametric",TRUE
"Main",500,"Gaussian",716,"OLS",TRUE
"Main",500,"Gaussian",716,"Semiparametric",TRUE
"Main",200,"Gaussian",792,"OLS",TRUE
"Main",200,"Gaussian",792,"Semiparametric",TRUE
"Main",200,"Symmetric bimodal",489,"OLS",TRUE
"Main",200,"Symmetric bimodal",489,"Semiparametric",TRUE
"Main",500,"Symmetric bimodal",333,"OLS",TRUE
"Main",500,"Symmetric bimodal",333,"Semiparametric",TRUE
"Main",500,"Skew-normal",923,"OLS",TRUE
"Main",500,"Skew-normal",923,"Semiparametric",TRUE
"Main",200,"Gaussian",360,"OLS",TRUE
"Main",200,"Gaussian",360,"Semiparametric",TRUE
"Main",500,"Symmetric bimodal",334,"OLS",TRUE
"Main",500,"Symmetric bimodal",334,"Semiparametric",TRUE
"Main",200,"Skew-normal",562,"OLS",TRUE
"Main",200,"Skew-normal",562,"Semiparametric",TRUE
"Main",500,"Gaussian",829,"OLS",TRUE
"Main",500,"Gaussian",829,"Semiparametric",TRUE
"Main",500,"Skew-normal",760,"OLS",TRUE
"Main",500,"Skew-normal",760,"Semiparametric",TRUE
"Main",500,"Symmetric bimodal",129,"OLS",TRUE
"Main",500,"Symmetric bimodal",129,"Semiparametric",TRUE
"Main",200,"Skew-normal",903,"OLS",TRUE
"Main",200,"Skew-normal",903,"Semiparametric",TRUE
"Main",500,"Asymmetric mixture",96,"OLS",TRUE
"Main",500,"Asymmetric mixture",96,"Semiparametric",TRUE
"Main",500,"Skew-normal",708,"OLS",TRUE
"Main",500,"Skew-normal",708,"Semiparametric",TRUE
"Main",200,"Skew-normal",394,"OLS",TRUE
"Main",200,"Skew-normal",394,"Semiparametric",TRUE
"Main",500,"Asymmetric mixture",805,"OLS",TRUE
"Main",500,"Asymmetric mixture",805,"Semiparametric",TRUE
"Main",500,"Symmetric bimodal",778,"OLS",TRUE
"Main",500,"Symmetric bimodal",778,"Semiparametric",TRUE
"Main",200,"Asymmetric mixture",851,"OLS",TRUE
"Main",200,"Asymmetric mixture",851,"Semiparametric",TRUE
"Main",500,"Asymmetric mixture",558,"OLS",TRUE
"Main",500,"Asymmetric mixture",558,"Semiparametric",TRUE
"Main",500,"Symmetric bimodal",437,"OLS",TRUE
"Main",500,"Symmetric bimodal",437,"Semiparametric",TRUE
"Main",500,"Gaussian",98,"OLS",TRUE
"Main",500,"Gaussian",98,"Semiparametric",TRUE
"Main",500,"Asymmetric mixture",316,"OLS",TRUE
"Main",500,"Asymmetric mixture",316,"Semiparametric",TRUE
"Main",200,"Gaussian",954,"OLS",TRUE
"Main",200,"Gaussian",954,"Semiparametric",TRUE
"Main",500,"Skew-normal",138,"OLS",TRUE
"Main",500,"Skew-normal",138,"Semiparametric",TRUE
"Main",200,"Gaussian",319,"OLS",TRUE
"Main",200,"Gaussian",319,"Semiparametric",TRUE
"Main",200,"Skew-normal",60,"OLS",TRUE
"Main",200,"Skew-normal",60,"Semiparametric",TRUE
"Main",200,"Gaussian",478,"OLS",TRUE
"Main",200,"Gaussian",478,"Semiparametric",TRUE
"Main",500,"Asymmetric mixture",229,"OLS",TRUE
"Main",500,"Asymmetric mixture",229,"Semiparametric",TRUE
"Main",200,"Asymmetric mixture",751,"OLS",TRUE
"Main",200,"Asymmetric mixture",751,"Semiparametric",TRUE
"Main",200,"Gaussian",861,"OLS",TRUE
"Main",200,"Gaussian",861,"Semiparametric",TRUE
"Main",200,"Skew-normal",734,"OLS",TRUE
"Main",200,"Skew-normal",734,"Semiparametric",TRUE
"Main",200,"Asymmetric mixture",71,"OLS",TRUE
"Main",200,"Asymmetric mixture",71,"Semiparametric",TRUE
"Main",500,"Symmetric bimodal",262,"OLS",TRUE
"Main",500,"Symmetric bimodal",262,"Semiparametric",TRUE
"Main",500,"Skew-normal",112,"OLS",TRUE
"Main",500,"Skew-normal",112,"Semiparametric",TRUE
"Main",500,"Symmetric bimodal",988,"OLS",TRUE
"Main",500,"Symmetric bimodal",988,"Semiparametric",TRUE
"Main",500,"Symmetric bimodal",197,"OLS",TRUE
"Main",500,"Symmetric bimodal",197,"Semiparametric",TRUE
"Main",500,"Symmetric bimodal",506,"OLS",TRUE
"Main",500,"Symmetric bimodal",506,"Semiparametric",TRUE
"Main",200,"Skew-normal",918,"OLS",TRUE
"Main",200,"Skew-normal",918,"Semiparametric",TRUE
"Main",500,"Skew-normal",114,"OLS",TRUE
"Main",500,"Skew-normal",114,"Semiparametric",TRUE
"Main",200,"Asymmetric mixture",223,"OLS",TRUE
"Main",200,"Asymmetric mixture",223,"Semiparametric",TRUE
"Main",200,"Gaussian",359,"OLS",TRUE
"Main",200,"Gaussian",359,"Semiparametric",TRUE
"Main",200,"Asymmetric mixture",340,"OLS",TRUE
"Main",200,"Asymmetric mixture",340,"Semiparametric",FALSE
"Main",200,"Gaussian",730,"OLS",TRUE
"Main",200,"Gaussian",730,"Semiparametric",TRUE
"Main",200,"Gaussian",94,"OLS",TRUE
"Main",200,"Gaussian",94,"Semiparametric",TRUE
"Main",500,"Symmetric bimodal",16,"OLS",TRUE
"Main",500,"Symmetric bimodal",16,"Semiparametric",TRUE
"Main",200,"Symmetric bimodal",550,"OLS",TRUE
"Main",200,"Symmetric bimodal",550,"Semiparametric",TRUE
"Main",200,"Asymmetric mixture",866,"OLS",TRUE
"Main",200,"Asymmetric mixture",866,"Semiparametric",TRUE
"Main",500,"Skew-normal",251,"OLS",TRUE
"Main",500,"Skew-normal",251,"Semiparametric",TRUE
"Main",200,"Gaussian",444,"OLS",TRUE
"Main",200,"Gaussian",444,"Semiparametric",TRUE
"Main",200,"Symmetric bimodal",300,"OLS",TRUE
"Main",200,"Symmetric bimodal",300,"Semiparametric",TRUE
"Main",200,"Gaussian",365,"OLS",TRUE
"Main",200,"Gaussian",365,"Semiparametric",TRUE
"Main",200,"Asymmetric mixture",936,"OLS",TRUE
"Main",200,"Asymmetric mixture",936,"Semiparametric",FALSE
"Main",500,"Gaussian",584,"OLS",TRUE
"Main",500,"Gaussian",584,"Semiparametric",TRUE
"Main",500,"Symmetric bimodal",322,"OLS",TRUE
"Main",500,"Symmetric bimodal",322,"Semiparametric",TRUE
"Main",500,"Gaussian",14,"OLS",TRUE
"Main",500,"Gaussian",14,"Semiparametric",TRUE
"Main",200,"Skew-normal",172,"OLS",TRUE
"Main",200,"Skew-normal",172,"Semiparametric",TRUE
"Main",200,"Asymmetric mixture",193,"OLS",TRUE
"Main",200,"Asymmetric mixture",193,"Semiparametric",TRUE
"Main",200,"Skew-normal",178,"OLS",TRUE
"Main",200,"Skew-normal",178,"Semiparametric",TRUE
"Main",200,"Symmetric bimodal",867,"OLS",TRUE
"Main",200,"Symmetric bimodal",867,"Semiparametric",TRUE
"Main",200,"Gaussian",937,"OLS",TRUE
"Main",200,"Gaussian",937,"Semiparametric",TRUE
"Main",500,"Asymmetric mixture",589,"OLS",TRUE
"Main",500,"Asymmetric mixture",589,"Semiparametric",TRUE
"Main",500,"Skew-normal",599,"OLS",TRUE
"Main",500,"Skew-normal",599,"Semiparametric",TRUE
"Main",200,"Symmetric bimodal",514,"OLS",TRUE
"Main",200,"Symmetric bimodal",514,"Semiparametric",TRUE
"Main",200,"Skew-normal",644,"OLS",TRUE
"Main",200,"Skew-normal",644,"Semiparametric",TRUE
"Main",200,"Asymmetric mixture",943,"OLS",TRUE
"Main",200,"Asymmetric mixture",943,"Semiparametric",TRUE
"Main",200,"Asymmetric mixture",711,"OLS",TRUE
"Main",200,"Asymmetric mixture",711,"Semiparametric",TRUE
"Main",200,"Gaussian",293,"OLS",TRUE
"Main",200,"Gaussian",293,"Semiparametric",TRUE
"Main",200,"Asymmetric mixture",769,"OLS",TRUE
"Main",200,"Asymmetric mixture",769,"Semiparametric",TRUE
"Main",200,"Skew-normal",645,"OLS",TRUE
"Main",200,"Skew-normal",645,"Semiparametric",TRUE
"Main",500,"Gaussian",927,"OLS",TRUE
"Main",500,"Gaussian",927,"Semiparametric",TRUE
"Main",500,"Gaussian",468,"OLS",TRUE
"Main",500,"Gaussian",468,"Semiparametric",TRUE
"Main",500,"Asymmetric mixture",760,"OLS",TRUE
"Main",500,"Asymmetric mixture",760,"Semiparametric",TRUE
"Main",200,"Skew-normal",582,"OLS",TRUE
"Main",200,"Skew-normal",582,"Semiparametric",TRUE
"Main",200,"Gaussian",72,"OLS",TRUE
"Main",200,"Gaussian",72,"Semiparametric",TRUE
"Main",200,"Asymmetric mixture",638,"OLS",TRUE
"Main",200,"Asymmetric mixture",638,"Semiparametric",TRUE
"Main",200,"Gaussian",217,"OLS",TRUE
"Main",200,"Gaussian",217,"Semiparametric",TRUE
"Main",200,"Asymmetric mixture",913,"OLS",TRUE
"Main",200,"Asymmetric mixture",913,"Semiparametric",TRUE
"Main",200,"Symmetric bimodal",105,"OLS",TRUE
"Main",200,"Symmetric bimodal",105,"Semiparametric",TRUE
"Main",200,"Asymmetric mixture",577,"OLS",TRUE
"Main",200,"Asymmetric mixture",577,"Semiparametric",TRUE
"Main",200,"Symmetric bimodal",593,"OLS",TRUE
"Main",200,"Symmetric bimodal",593,"Semiparametric",TRUE
"Main",500,"Gaussian",697,"OLS",TRUE
"Main",500,"Gaussian",697,"Semiparametric",TRUE
"Main",200,"Asymmetric mixture",875,"OLS",TRUE
"Main",200,"Asymmetric mixture",875,"Semiparametric",TRUE
"Main",200,"Gaussian",660,"OLS",TRUE
"Main",200,"Gaussian",660,"Semiparametric",TRUE
"Main",500,"Gaussian",97,"OLS",TRUE
"Main",500,"Gaussian",97,"Semiparametric",TRUE
"Main",200,"Asymmetric mixture",746,"OLS",TRUE
"Main",200,"Asymmetric mixture",746,"Semiparametric",TRUE
"Main",200,"Skew-normal",287,"OLS",TRUE
"Main",200,"Skew-normal",287,"Semiparametric",TRUE
"Main",500,"Skew-normal",900,"OLS",TRUE
"Main",500,"Skew-normal",900,"Semiparametric",TRUE
"Main",200,"Gaussian",307,"OLS",TRUE
"Main",200,"Gaussian",307,"Semiparametric",TRUE
"Main",500,"Asymmetric mixture",476,"OLS",TRUE
"Main",500,"Asymmetric mixture",476,"Semiparametric",TRUE
"Main",200,"Gaussian",794,"OLS",TRUE
"Main",200,"Gaussian",794,"Semiparametric",TRUE
"Main",500,"Skew-normal",463,"OLS",TRUE
"Main",500,"Skew-normal",463,"Semiparametric",TRUE
"Main",500,"Skew-normal",616,"OLS",TRUE
"Main",500,"Skew-normal",616,"Semiparametric",TRUE
"Main",200,"Gaussian",435,"OLS",TRUE
"Main",200,"Gaussian",435,"Semiparametric",TRUE
"Main",500,"Skew-normal",329,"OLS",TRUE
"Main",500,"Skew-normal",329,"Semiparametric",TRUE
"Main",200,"Asymmetric mixture",954,"OLS",TRUE
"Main",200,"Asymmetric mixture",954,"Semiparametric",TRUE
"Main",200,"Symmetric bimodal",27,"OLS",TRUE
"Main",200,"Symmetric bimodal",27,"Semiparametric",TRUE
"Main",500,"Gaussian",882,"OLS",TRUE
"Main",500,"Gaussian",882,"Semiparametric",TRUE
"Main",500,"Asymmetric mixture",492,"OLS",TRUE
"Main",500,"Asymmetric mixture",492,"Semiparametric",TRUE
"Main",500,"Symmetric bimodal",61,"OLS",TRUE
"Main",500,"Symmetric bimodal",61,"Semiparametric",TRUE
"Main",200,"Skew-normal",760,"OLS",TRUE
"Main",200,"Skew-normal",760,"Semiparametric",TRUE
"Main",500,"Asymmetric mixture",113,"OLS",TRUE
"Main",500,"Asymmetric mixture",113,"Semiparametric",TRUE
"Main",500,"Skew-normal",858,"OLS",TRUE
"Main",500,"Skew-normal",858,"Semiparametric",TRUE
"Main",200,"Skew-normal",190,"OLS",TRUE
"Main",200,"Skew-normal",190,"Semiparametric",TRUE
"Main",200,"Gaussian",718,"OLS",TRUE
"Main",200,"Gaussian",718,"Semiparametric",TRUE
"Main",200,"Symmetric bimodal",637,"OLS",TRUE
"Main",200,"Symmetric bimodal",637,"Semiparametric",TRUE
"Main",200,"Symmetric bimodal",519,"OLS",TRUE
"Main",200,"Symmetric bimodal",519,"Semiparametric",TRUE
"Main",500,"Gaussian",138,"OLS",TRUE
"Main",500,"Gaussian",138,"Semiparametric",TRUE
"Main",200,"Gaussian",34,"OLS",TRUE
"Main",200,"Gaussian",34,"Semiparametric",TRUE
"Main",500,"Symmetric bimodal",402,"OLS",TRUE
"Main",500,"Symmetric bimodal",402,"Semiparametric",TRUE
"Main",500,"Symmetric bimodal",636,"OLS",TRUE
"Main",500,"Symmetric bimodal",636,"Semiparametric",TRUE
"Main",200,"Symmetric bimodal",929,"OLS",TRUE
"Main",200,"Symmetric bimodal",929,"Semiparametric",TRUE
"Main",200,"Asymmetric mixture",749,"OLS",TRUE
"Main",200,"Asymmetric mixture",749,"Semiparametric",TRUE
"Main",200,"Skew-normal",544,"OLS",TRUE
"Main",200,"Skew-normal",544,"Semiparametric",TRUE
"Main",200,"Gaussian",139,"OLS",TRUE
"Main",200,"Gaussian",139,"Semiparametric",TRUE
"Main",200,"Skew-normal",784,"OLS",TRUE
"Main",200,"Skew-normal",784,"Semiparametric",TRUE
"Main",200,"Symmetric bimodal",236,"OLS",TRUE
"Main",200,"Symmetric bimodal",236,"Semiparametric",TRUE
"Main",200,"Asymmetric mixture",700,"OLS",TRUE
"Main",200,"Asymmetric mixture",700,"Semiparametric",TRUE
"Main",500,"Gaussian",458,"OLS",TRUE
"Main",500,"Gaussian",458,"Semiparametric",TRUE
"Main",500,"Asymmetric mixture",635,"OLS",TRUE
"Main",500,"Asymmetric mixture",635,"Semiparametric",TRUE
"Main",500,"Skew-normal",333,"OLS",TRUE
"Main",500,"Skew-normal",333,"Semiparametric",TRUE
"Main",500,"Asymmetric mixture",361,"OLS",TRUE
"Main",500,"Asymmetric mixture",361,"Semiparametric",TRUE
"Main",200,"Symmetric bimodal",988,"OLS",TRUE
"Main",200,"Symmetric bimodal",988,"Semiparametric",TRUE
"Main",200,"Skew-normal",561,"OLS",TRUE
"Main",200,"Skew-normal",561,"Semiparametric",TRUE
"Main",200,"Skew-normal",993,"OLS",TRUE
"Main",200,"Skew-normal",993,"Semiparametric",TRUE
"Main",500,"Skew-normal",628,"OLS",TRUE
"Main",500,"Skew-normal",628,"Semiparametric",TRUE
"Main",500,"Skew-normal",638,"OLS",TRUE
"Main",500,"Skew-normal",638,"Semiparametric",TRUE
"Main",200,"Asymmetric mixture",46,"OLS",TRUE
"Main",200,"Asymmetric mixture",46,"Semiparametric",TRUE
"Main",200,"Asymmetric mixture",89,"OLS",TRUE
"Main",200,"Asymmetric mixture",89,"Semiparametric",FALSE
"Main",200,"Skew-normal",235,"OLS",TRUE
"Main",200,"Skew-normal",235,"Semiparametric",TRUE
"Main",500,"Asymmetric mixture",76,"OLS",TRUE
"Main",500,"Asymmetric mixture",76,"Semiparametric",TRUE
"Main",500,"Asymmetric mixture",814,"OLS",TRUE
"Main",500,"Asymmetric mixture",814,"Semiparametric",TRUE
"Main",200,"Symmetric bimodal",155,"OLS",TRUE
"Main",200,"Symmetric bimodal",155,"Semiparametric",TRUE
"Main",200,"Skew-normal",694,"OLS",TRUE
"Main",200,"Skew-normal",694,"Semiparametric",TRUE
"Main",500,"Skew-normal",707,"OLS",TRUE
"Main",500,"Skew-normal",707,"Semiparametric",TRUE
"Main",200,"Asymmetric mixture",364,"OLS",TRUE
"Main",200,"Asymmetric mixture",364,"Semiparametric",TRUE
"Main",200,"Gaussian",385,"OLS",TRUE
"Main",200,"Gaussian",385,"Semiparametric",TRUE
"Main",200,"Skew-normal",406,"OLS",TRUE
"Main",200,"Skew-normal",406,"Semiparametric",TRUE
"Main",200,"Gaussian",783,"OLS",TRUE
"Main",200,"Gaussian",783,"Semiparametric",TRUE
"Main",500,"Symmetric bimodal",600,"OLS",TRUE
"Main",500,"Symmetric bimodal",600,"Semiparametric",TRUE
"Main",200,"Gaussian",73,"OLS",TRUE
"Main",200,"Gaussian",73,"Semiparametric",TRUE
"Main",200,"Asymmetric mixture",290,"OLS",TRUE
"Main",200,"Asymmetric mixture",290,"Semiparametric",TRUE
"Main",200,"Skew-normal",269,"OLS",TRUE
"Main",200,"Skew-normal",269,"Semiparametric",TRUE
"Main",500,"Asymmetric mixture",308,"OLS",TRUE
"Main",500,"Asymmetric mixture",308,"Semiparametric",TRUE
"Main",200,"Asymmetric mixture",566,"OLS",TRUE
"Main",200,"Asymmetric mixture",566,"Semiparametric",TRUE
"Main",200,"Gaussian",663,"OLS",TRUE
"Main",200,"Gaussian",663,"Semiparametric",TRUE
"Main",200,"Skew-normal",55,"OLS",TRUE
"Main",200,"Skew-normal",55,"Semiparametric",TRUE
"Main",200,"Symmetric bimodal",430,"OLS",TRUE
"Main",200,"Symmetric bimodal",430,"Semiparametric",TRUE
"Main",200,"Symmetric bimodal",362,"OLS",TRUE
"Main",200,"Symmetric bimodal",362,"Semiparametric",TRUE
"Main",500,"Asymmetric mixture",48,"OLS",TRUE
"Main",500,"Asymmetric mixture",48,"Semiparametric",TRUE
"Main",500,"Skew-normal",415,"OLS",TRUE
"Main",500,"Skew-normal",415,"Semiparametric",TRUE
"Main",200,"Skew-normal",900,"OLS",TRUE
"Main",200,"Skew-normal",900,"Semiparametric",TRUE
"Main",500,"Gaussian",811,"OLS",TRUE
"Main",500,"Gaussian",811,"Semiparametric",TRUE
"Main",200,"Gaussian",249,"OLS",TRUE
"Main",200,"Gaussian",249,"Semiparametric",TRUE
"Main",500,"Symmetric bimodal",644,"OLS",TRUE
"Main",500,"Symmetric bimodal",644,"Semiparametric",TRUE
"Main",500,"Symmetric bimodal",120,"OLS",TRUE
"Main",500,"Symmetric bimodal",120,"Semiparametric",TRUE
"Main",200,"Gaussian",882,"OLS",TRUE
"Main",200,"Gaussian",882,"Semiparametric",TRUE
"Main",500,"Gaussian",431,"OLS",TRUE
"Main",500,"Gaussian",431,"Semiparametric",TRUE
"Main",500,"Asymmetric mixture",208,"OLS",TRUE
"Main",500,"Asymmetric mixture",208,"Semiparametric",TRUE
"Main",500,"Gaussian",816,"OLS",TRUE
"Main",500,"Gaussian",816,"Semiparametric",TRUE
"Main",200,"Skew-normal",188,"OLS",TRUE
"Main",200,"Skew-normal",188,"Semiparametric",TRUE
"Main",200,"Symmetric bimodal",874,"OLS",TRUE
"Main",200,"Symmetric bimodal",874,"Semiparametric",TRUE
"Main",500,"Asymmetric mixture",981,"OLS",TRUE
"Main",500,"Asymmetric mixture",981,"Semiparametric",TRUE
"Main",200,"Symmetric bimodal",133,"OLS",TRUE
"Main",200,"Symmetric bimodal",133,"Semiparametric",TRUE
"Main",200,"Gaussian",728,"OLS",TRUE
"Main",200,"Gaussian",728,"Semiparametric",TRUE
"Main",500,"Skew-normal",922,"OLS",TRUE
"Main",500,"Skew-normal",922,"Semiparametric",TRUE
"Main",500,"Skew-normal",690,"OLS",TRUE
"Main",500,"Skew-normal",690,"Semiparametric",TRUE
"Main",200,"Skew-normal",78,"OLS",TRUE
"Main",200,"Skew-normal",78,"Semiparametric",TRUE
"Main",500,"Gaussian",557,"OLS",TRUE
"Main",500,"Gaussian",557,"Semiparametric",TRUE
"Main",200,"Gaussian",44,"OLS",TRUE
"Main",200,"Gaussian",44,"Semiparametric",TRUE
"Main",500,"Gaussian",541,"OLS",TRUE
"Main",500,"Gaussian",541,"Semiparametric",TRUE
"Main",200,"Gaussian",497,"OLS",TRUE
"Main",200,"Gaussian",497,"Semiparametric",TRUE
"Main",200,"Skew-normal",933,"OLS",TRUE
"Main",200,"Skew-normal",933,"Semiparametric",TRUE
"Main",500,"Symmetric bimodal",974,"OLS",TRUE
"Main",500,"Symmetric bimodal",974,"Semiparametric",TRUE
"Main",500,"Gaussian",962,"OLS",TRUE
"Main",500,"Gaussian",962,"Semiparametric",TRUE
"Main",200,"Symmetric bimodal",53,"OLS",TRUE
"Main",200,"Symmetric bimodal",53,"Semiparametric",TRUE
"Main",200,"Skew-normal",680,"OLS",TRUE
"Main",200,"Skew-normal",680,"Semiparametric",TRUE
"Main",500,"Skew-normal",61,"OLS",TRUE
"Main",500,"Skew-normal",61,"Semiparametric",TRUE
"Main",200,"Asymmetric mixture",173,"OLS",TRUE
"Main",200,"Asymmetric mixture",173,"Semiparametric",TRUE
"Main",200,"Skew-normal",445,"OLS",TRUE
"Main",200,"Skew-normal",445,"Semiparametric",TRUE
"Main",200,"Gaussian",129,"OLS",TRUE
"Main",200,"Gaussian",129,"Semiparametric",TRUE
"Main",500,"Gaussian",519,"OLS",TRUE
"Main",500,"Gaussian",519,"Semiparametric",TRUE
"Main",200,"Symmetric bimodal",843,"OLS",TRUE
"Main",200,"Symmetric bimodal",843,"Semiparametric",TRUE
"Main",200,"Symmetric bimodal",576,"OLS",TRUE
"Main",200,"Symmetric bimodal",576,"Semiparametric",TRUE
"Main",200,"Asymmetric mixture",476,"OLS",TRUE
"Main",200,"Asymmetric mixture",476,"Semiparametric",TRUE
"Main",500,"Gaussian",684,"OLS",TRUE
"Main",500,"Gaussian",684,"Semiparametric",TRUE
"Main",500,"Skew-normal",453,"OLS",TRUE
"Main",500,"Skew-normal",453,"Semiparametric",TRUE
"Main",200,"Gaussian",57,"OLS",TRUE
"Main",200,"Gaussian",57,"Semiparametric",TRUE
"Main",500,"Symmetric bimodal",569,"OLS",TRUE
"Main",500,"Symmetric bimodal",569,"Semiparametric",TRUE
"Main",200,"Skew-normal",291,"OLS",TRUE
"Main",200,"Skew-normal",291,"Semiparametric",TRUE
"Main",200,"Gaussian",848,"OLS",TRUE
"Main",200,"Gaussian",848,"Semiparametric",TRUE
"Main",500,"Asymmetric mixture",306,"OLS",TRUE
"Main",500,"Asymmetric mixture",306,"Semiparametric",TRUE
"Main",500,"Asymmetric mixture",294,"OLS",TRUE
"Main",500,"Asymmetric mixture",294,"Semiparametric",TRUE
"Main",500,"Asymmetric mixture",134,"OLS",TRUE
"Main",500,"Asymmetric mixture",134,"Semiparametric",TRUE
"Main",200,"Skew-normal",333,"OLS",TRUE
"Main",200,"Skew-normal",333,"Semiparametric",TRUE
"Main",200,"Asymmetric mixture",447,"OLS",TRUE
"Main",200,"Asymmetric mixture",447,"Semiparametric",TRUE
"Main",500,"Asymmetric mixture",678,"OLS",TRUE
"Main",500,"Asymmetric mixture",678,"Semiparametric",TRUE
"Main",200,"Skew-normal",350,"OLS",TRUE
"Main",200,"Skew-normal",350,"Semiparametric",TRUE
"Main",500,"Asymmetric mixture",550,"OLS",TRUE
"Main",500,"Asymmetric mixture",550,"Semiparametric",TRUE
"Main",500,"Skew-normal",681,"OLS",TRUE
"Main",500,"Skew-normal",681,"Semiparametric",TRUE
"Main",200,"Gaussian",92,"OLS",TRUE
"Main",200,"Gaussian",92,"Semiparametric",TRUE
"Main",500,"Asymmetric mixture",102,"OLS",TRUE
"Main",500,"Asymmetric mixture",102,"Semiparametric",TRUE
"Main",500,"Gaussian",471,"OLS",TRUE
"Main",500,"Gaussian",471,"Semiparametric",TRUE
"Main",500,"Asymmetric mixture",122,"OLS",TRUE
"Main",500,"Asymmetric mixture",122,"Semiparametric",TRUE
"Main",500,"Gaussian",329,"OLS",TRUE
"Main",500,"Gaussian",329,"Semiparametric",TRUE
"Main",200,"Symmetric bimodal",707,"OLS",TRUE
"Main",200,"Symmetric bimodal",707,"Semiparametric",TRUE
"Main",500,"Symmetric bimodal",441,"OLS",TRUE
"Main",500,"Symmetric bimodal",441,"Semiparametric",TRUE
"Main",200,"Asymmetric mixture",319,"OLS",TRUE
"Main",200,"Asymmetric mixture",319,"Semiparametric",TRUE
"Main",500,"Skew-normal",315,"OLS",TRUE
"Main",500,"Skew-normal",315,"Semiparametric",TRUE
"Main",200,"Asymmetric mixture",641,"OLS",TRUE
"Main",200,"Asymmetric mixture",641,"Semiparametric",FALSE
"Main",200,"Symmetric bimodal",130,"OLS",TRUE
"Main",200,"Symmetric bimodal",130,"Semiparametric",FALSE
"Main",200,"Symmetric bimodal",725,"OLS",TRUE
"Main",200,"Symmetric bimodal",725,"Semiparametric",TRUE
"Main",200,"Gaussian",913,"OLS",TRUE
"Main",200,"Gaussian",913,"Semiparametric",TRUE
"Main",200,"Skew-normal",79,"OLS",TRUE
"Main",200,"Skew-normal",79,"Semiparametric",TRUE
"Main",200,"Gaussian",231,"OLS",TRUE
"Main",200,"Gaussian",231,"Semiparametric",TRUE
"Main",500,"Symmetric bimodal",419,"OLS",TRUE
"Main",500,"Symmetric bimodal",419,"Semiparametric",TRUE
"Main",200,"Asymmetric mixture",375,"OLS",TRUE
"Main",200,"Asymmetric mixture",375,"Semiparametric",TRUE
"Main",500,"Asymmetric mixture",130,"OLS",TRUE
"Main",500,"Asymmetric mixture",130,"Semiparametric",TRUE
"Main",200,"Asymmetric mixture",477,"OLS",TRUE
"Main",200,"Asymmetric mixture",477,"Semiparametric",TRUE
"Main",200,"Symmetric bimodal",194,"OLS",TRUE
"Main",200,"Symmetric bimodal",194,"Semiparametric",TRUE
"Main",200,"Gaussian",205,"OLS",TRUE
"Main",200,"Gaussian",205,"Semiparametric",TRUE
"Main",500,"Symmetric bimodal",514,"OLS",TRUE
"Main",500,"Symmetric bimodal",514,"Semiparametric",TRUE
"Main",500,"Asymmetric mixture",665,"OLS",TRUE
"Main",500,"Asymmetric mixture",665,"Semiparametric",TRUE
"Main",200,"Asymmetric mixture",752,"OLS",TRUE
"Main",200,"Asymmetric mixture",752,"Semiparametric",TRUE
"Main",500,"Symmetric bimodal",712,"OLS",TRUE
"Main",500,"Symmetric bimodal",712,"Semiparametric",TRUE
"Main",500,"Gaussian",925,"OLS",TRUE
"Main",500,"Gaussian",925,"Semiparametric",TRUE
"Main",200,"Skew-normal",401,"OLS",TRUE
"Main",200,"Skew-normal",401,"Semiparametric",TRUE
"Main",500,"Skew-normal",361,"OLS",TRUE
"Main",500,"Skew-normal",361,"Semiparametric",TRUE
"Main",200,"Asymmetric mixture",245,"OLS",TRUE
"Main",200,"Asymmetric mixture",245,"Semiparametric",TRUE
"Main",200,"Asymmetric mixture",585,"OLS",TRUE
"Main",200,"Asymmetric mixture",585,"Semiparametric",TRUE
"Main",500,"Skew-normal",698,"OLS",TRUE
"Main",500,"Skew-normal",698,"Semiparametric",TRUE
"Main",500,"Symmetric bimodal",106,"OLS",TRUE
"Main",500,"Symmetric bimodal",106,"Semiparametric",TRUE
"Main",200,"Asymmetric mixture",486,"OLS",TRUE
"Main",200,"Asymmetric mixture",486,"Semiparametric",TRUE
"Main",200,"Asymmetric mixture",681,"OLS",TRUE
"Main",200,"Asymmetric mixture",681,"Semiparametric",TRUE
"Main",500,"Skew-normal",310,"OLS",TRUE
"Main",500,"Skew-normal",310,"Semiparametric",TRUE
"Main",500,"Skew-normal",995,"OLS",TRUE
"Main",500,"Skew-normal",995,"Semiparametric",TRUE
"Main",500,"Skew-normal",373,"OLS",TRUE
"Main",500,"Skew-normal",373,"Semiparametric",TRUE
"Main",500,"Symmetric bimodal",376,"OLS",TRUE
"Main",500,"Symmetric bimodal",376,"Semiparametric",TRUE
"Main",200,"Symmetric bimodal",926,"OLS",TRUE
"Main",200,"Symmetric bimodal",926,"Semiparametric",TRUE
"Main",500,"Symmetric bimodal",294,"OLS",TRUE
"Main",500,"Symmetric bimodal",294,"Semiparametric",TRUE
"Main",200,"Symmetric bimodal",940,"OLS",TRUE
"Main",200,"Symmetric bimodal",940,"Semiparametric",TRUE
"Main",500,"Asymmetric mixture",239,"OLS",TRUE
"Main",500,"Asymmetric mixture",239,"Semiparametric",TRUE
"Main",200,"Skew-normal",270,"OLS",TRUE
"Main",200,"Skew-normal",270,"Semiparametric",TRUE
"Main",500,"Symmetric bimodal",982,"OLS",TRUE
"Main",500,"Symmetric bimodal",982,"Semiparametric",TRUE
"Main",500,"Symmetric bimodal",841,"OLS",TRUE
"Main",500,"Symmetric bimodal",841,"Semiparametric",TRUE
"Main",500,"Symmetric bimodal",38,"OLS",TRUE
"Main",500,"Symmetric bimodal",38,"Semiparametric",TRUE
"Main",500,"Gaussian",187,"OLS",TRUE
"Main",500,"Gaussian",187,"Semiparametric",TRUE
"Main",200,"Skew-normal",667,"OLS",TRUE
"Main",200,"Skew-normal",667,"Semiparametric",TRUE
"Main",500,"Skew-normal",805,"OLS",TRUE
"Main",500,"Skew-normal",805,"Semiparametric",TRUE
"Main",200,"Skew-normal",721,"OLS",TRUE
"Main",200,"Skew-normal",721,"Semiparametric",TRUE
"Main",200,"Skew-normal",338,"OLS",TRUE
"Main",200,"Skew-normal",338,"Semiparametric",TRUE
"Main",500,"Gaussian",740,"OLS",TRUE
"Main",500,"Gaussian",740,"Semiparametric",TRUE
"Main",500,"Skew-normal",878,"OLS",TRUE
"Main",500,"Skew-normal",878,"Semiparametric",TRUE
"Main",200,"Asymmetric mixture",896,"OLS",TRUE
"Main",200,"Asymmetric mixture",896,"Semiparametric",TRUE
"Main",500,"Gaussian",812,"OLS",TRUE
"Main",500,"Gaussian",812,"Semiparametric",TRUE
"Main",200,"Gaussian",696,"OLS",TRUE
"Main",200,"Gaussian",696,"Semiparametric",TRUE
"Main",200,"Symmetric bimodal",350,"OLS",TRUE
"Main",200,"Symmetric bimodal",350,"Semiparametric",TRUE
"Main",200,"Symmetric bimodal",313,"OLS",TRUE
"Main",200,"Symmetric bimodal",313,"Semiparametric",TRUE
"Main",200,"Asymmetric mixture",98,"OLS",TRUE
"Main",200,"Asymmetric mixture",98,"Semiparametric",FALSE
"Main",500,"Gaussian",741,"OLS",TRUE
"Main",500,"Gaussian",741,"Semiparametric",TRUE
"Main",200,"Symmetric bimodal",404,"OLS",TRUE
"Main",200,"Symmetric bimodal",404,"Semiparametric",FALSE
"Main",200,"Symmetric bimodal",203,"OLS",TRUE
"Main",200,"Symmetric bimodal",203,"Semiparametric",TRUE
"Main",500,"Asymmetric mixture",833,"OLS",TRUE
"Main",500,"Asymmetric mixture",833,"Semiparametric",TRUE
"Main",500,"Skew-normal",860,"OLS",TRUE
"Main",500,"Skew-normal",860,"Semiparametric",TRUE
"Main",200,"Asymmetric mixture",685,"OLS",TRUE
"Main",200,"Asymmetric mixture",685,"Semiparametric",TRUE
"Main",200,"Asymmetric mixture",516,"OLS",TRUE
"Main",200,"Asymmetric mixture",516,"Semiparametric",TRUE
"Main",500,"Skew-normal",145,"OLS",TRUE
"Main",500,"Skew-normal",145,"Semiparametric",TRUE
"Main",500,"Symmetric bimodal",372,"OLS",TRUE
"Main",500,"Symmetric bimodal",372,"Semiparametric",TRUE
"Main",200,"Gaussian",187,"OLS",TRUE
"Main",200,"Gaussian",187,"Semiparametric",TRUE
"Main",200,"Asymmetric mixture",837,"OLS",TRUE
"Main",200,"Asymmetric mixture",837,"Semiparametric",TRUE
"Main",200,"Asymmetric mixture",926,"OLS",TRUE
"Main",200,"Asymmetric mixture",926,"Semiparametric",TRUE
"Main",200,"Gaussian",595,"OLS",TRUE
"Main",200,"Gaussian",595,"Semiparametric",TRUE
"Main",200,"Gaussian",884,"OLS",TRUE
"Main",200,"Gaussian",884,"Semiparametric",TRUE
"Main",200,"Skew-normal",7,"OLS",TRUE
"Main",200,"Skew-normal",7,"Semiparametric",TRUE
"Main",200,"Gaussian",56,"OLS",TRUE
"Main",200,"Gaussian",56,"Semiparametric",TRUE
"Main",500,"Symmetric bimodal",742,"OLS",TRUE
"Main",500,"Symmetric bimodal",742,"Semiparametric",TRUE
"Main",500,"Gaussian",300,"OLS",TRUE
"Main",500,"Gaussian",300,"Semiparametric",TRUE
"Main",500,"Symmetric bimodal",524,"OLS",TRUE
"Main",500,"Symmetric bimodal",524,"Semiparametric",TRUE
"Main",200,"Asymmetric mixture",123,"OLS",TRUE
"Main",200,"Asymmetric mixture",123,"Semiparametric",TRUE
"Main",200,"Asymmetric mixture",806,"OLS",TRUE
"Main",200,"Asymmetric mixture",806,"Semiparametric",TRUE
"Main",500,"Gaussian",232,"OLS",TRUE
"Main",500,"Gaussian",232,"Semiparametric",TRUE
"Main",500,"Gaussian",299,"OLS",TRUE
"Main",500,"Gaussian",299,"Semiparametric",TRUE
"Main",500,"Symmetric bimodal",280,"OLS",TRUE
"Main",500,"Symmetric bimodal",280,"Semiparametric",TRUE
"Main",500,"Symmetric bimodal",817,"OLS",TRUE
"Main",500,"Symmetric bimodal",817,"Semiparametric",TRUE
"Main",500,"Skew-normal",636,"OLS",TRUE
"Main",500,"Skew-normal",636,"Semiparametric",TRUE
"Main",200,"Gaussian",221,"OLS",TRUE
"Main",200,"Gaussian",221,"Semiparametric",TRUE
"Main",200,"Asymmetric mixture",525,"OLS",TRUE
"Main",200,"Asymmetric mixture",525,"Semiparametric",TRUE
"Main",200,"Asymmetric mixture",468,"OLS",TRUE
"Main",200,"Asymmetric mixture",468,"Semiparametric",TRUE
"Main",500,"Skew-normal",446,"OLS",TRUE
"Main",500,"Skew-normal",446,"Semiparametric",TRUE
"Main",500,"Skew-normal",536,"OLS",TRUE
"Main",500,"Skew-normal",536,"Semiparametric",TRUE
"Main",200,"Skew-normal",283,"OLS",TRUE
"Main",200,"Skew-normal",283,"Semiparametric",TRUE
"Main",500,"Skew-normal",269,"OLS",TRUE
"Main",500,"Skew-normal",269,"Semiparametric",TRUE
"Main",500,"Asymmetric mixture",538,"OLS",TRUE
"Main",500,"Asymmetric mixture",538,"Semiparametric",TRUE
"Main",200,"Gaussian",379,"OLS",TRUE
"Main",200,"Gaussian",379,"Semiparametric",TRUE
"Main",200,"Asymmetric mixture",650,"OLS",TRUE
"Main",200,"Asymmetric mixture",650,"Semiparametric",TRUE
"Main",500,"Skew-normal",476,"OLS",TRUE
"Main",500,"Skew-normal",476,"Semiparametric",TRUE
"Main",500,"Gaussian",113,"OLS",TRUE
"Main",500,"Gaussian",113,"Semiparametric",TRUE
"Main",200,"Gaussian",535,"OLS",TRUE
"Main",200,"Gaussian",535,"Semiparametric",TRUE
"Main",200,"Skew-normal",456,"OLS",TRUE
"Main",200,"Skew-normal",456,"Semiparametric",TRUE
"Main",500,"Asymmetric mixture",875,"OLS",TRUE
"Main",500,"Asymmetric mixture",875,"Semiparametric",TRUE
"Main",200,"Asymmetric mixture",748,"OLS",TRUE
"Main",200,"Asymmetric mixture",748,"Semiparametric",TRUE
"Main",500,"Symmetric bimodal",762,"OLS",TRUE
"Main",500,"Symmetric bimodal",762,"Semiparametric",TRUE
"Main",500,"Symmetric bimodal",457,"OLS",TRUE
"Main",500,"Symmetric bimodal",457,"Semiparametric",TRUE
"Main",500,"Gaussian",796,"OLS",TRUE
"Main",500,"Gaussian",796,"Semiparametric",TRUE
"Main",200,"Skew-normal",570,"OLS",TRUE
"Main",200,"Skew-normal",570,"Semiparametric",TRUE
"Main",200,"Symmetric bimodal",566,"OLS",TRUE
"Main",200,"Symmetric bimodal",566,"Semiparametric",TRUE
"Main",500,"Symmetric bimodal",703,"OLS",TRUE
"Main",500,"Symmetric bimodal",703,"Semiparametric",TRUE
"Main",500,"Gaussian",582,"OLS",TRUE
"Main",500,"Gaussian",582,"Semiparametric",TRUE
"Main",200,"Asymmetric mixture",164,"OLS",TRUE
"Main",200,"Asymmetric mixture",164,"Semiparametric",TRUE
"Main",200,"Asymmetric mixture",412,"OLS",TRUE
"Main",200,"Asymmetric mixture",412,"Semiparametric",TRUE
"Main",500,"Symmetric bimodal",40,"OLS",TRUE
"Main",500,"Symmetric bimodal",40,"Semiparametric",TRUE
"Main",200,"Asymmetric mixture",427,"OLS",TRUE
"Main",200,"Asymmetric mixture",427,"Semiparametric",TRUE
"Main",500,"Skew-normal",598,"OLS",TRUE
"Main",500,"Skew-normal",598,"Semiparametric",TRUE
"Main",500,"Skew-normal",649,"OLS",TRUE
"Main",500,"Skew-normal",649,"Semiparametric",TRUE
"Main",500,"Symmetric bimodal",900,"OLS",TRUE
"Main",500,"Symmetric bimodal",900,"Semiparametric",TRUE
"Main",200,"Asymmetric mixture",940,"OLS",TRUE
"Main",200,"Asymmetric mixture",940,"Semiparametric",TRUE
"Main",500,"Gaussian",196,"OLS",TRUE
"Main",500,"Gaussian",196,"Semiparametric",TRUE
"Main",500,"Asymmetric mixture",742,"OLS",TRUE
"Main",500,"Asymmetric mixture",742,"Semiparametric",TRUE
"Main",200,"Skew-normal",581,"OLS",TRUE
"Main",200,"Skew-normal",581,"Semiparametric",TRUE
"Main",200,"Symmetric bimodal",755,"OLS",TRUE
"Main",200,"Symmetric bimodal",755,"Semiparametric",TRUE
"Main",500,"Asymmetric mixture",693,"OLS",TRUE
"Main",500,"Asymmetric mixture",693,"Semiparametric",TRUE
"Main",500,"Gaussian",425,"OLS",TRUE
"Main",500,"Gaussian",425,"Semiparametric",TRUE
"Main",200,"Skew-normal",646,"OLS",TRUE
"Main",200,"Skew-normal",646,"Semiparametric",TRUE
"Main",200,"Asymmetric mixture",630,"OLS",TRUE
"Main",200,"Asymmetric mixture",630,"Semiparametric",TRUE
"Main",200,"Skew-normal",650,"OLS",TRUE
"Main",200,"Skew-normal",650,"Semiparametric",TRUE
"Main",500,"Symmetric bimodal",166,"OLS",TRUE
"Main",500,"Symmetric bimodal",166,"Semiparametric",TRUE
"Main",200,"Skew-normal",376,"OLS",TRUE
"Main",200,"Skew-normal",376,"Semiparametric",TRUE
"Main",200,"Asymmetric mixture",721,"OLS",TRUE
"Main",200,"Asymmetric mixture",721,"Semiparametric",TRUE
"Main",200,"Asymmetric mixture",358,"OLS",TRUE
"Main",200,"Asymmetric mixture",358,"Semiparametric",TRUE
"Main",500,"Gaussian",686,"OLS",TRUE
"Main",500,"Gaussian",686,"Semiparametric",TRUE
"Main",500,"Skew-normal",43,"OLS",TRUE
"Main",500,"Skew-normal",43,"Semiparametric",TRUE
"Main",500,"Asymmetric mixture",363,"OLS",TRUE
"Main",500,"Asymmetric mixture",363,"Semiparametric",TRUE
"Main",500,"Skew-normal",926,"OLS",TRUE
"Main",500,"Skew-normal",926,"Semiparametric",TRUE
"Main",500,"Asymmetric mixture",669,"OLS",TRUE
"Main",500,"Asymmetric mixture",669,"Semiparametric",TRUE
"Main",200,"Asymmetric mixture",381,"OLS",TRUE
"Main",200,"Asymmetric mixture",381,"Semiparametric",TRUE
"Main",500,"Skew-normal",761,"OLS",TRUE
"Main",500,"Skew-normal",761,"Semiparametric",TRUE
"Main",200,"Gaussian",22,"OLS",TRUE
"Main",200,"Gaussian",22,"Semiparametric",TRUE
"Main",200,"Symmetric bimodal",727,"OLS",TRUE
"Main",200,"Symmetric bimodal",727,"Semiparametric",TRUE
"Main",500,"Gaussian",355,"OLS",TRUE
"Main",500,"Gaussian",355,"Semiparametric",TRUE
"Main",200,"Symmetric bimodal",506,"OLS",TRUE
"Main",200,"Symmetric bimodal",506,"Semiparametric",FALSE
"Main",200,"Symmetric bimodal",915,"OLS",TRUE
"Main",200,"Symmetric bimodal",915,"Semiparametric",TRUE
"Main",200,"Asymmetric mixture",225,"OLS",TRUE
"Main",200,"Asymmetric mixture",225,"Semiparametric",TRUE
"Main",500,"Gaussian",214,"OLS",TRUE
"Main",500,"Gaussian",214,"Semiparametric",TRUE
"Main",500,"Symmetric bimodal",819,"OLS",TRUE
"Main",500,"Symmetric bimodal",819,"Semiparametric",TRUE
"Main",200,"Gaussian",510,"OLS",TRUE
"Main",200,"Gaussian",510,"Semiparametric",TRUE
"Main",200,"Asymmetric mixture",97,"OLS",TRUE
"Main",200,"Asymmetric mixture",97,"Semiparametric",FALSE
"Main",500,"Asymmetric mixture",662,"OLS",TRUE
"Main",500,"Asymmetric mixture",662,"Semiparametric",TRUE
"Main",200,"Skew-normal",427,"OLS",TRUE
"Main",200,"Skew-normal",427,"Semiparametric",TRUE
"Main",500,"Skew-normal",726,"OLS",TRUE
"Main",500,"Skew-normal",726,"Semiparametric",TRUE
"Main",200,"Symmetric bimodal",834,"OLS",TRUE
"Main",200,"Symmetric bimodal",834,"Semiparametric",TRUE
"Main",500,"Skew-normal",355,"OLS",TRUE
"Main",500,"Skew-normal",355,"Semiparametric",TRUE
"Main",200,"Gaussian",762,"OLS",TRUE
"Main",200,"Gaussian",762,"Semiparametric",TRUE
"Main",200,"Skew-normal",227,"OLS",TRUE
"Main",200,"Skew-normal",227,"Semiparametric",TRUE
"Main",500,"Skew-normal",951,"OLS",TRUE
"Main",500,"Skew-normal",951,"Semiparametric",TRUE
"Main",500,"Symmetric bimodal",83,"OLS",TRUE
"Main",500,"Symmetric bimodal",83,"Semiparametric",TRUE
"Main",200,"Symmetric bimodal",851,"OLS",TRUE
"Main",200,"Symmetric bimodal",851,"Semiparametric",TRUE
"Main",500,"Gaussian",627,"OLS",TRUE
"Main",500,"Gaussian",627,"Semiparametric",TRUE
"Main",500,"Asymmetric mixture",957,"OLS",TRUE
"Main",500,"Asymmetric mixture",957,"Semiparametric",TRUE
"Main",200,"Asymmetric mixture",941,"OLS",TRUE
"Main",200,"Asymmetric mixture",941,"Semiparametric",TRUE
"Main",500,"Gaussian",440,"OLS",TRUE
"Main",500,"Gaussian",440,"Semiparametric",TRUE
"Main",200,"Symmetric bimodal",616,"OLS",TRUE
"Main",200,"Symmetric bimodal",616,"Semiparametric",TRUE
"Main",500,"Skew-normal",767,"OLS",TRUE
"Main",500,"Skew-normal",767,"Semiparametric",TRUE
"Main",500,"Symmetric bimodal",839,"OLS",TRUE
"Main",500,"Symmetric bimodal",839,"Semiparametric",TRUE
"Main",500,"Symmetric bimodal",892,"OLS",TRUE
"Main",500,"Symmetric bimodal",892,"Semiparametric",TRUE
"Main",200,"Gaussian",760,"OLS",TRUE
"Main",200,"Gaussian",760,"Semiparametric",TRUE
"Main",500,"Gaussian",837,"OLS",TRUE
"Main",500,"Gaussian",837,"Semiparametric",TRUE
"Main",500,"Asymmetric mixture",762,"OLS",TRUE
"Main",500,"Asymmetric mixture",762,"Semiparametric",TRUE
"Main",200,"Skew-normal",705,"OLS",TRUE
"Main",200,"Skew-normal",705,"Semiparametric",TRUE
"Main",200,"Gaussian",109,"OLS",TRUE
"Main",200,"Gaussian",109,"Semiparametric",TRUE
"Main",200,"Skew-normal",217,"OLS",TRUE
"Main",200,"Skew-normal",217,"Semiparametric",TRUE
"Main",500,"Skew-normal",137,"OLS",TRUE
"Main",500,"Skew-normal",137,"Semiparametric",TRUE
"Main",500,"Symmetric bimodal",191,"OLS",TRUE
"Main",500,"Symmetric bimodal",191,"Semiparametric",TRUE
"Main",200,"Skew-normal",701,"OLS",TRUE
"Main",200,"Skew-normal",701,"Semiparametric",TRUE
"Main",500,"Skew-normal",290,"OLS",TRUE
"Main",500,"Skew-normal",290,"Semiparametric",TRUE
"Main",200,"Asymmetric mixture",224,"OLS",TRUE
"Main",200,"Asymmetric mixture",224,"Semiparametric",TRUE
"Main",200,"Symmetric bimodal",178,"OLS",TRUE
"Main",200,"Symmetric bimodal",178,"Semiparametric",TRUE
"Main",500,"Gaussian",92,"OLS",TRUE
"Main",500,"Gaussian",92,"Semiparametric",TRUE
"Main",500,"Gaussian",773,"OLS",TRUE
"Main",500,"Gaussian",773,"Semiparametric",TRUE
"Main",200,"Skew-normal",448,"OLS",TRUE
"Main",200,"Skew-normal",448,"Semiparametric",TRUE
"Main",500,"Symmetric bimodal",138,"OLS",TRUE
"Main",500,"Symmetric bimodal",138,"Semiparametric",TRUE
"Main",200,"Skew-normal",210,"OLS",TRUE
"Main",200,"Skew-normal",210,"Semiparametric",TRUE
"Main",500,"Symmetric bimodal",840,"OLS",TRUE
"Main",500,"Symmetric bimodal",840,"Semiparametric",TRUE
"Main",200,"Skew-normal",576,"OLS",TRUE
"Main",200,"Skew-normal",576,"Semiparametric",TRUE
"Main",200,"Gaussian",86,"OLS",TRUE
"Main",200,"Gaussian",86,"Semiparametric",TRUE
"Main",500,"Symmetric bimodal",864,"OLS",TRUE
"Main",500,"Symmetric bimodal",864,"Semiparametric",TRUE
"Main",200,"Symmetric bimodal",94,"OLS",TRUE
"Main",200,"Symmetric bimodal",94,"Semiparametric",TRUE
"Main",200,"Asymmetric mixture",586,"OLS",TRUE
"Main",200,"Asymmetric mixture",586,"Semiparametric",TRUE
"Main",500,"Gaussian",534,"OLS",TRUE
"Main",500,"Gaussian",534,"Semiparametric",TRUE
"Main",200,"Skew-normal",88,"OLS",TRUE
"Main",200,"Skew-normal",88,"Semiparametric",TRUE
"Main",200,"Skew-normal",129,"OLS",TRUE
"Main",200,"Skew-normal",129,"Semiparametric",TRUE
"Main",500,"Gaussian",466,"OLS",TRUE
"Main",500,"Gaussian",466,"Semiparametric",TRUE
"Main",200,"Asymmetric mixture",648,"OLS",TRUE
"Main",200,"Asymmetric mixture",648,"Semiparametric",TRUE
"Main",200,"Asymmetric mixture",232,"OLS",TRUE
"Main",200,"Asymmetric mixture",232,"Semiparametric",TRUE
"Main",500,"Symmetric bimodal",119,"OLS",TRUE
"Main",500,"Symmetric bimodal",119,"Semiparametric",TRUE
"Main",500,"Symmetric bimodal",687,"OLS",TRUE
"Main",500,"Symmetric bimodal",687,"Semiparametric",TRUE
"Main",500,"Gaussian",516,"OLS",TRUE
"Main",500,"Gaussian",516,"Semiparametric",TRUE
"Main",200,"Asymmetric mixture",353,"OLS",TRUE
"Main",200,"Asymmetric mixture",353,"Semiparametric",TRUE
"Main",200,"Asymmetric mixture",351,"OLS",TRUE
"Main",200,"Asymmetric mixture",351,"Semiparametric",TRUE
"Main",500,"Gaussian",867,"OLS",TRUE
"Main",500,"Gaussian",867,"Semiparametric",TRUE
"Main",200,"Gaussian",615,"OLS",TRUE
"Main",200,"Gaussian",615,"Semiparametric",TRUE
"Main",500,"Asymmetric mixture",546,"OLS",TRUE
"Main",500,"Asymmetric mixture",546,"Semiparametric",TRUE
"Main",200,"Symmetric bimodal",672,"OLS",TRUE
"Main",200,"Symmetric bimodal",672,"Semiparametric",TRUE
"Main",500,"Asymmetric mixture",692,"OLS",TRUE
"Main",500,"Asymmetric mixture",692,"Semiparametric",TRUE
"Main",500,"Symmetric bimodal",784,"OLS",TRUE
"Main",500,"Symmetric bimodal",784,"Semiparametric",TRUE
"Main",200,"Skew-normal",575,"OLS",TRUE
"Main",200,"Skew-normal",575,"Semiparametric",TRUE
"Main",200,"Gaussian",670,"OLS",TRUE
"Main",200,"Gaussian",670,"Semiparametric",TRUE
"Main",200,"Symmetric bimodal",78,"OLS",TRUE
"Main",200,"Symmetric bimodal",78,"Semiparametric",TRUE
"Main",200,"Skew-normal",629,"OLS",TRUE
"Main",200,"Skew-normal",629,"Semiparametric",TRUE
"Main",500,"Gaussian",912,"OLS",TRUE
"Main",500,"Gaussian",912,"Semiparametric",TRUE
"Main",200,"Gaussian",686,"OLS",TRUE
"Main",200,"Gaussian",686,"Semiparametric",TRUE
"Main",500,"Skew-normal",172,"OLS",TRUE
"Main",500,"Skew-normal",172,"Semiparametric",TRUE
"Main",500,"Asymmetric mixture",15,"OLS",TRUE
"Main",500,"Asymmetric mixture",15,"Semiparametric",TRUE
"Main",500,"Skew-normal",48,"OLS",TRUE
"Main",500,"Skew-normal",48,"Semiparametric",TRUE
"Main",500,"Gaussian",15,"OLS",TRUE
"Main",500,"Gaussian",15,"Semiparametric",TRUE
"Main",500,"Skew-normal",357,"OLS",TRUE
"Main",500,"Skew-normal",357,"Semiparametric",TRUE
"Main",500,"Asymmetric mixture",727,"OLS",TRUE
"Main",500,"Asymmetric mixture",727,"Semiparametric",TRUE
"Main",500,"Asymmetric mixture",304,"OLS",TRUE
"Main",500,"Asymmetric mixture",304,"Semiparametric",TRUE
"Main",500,"Skew-normal",991,"OLS",TRUE
"Main",500,"Skew-normal",991,"Semiparametric",TRUE
"Main",500,"Asymmetric mixture",331,"OLS",TRUE
"Main",500,"Asymmetric mixture",331,"Semiparametric",TRUE
"Main",200,"Symmetric bimodal",227,"OLS",TRUE
"Main",200,"Symmetric bimodal",227,"Semiparametric",TRUE
"Main",500,"Asymmetric mixture",497,"OLS",TRUE
"Main",500,"Asymmetric mixture",497,"Semiparametric",TRUE
"Main",200,"Skew-normal",955,"OLS",TRUE
"Main",200,"Skew-normal",955,"Semiparametric",TRUE
"Main",500,"Gaussian",356,"OLS",TRUE
"Main",500,"Gaussian",356,"Semiparametric",TRUE
"Main",200,"Skew-normal",441,"OLS",TRUE
"Main",200,"Skew-normal",441,"Semiparametric",TRUE
"Main",500,"Gaussian",986,"OLS",TRUE
"Main",500,"Gaussian",986,"Semiparametric",TRUE
"Main",200,"Symmetric bimodal",232,"OLS",TRUE
"Main",200,"Symmetric bimodal",232,"Semiparametric",TRUE
"Main",500,"Symmetric bimodal",84,"OLS",TRUE
"Main",500,"Symmetric bimodal",84,"Semiparametric",TRUE
"Main",500,"Symmetric bimodal",21,"OLS",TRUE
"Main",500,"Symmetric bimodal",21,"Semiparametric",TRUE
"Main",200,"Symmetric bimodal",371,"OLS",TRUE
"Main",200,"Symmetric bimodal",371,"Semiparametric",TRUE
"Main",500,"Symmetric bimodal",997,"OLS",TRUE
"Main",500,"Symmetric bimodal",997,"Semiparametric",TRUE
"Main",200,"Skew-normal",11,"OLS",TRUE
"Main",200,"Skew-normal",11,"Semiparametric",TRUE
"Main",500,"Asymmetric mixture",581,"OLS",TRUE
"Main",500,"Asymmetric mixture",581,"Semiparametric",TRUE
"Main",200,"Gaussian",452,"OLS",TRUE
"Main",200,"Gaussian",452,"Semiparametric",TRUE
"Main",200,"Asymmetric mixture",386,"OLS",TRUE
"Main",200,"Asymmetric mixture",386,"Semiparametric",TRUE
"Main",200,"Skew-normal",882,"OLS",TRUE
"Main",200,"Skew-normal",882,"Semiparametric",TRUE
"Main",500,"Skew-normal",517,"OLS",TRUE
"Main",500,"Skew-normal",517,"Semiparametric",TRUE
"Main",200,"Asymmetric mixture",250,"OLS",TRUE
"Main",200,"Asymmetric mixture",250,"Semiparametric",TRUE
"Main",500,"Skew-normal",217,"OLS",TRUE
"Main",500,"Skew-normal",217,"Semiparametric",TRUE
"Main",200,"Skew-normal",610,"OLS",TRUE
"Main",200,"Skew-normal",610,"Semiparametric",TRUE
"Main",500,"Symmetric bimodal",638,"OLS",TRUE
"Main",500,"Symmetric bimodal",638,"Semiparametric",TRUE
"Main",500,"Gaussian",807,"OLS",TRUE
"Main",500,"Gaussian",807,"Semiparametric",TRUE
"Main",200,"Gaussian",275,"OLS",TRUE
"Main",200,"Gaussian",275,"Semiparametric",TRUE
"Main",200,"Skew-normal",327,"OLS",TRUE
"Main",200,"Skew-normal",327,"Semiparametric",TRUE
"Main",200,"Asymmetric mixture",619,"OLS",TRUE
"Main",200,"Asymmetric mixture",619,"Semiparametric",TRUE
"Main",500,"Gaussian",576,"OLS",TRUE
"Main",500,"Gaussian",576,"Semiparametric",TRUE
"Main",500,"Gaussian",488,"OLS",TRUE
"Main",500,"Gaussian",488,"Semiparametric",TRUE
"Main",500,"Gaussian",401,"OLS",TRUE
"Main",500,"Gaussian",401,"Semiparametric",TRUE
"Main",200,"Skew-normal",254,"OLS",TRUE
"Main",200,"Skew-normal",254,"Semiparametric",TRUE
"Main",500,"Skew-normal",523,"OLS",TRUE
"Main",500,"Skew-normal",523,"Semiparametric",TRUE
"Main",200,"Skew-normal",885,"OLS",TRUE
"Main",200,"Skew-normal",885,"Semiparametric",TRUE
"Main",200,"Gaussian",666,"OLS",TRUE
"Main",200,"Gaussian",666,"Semiparametric",TRUE
"Main",500,"Asymmetric mixture",573,"OLS",TRUE
"Main",500,"Asymmetric mixture",573,"Semiparametric",TRUE
"Main",200,"Gaussian",419,"OLS",TRUE
"Main",200,"Gaussian",419,"Semiparametric",TRUE
"Main",200,"Skew-normal",992,"OLS",TRUE
"Main",200,"Skew-normal",992,"Semiparametric",TRUE
"Main",200,"Asymmetric mixture",116,"OLS",TRUE
"Main",200,"Asymmetric mixture",116,"Semiparametric",TRUE
"Main",500,"Gaussian",730,"OLS",TRUE
"Main",500,"Gaussian",730,"Semiparametric",TRUE
"Main",500,"Skew-normal",802,"OLS",TRUE
"Main",500,"Skew-normal",802,"Semiparametric",TRUE
"Main",500,"Gaussian",871,"OLS",TRUE
"Main",500,"Gaussian",871,"Semiparametric",TRUE
"Main",500,"Skew-normal",359,"OLS",TRUE
"Main",500,"Skew-normal",359,"Semiparametric",TRUE
"Main",500,"Asymmetric mixture",892,"OLS",TRUE
"Main",500,"Asymmetric mixture",892,"Semiparametric",TRUE
"Main",200,"Symmetric bimodal",875,"OLS",TRUE
"Main",200,"Symmetric bimodal",875,"Semiparametric",TRUE
"Main",500,"Symmetric bimodal",324,"OLS",TRUE
"Main",500,"Symmetric bimodal",324,"Semiparametric",TRUE
"Main",200,"Symmetric bimodal",480,"OLS",TRUE
"Main",200,"Symmetric bimodal",480,"Semiparametric",TRUE
"Main",200,"Asymmetric mixture",279,"OLS",TRUE
"Main",200,"Asymmetric mixture",279,"Semiparametric",TRUE
"Main",500,"Symmetric bimodal",729,"OLS",TRUE
"Main",500,"Symmetric bimodal",729,"Semiparametric",TRUE
"Main",500,"Asymmetric mixture",296,"OLS",TRUE
"Main",500,"Asymmetric mixture",296,"Semiparametric",TRUE
"Main",500,"Asymmetric mixture",688,"OLS",TRUE
"Main",500,"Asymmetric mixture",688,"Semiparametric",TRUE
"Main",500,"Asymmetric mixture",799,"OLS",TRUE
"Main",500,"Asymmetric mixture",799,"Semiparametric",TRUE
"Main",500,"Symmetric bimodal",714,"OLS",TRUE
"Main",500,"Symmetric bimodal",714,"Semiparametric",TRUE
"Main",200,"Symmetric bimodal",642,"OLS",TRUE
"Main",200,"Symmetric bimodal",642,"Semiparametric",FALSE
"Main",200,"Gaussian",713,"OLS",TRUE
"Main",200,"Gaussian",713,"Semiparametric",TRUE
"Main",500,"Asymmetric mixture",287,"OLS",TRUE
"Main",500,"Asymmetric mixture",287,"Semiparametric",TRUE
"Main",500,"Asymmetric mixture",710,"OLS",TRUE
"Main",500,"Asymmetric mixture",710,"Semiparametric",TRUE
"Main",500,"Gaussian",217,"OLS",TRUE
"Main",500,"Gaussian",217,"Semiparametric",TRUE
"Main",200,"Skew-normal",4,"OLS",TRUE
"Main",200,"Skew-normal",4,"Semiparametric",TRUE
"Main",500,"Symmetric bimodal",470,"OLS",TRUE
"Main",500,"Symmetric bimodal",470,"Semiparametric",TRUE
"Main",500,"Symmetric bimodal",972,"OLS",TRUE
"Main",500,"Symmetric bimodal",972,"Semiparametric",TRUE
"Main",500,"Gaussian",262,"OLS",TRUE
"Main",500,"Gaussian",262,"Semiparametric",TRUE
"Main",500,"Asymmetric mixture",167,"OLS",TRUE
"Main",500,"Asymmetric mixture",167,"Semiparametric",TRUE
"Main",500,"Skew-normal",871,"OLS",TRUE
"Main",500,"Skew-normal",871,"Semiparametric",TRUE
"Main",200,"Symmetric bimodal",158,"OLS",TRUE
"Main",200,"Symmetric bimodal",158,"Semiparametric",TRUE
"Main",200,"Symmetric bimodal",630,"OLS",TRUE
"Main",200,"Symmetric bimodal",630,"Semiparametric",FALSE
"Main",500,"Skew-normal",701,"OLS",TRUE
"Main",500,"Skew-normal",701,"Semiparametric",TRUE
"Main",500,"Symmetric bimodal",599,"OLS",TRUE
"Main",500,"Symmetric bimodal",599,"Semiparametric",TRUE
"Main",500,"Asymmetric mixture",46,"OLS",TRUE
"Main",500,"Asymmetric mixture",46,"Semiparametric",TRUE
"Main",200,"Gaussian",631,"OLS",TRUE
"Main",200,"Gaussian",631,"Semiparametric",TRUE
"Main",500,"Symmetric bimodal",553,"OLS",TRUE
"Main",500,"Symmetric bimodal",553,"Semiparametric",TRUE
"Main",200,"Symmetric bimodal",629,"OLS",TRUE
"Main",200,"Symmetric bimodal",629,"Semiparametric",TRUE
"Main",500,"Skew-normal",839,"OLS",TRUE
"Main",500,"Skew-normal",839,"Semiparametric",TRUE
"Main",500,"Asymmetric mixture",836,"OLS",TRUE
"Main",500,"Asymmetric mixture",836,"Semiparametric",TRUE
"Main",200,"Symmetric bimodal",980,"OLS",TRUE
"Main",200,"Symmetric bimodal",980,"Semiparametric",TRUE
"Main",200,"Skew-normal",846,"OLS",TRUE
"Main",200,"Skew-normal",846,"Semiparametric",TRUE
"Main",500,"Gaussian",705,"OLS",TRUE
"Main",500,"Gaussian",705,"Semiparametric",TRUE
"Main",200,"Gaussian",372,"OLS",TRUE
"Main",200,"Gaussian",372,"Semiparametric",TRUE
"Main",200,"Skew-normal",249,"OLS",TRUE
"Main",200,"Skew-normal",249,"Semiparametric",TRUE
"Main",500,"Asymmetric mixture",874,"OLS",TRUE
"Main",500,"Asymmetric mixture",874,"Semiparametric",TRUE
"Main",500,"Gaussian",367,"OLS",TRUE
"Main",500,"Gaussian",367,"Semiparametric",TRUE
"Main",500,"Symmetric bimodal",872,"OLS",TRUE
"Main",500,"Symmetric bimodal",872,"Semiparametric",TRUE
"Main",500,"Symmetric bimodal",396,"OLS",TRUE
"Main",500,"Symmetric bimodal",396,"Semiparametric",TRUE
"Main",200,"Gaussian",602,"OLS",TRUE
"Main",200,"Gaussian",602,"Semiparametric",TRUE
"Main",500,"Asymmetric mixture",349,"OLS",TRUE
"Main",500,"Asymmetric mixture",349,"Semiparametric",TRUE
"Main",500,"Skew-normal",631,"OLS",TRUE
"Main",500,"Skew-normal",631,"Semiparametric",TRUE
"Main",500,"Gaussian",677,"OLS",TRUE
"Main",500,"Gaussian",677,"Semiparametric",TRUE
"Main",200,"Asymmetric mixture",401,"OLS",TRUE
"Main",200,"Asymmetric mixture",401,"Semiparametric",FALSE
"Main",200,"Skew-normal",312,"OLS",TRUE
"Main",200,"Skew-normal",312,"Semiparametric",TRUE
"Main",500,"Gaussian",446,"OLS",TRUE
"Main",500,"Gaussian",446,"Semiparametric",TRUE
"Main",500,"Gaussian",935,"OLS",TRUE
"Main",500,"Gaussian",935,"Semiparametric",TRUE
"Main",500,"Symmetric bimodal",337,"OLS",TRUE
"Main",500,"Symmetric bimodal",337,"Semiparametric",TRUE
"Main",200,"Skew-normal",543,"OLS",TRUE
"Main",200,"Skew-normal",543,"Semiparametric",TRUE
"Main",500,"Symmetric bimodal",564,"OLS",TRUE
"Main",500,"Symmetric bimodal",564,"Semiparametric",TRUE
"Main",200,"Gaussian",199,"OLS",TRUE
"Main",200,"Gaussian",199,"Semiparametric",TRUE
"Main",200,"Asymmetric mixture",34,"OLS",TRUE
"Main",200,"Asymmetric mixture",34,"Semiparametric",TRUE
"Main",500,"Gaussian",115,"OLS",TRUE
"Main",500,"Gaussian",115,"Semiparametric",TRUE
"Main",500,"Symmetric bimodal",777,"OLS",TRUE
"Main",500,"Symmetric bimodal",777,"Semiparametric",TRUE
"Main",500,"Symmetric bimodal",543,"OLS",TRUE
"Main",500,"Symmetric bimodal",543,"Semiparametric",TRUE
"Main",500,"Asymmetric mixture",547,"OLS",TRUE
"Main",500,"Asymmetric mixture",547,"Semiparametric",TRUE
"Main",200,"Skew-normal",67,"OLS",TRUE
"Main",200,"Skew-normal",67,"Semiparametric",TRUE
"Main",200,"Symmetric bimodal",169,"OLS",TRUE
"Main",200,"Symmetric bimodal",169,"Semiparametric",TRUE
"Main",200,"Symmetric bimodal",214,"OLS",TRUE
"Main",200,"Symmetric bimodal",214,"Semiparametric",TRUE
"Main",200,"Gaussian",103,"OLS",TRUE
"Main",200,"Gaussian",103,"Semiparametric",TRUE
"Main",500,"Skew-normal",809,"OLS",TRUE
"Main",500,"Skew-normal",809,"Semiparametric",TRUE
"Main",500,"Asymmetric mixture",26,"OLS",TRUE
"Main",500,"Asymmetric mixture",26,"Semiparametric",TRUE
"Main",500,"Symmetric bimodal",464,"OLS",TRUE
"Main",500,"Symmetric bimodal",464,"Semiparametric",TRUE
"Main",200,"Skew-normal",103,"OLS",TRUE
"Main",200,"Skew-normal",103,"Semiparametric",TRUE
"Main",200,"Symmetric bimodal",490,"OLS",TRUE
"Main",200,"Symmetric bimodal",490,"Semiparametric",TRUE
"Main",200,"Skew-normal",661,"OLS",TRUE
"Main",200,"Skew-normal",661,"Semiparametric",TRUE
"Main",500,"Skew-normal",793,"OLS",TRUE
"Main",500,"Skew-normal",793,"Semiparametric",TRUE
"Main",200,"Gaussian",956,"OLS",TRUE
"Main",200,"Gaussian",956,"Semiparametric",TRUE
"Main",500,"Asymmetric mixture",290,"OLS",TRUE
"Main",500,"Asymmetric mixture",290,"Semiparametric",TRUE
"Main",500,"Asymmetric mixture",631,"OLS",TRUE
"Main",500,"Asymmetric mixture",631,"Semiparametric",TRUE
"Main",200,"Gaussian",970,"OLS",TRUE
"Main",200,"Gaussian",970,"Semiparametric",TRUE
"Main",200,"Skew-normal",408,"OLS",TRUE
"Main",200,"Skew-normal",408,"Semiparametric",TRUE
"Main",200,"Asymmetric mixture",131,"OLS",TRUE
"Main",200,"Asymmetric mixture",131,"Semiparametric",TRUE
"Main",500,"Asymmetric mixture",586,"OLS",TRUE
"Main",500,"Asymmetric mixture",586,"Semiparametric",TRUE
"Main",200,"Skew-normal",914,"OLS",TRUE
"Main",200,"Skew-normal",914,"Semiparametric",TRUE
"Main",200,"Gaussian",283,"OLS",TRUE
"Main",200,"Gaussian",283,"Semiparametric",TRUE
"Main",200,"Skew-normal",812,"OLS",TRUE
"Main",200,"Skew-normal",812,"Semiparametric",TRUE
"Main",500,"Gaussian",604,"OLS",TRUE
"Main",500,"Gaussian",604,"Semiparametric",TRUE
"Main",200,"Skew-normal",73,"OLS",TRUE
"Main",200,"Skew-normal",73,"Semiparametric",TRUE
"Main",500,"Asymmetric mixture",392,"OLS",TRUE
"Main",500,"Asymmetric mixture",392,"Semiparametric",TRUE
"Main",500,"Skew-normal",335,"OLS",TRUE
"Main",500,"Skew-normal",335,"Semiparametric",TRUE
"Main",200,"Gaussian",18,"OLS",TRUE
"Main",200,"Gaussian",18,"Semiparametric",TRUE
"Main",500,"Asymmetric mixture",86,"OLS",TRUE
"Main",500,"Asymmetric mixture",86,"Semiparametric",TRUE
"Main",200,"Symmetric bimodal",196,"OLS",TRUE
"Main",200,"Symmetric bimodal",196,"Semiparametric",TRUE
"Main",200,"Asymmetric mixture",82,"OLS",TRUE
"Main",200,"Asymmetric mixture",82,"Semiparametric",TRUE
"Main",200,"Gaussian",567,"OLS",TRUE
"Main",200,"Gaussian",567,"Semiparametric",TRUE
"Main",500,"Gaussian",868,"OLS",TRUE
"Main",500,"Gaussian",868,"Semiparametric",TRUE
"Main",500,"Symmetric bimodal",667,"OLS",TRUE
"Main",500,"Symmetric bimodal",667,"Semiparametric",TRUE
"Main",500,"Symmetric bimodal",517,"OLS",TRUE
"Main",500,"Symmetric bimodal",517,"Semiparametric",TRUE
"Main",500,"Symmetric bimodal",780,"OLS",TRUE
"Main",500,"Symmetric bimodal",780,"Semiparametric",TRUE
"Main",500,"Symmetric bimodal",420,"OLS",TRUE
"Main",500,"Symmetric bimodal",420,"Semiparametric",TRUE
"Main",200,"Asymmetric mixture",934,"OLS",TRUE
"Main",200,"Asymmetric mixture",934,"Semiparametric",TRUE
"Main",500,"Gaussian",904,"OLS",TRUE
"Main",500,"Gaussian",904,"Semiparametric",TRUE
"Main",200,"Gaussian",226,"OLS",TRUE
"Main",200,"Gaussian",226,"Semiparametric",TRUE
"Main",200,"Asymmetric mixture",280,"OLS",TRUE
"Main",200,"Asymmetric mixture",280,"Semiparametric",TRUE
"Main",500,"Gaussian",396,"OLS",TRUE
"Main",500,"Gaussian",396,"Semiparametric",TRUE
"Main",500,"Asymmetric mixture",815,"OLS",TRUE
"Main",500,"Asymmetric mixture",815,"Semiparametric",TRUE
"Main",200,"Asymmetric mixture",317,"OLS",TRUE
"Main",200,"Asymmetric mixture",317,"Semiparametric",TRUE
"Main",500,"Symmetric bimodal",845,"OLS",TRUE
"Main",500,"Symmetric bimodal",845,"Semiparametric",TRUE
"Main",200,"Gaussian",320,"OLS",TRUE
"Main",200,"Gaussian",320,"Semiparametric",TRUE
"Main",500,"Symmetric bimodal",306,"OLS",TRUE
"Main",500,"Symmetric bimodal",306,"Semiparametric",TRUE
"Main",200,"Symmetric bimodal",982,"OLS",TRUE
"Main",200,"Symmetric bimodal",982,"Semiparametric",TRUE
"Main",500,"Symmetric bimodal",283,"OLS",TRUE
"Main",500,"Symmetric bimodal",283,"Semiparametric",TRUE
"Main",200,"Skew-normal",839,"OLS",TRUE
"Main",200,"Skew-normal",839,"Semiparametric",TRUE
"Main",500,"Symmetric bimodal",787,"OLS",TRUE
"Main",500,"Symmetric bimodal",787,"Semiparametric",TRUE
"Main",500,"Gaussian",981,"OLS",TRUE
"Main",500,"Gaussian",981,"Semiparametric",TRUE
"Main",200,"Gaussian",804,"OLS",TRUE
"Main",200,"Gaussian",804,"Semiparametric",TRUE
"Main",500,"Gaussian",748,"OLS",TRUE
"Main",500,"Gaussian",748,"Semiparametric",TRUE
"Main",500,"Skew-normal",37,"OLS",TRUE
"Main",500,"Skew-normal",37,"Semiparametric",TRUE
"Main",500,"Gaussian",922,"OLS",TRUE
"Main",500,"Gaussian",922,"Semiparametric",TRUE
"Main",200,"Symmetric bimodal",296,"OLS",TRUE
"Main",200,"Symmetric bimodal",296,"Semiparametric",TRUE
"Main",500,"Gaussian",178,"OLS",TRUE
"Main",500,"Gaussian",178,"Semiparametric",TRUE
"Main",200,"Skew-normal",758,"OLS",TRUE
"Main",200,"Skew-normal",758,"Semiparametric",TRUE
"Main",500,"Gaussian",370,"OLS",TRUE
"Main",500,"Gaussian",370,"Semiparametric",TRUE
"Main",200,"Skew-normal",847,"OLS",TRUE
"Main",200,"Skew-normal",847,"Semiparametric",TRUE
"Main",200,"Asymmetric mixture",443,"OLS",TRUE
"Main",200,"Asymmetric mixture",443,"Semiparametric",TRUE
"Main",500,"Asymmetric mixture",695,"OLS",TRUE
"Main",500,"Asymmetric mixture",695,"Semiparametric",TRUE
"Main",200,"Asymmetric mixture",863,"OLS",TRUE
"Main",200,"Asymmetric mixture",863,"Semiparametric",TRUE
"Main",200,"Symmetric bimodal",197,"OLS",TRUE
"Main",200,"Symmetric bimodal",197,"Semiparametric",TRUE
"Main",500,"Skew-normal",282,"OLS",TRUE
"Main",500,"Skew-normal",282,"Semiparametric",TRUE
"Main",500,"Asymmetric mixture",855,"OLS",TRUE
"Main",500,"Asymmetric mixture",855,"Semiparametric",TRUE
"Main",200,"Symmetric bimodal",997,"OLS",TRUE
"Main",200,"Symmetric bimodal",997,"Semiparametric",TRUE
"Main",500,"Skew-normal",17,"OLS",TRUE
"Main",500,"Skew-normal",17,"Semiparametric",TRUE
"Main",200,"Symmetric bimodal",861,"OLS",TRUE
"Main",200,"Symmetric bimodal",861,"Semiparametric",TRUE
"Main",200,"Gaussian",877,"OLS",TRUE
"Main",200,"Gaussian",877,"Semiparametric",TRUE
"Main",200,"Gaussian",635,"OLS",TRUE
"Main",200,"Gaussian",635,"Semiparametric",TRUE
"Main",200,"Skew-normal",122,"OLS",TRUE
"Main",200,"Skew-normal",122,"Semiparametric",TRUE
"Main",500,"Skew-normal",21,"OLS",TRUE
"Main",500,"Skew-normal",21,"Semiparametric",TRUE
"Main",200,"Asymmetric mixture",134,"OLS",TRUE
"Main",200,"Asymmetric mixture",134,"Semiparametric",TRUE
"Main",200,"Gaussian",325,"OLS",TRUE
"Main",200,"Gaussian",325,"Semiparametric",TRUE
"Main",500,"Asymmetric mixture",518,"OLS",TRUE
"Main",500,"Asymmetric mixture",518,"Semiparametric",TRUE
"Main",500,"Asymmetric mixture",200,"OLS",TRUE
"Main",500,"Asymmetric mixture",200,"Semiparametric",TRUE
"Main",500,"Asymmetric mixture",92,"OLS",TRUE
"Main",500,"Asymmetric mixture",92,"Semiparametric",TRUE
"Main",500,"Gaussian",600,"OLS",TRUE
"Main",500,"Gaussian",600,"Semiparametric",TRUE
"Main",500,"Asymmetric mixture",259,"OLS",TRUE
"Main",500,"Asymmetric mixture",259,"Semiparametric",TRUE
"Main",500,"Skew-normal",431,"OLS",TRUE
"Main",500,"Skew-normal",431,"Semiparametric",TRUE
"Main",200,"Symmetric bimodal",306,"OLS",TRUE
"Main",200,"Symmetric bimodal",306,"Semiparametric",FALSE
"Main",500,"Asymmetric mixture",309,"OLS",TRUE
"Main",500,"Asymmetric mixture",309,"Semiparametric",TRUE
"Main",200,"Skew-normal",725,"OLS",TRUE
"Main",200,"Skew-normal",725,"Semiparametric",TRUE
"Main",200,"Asymmetric mixture",982,"OLS",TRUE
"Main",200,"Asymmetric mixture",982,"Semiparametric",TRUE
"Main",200,"Skew-normal",778,"OLS",TRUE
"Main",200,"Skew-normal",778,"Semiparametric",TRUE
"Main",200,"Asymmetric mixture",959,"OLS",TRUE
"Main",200,"Asymmetric mixture",959,"Semiparametric",TRUE
"Main",500,"Symmetric bimodal",403,"OLS",TRUE
"Main",500,"Symmetric bimodal",403,"Semiparametric",TRUE
"Main",500,"Asymmetric mixture",793,"OLS",TRUE
"Main",500,"Asymmetric mixture",793,"Semiparametric",TRUE
"Main",200,"Skew-normal",184,"OLS",TRUE
"Main",200,"Skew-normal",184,"Semiparametric",TRUE
"Main",500,"Symmetric bimodal",338,"OLS",TRUE
"Main",500,"Symmetric bimodal",338,"Semiparametric",TRUE
"Main",200,"Gaussian",489,"OLS",TRUE
"Main",200,"Gaussian",489,"Semiparametric",TRUE
"Main",200,"Symmetric bimodal",162,"OLS",TRUE
"Main",200,"Symmetric bimodal",162,"Semiparametric",TRUE
"Main",500,"Skew-normal",484,"OLS",TRUE
"Main",500,"Skew-normal",484,"Semiparametric",TRUE
"Main",500,"Gaussian",326,"OLS",TRUE
"Main",500,"Gaussian",326,"Semiparametric",TRUE
"Main",200,"Skew-normal",828,"OLS",TRUE
"Main",200,"Skew-normal",828,"Semiparametric",TRUE
"Main",200,"Skew-normal",664,"OLS",TRUE
"Main",200,"Skew-normal",664,"Semiparametric",TRUE
"Main",200,"Symmetric bimodal",441,"OLS",TRUE
"Main",200,"Symmetric bimodal",441,"Semiparametric",TRUE
"Main",200,"Symmetric bimodal",387,"OLS",TRUE
"Main",200,"Symmetric bimodal",387,"Semiparametric",TRUE
"Main",500,"Gaussian",121,"OLS",TRUE
"Main",500,"Gaussian",121,"Semiparametric",TRUE
"Main",500,"Asymmetric mixture",135,"OLS",TRUE
"Main",500,"Asymmetric mixture",135,"Semiparametric",TRUE
"Main",500,"Symmetric bimodal",980,"OLS",TRUE
"Main",500,"Symmetric bimodal",980,"Semiparametric",TRUE
"Main",500,"Gaussian",62,"OLS",TRUE
"Main",500,"Gaussian",62,"Semiparametric",TRUE
"Main",200,"Asymmetric mixture",100,"OLS",TRUE
"Main",200,"Asymmetric mixture",100,"Semiparametric",TRUE
"Main",500,"Asymmetric mixture",498,"OLS",TRUE
"Main",500,"Asymmetric mixture",498,"Semiparametric",TRUE
"Main",200,"Gaussian",162,"OLS",TRUE
"Main",200,"Gaussian",162,"Semiparametric",TRUE
"Main",200,"Skew-normal",716,"OLS",TRUE
"Main",200,"Skew-normal",716,"Semiparametric",TRUE
"Main",500,"Asymmetric mixture",131,"OLS",TRUE
"Main",500,"Asymmetric mixture",131,"Semiparametric",TRUE
"Main",500,"Gaussian",766,"OLS",TRUE
"Main",500,"Gaussian",766,"Semiparametric",TRUE
"Main",200,"Skew-normal",402,"OLS",TRUE
"Main",200,"Skew-normal",402,"Semiparametric",TRUE
"Main",200,"Asymmetric mixture",995,"OLS",TRUE
"Main",200,"Asymmetric mixture",995,"Semiparametric",TRUE
"Main",200,"Skew-normal",929,"OLS",TRUE
"Main",200,"Skew-normal",929,"Semiparametric",TRUE
"Main",500,"Symmetric bimodal",853,"OLS",TRUE
"Main",500,"Symmetric bimodal",853,"Semiparametric",TRUE
"Main",200,"Skew-normal",106,"OLS",TRUE
"Main",200,"Skew-normal",106,"Semiparametric",TRUE
"Main",500,"Skew-normal",75,"OLS",TRUE
"Main",500,"Skew-normal",75,"Semiparametric",TRUE
"Main",500,"Gaussian",296,"OLS",TRUE
"Main",500,"Gaussian",296,"Semiparametric",TRUE
"Main",200,"Asymmetric mixture",368,"OLS",TRUE
"Main",200,"Asymmetric mixture",368,"Semiparametric",FALSE
"Main",500,"Symmetric bimodal",314,"OLS",TRUE
"Main",500,"Symmetric bimodal",314,"Semiparametric",TRUE
"Main",200,"Symmetric bimodal",406,"OLS",TRUE
"Main",200,"Symmetric bimodal",406,"Semiparametric",TRUE
"Main",200,"Gaussian",996,"OLS",TRUE
"Main",200,"Gaussian",996,"Semiparametric",TRUE
"Main",200,"Asymmetric mixture",415,"OLS",TRUE
"Main",200,"Asymmetric mixture",415,"Semiparametric",TRUE
"Main",200,"Skew-normal",707,"OLS",TRUE
"Main",200,"Skew-normal",707,"Semiparametric",TRUE
"Main",500,"Skew-normal",163,"OLS",TRUE
"Main",500,"Skew-normal",163,"Semiparametric",TRUE
"Main",500,"Asymmetric mixture",145,"OLS",TRUE
"Main",500,"Asymmetric mixture",145,"Semiparametric",TRUE
"Main",500,"Skew-normal",252,"OLS",TRUE
"Main",500,"Skew-normal",252,"Semiparametric",TRUE
"Main",200,"Skew-normal",109,"OLS",TRUE
"Main",200,"Skew-normal",109,"Semiparametric",TRUE
"Main",500,"Skew-normal",800,"OLS",TRUE
"Main",500,"Skew-normal",800,"Semiparametric",TRUE
"Main",500,"Symmetric bimodal",779,"OLS",TRUE
"Main",500,"Symmetric bimodal",779,"Semiparametric",TRUE
"Main",500,"Skew-normal",147,"OLS",TRUE
"Main",500,"Skew-normal",147,"Semiparametric",TRUE
"Main",500,"Asymmetric mixture",486,"OLS",TRUE
"Main",500,"Asymmetric mixture",486,"Semiparametric",TRUE
"Main",200,"Gaussian",483,"OLS",TRUE
"Main",200,"Gaussian",483,"Semiparametric",TRUE
"Main",500,"Symmetric bimodal",992,"OLS",TRUE
"Main",500,"Symmetric bimodal",992,"Semiparametric",TRUE
"Main",200,"Gaussian",854,"OLS",TRUE
"Main",200,"Gaussian",854,"Semiparametric",TRUE
"Main",200,"Skew-normal",557,"OLS",TRUE
"Main",200,"Skew-normal",557,"Semiparametric",TRUE
"Main",500,"Skew-normal",575,"OLS",TRUE
"Main",500,"Skew-normal",575,"Semiparametric",TRUE
"Main",500,"Gaussian",409,"OLS",TRUE
"Main",500,"Gaussian",409,"Semiparametric",TRUE
"Main",200,"Gaussian",872,"OLS",TRUE
"Main",200,"Gaussian",872,"Semiparametric",TRUE
"Main",500,"Skew-normal",239,"OLS",TRUE
"Main",500,"Skew-normal",239,"Semiparametric",TRUE
"Main",500,"Asymmetric mixture",972,"OLS",TRUE
"Main",500,"Asymmetric mixture",972,"Semiparametric",TRUE
"Main",500,"Skew-normal",503,"OLS",TRUE
"Main",500,"Skew-normal",503,"Semiparametric",TRUE
"Main",500,"Asymmetric mixture",426,"OLS",TRUE
"Main",500,"Asymmetric mixture",426,"Semiparametric",TRUE
"Main",500,"Gaussian",157,"OLS",TRUE
"Main",500,"Gaussian",157,"Semiparametric",TRUE
"Main",500,"Skew-normal",407,"OLS",TRUE
"Main",500,"Skew-normal",407,"Semiparametric",TRUE
"Main",500,"Symmetric bimodal",439,"OLS",TRUE
"Main",500,"Symmetric bimodal",439,"Semiparametric",TRUE
"Main",500,"Asymmetric mixture",338,"OLS",TRUE
"Main",500,"Asymmetric mixture",338,"Semiparametric",TRUE
"Main",200,"Gaussian",499,"OLS",TRUE
"Main",200,"Gaussian",499,"Semiparametric",TRUE
"Main",200,"Skew-normal",317,"OLS",TRUE
"Main",200,"Skew-normal",317,"Semiparametric",TRUE
"Main",500,"Asymmetric mixture",897,"OLS",TRUE
"Main",500,"Asymmetric mixture",897,"Semiparametric",TRUE
"Main",200,"Symmetric bimodal",971,"OLS",TRUE
"Main",200,"Symmetric bimodal",971,"Semiparametric",FALSE
"Main",200,"Skew-normal",62,"OLS",TRUE
"Main",200,"Skew-normal",62,"Semiparametric",TRUE
"Main",200,"Skew-normal",309,"OLS",TRUE
"Main",200,"Skew-normal",309,"Semiparametric",TRUE
"Main",200,"Skew-normal",634,"OLS",TRUE
"Main",200,"Skew-normal",634,"Semiparametric",TRUE
"Main",200,"Asymmetric mixture",600,"OLS",TRUE
"Main",200,"Asymmetric mixture",600,"Semiparametric",TRUE
"Main",500,"Gaussian",581,"OLS",TRUE
"Main",500,"Gaussian",581,"Semiparametric",TRUE
"Main",200,"Skew-normal",679,"OLS",TRUE
"Main",200,"Skew-normal",679,"Semiparametric",TRUE
"Main",200,"Gaussian",802,"OLS",TRUE
"Main",200,"Gaussian",802,"Semiparametric",TRUE
"Main",500,"Skew-normal",891,"OLS",TRUE
"Main",500,"Skew-normal",891,"Semiparametric",TRUE
"Main",500,"Gaussian",878,"OLS",TRUE
"Main",500,"Gaussian",878,"Semiparametric",TRUE
"Main",500,"Asymmetric mixture",256,"OLS",TRUE
"Main",500,"Asymmetric mixture",256,"Semiparametric",TRUE
"Main",500,"Symmetric bimodal",896,"OLS",TRUE
"Main",500,"Symmetric bimodal",896,"Semiparametric",TRUE
"Main",200,"Skew-normal",809,"OLS",TRUE
"Main",200,"Skew-normal",809,"Semiparametric",TRUE
"Main",200,"Symmetric bimodal",284,"OLS",TRUE
"Main",200,"Symmetric bimodal",284,"Semiparametric",TRUE
"Main",500,"Skew-normal",393,"OLS",TRUE
"Main",500,"Skew-normal",393,"Semiparametric",TRUE
"Main",500,"Skew-normal",604,"OLS",TRUE
"Main",500,"Skew-normal",604,"Semiparametric",TRUE
"Main",500,"Skew-normal",358,"OLS",TRUE
"Main",500,"Skew-normal",358,"Semiparametric",TRUE
"Main",200,"Asymmetric mixture",535,"OLS",TRUE
"Main",200,"Asymmetric mixture",535,"Semiparametric",TRUE
"Main",500,"Asymmetric mixture",209,"OLS",TRUE
"Main",500,"Asymmetric mixture",209,"Semiparametric",TRUE
"Main",200,"Skew-normal",495,"OLS",TRUE
"Main",200,"Skew-normal",495,"Semiparametric",TRUE
"Main",200,"Skew-normal",478,"OLS",TRUE
"Main",200,"Skew-normal",478,"Semiparametric",TRUE
"Main",200,"Symmetric bimodal",262,"OLS",TRUE
"Main",200,"Symmetric bimodal",262,"Semiparametric",TRUE
"Main",200,"Skew-normal",157,"OLS",TRUE
"Main",200,"Skew-normal",157,"Semiparametric",TRUE
"Main",500,"Skew-normal",273,"OLS",TRUE
"Main",500,"Skew-normal",273,"Semiparametric",TRUE
"Main",200,"Asymmetric mixture",115,"OLS",TRUE
"Main",200,"Asymmetric mixture",115,"Semiparametric",TRUE
"Main",200,"Asymmetric mixture",965,"OLS",TRUE
"Main",200,"Asymmetric mixture",965,"Semiparametric",TRUE
"Main",500,"Gaussian",259,"OLS",TRUE
"Main",500,"Gaussian",259,"Semiparametric",TRUE
"Main",200,"Skew-normal",97,"OLS",TRUE
"Main",200,"Skew-normal",97,"Semiparametric",TRUE
"Main",200,"Gaussian",731,"OLS",TRUE
"Main",200,"Gaussian",731,"Semiparametric",TRUE
"Main",500,"Skew-normal",86,"OLS",TRUE
"Main",500,"Skew-normal",86,"Semiparametric",TRUE
"Main",500,"Asymmetric mixture",353,"OLS",TRUE
"Main",500,"Asymmetric mixture",353,"Semiparametric",TRUE
"Main",200,"Asymmetric mixture",327,"OLS",TRUE
"Main",200,"Asymmetric mixture",327,"Semiparametric",TRUE
"Main",500,"Asymmetric mixture",828,"OLS",TRUE
"Main",500,"Asymmetric mixture",828,"Semiparametric",TRUE
"Main",200,"Gaussian",376,"OLS",TRUE
"Main",200,"Gaussian",376,"Semiparametric",TRUE
"Main",200,"Symmetric bimodal",20,"OLS",TRUE
"Main",200,"Symmetric bimodal",20,"Semiparametric",TRUE
"Main",500,"Gaussian",640,"OLS",TRUE
"Main",500,"Gaussian",640,"Semiparametric",TRUE
"Main",200,"Gaussian",140,"OLS",TRUE
"Main",200,"Gaussian",140,"Semiparametric",TRUE
"Main",200,"Gaussian",530,"OLS",TRUE
"Main",200,"Gaussian",530,"Semiparametric",TRUE
"Main",500,"Asymmetric mixture",513,"OLS",TRUE
"Main",500,"Asymmetric mixture",513,"Semiparametric",TRUE
"Main",200,"Asymmetric mixture",677,"OLS",TRUE
"Main",200,"Asymmetric mixture",677,"Semiparametric",TRUE
"Main",200,"Symmetric bimodal",209,"OLS",TRUE
"Main",200,"Symmetric bimodal",209,"Semiparametric",TRUE
"Main",500,"Skew-normal",64,"OLS",TRUE
"Main",500,"Skew-normal",64,"Semiparametric",TRUE
"Main",200,"Skew-normal",893,"OLS",TRUE
"Main",200,"Skew-normal",893,"Semiparametric",TRUE
"Main",200,"Symmetric bimodal",43,"OLS",TRUE
"Main",200,"Symmetric bimodal",43,"Semiparametric",TRUE
"Main",500,"Asymmetric mixture",948,"OLS",TRUE
"Main",500,"Asymmetric mixture",948,"Semiparametric",TRUE
"Main",500,"Asymmetric mixture",153,"OLS",TRUE
"Main",500,"Asymmetric mixture",153,"Semiparametric",TRUE
"Main",500,"Asymmetric mixture",252,"OLS",TRUE
"Main",500,"Asymmetric mixture",252,"Semiparametric",TRUE
"Main",500,"Symmetric bimodal",30,"OLS",TRUE
"Main",500,"Symmetric bimodal",30,"Semiparametric",TRUE
"Main",500,"Skew-normal",824,"OLS",TRUE
"Main",500,"Skew-normal",824,"Semiparametric",TRUE
"Main",200,"Gaussian",764,"OLS",TRUE
"Main",200,"Gaussian",764,"Semiparametric",TRUE
"Main",200,"Symmetric bimodal",415,"OLS",TRUE
"Main",200,"Symmetric bimodal",415,"Semiparametric",TRUE
"Main",200,"Gaussian",13,"OLS",TRUE
"Main",200,"Gaussian",13,"Semiparametric",TRUE
"Main",200,"Asymmetric mixture",411,"OLS",TRUE
"Main",200,"Asymmetric mixture",411,"Semiparametric",FALSE
"Main",200,"Asymmetric mixture",219,"OLS",TRUE
"Main",200,"Asymmetric mixture",219,"Semiparametric",TRUE
"Main",200,"Gaussian",278,"OLS",TRUE
"Main",200,"Gaussian",278,"Semiparametric",TRUE
"Main",500,"Asymmetric mixture",533,"OLS",TRUE
"Main",500,"Asymmetric mixture",533,"Semiparametric",TRUE
"Main",200,"Gaussian",276,"OLS",TRUE
"Main",200,"Gaussian",276,"Semiparametric",TRUE
"Main",500,"Asymmetric mixture",64,"OLS",TRUE
"Main",500,"Asymmetric mixture",64,"Semiparametric",TRUE
"Main",500,"Asymmetric mixture",618,"OLS",TRUE
"Main",500,"Asymmetric mixture",618,"Semiparametric",TRUE
"Main",500,"Gaussian",900,"OLS",TRUE
"Main",500,"Gaussian",900,"Semiparametric",TRUE
"Main",500,"Symmetric bimodal",621,"OLS",TRUE
"Main",500,"Symmetric bimodal",621,"Semiparametric",TRUE
"Main",500,"Symmetric bimodal",368,"OLS",TRUE
"Main",500,"Symmetric bimodal",368,"Semiparametric",TRUE
"Main",500,"Skew-normal",53,"OLS",TRUE
"Main",500,"Skew-normal",53,"Semiparametric",TRUE
"Main",200,"Symmetric bimodal",42,"OLS",TRUE
"Main",200,"Symmetric bimodal",42,"Semiparametric",TRUE
"Main",200,"Gaussian",619,"OLS",TRUE
"Main",200,"Gaussian",619,"Semiparametric",TRUE
"Main",200,"Symmetric bimodal",2,"OLS",TRUE
"Main",200,"Symmetric bimodal",2,"Semiparametric",TRUE
"Main",200,"Skew-normal",958,"OLS",TRUE
"Main",200,"Skew-normal",958,"Semiparametric",TRUE
"Main",500,"Gaussian",344,"OLS",TRUE
"Main",500,"Gaussian",344,"Semiparametric",TRUE
"Main",500,"Asymmetric mixture",245,"OLS",TRUE
"Main",500,"Asymmetric mixture",245,"Semiparametric",TRUE
"Main",500,"Skew-normal",376,"OLS",TRUE
"Main",500,"Skew-normal",376,"Semiparametric",TRUE
"Main",200,"Gaussian",542,"OLS",TRUE
"Main",200,"Gaussian",542,"Semiparametric",TRUE
"Main",500,"Gaussian",445,"OLS",TRUE
"Main",500,"Gaussian",445,"Semiparametric",TRUE
"Main",200,"Gaussian",494,"OLS",TRUE
"Main",200,"Gaussian",494,"Semiparametric",TRUE
"Main",500,"Asymmetric mixture",161,"OLS",TRUE
"Main",500,"Asymmetric mixture",161,"Semiparametric",TRUE
"Main",200,"Gaussian",838,"OLS",TRUE
"Main",200,"Gaussian",838,"Semiparametric",TRUE
"Main",500,"Asymmetric mixture",438,"OLS",TRUE
"Main",500,"Asymmetric mixture",438,"Semiparametric",TRUE
"Main",200,"Symmetric bimodal",565,"OLS",TRUE
"Main",200,"Symmetric bimodal",565,"Semiparametric",TRUE
"Main",200,"Symmetric bimodal",685,"OLS",TRUE
"Main",200,"Symmetric bimodal",685,"Semiparametric",TRUE
"Main",200,"Gaussian",423,"OLS",TRUE
"Main",200,"Gaussian",423,"Semiparametric",TRUE
"Main",200,"Skew-normal",140,"OLS",TRUE
"Main",200,"Skew-normal",140,"Semiparametric",TRUE
"Main",500,"Skew-normal",360,"OLS",TRUE
"Main",500,"Skew-normal",360,"Semiparametric",TRUE
"Main",200,"Gaussian",781,"OLS",TRUE
"Main",200,"Gaussian",781,"Semiparametric",TRUE
"Main",500,"Gaussian",973,"OLS",TRUE
"Main",500,"Gaussian",973,"Semiparametric",TRUE
"Main",200,"Skew-normal",889,"OLS",TRUE
"Main",200,"Skew-normal",889,"Semiparametric",TRUE
"Main",200,"Symmetric bimodal",992,"OLS",TRUE
"Main",200,"Symmetric bimodal",992,"Semiparametric",TRUE
"Main",500,"Gaussian",384,"OLS",TRUE
"Main",500,"Gaussian",384,"Semiparametric",TRUE
"Main",200,"Symmetric bimodal",402,"OLS",TRUE
"Main",200,"Symmetric bimodal",402,"Semiparametric",TRUE
"Main",500,"Gaussian",706,"OLS",TRUE
"Main",500,"Gaussian",706,"Semiparametric",TRUE
"Main",200,"Skew-normal",769,"OLS",TRUE
"Main",200,"Skew-normal",769,"Semiparametric",TRUE
"Main",200,"Asymmetric mixture",420,"OLS",TRUE
"Main",200,"Asymmetric mixture",420,"Semiparametric",TRUE
"Main",200,"Asymmetric mixture",274,"OLS",TRUE
"Main",200,"Asymmetric mixture",274,"Semiparametric",TRUE
"Main",500,"Skew-normal",573,"OLS",TRUE
"Main",500,"Skew-normal",573,"Semiparametric",TRUE
"Main",500,"Skew-normal",509,"OLS",TRUE
"Main",500,"Skew-normal",509,"Semiparametric",TRUE
"Main",200,"Symmetric bimodal",535,"OLS",TRUE
"Main",200,"Symmetric bimodal",535,"Semiparametric",TRUE
"Main",500,"Gaussian",846,"OLS",TRUE
"Main",500,"Gaussian",846,"Semiparametric",TRUE
"Main",500,"Skew-normal",546,"OLS",TRUE
"Main",500,"Skew-normal",546,"Semiparametric",TRUE
"Main",500,"Skew-normal",9,"OLS",TRUE
"Main",500,"Skew-normal",9,"Semiparametric",TRUE
"Main",500,"Symmetric bimodal",336,"OLS",TRUE
"Main",500,"Symmetric bimodal",336,"Semiparametric",TRUE
"Main",500,"Asymmetric mixture",963,"OLS",TRUE
"Main",500,"Asymmetric mixture",963,"Semiparametric",TRUE
"Main",500,"Skew-normal",534,"OLS",TRUE
"Main",500,"Skew-normal",534,"Semiparametric",TRUE
"Main",500,"Symmetric bimodal",761,"OLS",TRUE
"Main",500,"Symmetric bimodal",761,"Semiparametric",TRUE
"Main",500,"Asymmetric mixture",941,"OLS",TRUE
"Main",500,"Asymmetric mixture",941,"Semiparametric",TRUE
"Main",200,"Symmetric bimodal",641,"OLS",TRUE
"Main",200,"Symmetric bimodal",641,"Semiparametric",TRUE
"Main",500,"Symmetric bimodal",782,"OLS",TRUE
"Main",500,"Symmetric bimodal",782,"Semiparametric",TRUE
"Main",500,"Asymmetric mixture",777,"OLS",TRUE
"Main",500,"Asymmetric mixture",777,"Semiparametric",TRUE
"Main",200,"Symmetric bimodal",54,"OLS",TRUE
"Main",200,"Symmetric bimodal",54,"Semiparametric",TRUE
"Main",500,"Skew-normal",775,"OLS",TRUE
"Main",500,"Skew-normal",775,"Semiparametric",TRUE
"Main",500,"Asymmetric mixture",246,"OLS",TRUE
"Main",500,"Asymmetric mixture",246,"Semiparametric",TRUE
"Main",200,"Symmetric bimodal",141,"OLS",TRUE
"Main",200,"Symmetric bimodal",141,"Semiparametric",TRUE
"Main",200,"Asymmetric mixture",423,"OLS",TRUE
"Main",200,"Asymmetric mixture",423,"Semiparametric",TRUE
"Main",200,"Symmetric bimodal",64,"OLS",TRUE
"Main",200,"Symmetric bimodal",64,"Semiparametric",TRUE
"Main",200,"Gaussian",885,"OLS",TRUE
"Main",200,"Gaussian",885,"Semiparametric",TRUE
"Main",200,"Skew-normal",247,"OLS",TRUE
"Main",200,"Skew-normal",247,"Semiparametric",TRUE
"Main",200,"Gaussian",79,"OLS",TRUE
"Main",200,"Gaussian",79,"Semiparametric",TRUE
"Main",200,"Symmetric bimodal",48,"OLS",TRUE
"Main",200,"Symmetric bimodal",48,"Semiparametric",TRUE
"Main",500,"Asymmetric mixture",553,"OLS",TRUE
"Main",500,"Asymmetric mixture",553,"Semiparametric",TRUE
"Main",200,"Symmetric bimodal",573,"OLS",TRUE
"Main",200,"Symmetric bimodal",573,"Semiparametric",FALSE
"Main",200,"Gaussian",729,"OLS",TRUE
"Main",200,"Gaussian",729,"Semiparametric",TRUE
"Main",500,"Skew-normal",788,"OLS",TRUE
"Main",500,"Skew-normal",788,"Semiparametric",TRUE
"Main",500,"Symmetric bimodal",913,"OLS",TRUE
"Main",500,"Symmetric bimodal",913,"Semiparametric",TRUE
"Main",200,"Skew-normal",783,"OLS",TRUE
"Main",200,"Skew-normal",783,"Semiparametric",TRUE
"Main",500,"Gaussian",841,"OLS",TRUE
"Main",500,"Gaussian",841,"Semiparametric",TRUE
"Main",200,"Symmetric bimodal",351,"OLS",TRUE
"Main",200,"Symmetric bimodal",351,"Semiparametric",TRUE
"Main",200,"Skew-normal",741,"OLS",TRUE
"Main",200,"Skew-normal",741,"Semiparametric",TRUE
"Main",200,"Symmetric bimodal",5,"OLS",TRUE
"Main",200,"Symmetric bimodal",5,"Semiparametric",TRUE
"Main",200,"Gaussian",564,"OLS",TRUE
"Main",200,"Gaussian",564,"Semiparametric",TRUE
"Main",200,"Asymmetric mixture",413,"OLS",TRUE
"Main",200,"Asymmetric mixture",413,"Semiparametric",TRUE
"Main",500,"Asymmetric mixture",242,"OLS",TRUE
"Main",500,"Asymmetric mixture",242,"Semiparametric",TRUE
"Main",500,"Gaussian",358,"OLS",TRUE
"Main",500,"Gaussian",358,"Semiparametric",TRUE
"Main",200,"Symmetric bimodal",126,"OLS",TRUE
"Main",200,"Symmetric bimodal",126,"Semiparametric",TRUE
"Main",500,"Gaussian",50,"OLS",TRUE
"Main",500,"Gaussian",50,"Semiparametric",TRUE
"Main",200,"Gaussian",899,"OLS",TRUE
"Main",200,"Gaussian",899,"Semiparametric",TRUE
"Main",500,"Symmetric bimodal",492,"OLS",TRUE
"Main",500,"Symmetric bimodal",492,"Semiparametric",TRUE
"Main",500,"Gaussian",791,"OLS",TRUE
"Main",500,"Gaussian",791,"Semiparametric",TRUE
"Main",200,"Skew-normal",369,"OLS",TRUE
"Main",200,"Skew-normal",369,"Semiparametric",TRUE
"Main",500,"Gaussian",361,"OLS",TRUE
"Main",500,"Gaussian",361,"Semiparametric",TRUE
"Main",200,"Gaussian",627,"OLS",TRUE
"Main",200,"Gaussian",627,"Semiparametric",TRUE
"Main",500,"Skew-normal",803,"OLS",TRUE
"Main",500,"Skew-normal",803,"Semiparametric",TRUE
"Main",200,"Symmetric bimodal",443,"OLS",TRUE
"Main",200,"Symmetric bimodal",443,"Semiparametric",FALSE
"Main",200,"Skew-normal",224,"OLS",TRUE
"Main",200,"Skew-normal",224,"Semiparametric",TRUE
"Main",500,"Gaussian",746,"OLS",TRUE
"Main",500,"Gaussian",746,"Semiparametric",TRUE
"Main",500,"Symmetric bimodal",266,"OLS",TRUE
"Main",500,"Symmetric bimodal",266,"Semiparametric",TRUE
"Main",500,"Skew-normal",356,"OLS",TRUE
"Main",500,"Skew-normal",356,"Semiparametric",TRUE
"Main",500,"Symmetric bimodal",678,"OLS",TRUE
"Main",500,"Symmetric bimodal",678,"Semiparametric",TRUE
"Main",200,"Symmetric bimodal",403,"OLS",TRUE
"Main",200,"Symmetric bimodal",403,"Semiparametric",FALSE
"Main",200,"Gaussian",98,"OLS",TRUE
"Main",200,"Gaussian",98,"Semiparametric",TRUE
"Main",500,"Skew-normal",831,"OLS",TRUE
"Main",500,"Skew-normal",831,"Semiparametric",TRUE
"Main",200,"Asymmetric mixture",262,"OLS",TRUE
"Main",200,"Asymmetric mixture",262,"Semiparametric",TRUE
"Main",200,"Asymmetric mixture",823,"OLS",TRUE
"Main",200,"Asymmetric mixture",823,"Semiparametric",TRUE
"Main",500,"Gaussian",724,"OLS",TRUE
"Main",500,"Gaussian",724,"Semiparametric",TRUE
"Main",200,"Gaussian",661,"OLS",TRUE
"Main",200,"Gaussian",661,"Semiparametric",TRUE
"Main",500,"Skew-normal",645,"OLS",TRUE
"Main",500,"Skew-normal",645,"Semiparametric",TRUE
"Main",200,"Gaussian",467,"OLS",TRUE
"Main",200,"Gaussian",467,"Semiparametric",TRUE
"Main",500,"Gaussian",473,"OLS",TRUE
"Main",500,"Gaussian",473,"Semiparametric",TRUE
"Main",200,"Asymmetric mixture",248,"OLS",TRUE
"Main",200,"Asymmetric mixture",248,"Semiparametric",TRUE
"Main",200,"Gaussian",891,"OLS",TRUE
"Main",200,"Gaussian",891,"Semiparametric",TRUE
"Main",200,"Asymmetric mixture",962,"OLS",TRUE
"Main",200,"Asymmetric mixture",962,"Semiparametric",TRUE
"Main",500,"Symmetric bimodal",941,"OLS",TRUE
"Main",500,"Symmetric bimodal",941,"Semiparametric",TRUE
"Main",200,"Asymmetric mixture",832,"OLS",TRUE
"Main",200,"Asymmetric mixture",832,"Semiparametric",TRUE
"Main",200,"Gaussian",895,"OLS",TRUE
"Main",200,"Gaussian",895,"Semiparametric",TRUE
"Main",500,"Asymmetric mixture",475,"OLS",TRUE
"Main",500,"Asymmetric mixture",475,"Semiparametric",TRUE
"Main",500,"Skew-normal",677,"OLS",TRUE
"Main",500,"Skew-normal",677,"Semiparametric",TRUE
"Main",200,"Asymmetric mixture",827,"OLS",TRUE
"Main",200,"Asymmetric mixture",827,"Semiparametric",TRUE
"Main",500,"Gaussian",955,"OLS",TRUE
"Main",500,"Gaussian",955,"Semiparametric",TRUE
"Main",200,"Skew-normal",660,"OLS",TRUE
"Main",200,"Skew-normal",660,"Semiparametric",TRUE
"Main",200,"Asymmetric mixture",253,"OLS",TRUE
"Main",200,"Asymmetric mixture",253,"Semiparametric",TRUE
"Main",200,"Symmetric bimodal",835,"OLS",TRUE
"Main",200,"Symmetric bimodal",835,"Semiparametric",TRUE
"Main",500,"Symmetric bimodal",874,"OLS",TRUE
"Main",500,"Symmetric bimodal",874,"Semiparametric",TRUE
"Main",500,"Gaussian",100,"OLS",TRUE
"Main",500,"Gaussian",100,"Semiparametric",TRUE
"Main",500,"Symmetric bimodal",233,"OLS",TRUE
"Main",500,"Symmetric bimodal",233,"Semiparametric",TRUE
"Main",500,"Symmetric bimodal",856,"OLS",TRUE
"Main",500,"Symmetric bimodal",856,"Semiparametric",TRUE
"Main",500,"Skew-normal",819,"OLS",TRUE
"Main",500,"Skew-normal",819,"Semiparametric",TRUE
"Main",200,"Asymmetric mixture",310,"OLS",TRUE
"Main",200,"Asymmetric mixture",310,"Semiparametric",TRUE
"Main",500,"Asymmetric mixture",18,"OLS",TRUE
"Main",500,"Asymmetric mixture",18,"Semiparametric",TRUE
"Main",200,"Skew-normal",533,"OLS",TRUE
"Main",200,"Skew-normal",533,"Semiparametric",TRUE
"Main",500,"Symmetric bimodal",132,"OLS",TRUE
"Main",500,"Symmetric bimodal",132,"Semiparametric",TRUE
"Main",500,"Symmetric bimodal",357,"OLS",TRUE
"Main",500,"Symmetric bimodal",357,"Semiparametric",TRUE
"Main",500,"Symmetric bimodal",246,"OLS",TRUE
"Main",500,"Symmetric bimodal",246,"Semiparametric",TRUE
"Main",200,"Asymmetric mixture",873,"OLS",TRUE
"Main",200,"Asymmetric mixture",873,"Semiparametric",FALSE
"Main",500,"Skew-normal",143,"OLS",TRUE
"Main",500,"Skew-normal",143,"Semiparametric",TRUE
"Main",500,"Asymmetric mixture",713,"OLS",TRUE
"Main",500,"Asymmetric mixture",713,"Semiparametric",TRUE
"Main",200,"Symmetric bimodal",775,"OLS",TRUE
"Main",200,"Symmetric bimodal",775,"Semiparametric",TRUE
"Main",500,"Asymmetric mixture",157,"OLS",TRUE
"Main",500,"Asymmetric mixture",157,"Semiparametric",TRUE
"Main",500,"Gaussian",917,"OLS",TRUE
"Main",500,"Gaussian",917,"Semiparametric",TRUE
"Main",500,"Gaussian",449,"OLS",TRUE
"Main",500,"Gaussian",449,"Semiparametric",TRUE
"Main",500,"Gaussian",550,"OLS",TRUE
"Main",500,"Gaussian",550,"Semiparametric",TRUE
"Main",500,"Gaussian",158,"OLS",TRUE
"Main",500,"Gaussian",158,"Semiparametric",TRUE
"Main",500,"Skew-normal",663,"OLS",TRUE
"Main",500,"Skew-normal",663,"Semiparametric",TRUE
"Main",500,"Skew-normal",736,"OLS",TRUE
"Main",500,"Skew-normal",736,"Semiparametric",TRUE
"Main",500,"Symmetric bimodal",141,"OLS",TRUE
"Main",500,"Symmetric bimodal",141,"Semiparametric",TRUE
"Main",500,"Skew-normal",859,"OLS",TRUE
"Main",500,"Skew-normal",859,"Semiparametric",TRUE
"Main",500,"Skew-normal",131,"OLS",TRUE
"Main",500,"Skew-normal",131,"Semiparametric",TRUE
"Main",200,"Skew-normal",102,"OLS",TRUE
"Main",200,"Skew-normal",102,"Semiparametric",TRUE
"Main",500,"Gaussian",126,"OLS",TRUE
"Main",500,"Gaussian",126,"Semiparametric",TRUE
"Main",200,"Skew-normal",806,"OLS",TRUE
"Main",200,"Skew-normal",806,"Semiparametric",TRUE
"Main",500,"Symmetric bimodal",962,"OLS",TRUE
"Main",500,"Symmetric bimodal",962,"Semiparametric",TRUE
"Main",500,"Gaussian",480,"OLS",TRUE
"Main",500,"Gaussian",480,"Semiparametric",TRUE
"Main",500,"Gaussian",484,"OLS",TRUE
"Main",500,"Gaussian",484,"Semiparametric",TRUE
"Main",200,"Skew-normal",744,"OLS",TRUE
"Main",200,"Skew-normal",744,"Semiparametric",TRUE
"Main",200,"Gaussian",975,"OLS",TRUE
"Main",200,"Gaussian",975,"Semiparametric",TRUE
"Main",200,"Skew-normal",277,"OLS",TRUE
"Main",200,"Skew-normal",277,"Semiparametric",TRUE
"Main",500,"Gaussian",546,"OLS",TRUE
"Main",500,"Gaussian",546,"Semiparametric",TRUE
"Main",200,"Skew-normal",872,"OLS",TRUE
"Main",200,"Skew-normal",872,"Semiparametric",TRUE
"Main",500,"Gaussian",140,"OLS",TRUE
"Main",500,"Gaussian",140,"Semiparametric",TRUE
"Main",500,"Symmetric bimodal",614,"OLS",TRUE
"Main",500,"Symmetric bimodal",614,"Semiparametric",TRUE
"Main",200,"Symmetric bimodal",493,"OLS",TRUE
"Main",200,"Symmetric bimodal",493,"Semiparametric",TRUE
"Main",200,"Symmetric bimodal",73,"OLS",TRUE
"Main",200,"Symmetric bimodal",73,"Semiparametric",TRUE
"Main",500,"Asymmetric mixture",689,"OLS",TRUE
"Main",500,"Asymmetric mixture",689,"Semiparametric",TRUE
"Main",500,"Symmetric bimodal",301,"OLS",TRUE
"Main",500,"Symmetric bimodal",301,"Semiparametric",TRUE
"Main",200,"Symmetric bimodal",32,"OLS",TRUE
"Main",200,"Symmetric bimodal",32,"Semiparametric",TRUE
"Main",500,"Symmetric bimodal",502,"OLS",TRUE
"Main",500,"Symmetric bimodal",502,"Semiparametric",TRUE
"Main",500,"Skew-normal",226,"OLS",TRUE
"Main",500,"Skew-normal",226,"Semiparametric",TRUE
"Main",200,"Symmetric bimodal",611,"OLS",TRUE
"Main",200,"Symmetric bimodal",611,"Semiparametric",TRUE
"Main",500,"Skew-normal",925,"OLS",TRUE
"Main",500,"Skew-normal",925,"Semiparametric",TRUE
"Main",200,"Symmetric bimodal",646,"OLS",TRUE
"Main",200,"Symmetric bimodal",646,"Semiparametric",TRUE
"Main",200,"Skew-normal",36,"OLS",TRUE
"Main",200,"Skew-normal",36,"Semiparametric",TRUE
"Main",500,"Gaussian",879,"OLS",TRUE
"Main",500,"Gaussian",879,"Semiparametric",TRUE
"Main",500,"Gaussian",282,"OLS",TRUE
"Main",500,"Gaussian",282,"Semiparametric",TRUE
"Main",500,"Skew-normal",938,"OLS",TRUE
"Main",500,"Skew-normal",938,"Semiparametric",TRUE
"Main",200,"Gaussian",987,"OLS",TRUE
"Main",200,"Gaussian",987,"Semiparametric",TRUE
"Main",500,"Skew-normal",417,"OLS",TRUE
"Main",500,"Skew-normal",417,"Semiparametric",TRUE
"Main",500,"Gaussian",465,"OLS",TRUE
"Main",500,"Gaussian",465,"Semiparametric",TRUE
"Main",500,"Skew-normal",817,"OLS",TRUE
"Main",500,"Skew-normal",817,"Semiparametric",TRUE
"Main",500,"Gaussian",78,"OLS",TRUE
"Main",500,"Gaussian",78,"Semiparametric",TRUE
"Main",500,"Gaussian",628,"OLS",TRUE
"Main",500,"Gaussian",628,"Semiparametric",TRUE
"Main",500,"Gaussian",222,"OLS",TRUE
"Main",500,"Gaussian",222,"Semiparametric",TRUE
"Main",200,"Asymmetric mixture",512,"OLS",TRUE
"Main",200,"Asymmetric mixture",512,"Semiparametric",FALSE
"Main",500,"Asymmetric mixture",580,"OLS",TRUE
"Main",500,"Asymmetric mixture",580,"Semiparametric",TRUE
"Main",200,"Skew-normal",768,"OLS",TRUE
"Main",200,"Skew-normal",768,"Semiparametric",TRUE
"Main",200,"Asymmetric mixture",47,"OLS",TRUE
"Main",200,"Asymmetric mixture",47,"Semiparametric",FALSE
"Main",500,"Asymmetric mixture",391,"OLS",TRUE
"Main",500,"Asymmetric mixture",391,"Semiparametric",TRUE
"Main",500,"Skew-normal",93,"OLS",TRUE
"Main",500,"Skew-normal",93,"Semiparametric",TRUE
"Main",200,"Skew-normal",266,"OLS",TRUE
"Main",200,"Skew-normal",266,"Semiparametric",TRUE
"Main",500,"Skew-normal",157,"OLS",TRUE
"Main",500,"Skew-normal",157,"Semiparametric",TRUE
"Main",200,"Asymmetric mixture",259,"OLS",TRUE
"Main",200,"Asymmetric mixture",259,"Semiparametric",TRUE
"Main",200,"Skew-normal",843,"OLS",TRUE
"Main",200,"Skew-normal",843,"Semiparametric",TRUE
"Main",200,"Gaussian",612,"OLS",TRUE
"Main",200,"Gaussian",612,"Semiparametric",TRUE
"Main",500,"Symmetric bimodal",635,"OLS",TRUE
"Main",500,"Symmetric bimodal",635,"Semiparametric",TRUE
"Main",200,"Asymmetric mixture",337,"OLS",TRUE
"Main",200,"Asymmetric mixture",337,"Semiparametric",TRUE
"Main",200,"Asymmetric mixture",367,"OLS",TRUE
"Main",200,"Asymmetric mixture",367,"Semiparametric",TRUE
"Main",500,"Skew-normal",271,"OLS",TRUE
"Main",500,"Skew-normal",271,"Semiparametric",TRUE
"Main",200,"Symmetric bimodal",872,"OLS",TRUE
"Main",200,"Symmetric bimodal",872,"Semiparametric",TRUE
"Main",200,"Gaussian",54,"OLS",TRUE
"Main",200,"Gaussian",54,"Semiparametric",TRUE
"Main",200,"Gaussian",815,"OLS",TRUE
"Main",200,"Gaussian",815,"Semiparametric",TRUE
"Main",500,"Gaussian",8,"OLS",TRUE
"Main",500,"Gaussian",8,"Semiparametric",TRUE
"Main",500,"Asymmetric mixture",219,"OLS",TRUE
"Main",500,"Asymmetric mixture",219,"Semiparametric",TRUE
"Main",200,"Gaussian",559,"OLS",TRUE
"Main",200,"Gaussian",559,"Semiparametric",TRUE
"Main",200,"Gaussian",500,"OLS",TRUE
"Main",200,"Gaussian",500,"Semiparametric",TRUE
"Main",500,"Gaussian",580,"OLS",TRUE
"Main",500,"Gaussian",580,"Semiparametric",TRUE
"Main",500,"Symmetric bimodal",131,"OLS",TRUE
"Main",500,"Symmetric bimodal",131,"Semiparametric",TRUE
"Main",500,"Skew-normal",825,"OLS",TRUE
"Main",500,"Skew-normal",825,"Semiparametric",TRUE
"Main",200,"Symmetric bimodal",557,"OLS",TRUE
"Main",200,"Symmetric bimodal",557,"Semiparametric",TRUE
"Main",200,"Symmetric bimodal",393,"OLS",TRUE
"Main",200,"Symmetric bimodal",393,"Semiparametric",TRUE
"Main",200,"Skew-normal",800,"OLS",TRUE
"Main",200,"Skew-normal",800,"Semiparametric",TRUE
"Main",200,"Symmetric bimodal",494,"OLS",TRUE
"Main",200,"Symmetric bimodal",494,"Semiparametric",TRUE
"Main",200,"Skew-normal",156,"OLS",TRUE
"Main",200,"Skew-normal",156,"Semiparametric",TRUE
"Main",500,"Symmetric bimodal",236,"OLS",TRUE
"Main",500,"Symmetric bimodal",236,"Semiparametric",TRUE
"Main",500,"Gaussian",561,"OLS",TRUE
"Main",500,"Gaussian",561,"Semiparametric",TRUE
"Main",500,"Asymmetric mixture",808,"OLS",TRUE
"Main",500,"Asymmetric mixture",808,"Semiparametric",TRUE
"Main",500,"Asymmetric mixture",827,"OLS",TRUE
"Main",500,"Asymmetric mixture",827,"Semiparametric",TRUE
"Main",500,"Gaussian",324,"OLS",TRUE
"Main",500,"Gaussian",324,"Semiparametric",TRUE
"Main",500,"Asymmetric mixture",939,"OLS",TRUE
"Main",500,"Asymmetric mixture",939,"Semiparametric",TRUE
"Main",500,"Gaussian",937,"OLS",TRUE
"Main",500,"Gaussian",937,"Semiparametric",TRUE
"Main",200,"Symmetric bimodal",132,"OLS",TRUE
"Main",200,"Symmetric bimodal",132,"Semiparametric",TRUE
"Main",500,"Asymmetric mixture",520,"OLS",TRUE
"Main",500,"Asymmetric mixture",520,"Semiparametric",TRUE
"Main",500,"Asymmetric mixture",548,"OLS",TRUE
"Main",500,"Asymmetric mixture",548,"Semiparametric",TRUE
"Main",500,"Gaussian",959,"OLS",TRUE
"Main",500,"Gaussian",959,"Semiparametric",TRUE
"Main",500,"Gaussian",592,"OLS",TRUE
"Main",500,"Gaussian",592,"Semiparametric",TRUE
"Main",200,"Skew-normal",92,"OLS",TRUE
"Main",200,"Skew-normal",92,"Semiparametric",TRUE
"Main",200,"Symmetric bimodal",922,"OLS",TRUE
"Main",200,"Symmetric bimodal",922,"Semiparametric",TRUE
"Main",500,"Skew-normal",600,"OLS",TRUE
"Main",500,"Skew-normal",600,"Semiparametric",TRUE
"Main",500,"Asymmetric mixture",746,"OLS",TRUE
"Main",500,"Asymmetric mixture",746,"Semiparametric",TRUE
"Main",200,"Gaussian",443,"OLS",TRUE
"Main",200,"Gaussian",443,"Semiparametric",TRUE
"Main",200,"Asymmetric mixture",166,"OLS",TRUE
"Main",200,"Asymmetric mixture",166,"Semiparametric",TRUE
"Main",200,"Skew-normal",161,"OLS",TRUE
"Main",200,"Skew-normal",161,"Semiparametric",TRUE
"Main",200,"Symmetric bimodal",786,"OLS",TRUE
"Main",200,"Symmetric bimodal",786,"Semiparametric",TRUE
"Main",500,"Skew-normal",422,"OLS",TRUE
"Main",500,"Skew-normal",422,"Semiparametric",TRUE
"Main",200,"Gaussian",585,"OLS",TRUE
"Main",200,"Gaussian",585,"Semiparametric",TRUE
"Main",500,"Asymmetric mixture",711,"OLS",TRUE
"Main",500,"Asymmetric mixture",711,"Semiparametric",TRUE
"Main",500,"Gaussian",644,"OLS",TRUE
"Main",500,"Gaussian",644,"Semiparametric",TRUE
"Main",200,"Skew-normal",781,"OLS",TRUE
"Main",200,"Skew-normal",781,"Semiparametric",TRUE
"Main",500,"Symmetric bimodal",28,"OLS",TRUE
"Main",500,"Symmetric bimodal",28,"Semiparametric",TRUE
"Main",500,"Asymmetric mixture",503,"OLS",TRUE
"Main",500,"Asymmetric mixture",503,"Semiparametric",TRUE
"Main",200,"Asymmetric mixture",398,"OLS",TRUE
"Main",200,"Asymmetric mixture",398,"Semiparametric",TRUE
"Main",500,"Gaussian",982,"OLS",TRUE
"Main",500,"Gaussian",982,"Semiparametric",TRUE
"Main",200,"Asymmetric mixture",113,"OLS",TRUE
"Main",200,"Asymmetric mixture",113,"Semiparametric",TRUE
"Main",500,"Skew-normal",548,"OLS",TRUE
"Main",500,"Skew-normal",548,"Semiparametric",TRUE
"Main",200,"Symmetric bimodal",205,"OLS",TRUE
"Main",200,"Symmetric bimodal",205,"Semiparametric",TRUE
"Main",500,"Gaussian",28,"OLS",TRUE
"Main",500,"Gaussian",28,"Semiparametric",TRUE
"Main",200,"Skew-normal",524,"OLS",TRUE
"Main",200,"Skew-normal",524,"Semiparametric",TRUE
"Main",200,"Symmetric bimodal",84,"OLS",TRUE
"Main",200,"Symmetric bimodal",84,"Semiparametric",TRUE
"Main",500,"Symmetric bimodal",696,"OLS",TRUE
"Main",500,"Symmetric bimodal",696,"Semiparametric",TRUE
"Main",500,"Asymmetric mixture",837,"OLS",TRUE
"Main",500,"Asymmetric mixture",837,"Semiparametric",TRUE
"Main",500,"Gaussian",501,"OLS",TRUE
"Main",500,"Gaussian",501,"Semiparametric",TRUE
"Main",200,"Gaussian",426,"OLS",TRUE
"Main",200,"Gaussian",426,"Semiparametric",TRUE
"Main",200,"Symmetric bimodal",248,"OLS",TRUE
"Main",200,"Symmetric bimodal",248,"Semiparametric",TRUE
"Main",200,"Asymmetric mixture",997,"OLS",TRUE
"Main",200,"Asymmetric mixture",997,"Semiparametric",TRUE
"Main",200,"Symmetric bimodal",761,"OLS",TRUE
"Main",200,"Symmetric bimodal",761,"Semiparametric",TRUE
"Main",500,"Gaussian",340,"OLS",TRUE
"Main",500,"Gaussian",340,"Semiparametric",TRUE
"Main",200,"Symmetric bimodal",135,"OLS",TRUE
"Main",200,"Symmetric bimodal",135,"Semiparametric",TRUE
"Main",500,"Asymmetric mixture",691,"OLS",TRUE
"Main",500,"Asymmetric mixture",691,"Semiparametric",TRUE
"Main",200,"Skew-normal",674,"OLS",TRUE
"Main",200,"Skew-normal",674,"Semiparametric",TRUE
"Main",200,"Symmetric bimodal",90,"OLS",TRUE
"Main",200,"Symmetric bimodal",90,"Semiparametric",TRUE
"Main",200,"Skew-normal",458,"OLS",TRUE
"Main",200,"Skew-normal",458,"Semiparametric",TRUE
"Main",200,"Skew-normal",27,"OLS",TRUE
"Main",200,"Skew-normal",27,"Semiparametric",TRUE
"Main",200,"Symmetric bimodal",4,"OLS",TRUE
"Main",200,"Symmetric bimodal",4,"Semiparametric",TRUE
"Main",500,"Gaussian",490,"OLS",TRUE
"Main",500,"Gaussian",490,"Semiparametric",TRUE
"Main",500,"Gaussian",122,"OLS",TRUE
"Main",500,"Gaussian",122,"Semiparametric",TRUE
"Main",200,"Symmetric bimodal",828,"OLS",TRUE
"Main",200,"Symmetric bimodal",828,"Semiparametric",TRUE
"Main",200,"Asymmetric mixture",283,"OLS",TRUE
"Main",200,"Asymmetric mixture",283,"Semiparametric",TRUE
"Main",200,"Asymmetric mixture",287,"OLS",TRUE
"Main",200,"Asymmetric mixture",287,"Semiparametric",TRUE
"Main",200,"Gaussian",539,"OLS",TRUE
"Main",200,"Gaussian",539,"Semiparametric",TRUE
"Main",500,"Gaussian",544,"OLS",TRUE
"Main",500,"Gaussian",544,"Semiparametric",TRUE
"Main",200,"Symmetric bimodal",364,"OLS",TRUE
"Main",200,"Symmetric bimodal",364,"Semiparametric",TRUE
"Main",500,"Skew-normal",193,"OLS",TRUE
"Main",500,"Skew-normal",193,"Semiparametric",TRUE
"Main",500,"Skew-normal",625,"OLS",TRUE
"Main",500,"Skew-normal",625,"Semiparametric",TRUE
"Main",200,"Asymmetric mixture",878,"OLS",TRUE
"Main",200,"Asymmetric mixture",878,"Semiparametric",FALSE
"Main",500,"Asymmetric mixture",920,"OLS",TRUE
"Main",500,"Asymmetric mixture",920,"Semiparametric",TRUE
"Main",200,"Gaussian",490,"OLS",TRUE
"Main",200,"Gaussian",490,"Semiparametric",TRUE
"Main",200,"Skew-normal",510,"OLS",TRUE
"Main",200,"Skew-normal",510,"Semiparametric",TRUE
"Main",500,"Symmetric bimodal",811,"OLS",TRUE
"Main",500,"Symmetric bimodal",811,"Semiparametric",TRUE
"Main",500,"Asymmetric mixture",129,"OLS",TRUE
"Main",500,"Asymmetric mixture",129,"Semiparametric",TRUE
"Main",200,"Asymmetric mixture",903,"OLS",TRUE
"Main",200,"Asymmetric mixture",903,"Semiparametric",TRUE
"Main",500,"Skew-normal",323,"OLS",TRUE
"Main",500,"Skew-normal",323,"Semiparametric",TRUE
"Main",200,"Skew-normal",461,"OLS",TRUE
"Main",200,"Skew-normal",461,"Semiparametric",TRUE
"Main",500,"Asymmetric mixture",394,"OLS",TRUE
"Main",500,"Asymmetric mixture",394,"Semiparametric",TRUE
"Main",500,"Gaussian",715,"OLS",TRUE
"Main",500,"Gaussian",715,"Semiparametric",TRUE
"Main",500,"Symmetric bimodal",352,"OLS",TRUE
"Main",500,"Symmetric bimodal",352,"Semiparametric",TRUE
"Main",200,"Gaussian",598,"OLS",TRUE
"Main",200,"Gaussian",598,"Semiparametric",TRUE
"Main",200,"Symmetric bimodal",943,"OLS",TRUE
"Main",200,"Symmetric bimodal",943,"Semiparametric",FALSE
"Main",200,"Symmetric bimodal",883,"OLS",TRUE
"Main",200,"Symmetric bimodal",883,"Semiparametric",TRUE
"Main",500,"Asymmetric mixture",888,"OLS",TRUE
"Main",500,"Asymmetric mixture",888,"Semiparametric",TRUE
"Main",200,"Skew-normal",149,"OLS",TRUE
"Main",200,"Skew-normal",149,"Semiparametric",TRUE
"Main",500,"Skew-normal",106,"OLS",TRUE
"Main",500,"Skew-normal",106,"Semiparametric",TRUE
"Main",500,"Skew-normal",594,"OLS",TRUE
"Main",500,"Skew-normal",594,"Semiparametric",TRUE
"Main",500,"Asymmetric mixture",789,"OLS",TRUE
"Main",500,"Asymmetric mixture",789,"Semiparametric",TRUE
"Main",200,"Skew-normal",683,"OLS",TRUE
"Main",200,"Skew-normal",683,"Semiparametric",TRUE
"Main",200,"Skew-normal",52,"OLS",TRUE
"Main",200,"Skew-normal",52,"Semiparametric",TRUE
"Main",500,"Gaussian",518,"OLS",TRUE
"Main",500,"Gaussian",518,"Semiparametric",TRUE
"Main",200,"Skew-normal",399,"OLS",TRUE
"Main",200,"Skew-normal",399,"Semiparametric",TRUE
"Main",200,"Gaussian",69,"OLS",TRUE
"Main",200,"Gaussian",69,"Semiparametric",TRUE
"Main",500,"Gaussian",597,"OLS",TRUE
"Main",500,"Gaussian",597,"Semiparametric",TRUE
"Main",500,"Asymmetric mixture",644,"OLS",TRUE
"Main",500,"Asymmetric mixture",644,"Semiparametric",TRUE
"Main",200,"Symmetric bimodal",38,"OLS",TRUE
"Main",200,"Symmetric bimodal",38,"Semiparametric",TRUE
"Main",500,"Skew-normal",71,"OLS",TRUE
"Main",500,"Skew-normal",71,"Semiparametric",TRUE
"Main",200,"Asymmetric mixture",144,"OLS",TRUE
"Main",200,"Asymmetric mixture",144,"Semiparametric",TRUE
"Main",200,"Symmetric bimodal",873,"OLS",TRUE
"Main",200,"Symmetric bimodal",873,"Semiparametric",TRUE
"Main",200,"Skew-normal",15,"OLS",TRUE
"Main",200,"Skew-normal",15,"Semiparametric",TRUE
"Main",500,"Gaussian",427,"OLS",TRUE
"Main",500,"Gaussian",427,"Semiparametric",TRUE
"Main",500,"Gaussian",347,"OLS",TRUE
"Main",500,"Gaussian",347,"Semiparametric",TRUE
"Main",500,"Skew-normal",976,"OLS",TRUE
"Main",500,"Skew-normal",976,"Semiparametric",TRUE
"Main",500,"Symmetric bimodal",799,"OLS",TRUE
"Main",500,"Symmetric bimodal",799,"Semiparametric",TRUE
"Main",200,"Gaussian",568,"OLS",TRUE
"Main",200,"Gaussian",568,"Semiparametric",TRUE
"Main",200,"Skew-normal",353,"OLS",TRUE
"Main",200,"Skew-normal",353,"Semiparametric",TRUE
"Main",500,"Asymmetric mixture",93,"OLS",TRUE
"Main",500,"Asymmetric mixture",93,"Semiparametric",TRUE
"Main",500,"Gaussian",99,"OLS",TRUE
"Main",500,"Gaussian",99,"Semiparametric",TRUE
"Main",500,"Skew-normal",128,"OLS",TRUE
"Main",500,"Skew-normal",128,"Semiparametric",TRUE
"Main",200,"Gaussian",243,"OLS",TRUE
"Main",200,"Gaussian",243,"Semiparametric",TRUE
"Main",200,"Gaussian",915,"OLS",TRUE
"Main",200,"Gaussian",915,"Semiparametric",TRUE
"Main",200,"Skew-normal",334,"OLS",TRUE
"Main",200,"Skew-normal",334,"Semiparametric",TRUE
"Main",200,"Gaussian",969,"OLS",TRUE
"Main",200,"Gaussian",969,"Semiparametric",TRUE
"Main",200,"Asymmetric mixture",654,"OLS",TRUE
"Main",200,"Asymmetric mixture",654,"Semiparametric",TRUE
"Main",500,"Skew-normal",396,"OLS",TRUE
"Main",500,"Skew-normal",396,"Semiparametric",TRUE
"Main",500,"Gaussian",601,"OLS",TRUE
"Main",500,"Gaussian",601,"Semiparametric",TRUE
"Main",500,"Gaussian",447,"OLS",TRUE
"Main",500,"Gaussian",447,"Semiparametric",TRUE
"Main",200,"Skew-normal",880,"OLS",TRUE
"Main",200,"Skew-normal",880,"Semiparametric",TRUE
"Main",200,"Skew-normal",320,"OLS",TRUE
"Main",200,"Skew-normal",320,"Semiparametric",TRUE
"Main",200,"Symmetric bimodal",769,"OLS",TRUE
"Main",200,"Symmetric bimodal",769,"Semiparametric",TRUE
"Main",200,"Skew-normal",723,"OLS",TRUE
"Main",200,"Skew-normal",723,"Semiparametric",TRUE
"Main",500,"Skew-normal",777,"OLS",TRUE
"Main",500,"Skew-normal",777,"Semiparametric",TRUE
"Main",500,"Asymmetric mixture",990,"OLS",TRUE
"Main",500,"Asymmetric mixture",990,"Semiparametric",TRUE
"Main",500,"Asymmetric mixture",281,"OLS",TRUE
"Main",500,"Asymmetric mixture",281,"Semiparametric",TRUE
"Main",200,"Gaussian",655,"OLS",TRUE
"Main",200,"Gaussian",655,"Semiparametric",TRUE
"Main",200,"Asymmetric mixture",515,"OLS",TRUE
"Main",200,"Asymmetric mixture",515,"Semiparametric",TRUE
"Main",500,"Symmetric bimodal",507,"OLS",TRUE
"Main",500,"Symmetric bimodal",507,"Semiparametric",TRUE
"Main",500,"Symmetric bimodal",6,"OLS",TRUE
"Main",500,"Symmetric bimodal",6,"Semiparametric",TRUE
"Main",200,"Asymmetric mixture",49,"OLS",TRUE
"Main",200,"Asymmetric mixture",49,"Semiparametric",TRUE
"Main",200,"Skew-normal",804,"OLS",TRUE
"Main",200,"Skew-normal",804,"Semiparametric",TRUE
"Main",500,"Symmetric bimodal",146,"OLS",TRUE
"Main",500,"Symmetric bimodal",146,"Semiparametric",TRUE
"Main",200,"Symmetric bimodal",118,"OLS",TRUE
"Main",200,"Symmetric bimodal",118,"Semiparametric",TRUE
"Main",500,"Symmetric bimodal",736,"OLS",TRUE
"Main",500,"Symmetric bimodal",736,"Semiparametric",TRUE
"Main",500,"Gaussian",464,"OLS",TRUE
"Main",500,"Gaussian",464,"Semiparametric",TRUE
"Main",200,"Gaussian",695,"OLS",TRUE
"Main",200,"Gaussian",695,"Semiparametric",TRUE
"Main",500,"Symmetric bimodal",303,"OLS",TRUE
"Main",500,"Symmetric bimodal",303,"Semiparametric",TRUE
"Main",200,"Symmetric bimodal",991,"OLS",TRUE
"Main",200,"Symmetric bimodal",991,"Semiparametric",TRUE
"Main",500,"Gaussian",911,"OLS",TRUE
"Main",500,"Gaussian",911,"Semiparametric",TRUE
"Main",200,"Asymmetric mixture",197,"OLS",TRUE
"Main",200,"Asymmetric mixture",197,"Semiparametric",TRUE
"Main",200,"Skew-normal",366,"OLS",TRUE
"Main",200,"Skew-normal",366,"Semiparametric",TRUE
"Main",200,"Asymmetric mixture",613,"OLS",TRUE
"Main",200,"Asymmetric mixture",613,"Semiparametric",FALSE
"Main",500,"Skew-normal",327,"OLS",TRUE
"Main",500,"Skew-normal",327,"Semiparametric",TRUE
"Main",200,"Asymmetric mixture",611,"OLS",TRUE
"Main",200,"Asymmetric mixture",611,"Semiparametric",TRUE
"Main",200,"Symmetric bimodal",708,"OLS",TRUE
"Main",200,"Symmetric bimodal",708,"Semiparametric",TRUE
"Main",200,"Asymmetric mixture",44,"OLS",TRUE
"Main",200,"Asymmetric mixture",44,"Semiparametric",TRUE
"Main",500,"Gaussian",611,"OLS",TRUE
"Main",500,"Gaussian",611,"Semiparametric",TRUE
"Main",500,"Gaussian",392,"OLS",TRUE
"Main",500,"Gaussian",392,"Semiparametric",TRUE
"Main",200,"Symmetric bimodal",781,"OLS",TRUE
"Main",200,"Symmetric bimodal",781,"Semiparametric",TRUE
"Main",200,"Symmetric bimodal",942,"OLS",TRUE
"Main",200,"Symmetric bimodal",942,"Semiparametric",TRUE
"Main",200,"Gaussian",881,"OLS",TRUE
"Main",200,"Gaussian",881,"Semiparametric",TRUE
"Main",200,"Symmetric bimodal",812,"OLS",TRUE
"Main",200,"Symmetric bimodal",812,"Semiparametric",TRUE
"Main",500,"Symmetric bimodal",670,"OLS",TRUE
"Main",500,"Symmetric bimodal",670,"Semiparametric",TRUE
"Main",500,"Asymmetric mixture",504,"OLS",TRUE
"Main",500,"Asymmetric mixture",504,"Semiparametric",TRUE
"Main",500,"Gaussian",613,"OLS",TRUE
"Main",500,"Gaussian",613,"Semiparametric",TRUE
"Main",200,"Asymmetric mixture",778,"OLS",TRUE
"Main",200,"Asymmetric mixture",778,"Semiparametric",TRUE
"Main",200,"Asymmetric mixture",43,"OLS",TRUE
"Main",200,"Asymmetric mixture",43,"Semiparametric",TRUE
"Main",500,"Gaussian",346,"OLS",TRUE
"Main",500,"Gaussian",346,"Semiparametric",TRUE
"Main",200,"Asymmetric mixture",370,"OLS",TRUE
"Main",200,"Asymmetric mixture",370,"Semiparametric",TRUE
"Main",200,"Skew-normal",537,"OLS",TRUE
"Main",200,"Skew-normal",537,"Semiparametric",TRUE
"Main",500,"Asymmetric mixture",13,"OLS",TRUE
"Main",500,"Asymmetric mixture",13,"Semiparametric",TRUE
"Main",200,"Skew-normal",212,"OLS",TRUE
"Main",200,"Skew-normal",212,"Semiparametric",TRUE
"Main",200,"Asymmetric mixture",772,"OLS",TRUE
"Main",200,"Asymmetric mixture",772,"Semiparametric",TRUE
"Main",200,"Gaussian",473,"OLS",TRUE
"Main",200,"Gaussian",473,"Semiparametric",TRUE
"Main",500,"Gaussian",803,"OLS",TRUE
"Main",500,"Gaussian",803,"Semiparametric",TRUE
"Main",500,"Symmetric bimodal",556,"OLS",TRUE
"Main",500,"Symmetric bimodal",556,"Semiparametric",TRUE
"Main",200,"Symmetric bimodal",128,"OLS",TRUE
"Main",200,"Symmetric bimodal",128,"Semiparametric",TRUE
"Main",500,"Gaussian",671,"OLS",TRUE
"Main",500,"Gaussian",671,"Semiparametric",TRUE
"Main",500,"Gaussian",775,"OLS",TRUE
"Main",500,"Gaussian",775,"Semiparametric",TRUE
"Main",200,"Gaussian",222,"OLS",TRUE
"Main",200,"Gaussian",222,"Semiparametric",TRUE
"Main",500,"Skew-normal",482,"OLS",TRUE
"Main",500,"Skew-normal",482,"Semiparametric",TRUE
"Main",200,"Symmetric bimodal",511,"OLS",TRUE
"Main",200,"Symmetric bimodal",511,"Semiparametric",TRUE
"Main",200,"Gaussian",756,"OLS",TRUE
"Main",200,"Gaussian",756,"Semiparametric",TRUE
"Main",500,"Asymmetric mixture",168,"OLS",TRUE
"Main",500,"Asymmetric mixture",168,"Semiparametric",TRUE
"Main",500,"Gaussian",949,"OLS",TRUE
"Main",500,"Gaussian",949,"Semiparametric",TRUE
"Main",500,"Skew-normal",330,"OLS",TRUE
"Main",500,"Skew-normal",330,"Semiparametric",TRUE
"Main",200,"Asymmetric mixture",716,"OLS",TRUE
"Main",200,"Asymmetric mixture",716,"Semiparametric",TRUE
"Main",500,"Symmetric bimodal",407,"OLS",TRUE
"Main",500,"Symmetric bimodal",407,"Semiparametric",TRUE
"Main",200,"Skew-normal",238,"OLS",TRUE
"Main",200,"Skew-normal",238,"Semiparametric",TRUE
"Main",500,"Skew-normal",541,"OLS",TRUE
"Main",500,"Skew-normal",541,"Semiparametric",TRUE
"Main",500,"Asymmetric mixture",356,"OLS",TRUE
"Main",500,"Asymmetric mixture",356,"Semiparametric",TRUE
"Main",200,"Symmetric bimodal",647,"OLS",TRUE
"Main",200,"Symmetric bimodal",647,"Semiparametric",TRUE
"Main",200,"Asymmetric mixture",281,"OLS",TRUE
"Main",200,"Asymmetric mixture",281,"Semiparametric",TRUE
"Main",200,"Skew-normal",703,"OLS",TRUE
"Main",200,"Skew-normal",703,"Semiparametric",TRUE
"Main",500,"Asymmetric mixture",238,"OLS",TRUE
"Main",500,"Asymmetric mixture",238,"Semiparametric",TRUE
"Main",500,"Symmetric bimodal",986,"OLS",TRUE
"Main",500,"Symmetric bimodal",986,"Semiparametric",TRUE
"Main",500,"Gaussian",44,"OLS",TRUE
"Main",500,"Gaussian",44,"Semiparametric",TRUE
"Main",500,"Asymmetric mixture",704,"OLS",TRUE
"Main",500,"Asymmetric mixture",704,"Semiparametric",TRUE
"Main",500,"Gaussian",314,"OLS",TRUE
"Main",500,"Gaussian",314,"Semiparametric",TRUE
"Main",200,"Symmetric bimodal",410,"OLS",TRUE
"Main",200,"Symmetric bimodal",410,"Semiparametric",TRUE
"Main",500,"Asymmetric mixture",878,"OLS",TRUE
"Main",500,"Asymmetric mixture",878,"Semiparametric",TRUE
"Main",500,"Gaussian",400,"OLS",TRUE
"Main",500,"Gaussian",400,"Semiparametric",TRUE
"Main",500,"Gaussian",968,"OLS",TRUE
"Main",500,"Gaussian",968,"Semiparametric",TRUE
"Main",500,"Skew-normal",610,"OLS",TRUE
"Main",500,"Skew-normal",610,"Semiparametric",TRUE
"Main",200,"Skew-normal",475,"OLS",TRUE
"Main",200,"Skew-normal",475,"Semiparametric",TRUE
"Main",500,"Asymmetric mixture",824,"OLS",TRUE
"Main",500,"Asymmetric mixture",824,"Semiparametric",TRUE
"Main",500,"Symmetric bimodal",395,"OLS",TRUE
"Main",500,"Symmetric bimodal",395,"Semiparametric",TRUE
"Main",200,"Asymmetric mixture",804,"OLS",TRUE
"Main",200,"Asymmetric mixture",804,"Semiparametric",TRUE
"Main",500,"Skew-normal",194,"OLS",TRUE
"Main",500,"Skew-normal",194,"Semiparametric",TRUE
"Main",200,"Gaussian",502,"OLS",TRUE
"Main",200,"Gaussian",502,"Semiparametric",TRUE
"Main",500,"Symmetric bimodal",413,"OLS",TRUE
"Main",500,"Symmetric bimodal",413,"Semiparametric",TRUE
"Main",200,"Gaussian",1000,"OLS",TRUE
"Main",200,"Gaussian",1000,"Semiparametric",TRUE
"Main",500,"Gaussian",699,"OLS",TRUE
"Main",500,"Gaussian",699,"Semiparametric",TRUE
"Main",500,"Skew-normal",981,"OLS",TRUE
"Main",500,"Skew-normal",981,"Semiparametric",TRUE
"Main",200,"Gaussian",594,"OLS",TRUE
"Main",200,"Gaussian",594,"Semiparametric",TRUE
"Main",500,"Skew-normal",227,"OLS",TRUE
"Main",500,"Skew-normal",227,"Semiparametric",TRUE
"Main",500,"Skew-normal",896,"OLS",TRUE
"Main",500,"Skew-normal",896,"Semiparametric",TRUE
"Main",200,"Skew-normal",166,"OLS",TRUE
"Main",200,"Skew-normal",166,"Semiparametric",TRUE
"Main",200,"Symmetric bimodal",346,"OLS",TRUE
"Main",200,"Symmetric bimodal",346,"Semiparametric",FALSE
"Main",500,"Asymmetric mixture",947,"OLS",TRUE
"Main",500,"Asymmetric mixture",947,"Semiparametric",TRUE
"Main",200,"Asymmetric mixture",54,"OLS",TRUE
"Main",200,"Asymmetric mixture",54,"Semiparametric",FALSE
"Main",200,"Gaussian",188,"OLS",TRUE
"Main",200,"Gaussian",188,"Semiparametric",TRUE
"Main",200,"Asymmetric mixture",292,"OLS",TRUE
"Main",200,"Asymmetric mixture",292,"Semiparametric",TRUE
"Main",500,"Symmetric bimodal",205,"OLS",TRUE
"Main",500,"Symmetric bimodal",205,"Semiparametric",TRUE
"Main",200,"Skew-normal",377,"OLS",TRUE
"Main",200,"Skew-normal",377,"Semiparametric",TRUE
"Main",500,"Symmetric bimodal",60,"OLS",TRUE
"Main",500,"Symmetric bimodal",60,"Semiparametric",TRUE
"Main",500,"Asymmetric mixture",781,"OLS",TRUE
"Main",500,"Asymmetric mixture",781,"Semiparametric",TRUE
"Main",200,"Asymmetric mixture",344,"OLS",TRUE
"Main",200,"Asymmetric mixture",344,"Semiparametric",TRUE
"Main",200,"Gaussian",636,"OLS",TRUE
"Main",200,"Gaussian",636,"Semiparametric",TRUE
"Main",200,"Skew-normal",362,"OLS",TRUE
"Main",200,"Skew-normal",362,"Semiparametric",TRUE
"Main",200,"Skew-normal",502,"OLS",TRUE
"Main",200,"Skew-normal",502,"Semiparametric",TRUE
"Main",500,"Symmetric bimodal",937,"OLS",TRUE
"Main",500,"Symmetric bimodal",937,"Semiparametric",TRUE
"Main",200,"Gaussian",682,"OLS",TRUE
"Main",200,"Gaussian",682,"Semiparametric",TRUE
"Main",200,"Gaussian",947,"OLS",TRUE
"Main",200,"Gaussian",947,"Semiparametric",TRUE
"Main",200,"Asymmetric mixture",669,"OLS",TRUE
"Main",200,"Asymmetric mixture",669,"Semiparametric",TRUE
"Main",200,"Symmetric bimodal",591,"OLS",TRUE
"Main",200,"Symmetric bimodal",591,"Semiparametric",TRUE
"Main",200,"Gaussian",104,"OLS",TRUE
"Main",200,"Gaussian",104,"Semiparametric",TRUE
"Main",200,"Asymmetric mixture",429,"OLS",TRUE
"Main",200,"Asymmetric mixture",429,"Semiparametric",TRUE
"Main",200,"Symmetric bimodal",734,"OLS",TRUE
"Main",200,"Symmetric bimodal",734,"Semiparametric",TRUE
"Main",500,"Symmetric bimodal",31,"OLS",TRUE
"Main",500,"Symmetric bimodal",31,"Semiparametric",TRUE
"Main",200,"Asymmetric mixture",917,"OLS",TRUE
"Main",200,"Asymmetric mixture",917,"Semiparametric",TRUE
"Main",500,"Skew-normal",144,"OLS",TRUE
"Main",500,"Skew-normal",144,"Semiparametric",TRUE
"Main",200,"Asymmetric mixture",565,"OLS",TRUE
"Main",200,"Asymmetric mixture",565,"Semiparametric",TRUE
"Main",200,"Asymmetric mixture",761,"OLS",TRUE
"Main",200,"Asymmetric mixture",761,"Semiparametric",TRUE
"Main",500,"Skew-normal",409,"OLS",TRUE
"Main",500,"Skew-normal",409,"Semiparametric",TRUE
"Main",500,"Asymmetric mixture",861,"OLS",TRUE
"Main",500,"Asymmetric mixture",861,"Semiparametric",TRUE
"Main",200,"Asymmetric mixture",338,"OLS",TRUE
"Main",200,"Asymmetric mixture",338,"Semiparametric",TRUE
"Main",500,"Skew-normal",622,"OLS",TRUE
"Main",500,"Skew-normal",622,"Semiparametric",TRUE
"Main",500,"Gaussian",119,"OLS",TRUE
"Main",500,"Gaussian",119,"Semiparametric",TRUE
"Main",200,"Symmetric bimodal",673,"OLS",TRUE
"Main",200,"Symmetric bimodal",673,"Semiparametric",TRUE
"Main",500,"Symmetric bimodal",300,"OLS",TRUE
"Main",500,"Symmetric bimodal",300,"Semiparametric",TRUE
"Main",200,"Skew-normal",168,"OLS",TRUE
"Main",200,"Skew-normal",168,"Semiparametric",TRUE
"Main",500,"Skew-normal",519,"OLS",TRUE
"Main",500,"Skew-normal",519,"Semiparametric",TRUE
"Main",500,"Asymmetric mixture",188,"OLS",TRUE
"Main",500,"Asymmetric mixture",188,"Semiparametric",TRUE
"Main",500,"Gaussian",225,"OLS",TRUE
"Main",500,"Gaussian",225,"Semiparametric",TRUE
"Main",200,"Asymmetric mixture",607,"OLS",TRUE
"Main",200,"Asymmetric mixture",607,"Semiparametric",TRUE
"Main",500,"Symmetric bimodal",666,"OLS",TRUE
"Main",500,"Symmetric bimodal",666,"Semiparametric",TRUE
"Main",200,"Gaussian",331,"OLS",TRUE
"Main",200,"Gaussian",331,"Semiparametric",TRUE
"Main",200,"Gaussian",546,"OLS",TRUE
"Main",200,"Gaussian",546,"Semiparametric",TRUE
"Main",200,"Gaussian",215,"OLS",TRUE
"Main",200,"Gaussian",215,"Semiparametric",TRUE
"Main",500,"Gaussian",980,"OLS",TRUE
"Main",500,"Gaussian",980,"Semiparametric",TRUE
"Main",200,"Symmetric bimodal",858,"OLS",TRUE
"Main",200,"Symmetric bimodal",858,"Semiparametric",TRUE
"Main",200,"Symmetric bimodal",907,"OLS",TRUE
"Main",200,"Symmetric bimodal",907,"Semiparametric",TRUE
"Main",500,"Gaussian",565,"OLS",TRUE
"Main",500,"Gaussian",565,"Semiparametric",TRUE
"Main",500,"Skew-normal",289,"OLS",TRUE
"Main",500,"Skew-normal",289,"Semiparametric",TRUE
"Main",500,"Skew-normal",661,"OLS",TRUE
"Main",500,"Skew-normal",661,"Semiparametric",TRUE
"Main",200,"Asymmetric mixture",580,"OLS",TRUE
"Main",200,"Asymmetric mixture",580,"Semiparametric",FALSE
"Main",200,"Symmetric bimodal",101,"OLS",TRUE
"Main",200,"Symmetric bimodal",101,"Semiparametric",TRUE
"Main",500,"Gaussian",916,"OLS",TRUE
"Main",500,"Gaussian",916,"Semiparametric",TRUE
"Main",500,"Asymmetric mixture",841,"OLS",TRUE
"Main",500,"Asymmetric mixture",841,"Semiparametric",TRUE
"Main",500,"Symmetric bimodal",589,"OLS",TRUE
"Main",500,"Symmetric bimodal",589,"Semiparametric",TRUE
"Main",200,"Symmetric bimodal",30,"OLS",TRUE
"Main",200,"Symmetric bimodal",30,"Semiparametric",TRUE
"Main",500,"Asymmetric mixture",700,"OLS",TRUE
"Main",500,"Asymmetric mixture",700,"Semiparametric",TRUE
"Main",500,"Symmetric bimodal",453,"OLS",TRUE
"Main",500,"Symmetric bimodal",453,"Semiparametric",TRUE
"Main",200,"Symmetric bimodal",716,"OLS",TRUE
"Main",200,"Symmetric bimodal",716,"Semiparametric",TRUE
"Main",500,"Symmetric bimodal",611,"OLS",TRUE
"Main",500,"Symmetric bimodal",611,"Semiparametric",TRUE
"Main",200,"Gaussian",437,"OLS",TRUE
"Main",200,"Gaussian",437,"Semiparametric",TRUE
"Main",200,"Skew-normal",669,"OLS",TRUE
"Main",200,"Skew-normal",669,"Semiparametric",TRUE
"Main",200,"Asymmetric mixture",623,"OLS",TRUE
"Main",200,"Asymmetric mixture",623,"Semiparametric",FALSE
"Main",500,"Symmetric bimodal",253,"OLS",TRUE
"Main",500,"Symmetric bimodal",253,"Semiparametric",TRUE
"Main",200,"Symmetric bimodal",702,"OLS",TRUE
"Main",200,"Symmetric bimodal",702,"Semiparametric",TRUE
"Main",200,"Gaussian",901,"OLS",TRUE
"Main",200,"Gaussian",901,"Semiparametric",TRUE
"Main",500,"Skew-normal",778,"OLS",TRUE
"Main",500,"Skew-normal",778,"Semiparametric",TRUE
"Main",200,"Gaussian",285,"OLS",TRUE
"Main",200,"Gaussian",285,"Semiparametric",TRUE
"Main",200,"Skew-normal",479,"OLS",TRUE
"Main",200,"Skew-normal",479,"Semiparametric",TRUE
"Main",200,"Gaussian",101,"OLS",TRUE
"Main",200,"Gaussian",101,"Semiparametric",TRUE
"Main",200,"Asymmetric mixture",922,"OLS",TRUE
"Main",200,"Asymmetric mixture",922,"Semiparametric",TRUE
"Main",200,"Symmetric bimodal",160,"OLS",TRUE
"Main",200,"Symmetric bimodal",160,"Semiparametric",FALSE
"Main",500,"Skew-normal",630,"OLS",TRUE
"Main",500,"Skew-normal",630,"Semiparametric",TRUE
"Main",500,"Symmetric bimodal",803,"OLS",TRUE
"Main",500,"Symmetric bimodal",803,"Semiparametric",TRUE
"Main",500,"Skew-normal",385,"OLS",TRUE
"Main",500,"Skew-normal",385,"Semiparametric",TRUE
"Main",500,"Asymmetric mixture",199,"OLS",TRUE
"Main",500,"Asymmetric mixture",199,"Semiparametric",TRUE
"Main",200,"Asymmetric mixture",894,"OLS",TRUE
"Main",200,"Asymmetric mixture",894,"Semiparametric",TRUE
"Main",200,"Asymmetric mixture",263,"OLS",TRUE
"Main",200,"Asymmetric mixture",263,"Semiparametric",TRUE
"Main",200,"Skew-normal",206,"OLS",TRUE
"Main",200,"Skew-normal",206,"Semiparametric",TRUE
"Main",500,"Gaussian",277,"OLS",TRUE
"Main",500,"Gaussian",277,"Semiparametric",TRUE
"Main",500,"Asymmetric mixture",346,"OLS",TRUE
"Main",500,"Asymmetric mixture",346,"Semiparametric",TRUE
"Main",500,"Symmetric bimodal",454,"OLS",TRUE
"Main",500,"Symmetric bimodal",454,"Semiparametric",TRUE
"Main",500,"Symmetric bimodal",919,"OLS",TRUE
"Main",500,"Symmetric bimodal",919,"Semiparametric",TRUE
"Main",500,"Asymmetric mixture",754,"OLS",TRUE
"Main",500,"Asymmetric mixture",754,"Semiparametric",TRUE
"Main",500,"Gaussian",84,"OLS",TRUE
"Main",500,"Gaussian",84,"Semiparametric",TRUE
"Main",200,"Symmetric bimodal",488,"OLS",TRUE
"Main",200,"Symmetric bimodal",488,"Semiparametric",TRUE
"Main",200,"Symmetric bimodal",827,"OLS",TRUE
"Main",200,"Symmetric bimodal",827,"Semiparametric",TRUE
"Main",200,"Skew-normal",692,"OLS",TRUE
"Main",200,"Skew-normal",692,"Semiparametric",TRUE
"Main",200,"Skew-normal",977,"OLS",TRUE
"Main",200,"Skew-normal",977,"Semiparametric",TRUE
"Main",500,"Skew-normal",936,"OLS",TRUE
"Main",500,"Skew-normal",936,"Semiparametric",TRUE
"Main",200,"Symmetric bimodal",115,"OLS",TRUE
"Main",200,"Symmetric bimodal",115,"Semiparametric",TRUE
"Main",200,"Asymmetric mixture",539,"OLS",TRUE
"Main",200,"Asymmetric mixture",539,"Semiparametric",TRUE
"Main",200,"Symmetric bimodal",60,"OLS",TRUE
"Main",200,"Symmetric bimodal",60,"Semiparametric",TRUE
"Main",500,"Gaussian",155,"OLS",TRUE
"Main",500,"Gaussian",155,"Semiparametric",TRUE
"Main",500,"Asymmetric mixture",330,"OLS",TRUE
"Main",500,"Asymmetric mixture",330,"Semiparametric",TRUE
"Main",500,"Symmetric bimodal",590,"OLS",TRUE
"Main",500,"Symmetric bimodal",590,"Semiparametric",TRUE
"Main",500,"Skew-normal",513,"OLS",TRUE
"Main",500,"Skew-normal",513,"Semiparametric",TRUE
"Main",500,"Asymmetric mixture",864,"OLS",TRUE
"Main",500,"Asymmetric mixture",864,"Semiparametric",TRUE
"Main",200,"Symmetric bimodal",331,"OLS",TRUE
"Main",200,"Symmetric bimodal",331,"Semiparametric",TRUE
"Main",500,"Symmetric bimodal",358,"OLS",TRUE
"Main",500,"Symmetric bimodal",358,"Semiparametric",TRUE
"Main",500,"Gaussian",736,"OLS",TRUE
"Main",500,"Gaussian",736,"Semiparametric",TRUE
"Main",500,"Asymmetric mixture",314,"OLS",TRUE
"Main",500,"Asymmetric mixture",314,"Semiparametric",TRUE
"Main",500,"Skew-normal",367,"OLS",TRUE
"Main",500,"Skew-normal",367,"Semiparametric",TRUE
"Main",500,"Gaussian",366,"OLS",TRUE
"Main",500,"Gaussian",366,"Semiparametric",TRUE
"Main",500,"Asymmetric mixture",638,"OLS",TRUE
"Main",500,"Asymmetric mixture",638,"Semiparametric",TRUE
"Main",500,"Asymmetric mixture",25,"OLS",TRUE
"Main",500,"Asymmetric mixture",25,"Semiparametric",TRUE
"Main",500,"Symmetric bimodal",109,"OLS",TRUE
"Main",500,"Symmetric bimodal",109,"Semiparametric",TRUE
"Main",200,"Symmetric bimodal",667,"OLS",TRUE
"Main",200,"Symmetric bimodal",667,"Semiparametric",TRUE
"Main",500,"Symmetric bimodal",127,"OLS",TRUE
"Main",500,"Symmetric bimodal",127,"Semiparametric",TRUE
"Main",200,"Asymmetric mixture",105,"OLS",TRUE
"Main",200,"Asymmetric mixture",105,"Semiparametric",FALSE
"Main",500,"Skew-normal",241,"OLS",TRUE
"Main",500,"Skew-normal",241,"Semiparametric",TRUE
"Main",500,"Symmetric bimodal",774,"OLS",TRUE
"Main",500,"Symmetric bimodal",774,"Semiparametric",TRUE
"Main",500,"Asymmetric mixture",368,"OLS",TRUE
"Main",500,"Asymmetric mixture",368,"Semiparametric",TRUE
"Main",200,"Skew-normal",697,"OLS",TRUE
"Main",200,"Skew-normal",697,"Semiparametric",TRUE
"Main",200,"Symmetric bimodal",19,"OLS",TRUE
"Main",200,"Symmetric bimodal",19,"Semiparametric",TRUE
"Main",200,"Symmetric bimodal",532,"OLS",TRUE
"Main",200,"Symmetric bimodal",532,"Semiparametric",TRUE
"Main",500,"Gaussian",137,"OLS",TRUE
"Main",500,"Gaussian",137,"Semiparametric",TRUE
"Main",500,"Asymmetric mixture",404,"OLS",TRUE
"Main",500,"Asymmetric mixture",404,"Semiparametric",TRUE
"Main",200,"Gaussian",41,"OLS",TRUE
"Main",200,"Gaussian",41,"Semiparametric",TRUE
"Main",200,"Gaussian",513,"OLS",TRUE
"Main",200,"Gaussian",513,"Semiparametric",TRUE
"Main",200,"Gaussian",214,"OLS",TRUE
"Main",200,"Gaussian",214,"Semiparametric",TRUE
"Main",500,"Asymmetric mixture",537,"OLS",TRUE
"Main",500,"Asymmetric mixture",537,"Semiparametric",TRUE
"Main",200,"Asymmetric mixture",109,"OLS",TRUE
"Main",200,"Asymmetric mixture",109,"Semiparametric",TRUE
"Main",200,"Skew-normal",236,"OLS",TRUE
"Main",200,"Skew-normal",236,"Semiparametric",TRUE
"Main",200,"Gaussian",348,"OLS",TRUE
"Main",200,"Gaussian",348,"Semiparametric",TRUE
"Main",500,"Skew-normal",658,"OLS",TRUE
"Main",500,"Skew-normal",658,"Semiparametric",TRUE
"Main",500,"Skew-normal",619,"OLS",TRUE
"Main",500,"Skew-normal",619,"Semiparametric",TRUE
"Main",200,"Asymmetric mixture",996,"OLS",TRUE
"Main",200,"Asymmetric mixture",996,"Semiparametric",FALSE
"Main",500,"Skew-normal",774,"OLS",TRUE
"Main",500,"Skew-normal",774,"Semiparametric",TRUE
"Main",200,"Gaussian",194,"OLS",TRUE
"Main",200,"Gaussian",194,"Semiparametric",TRUE
"Main",200,"Asymmetric mixture",102,"OLS",TRUE
"Main",200,"Asymmetric mixture",102,"Semiparametric",TRUE
"Main",500,"Asymmetric mixture",540,"OLS",TRUE
"Main",500,"Asymmetric mixture",540,"Semiparametric",TRUE
"Main",200,"Asymmetric mixture",31,"OLS",TRUE
"Main",200,"Asymmetric mixture",31,"Semiparametric",FALSE
"Main",200,"Symmetric bimodal",911,"OLS",TRUE
"Main",200,"Symmetric bimodal",911,"Semiparametric",FALSE
"Main",200,"Gaussian",3,"OLS",TRUE
"Main",200,"Gaussian",3,"Semiparametric",TRUE
"Main",500,"Symmetric bimodal",42,"OLS",TRUE
"Main",500,"Symmetric bimodal",42,"Semiparametric",TRUE
"Main",500,"Asymmetric mixture",165,"OLS",TRUE
"Main",500,"Asymmetric mixture",165,"Semiparametric",TRUE
"Main",200,"Asymmetric mixture",990,"OLS",TRUE
"Main",200,"Asymmetric mixture",990,"Semiparametric",TRUE
"Main",500,"Skew-normal",276,"OLS",TRUE
"Main",500,"Skew-normal",276,"Semiparametric",TRUE
"Main",500,"Symmetric bimodal",77,"OLS",TRUE
"Main",500,"Symmetric bimodal",77,"Semiparametric",TRUE
"Main",200,"Skew-normal",808,"OLS",TRUE
"Main",200,"Skew-normal",808,"Semiparametric",TRUE
"Main",200,"Asymmetric mixture",930,"OLS",TRUE
"Main",200,"Asymmetric mixture",930,"Semiparametric",TRUE
"Main",200,"Gaussian",981,"OLS",TRUE
"Main",200,"Gaussian",981,"Semiparametric",TRUE
"Main",200,"Symmetric bimodal",617,"OLS",TRUE
"Main",200,"Symmetric bimodal",617,"Semiparametric",TRUE
"Main",200,"Asymmetric mixture",302,"OLS",TRUE
"Main",200,"Asymmetric mixture",302,"Semiparametric",TRUE
"Main",500,"Symmetric bimodal",122,"OLS",TRUE
"Main",500,"Symmetric bimodal",122,"Semiparametric",TRUE
"Main",200,"Symmetric bimodal",825,"OLS",TRUE
"Main",200,"Symmetric bimodal",825,"Semiparametric",TRUE
"Main",200,"Gaussian",142,"OLS",TRUE
"Main",200,"Gaussian",142,"Semiparametric",TRUE
"Main",500,"Skew-normal",983,"OLS",TRUE
"Main",500,"Skew-normal",983,"Semiparametric",TRUE
"Main",500,"Symmetric bimodal",795,"OLS",TRUE
"Main",500,"Symmetric bimodal",795,"Semiparametric",TRUE
"Main",200,"Gaussian",551,"OLS",TRUE
"Main",200,"Gaussian",551,"Semiparametric",TRUE
"Main",200,"Asymmetric mixture",379,"OLS",TRUE
"Main",200,"Asymmetric mixture",379,"Semiparametric",TRUE
"Main",200,"Asymmetric mixture",318,"OLS",TRUE
"Main",200,"Asymmetric mixture",318,"Semiparametric",TRUE
"Main",500,"Gaussian",16,"OLS",TRUE
"Main",500,"Gaussian",16,"Semiparametric",TRUE
"Main",500,"Gaussian",428,"OLS",TRUE
"Main",500,"Gaussian",428,"Semiparametric",TRUE
"Main",500,"Skew-normal",179,"OLS",TRUE
"Main",500,"Skew-normal",179,"Semiparametric",TRUE
"Main",200,"Skew-normal",292,"OLS",TRUE
"Main",200,"Skew-normal",292,"Semiparametric",TRUE
"Main",200,"Symmetric bimodal",994,"OLS",TRUE
"Main",200,"Symmetric bimodal",994,"Semiparametric",TRUE
"Main",200,"Asymmetric mixture",740,"OLS",TRUE
"Main",200,"Asymmetric mixture",740,"Semiparametric",TRUE
"Main",200,"Symmetric bimodal",768,"OLS",TRUE
"Main",200,"Symmetric bimodal",768,"Semiparametric",TRUE
"Main",500,"Symmetric bimodal",702,"OLS",TRUE
"Main",500,"Symmetric bimodal",702,"Semiparametric",TRUE
"Main",500,"Gaussian",210,"OLS",TRUE
"Main",500,"Gaussian",210,"Semiparametric",TRUE
"Main",500,"Symmetric bimodal",2,"OLS",TRUE
"Main",500,"Symmetric bimodal",2,"Semiparametric",TRUE
"Main",500,"Asymmetric mixture",73,"OLS",TRUE
"Main",500,"Asymmetric mixture",73,"Semiparametric",TRUE
"Main",200,"Symmetric bimodal",318,"OLS",TRUE
"Main",200,"Symmetric bimodal",318,"Semiparametric",TRUE
"Main",200,"Asymmetric mixture",329,"OLS",TRUE
"Main",200,"Asymmetric mixture",329,"Semiparametric",TRUE
"Main",500,"Gaussian",245,"OLS",TRUE
"Main",500,"Gaussian",245,"Semiparametric",TRUE
"Main",500,"Gaussian",114,"OLS",TRUE
"Main",500,"Gaussian",114,"Semiparametric",TRUE
"Main",500,"Symmetric bimodal",871,"OLS",TRUE
"Main",500,"Symmetric bimodal",871,"Semiparametric",TRUE
"Main",200,"Gaussian",390,"OLS",TRUE
"Main",200,"Gaussian",390,"Semiparametric",TRUE
"Main",200,"Gaussian",734,"OLS",TRUE
"Main",200,"Gaussian",734,"Semiparametric",TRUE
"Main",500,"Gaussian",258,"OLS",TRUE
"Main",500,"Gaussian",258,"Semiparametric",TRUE
"Main",500,"Gaussian",63,"OLS",TRUE
"Main",500,"Gaussian",63,"Semiparametric",TRUE
"Main",500,"Skew-normal",601,"OLS",TRUE
"Main",500,"Skew-normal",601,"Semiparametric",TRUE
"Main",200,"Symmetric bimodal",361,"OLS",TRUE
"Main",200,"Symmetric bimodal",361,"Semiparametric",TRUE
"Main",500,"Symmetric bimodal",213,"OLS",TRUE
"Main",500,"Symmetric bimodal",213,"Semiparametric",TRUE
"Main",200,"Symmetric bimodal",897,"OLS",TRUE
"Main",200,"Symmetric bimodal",897,"Semiparametric",TRUE
"Main",500,"Symmetric bimodal",523,"OLS",TRUE
"Main",500,"Symmetric bimodal",523,"Semiparametric",TRUE
"Main",500,"Gaussian",35,"OLS",TRUE
"Main",500,"Gaussian",35,"Semiparametric",TRUE
"Main",200,"Asymmetric mixture",662,"OLS",TRUE
"Main",200,"Asymmetric mixture",662,"Semiparametric",TRUE
"Main",200,"Symmetric bimodal",955,"OLS",TRUE
"Main",200,"Symmetric bimodal",955,"Semiparametric",FALSE
"Main",200,"Skew-normal",429,"OLS",TRUE
"Main",200,"Skew-normal",429,"Semiparametric",TRUE
"Main",500,"Skew-normal",680,"OLS",TRUE
"Main",500,"Skew-normal",680,"Semiparametric",TRUE
"Main",500,"Skew-normal",379,"OLS",TRUE
"Main",500,"Skew-normal",379,"Semiparametric",TRUE
"Main",200,"Skew-normal",105,"OLS",TRUE
"Main",200,"Skew-normal",105,"Semiparametric",TRUE
"Main",500,"Gaussian",399,"OLS",TRUE
"Main",500,"Gaussian",399,"Semiparametric",TRUE
"Main",500,"Skew-normal",626,"OLS",TRUE
"Main",500,"Skew-normal",626,"Semiparametric",TRUE
"Main",500,"Skew-normal",351,"OLS",TRUE
"Main",500,"Skew-normal",351,"Semiparametric",TRUE
"Main",200,"Symmetric bimodal",422,"OLS",TRUE
"Main",200,"Symmetric bimodal",422,"Semiparametric",TRUE
"Main",200,"Asymmetric mixture",376,"OLS",TRUE
"Main",200,"Asymmetric mixture",376,"Semiparametric",TRUE
"Main",500,"Symmetric bimodal",211,"OLS",TRUE
"Main",500,"Symmetric bimodal",211,"Semiparametric",TRUE
"Main",200,"Asymmetric mixture",491,"OLS",TRUE
"Main",200,"Asymmetric mixture",491,"Semiparametric",TRUE
"Main",500,"Asymmetric mixture",975,"OLS",TRUE
"Main",500,"Asymmetric mixture",975,"Semiparametric",TRUE
"Main",200,"Symmetric bimodal",799,"OLS",TRUE
"Main",200,"Symmetric bimodal",799,"Semiparametric",TRUE
"Main",200,"Skew-normal",951,"OLS",TRUE
"Main",200,"Skew-normal",951,"Semiparametric",TRUE
"Main",200,"Skew-normal",76,"OLS",TRUE
"Main",200,"Skew-normal",76,"Semiparametric",TRUE
"Main",200,"Gaussian",351,"OLS",TRUE
"Main",200,"Gaussian",351,"Semiparametric",TRUE
"Main",200,"Symmetric bimodal",176,"OLS",TRUE
"Main",200,"Symmetric bimodal",176,"Semiparametric",TRUE
"Main",200,"Gaussian",827,"OLS",TRUE
"Main",200,"Gaussian",827,"Semiparametric",TRUE
"Main",200,"Asymmetric mixture",770,"OLS",TRUE
"Main",200,"Asymmetric mixture",770,"Semiparametric",TRUE
"Main",200,"Asymmetric mixture",171,"OLS",TRUE
"Main",200,"Asymmetric mixture",171,"Semiparametric",TRUE
"Main",500,"Symmetric bimodal",641,"OLS",TRUE
"Main",500,"Symmetric bimodal",641,"Semiparametric",TRUE
"Main",200,"Gaussian",767,"OLS",TRUE
"Main",200,"Gaussian",767,"Semiparametric",TRUE
"Main",200,"Symmetric bimodal",136,"OLS",TRUE
"Main",200,"Symmetric bimodal",136,"Semiparametric",TRUE
"Main",200,"Skew-normal",153,"OLS",TRUE
"Main",200,"Skew-normal",153,"Semiparametric",TRUE
"Main",500,"Asymmetric mixture",607,"OLS",TRUE
"Main",500,"Asymmetric mixture",607,"Semiparametric",TRUE
"Main",500,"Symmetric bimodal",576,"OLS",TRUE
"Main",500,"Symmetric bimodal",576,"Semiparametric",TRUE
"Main",200,"Asymmetric mixture",963,"OLS",TRUE
"Main",200,"Asymmetric mixture",963,"Semiparametric",TRUE
"Main",200,"Skew-normal",223,"OLS",TRUE
"Main",200,"Skew-normal",223,"Semiparametric",TRUE
"Main",200,"Gaussian",190,"OLS",TRUE
"Main",200,"Gaussian",190,"Semiparametric",TRUE
"Main",200,"Gaussian",797,"OLS",TRUE
"Main",200,"Gaussian",797,"Semiparametric",TRUE
"Main",200,"Symmetric bimodal",816,"OLS",TRUE
"Main",200,"Symmetric bimodal",816,"Semiparametric",TRUE
"Main",500,"Symmetric bimodal",3,"OLS",TRUE
"Main",500,"Symmetric bimodal",3,"Semiparametric",TRUE
"Main",500,"Skew-normal",311,"OLS",TRUE
"Main",500,"Skew-normal",311,"Semiparametric",TRUE
"Main",200,"Symmetric bimodal",527,"OLS",TRUE
"Main",200,"Symmetric bimodal",527,"Semiparametric",TRUE
"Main",200,"Gaussian",724,"OLS",TRUE
"Main",200,"Gaussian",724,"Semiparametric",TRUE
"Main",200,"Asymmetric mixture",237,"OLS",TRUE
"Main",200,"Asymmetric mixture",237,"Semiparametric",TRUE
"Main",500,"Symmetric bimodal",412,"OLS",TRUE
"Main",500,"Symmetric bimodal",412,"Semiparametric",TRUE
"Main",500,"Symmetric bimodal",813,"OLS",TRUE
"Main",500,"Symmetric bimodal",813,"Semiparametric",TRUE
"Main",500,"Gaussian",174,"OLS",TRUE
"Main",500,"Gaussian",174,"Semiparametric",TRUE
"Main",500,"Skew-normal",256,"OLS",TRUE
"Main",500,"Skew-normal",256,"Semiparametric",TRUE
"Main",200,"Symmetric bimodal",453,"OLS",TRUE
"Main",200,"Symmetric bimodal",453,"Semiparametric",TRUE
"Main",500,"Skew-normal",635,"OLS",TRUE
"Main",500,"Skew-normal",635,"Semiparametric",TRUE
"Main",200,"Gaussian",247,"OLS",TRUE
"Main",200,"Gaussian",247,"Semiparametric",TRUE
"Main",200,"Skew-normal",356,"OLS",TRUE
"Main",200,"Skew-normal",356,"Semiparametric",TRUE
"Main",500,"Gaussian",747,"OLS",TRUE
"Main",500,"Gaussian",747,"Semiparametric",TRUE
"Main",200,"Symmetric bimodal",569,"OLS",TRUE
"Main",200,"Symmetric bimodal",569,"Semiparametric",TRUE
"Main",500,"Asymmetric mixture",929,"OLS",TRUE
"Main",500,"Asymmetric mixture",929,"Semiparametric",TRUE
"Main",200,"Symmetric bimodal",951,"OLS",TRUE
"Main",200,"Symmetric bimodal",951,"Semiparametric",TRUE
"Main",200,"Asymmetric mixture",651,"OLS",TRUE
"Main",200,"Asymmetric mixture",651,"Semiparametric",TRUE
"Main",200,"Symmetric bimodal",281,"OLS",TRUE
"Main",200,"Symmetric bimodal",281,"Semiparametric",TRUE
"Main",200,"Skew-normal",81,"OLS",TRUE
"Main",200,"Skew-normal",81,"Semiparametric",TRUE
"Main",500,"Asymmetric mixture",449,"OLS",TRUE
"Main",500,"Asymmetric mixture",449,"Semiparametric",TRUE
"Main",200,"Asymmetric mixture",583,"OLS",TRUE
"Main",200,"Asymmetric mixture",583,"Semiparametric",TRUE
"Main",500,"Skew-normal",489,"OLS",TRUE
"Main",500,"Skew-normal",489,"Semiparametric",TRUE
"Main",500,"Symmetric bimodal",549,"OLS",TRUE
"Main",500,"Symmetric bimodal",549,"Semiparametric",TRUE
"Main",200,"Asymmetric mixture",797,"OLS",TRUE
"Main",200,"Asymmetric mixture",797,"Semiparametric",TRUE
"Main",200,"Skew-normal",649,"OLS",TRUE
"Main",200,"Skew-normal",649,"Semiparametric",TRUE
"Main",500,"Gaussian",886,"OLS",TRUE
"Main",500,"Gaussian",886,"Semiparametric",TRUE
"Main",500,"Asymmetric mixture",228,"OLS",TRUE
"Main",500,"Asymmetric mixture",228,"Semiparametric",TRUE
"Main",200,"Gaussian",946,"OLS",TRUE
"Main",200,"Gaussian",946,"Semiparametric",TRUE
"Main",500,"Asymmetric mixture",649,"OLS",TRUE
"Main",500,"Asymmetric mixture",649,"Semiparametric",TRUE
"Main",200,"Asymmetric mixture",590,"OLS",TRUE
"Main",200,"Asymmetric mixture",590,"Semiparametric",TRUE
"Main",500,"Symmetric bimodal",49,"OLS",TRUE
"Main",500,"Symmetric bimodal",49,"Semiparametric",TRUE
"Main",200,"Asymmetric mixture",230,"OLS",TRUE
"Main",200,"Asymmetric mixture",230,"Semiparametric",TRUE
"Main",500,"Symmetric bimodal",604,"OLS",TRUE
"Main",500,"Symmetric bimodal",604,"Semiparametric",TRUE
"Main",500,"Asymmetric mixture",884,"OLS",TRUE
"Main",500,"Asymmetric mixture",884,"Semiparametric",TRUE
"Main",200,"Skew-normal",183,"OLS",TRUE
"Main",200,"Skew-normal",183,"Semiparametric",TRUE
"Main",200,"Gaussian",578,"OLS",TRUE
"Main",200,"Gaussian",578,"Semiparametric",TRUE
"Main",200,"Skew-normal",134,"OLS",TRUE
"Main",200,"Skew-normal",134,"Semiparametric",TRUE
"Main",500,"Symmetric bimodal",499,"OLS",TRUE
"Main",500,"Symmetric bimodal",499,"Semiparametric",TRUE
"Main",500,"Skew-normal",22,"OLS",TRUE
"Main",500,"Skew-normal",22,"Semiparametric",TRUE
"Main",500,"Symmetric bimodal",796,"OLS",TRUE
"Main",500,"Symmetric bimodal",796,"Semiparametric",TRUE
"Main",500,"Symmetric bimodal",924,"OLS",TRUE
"Main",500,"Symmetric bimodal",924,"Semiparametric",TRUE
"Main",500,"Skew-normal",595,"OLS",TRUE
"Main",500,"Skew-normal",595,"Semiparametric",TRUE
"Main",500,"Asymmetric mixture",186,"OLS",TRUE
"Main",500,"Asymmetric mixture",186,"Semiparametric",TRUE
"Main",500,"Asymmetric mixture",2,"OLS",TRUE
"Main",500,"Asymmetric mixture",2,"Semiparametric",TRUE
"Main",200,"Gaussian",146,"OLS",TRUE
"Main",200,"Gaussian",146,"Semiparametric",TRUE
"Main",500,"Skew-normal",219,"OLS",TRUE
"Main",500,"Skew-normal",219,"Semiparametric",TRUE
"Main",500,"Skew-normal",765,"OLS",TRUE
"Main",500,"Skew-normal",765,"Semiparametric",TRUE
"Main",500,"Gaussian",1,"OLS",TRUE
"Main",500,"Gaussian",1,"Semiparametric",TRUE
"Main",200,"Gaussian",837,"OLS",TRUE
"Main",200,"Gaussian",837,"Semiparametric",TRUE
"Main",500,"Skew-normal",430,"OLS",TRUE
"Main",500,"Skew-normal",430,"Semiparametric",TRUE
"Main",200,"Gaussian",136,"OLS",TRUE
"Main",200,"Gaussian",136,"Semiparametric",TRUE
"Main",500,"Asymmetric mixture",333,"OLS",TRUE
"Main",500,"Asymmetric mixture",333,"Semiparametric",TRUE
"Main",200,"Skew-normal",375,"OLS",TRUE
"Main",200,"Skew-normal",375,"Semiparametric",TRUE
"Main",200,"Gaussian",768,"OLS",TRUE
"Main",200,"Gaussian",768,"Semiparametric",TRUE
"Main",500,"Skew-normal",414,"OLS",TRUE
"Main",500,"Skew-normal",414,"Semiparametric",TRUE
"Main",500,"Gaussian",185,"OLS",TRUE
"Main",500,"Gaussian",185,"Semiparametric",TRUE
"Main",200,"Gaussian",900,"OLS",TRUE
"Main",200,"Gaussian",900,"Semiparametric",TRUE
"Main",200,"Gaussian",88,"OLS",TRUE
"Main",200,"Gaussian",88,"Semiparametric",TRUE
"Main",500,"Skew-normal",979,"OLS",TRUE
"Main",500,"Skew-normal",979,"Semiparametric",TRUE
"Main",200,"Symmetric bimodal",878,"OLS",TRUE
"Main",200,"Symmetric bimodal",878,"Semiparametric",TRUE
"Main",500,"Gaussian",360,"OLS",TRUE
"Main",500,"Gaussian",360,"Semiparametric",TRUE
"Main",500,"Asymmetric mixture",136,"OLS",TRUE
"Main",500,"Asymmetric mixture",136,"Semiparametric",TRUE
"Main",200,"Skew-normal",311,"OLS",TRUE
"Main",200,"Skew-normal",311,"Semiparametric",TRUE
"Main",500,"Skew-normal",47,"OLS",TRUE
"Main",500,"Skew-normal",47,"Semiparametric",TRUE
"Main",500,"Asymmetric mixture",138,"OLS",TRUE
"Main",500,"Asymmetric mixture",138,"Semiparametric",TRUE
"Main",500,"Symmetric bimodal",657,"OLS",TRUE
"Main",500,"Symmetric bimodal",657,"Semiparametric",TRUE
"Main",200,"Gaussian",959,"OLS",TRUE
"Main",200,"Gaussian",959,"Semiparametric",TRUE
"Main",500,"Gaussian",506,"OLS",TRUE
"Main",500,"Gaussian",506,"Semiparametric",TRUE
"Main",200,"Skew-normal",560,"OLS",TRUE
"Main",200,"Skew-normal",560,"Semiparametric",TRUE
"Main",200,"Symmetric bimodal",544,"OLS",TRUE
"Main",200,"Symmetric bimodal",544,"Semiparametric",TRUE
"Main",500,"Skew-normal",253,"OLS",TRUE
"Main",500,"Skew-normal",253,"Semiparametric",TRUE
"Main",500,"Symmetric bimodal",573,"OLS",TRUE
"Main",500,"Symmetric bimodal",573,"Semiparametric",TRUE
"Main",500,"Gaussian",863,"OLS",TRUE
"Main",500,"Gaussian",863,"Semiparametric",TRUE
"Main",200,"Asymmetric mixture",818,"OLS",TRUE
"Main",200,"Asymmetric mixture",818,"Semiparametric",FALSE
"Main",500,"Gaussian",891,"OLS",TRUE
"Main",500,"Gaussian",891,"Semiparametric",TRUE
"Main",200,"Asymmetric mixture",836,"OLS",TRUE
"Main",200,"Asymmetric mixture",836,"Semiparametric",TRUE
"Main",200,"Gaussian",988,"OLS",TRUE
"Main",200,"Gaussian",988,"Semiparametric",TRUE
"Main",500,"Skew-normal",735,"OLS",TRUE
"Main",500,"Skew-normal",735,"Semiparametric",TRUE
"Main",200,"Skew-normal",928,"OLS",TRUE
"Main",200,"Skew-normal",928,"Semiparametric",TRUE
"Main",200,"Asymmetric mixture",871,"OLS",TRUE
"Main",200,"Asymmetric mixture",871,"Semiparametric",TRUE
"Main",200,"Gaussian",63,"OLS",TRUE
"Main",200,"Gaussian",63,"Semiparametric",TRUE
"Main",500,"Symmetric bimodal",848,"OLS",TRUE
"Main",500,"Symmetric bimodal",848,"Semiparametric",TRUE
"Main",500,"Gaussian",233,"OLS",TRUE
"Main",500,"Gaussian",233,"Semiparametric",TRUE
"Main",200,"Gaussian",753,"OLS",TRUE
"Main",200,"Gaussian",753,"Semiparametric",TRUE
"Main",500,"Gaussian",73,"OLS",TRUE
"Main",500,"Gaussian",73,"Semiparametric",TRUE
"Main",500,"Symmetric bimodal",671,"OLS",TRUE
"Main",500,"Symmetric bimodal",671,"Semiparametric",TRUE
"Main",500,"Gaussian",897,"OLS",TRUE
"Main",500,"Gaussian",897,"Semiparametric",TRUE
"Main",500,"Gaussian",657,"OLS",TRUE
"Main",500,"Gaussian",657,"Semiparametric",TRUE
"Main",200,"Skew-normal",274,"OLS",TRUE
"Main",200,"Skew-normal",274,"Semiparametric",TRUE
"Main",200,"Skew-normal",761,"OLS",TRUE
"Main",200,"Skew-normal",761,"Semiparametric",TRUE
"Main",500,"Asymmetric mixture",109,"OLS",TRUE
"Main",500,"Asymmetric mixture",109,"Semiparametric",TRUE
"Main",500,"Gaussian",65,"OLS",TRUE
"Main",500,"Gaussian",65,"Semiparametric",TRUE
"Main",500,"Skew-normal",296,"OLS",TRUE
"Main",500,"Skew-normal",296,"Semiparametric",TRUE
"Main",200,"Skew-normal",69,"OLS",TRUE
"Main",200,"Skew-normal",69,"Semiparametric",TRUE
"Main",500,"Skew-normal",156,"OLS",TRUE
"Main",500,"Skew-normal",156,"Semiparametric",TRUE
"Main",200,"Skew-normal",257,"OLS",TRUE
"Main",200,"Skew-normal",257,"Semiparametric",TRUE
"Main",200,"Skew-normal",743,"OLS",TRUE
"Main",200,"Skew-normal",743,"Semiparametric",TRUE
"Main",200,"Gaussian",447,"OLS",TRUE
"Main",200,"Gaussian",447,"Semiparametric",TRUE
"Main",200,"Symmetric bimodal",377,"OLS",TRUE
"Main",200,"Symmetric bimodal",377,"Semiparametric",FALSE
"Main",200,"Symmetric bimodal",894,"OLS",TRUE
"Main",200,"Symmetric bimodal",894,"Semiparametric",TRUE
"Main",200,"Gaussian",446,"OLS",TRUE
"Main",200,"Gaussian",446,"Semiparametric",TRUE
"Main",500,"Gaussian",895,"OLS",TRUE
"Main",500,"Gaussian",895,"Semiparametric",TRUE
"Main",200,"Gaussian",910,"OLS",TRUE
"Main",200,"Gaussian",910,"Semiparametric",TRUE
"Main",200,"Asymmetric mixture",431,"OLS",TRUE
"Main",200,"Asymmetric mixture",431,"Semiparametric",TRUE
"Main",500,"Gaussian",984,"OLS",TRUE
"Main",500,"Gaussian",984,"Semiparametric",TRUE
"Main",200,"Asymmetric mixture",567,"OLS",TRUE
"Main",200,"Asymmetric mixture",567,"Semiparametric",TRUE
"Main",500,"Symmetric bimodal",181,"OLS",TRUE
"Main",500,"Symmetric bimodal",181,"Semiparametric",TRUE
"Main",200,"Asymmetric mixture",307,"OLS",TRUE
"Main",200,"Asymmetric mixture",307,"Semiparametric",TRUE
"Main",200,"Skew-normal",870,"OLS",TRUE
"Main",200,"Skew-normal",870,"Semiparametric",TRUE
"Main",200,"Gaussian",159,"OLS",TRUE
"Main",200,"Gaussian",159,"Semiparametric",TRUE
"Main",500,"Skew-normal",79,"OLS",TRUE
"Main",500,"Skew-normal",79,"Semiparametric",TRUE
"Main",500,"Gaussian",772,"OLS",TRUE
"Main",500,"Gaussian",772,"Semiparametric",TRUE
"Main",500,"Skew-normal",742,"OLS",TRUE
"Main",500,"Skew-normal",742,"Semiparametric",TRUE
"Main",500,"Skew-normal",292,"OLS",TRUE
"Main",500,"Skew-normal",292,"Semiparametric",TRUE
"Main",200,"Gaussian",491,"OLS",TRUE
"Main",200,"Gaussian",491,"Semiparametric",TRUE
"Main",200,"Skew-normal",482,"OLS",TRUE
"Main",200,"Skew-normal",482,"Semiparametric",TRUE
"Main",500,"Symmetric bimodal",669,"OLS",TRUE
"Main",500,"Symmetric bimodal",669,"Semiparametric",TRUE
"Main",500,"Symmetric bimodal",27,"OLS",TRUE
"Main",500,"Symmetric bimodal",27,"Semiparametric",TRUE
"Main",500,"Asymmetric mixture",440,"OLS",TRUE
"Main",500,"Asymmetric mixture",440,"Semiparametric",TRUE
"Main",200,"Symmetric bimodal",774,"OLS",TRUE
"Main",200,"Symmetric bimodal",774,"Semiparametric",TRUE
"Main",200,"Skew-normal",521,"OLS",TRUE
"Main",200,"Skew-normal",521,"Semiparametric",TRUE
"Main",500,"Gaussian",383,"OLS",TRUE
"Main",500,"Gaussian",383,"Semiparametric",TRUE
"Main",500,"Skew-normal",568,"OLS",TRUE
"Main",500,"Skew-normal",568,"Semiparametric",TRUE
"Main",200,"Symmetric bimodal",83,"OLS",TRUE
"Main",200,"Symmetric bimodal",83,"Semiparametric",TRUE
"Main",500,"Gaussian",710,"OLS",TRUE
"Main",500,"Gaussian",710,"Semiparametric",TRUE
"Main",500,"Symmetric bimodal",387,"OLS",TRUE
"Main",500,"Symmetric bimodal",387,"Semiparametric",TRUE
"Main",500,"Symmetric bimodal",169,"OLS",TRUE
"Main",500,"Symmetric bimodal",169,"Semiparametric",TRUE
"Main",500,"Gaussian",254,"OLS",TRUE
"Main",500,"Gaussian",254,"Semiparametric",TRUE
"Main",200,"Asymmetric mixture",267,"OLS",TRUE
"Main",200,"Asymmetric mixture",267,"Semiparametric",TRUE
"Main",200,"Asymmetric mixture",406,"OLS",TRUE
"Main",200,"Asymmetric mixture",406,"Semiparametric",TRUE
"Main",200,"Skew-normal",449,"OLS",TRUE
"Main",200,"Skew-normal",449,"Semiparametric",TRUE
"Main",500,"Gaussian",30,"OLS",TRUE
"Main",500,"Gaussian",30,"Semiparametric",TRUE
"Main",500,"Asymmetric mixture",856,"OLS",TRUE
"Main",500,"Asymmetric mixture",856,"Semiparametric",TRUE
"Main",200,"Symmetric bimodal",47,"OLS",TRUE
"Main",200,"Symmetric bimodal",47,"Semiparametric",TRUE
"Main",200,"Asymmetric mixture",107,"OLS",TRUE
"Main",200,"Asymmetric mixture",107,"Semiparametric",TRUE
"Main",500,"Asymmetric mixture",702,"OLS",TRUE
"Main",500,"Asymmetric mixture",702,"Semiparametric",TRUE
"Main",500,"Skew-normal",275,"OLS",TRUE
"Main",500,"Skew-normal",275,"Semiparametric",TRUE
"Main",500,"Symmetric bimodal",858,"OLS",TRUE
"Main",500,"Symmetric bimodal",858,"Semiparametric",TRUE
"Main",200,"Asymmetric mixture",956,"OLS",TRUE
"Main",200,"Asymmetric mixture",956,"Semiparametric",TRUE
"Main",200,"Gaussian",927,"OLS",TRUE
"Main",200,"Gaussian",927,"Semiparametric",TRUE
"Main",500,"Skew-normal",288,"OLS",TRUE
"Main",500,"Skew-normal",288,"Semiparametric",TRUE
"Main",500,"Skew-normal",589,"OLS",TRUE
"Main",500,"Skew-normal",589,"Semiparametric",TRUE
"Main",200,"Symmetric bimodal",230,"OLS",TRUE
"Main",200,"Symmetric bimodal",230,"Semiparametric",TRUE
"Main",200,"Symmetric bimodal",218,"OLS",TRUE
"Main",200,"Symmetric bimodal",218,"Semiparametric",TRUE
"Main",500,"Gaussian",46,"OLS",TRUE
"Main",500,"Gaussian",46,"Semiparametric",TRUE
"Main",200,"Gaussian",227,"OLS",TRUE
"Main",200,"Gaussian",227,"Semiparametric",TRUE
"Main",200,"Asymmetric mixture",202,"OLS",TRUE
"Main",200,"Asymmetric mixture",202,"Semiparametric",TRUE
"Main",500,"Skew-normal",946,"OLS",TRUE
"Main",500,"Skew-normal",946,"Semiparametric",TRUE
"Main",200,"Gaussian",305,"OLS",TRUE
"Main",200,"Gaussian",305,"Semiparametric",TRUE
"Main",200,"Skew-normal",496,"OLS",TRUE
"Main",200,"Skew-normal",496,"Semiparametric",TRUE
"Main",200,"Skew-normal",950,"OLS",TRUE
"Main",200,"Skew-normal",950,"Semiparametric",TRUE
"Main",200,"Gaussian",643,"OLS",TRUE
"Main",200,"Gaussian",643,"Semiparametric",TRUE
"Main",500,"Symmetric bimodal",995,"OLS",TRUE
"Main",500,"Symmetric bimodal",995,"Semiparametric",TRUE
"Main",500,"Symmetric bimodal",886,"OLS",TRUE
"Main",500,"Symmetric bimodal",886,"Semiparametric",TRUE
"Main",500,"Asymmetric mixture",563,"OLS",TRUE
"Main",500,"Asymmetric mixture",563,"Semiparametric",TRUE
"Main",500,"Symmetric bimodal",793,"OLS",TRUE
"Main",500,"Symmetric bimodal",793,"Semiparametric",TRUE
"Main",200,"Asymmetric mixture",976,"OLS",TRUE
"Main",200,"Asymmetric mixture",976,"Semiparametric",TRUE
"Main",500,"Asymmetric mixture",35,"OLS",TRUE
"Main",500,"Asymmetric mixture",35,"Semiparametric",TRUE
"Main",200,"Symmetric bimodal",932,"OLS",TRUE
"Main",200,"Symmetric bimodal",932,"Semiparametric",TRUE
"Main",500,"Symmetric bimodal",637,"OLS",TRUE
"Main",500,"Symmetric bimodal",637,"Semiparametric",TRUE
"Main",200,"Skew-normal",1,"OLS",TRUE
"Main",200,"Skew-normal",1,"Semiparametric",TRUE
"Main",200,"Asymmetric mixture",692,"OLS",TRUE
"Main",200,"Asymmetric mixture",692,"Semiparametric",TRUE
"Main",500,"Gaussian",362,"OLS",TRUE
"Main",500,"Gaussian",362,"Semiparametric",TRUE
"Main",200,"Asymmetric mixture",633,"OLS",TRUE
"Main",200,"Asymmetric mixture",633,"Semiparametric",TRUE
"Main",200,"Skew-normal",343,"OLS",TRUE
"Main",200,"Skew-normal",343,"Semiparametric",TRUE
"Main",200,"Gaussian",573,"OLS",TRUE
"Main",200,"Gaussian",573,"Semiparametric",TRUE
"Main",500,"Gaussian",9,"OLS",TRUE
"Main",500,"Gaussian",9,"Semiparametric",TRUE
"Main",200,"Gaussian",279,"OLS",TRUE
"Main",200,"Gaussian",279,"Semiparametric",TRUE
"Main",500,"Symmetric bimodal",450,"OLS",TRUE
"Main",500,"Symmetric bimodal",450,"Semiparametric",TRUE
"Main",500,"Gaussian",610,"OLS",TRUE
"Main",500,"Gaussian",610,"Semiparametric",TRUE
"Main",200,"Asymmetric mixture",923,"OLS",TRUE
"Main",200,"Asymmetric mixture",923,"Semiparametric",FALSE
"Main",500,"Skew-normal",576,"OLS",TRUE
"Main",500,"Skew-normal",576,"Semiparametric",TRUE
"Main",200,"Asymmetric mixture",931,"OLS",TRUE
"Main",200,"Asymmetric mixture",931,"Semiparametric",TRUE
"Main",500,"Skew-normal",394,"OLS",TRUE
"Main",500,"Skew-normal",394,"Semiparametric",TRUE
"Main",200,"Symmetric bimodal",958,"OLS",TRUE
"Main",200,"Symmetric bimodal",958,"Semiparametric",TRUE
"Main",200,"Gaussian",580,"OLS",TRUE
"Main",200,"Gaussian",580,"Semiparametric",TRUE
"Main",500,"Skew-normal",124,"OLS",TRUE
"Main",500,"Skew-normal",124,"Semiparametric",TRUE
"Main",200,"Asymmetric mixture",182,"OLS",TRUE
"Main",200,"Asymmetric mixture",182,"Semiparametric",TRUE
"Main",500,"Asymmetric mixture",804,"OLS",TRUE
"Main",500,"Asymmetric mixture",804,"Semiparametric",TRUE
"Main",200,"Asymmetric mixture",231,"OLS",TRUE
"Main",200,"Asymmetric mixture",231,"Semiparametric",TRUE
"Main",500,"Asymmetric mixture",915,"OLS",TRUE
"Main",500,"Asymmetric mixture",915,"Semiparametric",TRUE
"Main",200,"Symmetric bimodal",299,"OLS",TRUE
"Main",200,"Symmetric bimodal",299,"Semiparametric",TRUE
"Main",500,"Asymmetric mixture",212,"OLS",TRUE
"Main",500,"Asymmetric mixture",212,"Semiparametric",TRUE
"Main",500,"Asymmetric mixture",578,"OLS",TRUE
"Main",500,"Asymmetric mixture",578,"Semiparametric",TRUE
"Main",500,"Asymmetric mixture",178,"OLS",TRUE
"Main",500,"Asymmetric mixture",178,"Semiparametric",TRUE
"Main",500,"Skew-normal",917,"OLS",TRUE
"Main",500,"Skew-normal",917,"Semiparametric",TRUE
"Main",200,"Asymmetric mixture",305,"OLS",TRUE
"Main",200,"Asymmetric mixture",305,"Semiparametric",FALSE
"Main",200,"Symmetric bimodal",539,"OLS",TRUE
"Main",200,"Symmetric bimodal",539,"Semiparametric",TRUE
"Main",500,"Gaussian",679,"OLS",TRUE
"Main",500,"Gaussian",679,"Semiparametric",TRUE
"Main",500,"Asymmetric mixture",544,"OLS",TRUE
"Main",500,"Asymmetric mixture",544,"Semiparametric",TRUE
"Main",500,"Skew-normal",845,"OLS",TRUE
"Main",500,"Skew-normal",845,"Semiparametric",TRUE
"Main",500,"Asymmetric mixture",485,"OLS",TRUE
"Main",500,"Asymmetric mixture",485,"Semiparametric",TRUE
"Main",500,"Skew-normal",960,"OLS",TRUE
"Main",500,"Skew-normal",960,"Semiparametric",TRUE
"Main",200,"Asymmetric mixture",246,"OLS",TRUE
"Main",200,"Asymmetric mixture",246,"Semiparametric",TRUE
"Main",200,"Symmetric bimodal",426,"OLS",TRUE
"Main",200,"Symmetric bimodal",426,"Semiparametric",TRUE
"Main",500,"Skew-normal",789,"OLS",TRUE
"Main",500,"Skew-normal",789,"Semiparametric",TRUE
"Main",200,"Asymmetric mixture",925,"OLS",TRUE
"Main",200,"Asymmetric mixture",925,"Semiparametric",TRUE
"Main",200,"Skew-normal",749,"OLS",TRUE
"Main",200,"Skew-normal",749,"Semiparametric",TRUE
"Main",200,"Asymmetric mixture",557,"OLS",TRUE
"Main",200,"Asymmetric mixture",557,"Semiparametric",TRUE
"Main",200,"Skew-normal",618,"OLS",TRUE
"Main",200,"Skew-normal",618,"Semiparametric",TRUE
"Main",500,"Asymmetric mixture",159,"OLS",TRUE
"Main",500,"Asymmetric mixture",159,"Semiparametric",TRUE
"Main",500,"Symmetric bimodal",918,"OLS",TRUE
"Main",500,"Symmetric bimodal",918,"Semiparametric",TRUE
"Main",200,"Gaussian",628,"OLS",TRUE
"Main",200,"Gaussian",628,"Semiparametric",TRUE
"Main",500,"Asymmetric mixture",552,"OLS",TRUE
"Main",500,"Asymmetric mixture",552,"Semiparametric",TRUE
"Main",200,"Skew-normal",791,"OLS",TRUE
"Main",200,"Skew-normal",791,"Semiparametric",TRUE
"Main",500,"Symmetric bimodal",893,"OLS",TRUE
"Main",500,"Symmetric bimodal",893,"Semiparametric",TRUE
"Main",500,"Asymmetric mixture",923,"OLS",TRUE
"Main",500,"Asymmetric mixture",923,"Semiparametric",TRUE
"Main",500,"Asymmetric mixture",1,"OLS",TRUE
"Main",500,"Asymmetric mixture",1,"Semiparametric",TRUE
"Main",500,"Gaussian",528,"OLS",TRUE
"Main",500,"Gaussian",528,"Semiparametric",TRUE
"Main",200,"Symmetric bimodal",954,"OLS",TRUE
"Main",200,"Symmetric bimodal",954,"Semiparametric",TRUE
"Main",500,"Gaussian",908,"OLS",TRUE
"Main",500,"Gaussian",908,"Semiparametric",TRUE
"Main",200,"Symmetric bimodal",138,"OLS",TRUE
"Main",200,"Symmetric bimodal",138,"Semiparametric",TRUE
"Main",200,"Gaussian",354,"OLS",TRUE
"Main",200,"Gaussian",354,"Semiparametric",TRUE
"Main",200,"Asymmetric mixture",830,"OLS",TRUE
"Main",200,"Asymmetric mixture",830,"Semiparametric",TRUE
"Main",200,"Asymmetric mixture",255,"OLS",TRUE
"Main",200,"Asymmetric mixture",255,"Semiparametric",TRUE
"Main",200,"Gaussian",32,"OLS",TRUE
"Main",200,"Gaussian",32,"Semiparametric",TRUE
"Main",500,"Asymmetric mixture",918,"OLS",TRUE
"Main",500,"Asymmetric mixture",918,"Semiparametric",TRUE
"Main",200,"Gaussian",717,"OLS",TRUE
"Main",200,"Gaussian",717,"Semiparametric",TRUE
"Main",500,"Skew-normal",76,"OLS",TRUE
"Main",500,"Skew-normal",76,"Semiparametric",TRUE
"Main",200,"Symmetric bimodal",910,"OLS",TRUE
"Main",200,"Symmetric bimodal",910,"Semiparametric",TRUE
"Main",200,"Skew-normal",407,"OLS",TRUE
"Main",200,"Skew-normal",407,"Semiparametric",TRUE
"Main",200,"Asymmetric mixture",1000,"OLS",TRUE
"Main",200,"Asymmetric mixture",1000,"Semiparametric",TRUE
"Main",500,"Symmetric bimodal",271,"OLS",TRUE
"Main",500,"Symmetric bimodal",271,"Semiparametric",TRUE
"Main",500,"Symmetric bimodal",50,"OLS",TRUE
"Main",500,"Symmetric bimodal",50,"Semiparametric",TRUE
"Main",500,"Symmetric bimodal",430,"OLS",TRUE
"Main",500,"Symmetric bimodal",430,"Semiparametric",TRUE
"Main",200,"Symmetric bimodal",645,"OLS",TRUE
"Main",200,"Symmetric bimodal",645,"Semiparametric",TRUE
"Main",500,"Symmetric bimodal",694,"OLS",TRUE
"Main",500,"Symmetric bimodal",694,"Semiparametric",TRUE
"Main",200,"Skew-normal",500,"OLS",TRUE
"Main",200,"Skew-normal",500,"Semiparametric",TRUE
"Main",500,"Gaussian",369,"OLS",TRUE
"Main",500,"Gaussian",369,"Semiparametric",TRUE
"Main",200,"Symmetric bimodal",603,"OLS",TRUE
"Main",200,"Symmetric bimodal",603,"Semiparametric",FALSE
"Main",200,"Skew-normal",594,"OLS",TRUE
"Main",200,"Skew-normal",594,"Semiparametric",TRUE
"Main",200,"Symmetric bimodal",700,"OLS",TRUE
"Main",200,"Symmetric bimodal",700,"Semiparametric",TRUE
"Main",500,"Symmetric bimodal",375,"OLS",TRUE
"Main",500,"Symmetric bimodal",375,"Semiparametric",TRUE
"Main",200,"Skew-normal",400,"OLS",TRUE
"Main",200,"Skew-normal",400,"Semiparametric",TRUE
"Main",200,"Symmetric bimodal",347,"OLS",TRUE
"Main",200,"Symmetric bimodal",347,"Semiparametric",TRUE
"Main",200,"Skew-normal",286,"OLS",TRUE
"Main",200,"Skew-normal",286,"Semiparametric",TRUE
"Main",500,"Asymmetric mixture",226,"OLS",TRUE
"Main",500,"Asymmetric mixture",226,"Semiparametric",TRUE
"Main",500,"Symmetric bimodal",265,"OLS",TRUE
"Main",500,"Symmetric bimodal",265,"Semiparametric",TRUE
"Main",500,"Symmetric bimodal",73,"OLS",TRUE
"Main",500,"Symmetric bimodal",73,"Semiparametric",TRUE
"Main",200,"Gaussian",830,"OLS",TRUE
"Main",200,"Gaussian",830,"Semiparametric",TRUE
"Main",500,"Skew-normal",856,"OLS",TRUE
"Main",500,"Skew-normal",856,"Semiparametric",TRUE
"Main",500,"Gaussian",632,"OLS",TRUE
"Main",500,"Gaussian",632,"Semiparametric",TRUE
"Main",200,"Symmetric bimodal",711,"OLS",TRUE
"Main",200,"Symmetric bimodal",711,"Semiparametric",TRUE
"Main",200,"Skew-normal",971,"OLS",TRUE
"Main",200,"Skew-normal",971,"Semiparametric",TRUE
"Main",200,"Skew-normal",827,"OLS",TRUE
"Main",200,"Skew-normal",827,"Semiparametric",TRUE
"Main",500,"Asymmetric mixture",807,"OLS",TRUE
"Main",500,"Asymmetric mixture",807,"Semiparametric",TRUE
"Main",200,"Asymmetric mixture",944,"OLS",TRUE
"Main",200,"Asymmetric mixture",944,"Semiparametric",TRUE
"Main",500,"Skew-normal",174,"OLS",TRUE
"Main",500,"Skew-normal",174,"Semiparametric",TRUE
"Main",200,"Gaussian",914,"OLS",TRUE
"Main",200,"Gaussian",914,"Semiparametric",TRUE
"Main",200,"Skew-normal",265,"OLS",TRUE
"Main",200,"Skew-normal",265,"Semiparametric",TRUE
"Main",200,"Gaussian",377,"OLS",TRUE
"Main",200,"Gaussian",377,"Semiparametric",TRUE
"Main",500,"Asymmetric mixture",217,"OLS",TRUE
"Main",500,"Asymmetric mixture",217,"Semiparametric",TRUE
"Main",200,"Gaussian",97,"OLS",TRUE
"Main",200,"Gaussian",97,"Semiparametric",TRUE
"Main",200,"Asymmetric mixture",834,"OLS",TRUE
"Main",200,"Asymmetric mixture",834,"Semiparametric",TRUE
"Main",200,"Skew-normal",434,"OLS",TRUE
"Main",200,"Skew-normal",434,"Semiparametric",TRUE
"Main",200,"Symmetric bimodal",354,"OLS",TRUE
"Main",200,"Symmetric bimodal",354,"Semiparametric",TRUE
"Main",500,"Asymmetric mixture",204,"OLS",TRUE
"Main",500,"Asymmetric mixture",204,"Semiparametric",TRUE
"Main",200,"Gaussian",184,"OLS",TRUE
"Main",200,"Gaussian",184,"Semiparametric",TRUE
"Main",500,"Symmetric bimodal",706,"OLS",TRUE
"Main",500,"Symmetric bimodal",706,"Semiparametric",TRUE
"Main",500,"Skew-normal",881,"OLS",TRUE
"Main",500,"Skew-normal",881,"Semiparametric",TRUE
"Main",500,"Asymmetric mixture",297,"OLS",TRUE
"Main",500,"Asymmetric mixture",297,"Semiparametric",TRUE
"Main",500,"Symmetric bimodal",308,"OLS",TRUE
"Main",500,"Symmetric bimodal",308,"Semiparametric",TRUE
"Main",200,"Gaussian",347,"OLS",TRUE
"Main",200,"Gaussian",347,"Semiparametric",TRUE
"Main",200,"Asymmetric mixture",10,"OLS",TRUE
"Main",200,"Asymmetric mixture",10,"Semiparametric",TRUE
"Main",500,"Symmetric bimodal",47,"OLS",TRUE
"Main",500,"Symmetric bimodal",47,"Semiparametric",TRUE
"Main",500,"Skew-normal",832,"OLS",TRUE
"Main",500,"Skew-normal",832,"Semiparametric",TRUE
"Main",200,"Skew-normal",26,"OLS",TRUE
"Main",200,"Skew-normal",26,"Semiparametric",TRUE
"Main",500,"Asymmetric mixture",39,"OLS",TRUE
"Main",500,"Asymmetric mixture",39,"Semiparametric",TRUE
"Main",200,"Asymmetric mixture",890,"OLS",TRUE
"Main",200,"Asymmetric mixture",890,"Semiparametric",FALSE
"Main",200,"Gaussian",533,"OLS",TRUE
"Main",200,"Gaussian",533,"Semiparametric",TRUE
"Main",200,"Gaussian",38,"OLS",TRUE
"Main",200,"Gaussian",38,"Semiparametric",TRUE
"Main",200,"Symmetric bimodal",297,"OLS",TRUE
"Main",200,"Symmetric bimodal",297,"Semiparametric",TRUE
"Main",500,"Symmetric bimodal",436,"OLS",TRUE
"Main",500,"Symmetric bimodal",436,"Semiparametric",TRUE
"Main",500,"Asymmetric mixture",845,"OLS",TRUE
"Main",500,"Asymmetric mixture",845,"Semiparametric",TRUE
"Main",500,"Skew-normal",740,"OLS",TRUE
"Main",500,"Skew-normal",740,"Semiparametric",TRUE
"Main",500,"Skew-normal",423,"OLS",TRUE
"Main",500,"Skew-normal",423,"Semiparametric",TRUE
"Main",500,"Symmetric bimodal",66,"OLS",TRUE
"Main",500,"Symmetric bimodal",66,"Semiparametric",TRUE
"Main",200,"Symmetric bimodal",906,"OLS",TRUE
"Main",200,"Symmetric bimodal",906,"Semiparametric",TRUE
"Main",500,"Asymmetric mixture",465,"OLS",TRUE
"Main",500,"Asymmetric mixture",465,"Semiparametric",TRUE
"Main",500,"Symmetric bimodal",361,"OLS",TRUE
"Main",500,"Symmetric bimodal",361,"Semiparametric",TRUE
"Main",500,"Skew-normal",240,"OLS",TRUE
"Main",500,"Skew-normal",240,"Semiparametric",TRUE
"Main",500,"Skew-normal",57,"OLS",TRUE
"Main",500,"Skew-normal",57,"Semiparametric",TRUE
"Main",500,"Gaussian",530,"OLS",TRUE
"Main",500,"Gaussian",530,"Semiparametric",TRUE
"Main",200,"Gaussian",43,"OLS",TRUE
"Main",200,"Gaussian",43,"Semiparametric",TRUE
"Main",200,"Asymmetric mixture",862,"OLS",TRUE
"Main",200,"Asymmetric mixture",862,"Semiparametric",TRUE
"Main",500,"Symmetric bimodal",435,"OLS",TRUE
"Main",500,"Symmetric bimodal",435,"Semiparametric",TRUE
"Main",500,"Gaussian",353,"OLS",TRUE
"Main",500,"Gaussian",353,"Semiparametric",TRUE
"Main",500,"Skew-normal",204,"OLS",TRUE
"Main",500,"Skew-normal",204,"Semiparametric",TRUE
"Main",500,"Skew-normal",215,"OLS",TRUE
"Main",500,"Skew-normal",215,"Semiparametric",TRUE
"Main",500,"Gaussian",390,"OLS",TRUE
"Main",500,"Gaussian",390,"Semiparametric",TRUE
"Main",200,"Asymmetric mixture",499,"OLS",TRUE
"Main",200,"Asymmetric mixture",499,"Semiparametric",TRUE
"Main",200,"Skew-normal",665,"OLS",TRUE
"Main",200,"Skew-normal",665,"Semiparametric",TRUE
"Main",200,"Asymmetric mixture",668,"OLS",TRUE
"Main",200,"Asymmetric mixture",668,"Semiparametric",TRUE
"Main",500,"Asymmetric mixture",809,"OLS",TRUE
"Main",500,"Asymmetric mixture",809,"Semiparametric",TRUE
"Main",500,"Skew-normal",389,"OLS",TRUE
"Main",500,"Skew-normal",389,"Semiparametric",TRUE
"Main",500,"Skew-normal",515,"OLS",TRUE
"Main",500,"Skew-normal",515,"Semiparametric",TRUE
"Main",500,"Gaussian",830,"OLS",TRUE
"Main",500,"Gaussian",830,"Semiparametric",TRUE
"Main",200,"Symmetric bimodal",624,"OLS",TRUE
"Main",200,"Symmetric bimodal",624,"Semiparametric",TRUE
"Main",200,"Asymmetric mixture",244,"OLS",TRUE
"Main",200,"Asymmetric mixture",244,"Semiparametric",TRUE
"Main",200,"Skew-normal",673,"OLS",TRUE
"Main",200,"Skew-normal",673,"Semiparametric",TRUE
"Main",500,"Skew-normal",892,"OLS",TRUE
"Main",500,"Skew-normal",892,"Semiparametric",TRUE
"Main",500,"Symmetric bimodal",421,"OLS",TRUE
"Main",500,"Symmetric bimodal",421,"Semiparametric",TRUE
"Main",500,"Asymmetric mixture",266,"OLS",TRUE
"Main",500,"Asymmetric mixture",266,"Semiparametric",TRUE
"Main",200,"Asymmetric mixture",92,"OLS",TRUE
"Main",200,"Asymmetric mixture",92,"Semiparametric",TRUE
"Main",200,"Gaussian",967,"OLS",TRUE
"Main",200,"Gaussian",967,"Semiparametric",TRUE
"Main",500,"Asymmetric mixture",207,"OLS",TRUE
"Main",500,"Asymmetric mixture",207,"Semiparametric",TRUE
"Main",500,"Gaussian",432,"OLS",TRUE
"Main",500,"Gaussian",432,"Semiparametric",TRUE
"Main",200,"Skew-normal",520,"OLS",TRUE
"Main",200,"Skew-normal",520,"Semiparametric",TRUE
"Main",500,"Skew-normal",132,"OLS",TRUE
"Main",500,"Skew-normal",132,"Semiparametric",TRUE
"Main",200,"Asymmetric mixture",229,"OLS",TRUE
"Main",200,"Asymmetric mixture",229,"Semiparametric",TRUE
"Main",500,"Gaussian",667,"OLS",TRUE
"Main",500,"Gaussian",667,"Semiparametric",TRUE
"Main",500,"Asymmetric mixture",262,"OLS",TRUE
"Main",500,"Asymmetric mixture",262,"Semiparametric",TRUE
"Main",500,"Asymmetric mixture",758,"OLS",TRUE
"Main",500,"Asymmetric mixture",758,"Semiparametric",TRUE
"Main",500,"Skew-normal",416,"OLS",TRUE
"Main",500,"Skew-normal",416,"Semiparametric",TRUE
"Main",500,"Symmetric bimodal",473,"OLS",TRUE
"Main",500,"Symmetric bimodal",473,"Semiparametric",TRUE
"Main",200,"Symmetric bimodal",168,"OLS",TRUE
"Main",200,"Symmetric bimodal",168,"Semiparametric",TRUE
"Main",500,"Gaussian",385,"OLS",TRUE
"Main",500,"Gaussian",385,"Semiparametric",TRUE
"Main",200,"Symmetric bimodal",549,"OLS",TRUE
"Main",200,"Symmetric bimodal",549,"Semiparametric",TRUE
"Main",200,"Asymmetric mixture",609,"OLS",TRUE
"Main",200,"Asymmetric mixture",609,"Semiparametric",TRUE
"Main",500,"Skew-normal",412,"OLS",TRUE
"Main",500,"Skew-normal",412,"Semiparametric",TRUE
"Main",500,"Skew-normal",609,"OLS",TRUE
"Main",500,"Skew-normal",609,"Semiparametric",TRUE
"Main",500,"Gaussian",717,"OLS",TRUE
"Main",500,"Gaussian",717,"Semiparametric",TRUE
"Main",500,"Skew-normal",8,"OLS",TRUE
"Main",500,"Skew-normal",8,"Semiparametric",TRUE
"Main",200,"Skew-normal",13,"OLS",TRUE
"Main",200,"Skew-normal",13,"Semiparametric",TRUE
"Main",500,"Skew-normal",597,"OLS",TRUE
"Main",500,"Skew-normal",597,"Semiparametric",TRUE
"Main",200,"Skew-normal",47,"OLS",TRUE
"Main",200,"Skew-normal",47,"Semiparametric",TRUE
"Main",200,"Skew-normal",453,"OLS",TRUE
"Main",200,"Skew-normal",453,"Semiparametric",TRUE
"Main",200,"Skew-normal",532,"OLS",TRUE
"Main",200,"Skew-normal",532,"Semiparametric",TRUE
"Main",200,"Gaussian",31,"OLS",TRUE
"Main",200,"Gaussian",31,"Semiparametric",TRUE
"Main",200,"Asymmetric mixture",625,"OLS",TRUE
"Main",200,"Asymmetric mixture",625,"Semiparametric",TRUE
"Main",500,"Gaussian",307,"OLS",TRUE
"Main",500,"Gaussian",307,"Semiparametric",TRUE
"Main",500,"Asymmetric mixture",357,"OLS",TRUE
"Main",500,"Asymmetric mixture",357,"Semiparametric",TRUE
"Main",500,"Asymmetric mixture",123,"OLS",TRUE
"Main",500,"Asymmetric mixture",123,"Semiparametric",TRUE
"Main",200,"Asymmetric mixture",835,"OLS",TRUE
"Main",200,"Asymmetric mixture",835,"Semiparametric",TRUE
"Main",500,"Gaussian",77,"OLS",TRUE
"Main",500,"Gaussian",77,"Semiparametric",TRUE
"Main",500,"Asymmetric mixture",369,"OLS",TRUE
"Main",500,"Asymmetric mixture",369,"Semiparametric",TRUE
"Main",500,"Gaussian",220,"OLS",TRUE
"Main",500,"Gaussian",220,"Semiparametric",TRUE
"Main",500,"Symmetric bimodal",364,"OLS",TRUE
"Main",500,"Symmetric bimodal",364,"Semiparametric",TRUE
"Main",500,"Asymmetric mixture",934,"OLS",TRUE
"Main",500,"Asymmetric mixture",934,"Semiparametric",TRUE
"Main",200,"Symmetric bimodal",758,"OLS",TRUE
"Main",200,"Symmetric bimodal",758,"Semiparametric",TRUE
"Main",500,"Skew-normal",734,"OLS",TRUE
"Main",500,"Skew-normal",734,"Semiparametric",TRUE
"Main",500,"Asymmetric mixture",323,"OLS",TRUE
"Main",500,"Asymmetric mixture",323,"Semiparametric",TRUE
"Main",500,"Asymmetric mixture",89,"OLS",TRUE
"Main",500,"Asymmetric mixture",89,"Semiparametric",TRUE
"Main",500,"Symmetric bimodal",383,"OLS",TRUE
"Main",500,"Symmetric bimodal",383,"Semiparametric",TRUE
"Main",500,"Skew-normal",285,"OLS",TRUE
"Main",500,"Skew-normal",285,"Semiparametric",TRUE
"Main",500,"Skew-normal",766,"OLS",TRUE
"Main",500,"Skew-normal",766,"Semiparametric",TRUE
"Main",200,"Asymmetric mixture",120,"OLS",TRUE
"Main",200,"Asymmetric mixture",120,"Semiparametric",TRUE
"Main",500,"Gaussian",753,"OLS",TRUE
"Main",500,"Gaussian",753,"Semiparametric",TRUE
"Main",200,"Skew-normal",381,"OLS",TRUE
"Main",200,"Skew-normal",381,"Semiparametric",TRUE
"Main",200,"Asymmetric mixture",624,"OLS",TRUE
"Main",200,"Asymmetric mixture",624,"Semiparametric",TRUE
"Main",200,"Asymmetric mixture",36,"OLS",TRUE
"Main",200,"Asymmetric mixture",36,"Semiparametric",TRUE
"Main",500,"Gaussian",36,"OLS",TRUE
"Main",500,"Gaussian",36,"Semiparametric",TRUE
"Main",200,"Symmetric bimodal",276,"OLS",TRUE
"Main",200,"Symmetric bimodal",276,"Semiparametric",TRUE
"Main",500,"Asymmetric mixture",185,"OLS",TRUE
"Main",500,"Asymmetric mixture",185,"Semiparametric",TRUE
"Main",200,"Asymmetric mixture",288,"OLS",TRUE
"Main",200,"Asymmetric mixture",288,"Semiparametric",TRUE
"Main",200,"Asymmetric mixture",121,"OLS",TRUE
"Main",200,"Asymmetric mixture",121,"Semiparametric",TRUE
"Main",200,"Gaussian",20,"OLS",TRUE
"Main",200,"Gaussian",20,"Semiparametric",TRUE
"Main",200,"Asymmetric mixture",233,"OLS",TRUE
"Main",200,"Asymmetric mixture",233,"Semiparametric",TRUE
"Main",200,"Asymmetric mixture",289,"OLS",TRUE
"Main",200,"Asymmetric mixture",289,"Semiparametric",TRUE
"Main",200,"Symmetric bimodal",137,"OLS",TRUE
"Main",200,"Symmetric bimodal",137,"Semiparametric",TRUE
"Main",200,"Gaussian",782,"OLS",TRUE
"Main",200,"Gaussian",782,"Semiparametric",TRUE
"Main",200,"Symmetric bimodal",460,"OLS",TRUE
"Main",200,"Symmetric bimodal",460,"Semiparametric",TRUE
"Main",200,"Skew-normal",821,"OLS",TRUE
"Main",200,"Skew-normal",821,"Semiparametric",TRUE
"Main",500,"Symmetric bimodal",519,"OLS",TRUE
"Main",500,"Symmetric bimodal",519,"Semiparametric",TRUE
"Main",200,"Gaussian",402,"OLS",TRUE
"Main",200,"Gaussian",402,"Semiparametric",TRUE
"Main",200,"Gaussian",273,"OLS",TRUE
"Main",200,"Gaussian",273,"Semiparametric",TRUE
"Main",500,"Skew-normal",220,"OLS",TRUE
"Main",500,"Skew-normal",220,"Semiparametric",TRUE
"Main",200,"Gaussian",786,"OLS",TRUE
"Main",200,"Gaussian",786,"Semiparametric",TRUE
"Main",500,"Skew-normal",58,"OLS",TRUE
"Main",500,"Skew-normal",58,"Semiparametric",TRUE
"Main",200,"Asymmetric mixture",895,"OLS",TRUE
"Main",200,"Asymmetric mixture",895,"Semiparametric",TRUE
"Main",500,"Asymmetric mixture",164,"OLS",TRUE
"Main",500,"Asymmetric mixture",164,"Semiparametric",TRUE
"Main",200,"Symmetric bimodal",705,"OLS",TRUE
"Main",200,"Symmetric bimodal",705,"Semiparametric",TRUE
"Main",200,"Asymmetric mixture",561,"OLS",TRUE
"Main",200,"Asymmetric mixture",561,"Semiparametric",TRUE
"Main",200,"Symmetric bimodal",979,"OLS",TRUE
"Main",200,"Symmetric bimodal",979,"Semiparametric",TRUE
"Main",200,"Gaussian",122,"OLS",TRUE
"Main",200,"Gaussian",122,"Semiparametric",TRUE
"Main",200,"Asymmetric mixture",389,"OLS",TRUE
"Main",200,"Asymmetric mixture",389,"Semiparametric",TRUE
"Main",200,"Symmetric bimodal",884,"OLS",TRUE
"Main",200,"Symmetric bimodal",884,"Semiparametric",TRUE
"Main",200,"Asymmetric mixture",189,"OLS",TRUE
"Main",200,"Asymmetric mixture",189,"Semiparametric",TRUE
"Main",200,"Symmetric bimodal",818,"OLS",TRUE
"Main",200,"Symmetric bimodal",818,"Semiparametric",TRUE
"Main",500,"Gaussian",578,"OLS",TRUE
"Main",500,"Gaussian",578,"Semiparametric",TRUE
"Main",200,"Skew-normal",179,"OLS",TRUE
"Main",200,"Skew-normal",179,"Semiparametric",TRUE
"Main",200,"Symmetric bimodal",330,"OLS",TRUE
"Main",200,"Symmetric bimodal",330,"Semiparametric",TRUE
"Main",200,"Symmetric bimodal",399,"OLS",TRUE
"Main",200,"Symmetric bimodal",399,"Semiparametric",TRUE
"Main",200,"Asymmetric mixture",690,"OLS",TRUE
"Main",200,"Asymmetric mixture",690,"Semiparametric",TRUE
"Main",500,"Gaussian",223,"OLS",TRUE
"Main",500,"Gaussian",223,"Semiparametric",TRUE
"Main",500,"Skew-normal",159,"OLS",TRUE
"Main",500,"Skew-normal",159,"Semiparametric",TRUE
"Main",500,"Symmetric bimodal",277,"OLS",TRUE
"Main",500,"Symmetric bimodal",277,"Semiparametric",TRUE
"Main",200,"Skew-normal",736,"OLS",TRUE
"Main",200,"Skew-normal",736,"Semiparametric",TRUE
"Main",200,"Symmetric bimodal",967,"OLS",TRUE
"Main",200,"Symmetric bimodal",967,"Semiparametric",TRUE
"Main",200,"Gaussian",329,"OLS",TRUE
"Main",200,"Gaussian",329,"Semiparametric",TRUE
"Main",500,"Gaussian",204,"OLS",TRUE
"Main",500,"Gaussian",204,"Semiparametric",TRUE
"Main",500,"Asymmetric mixture",606,"OLS",TRUE
"Main",500,"Asymmetric mixture",606,"Semiparametric",TRUE
"Main",200,"Symmetric bimodal",674,"OLS",TRUE
"Main",200,"Symmetric bimodal",674,"Semiparametric",TRUE
"Main",500,"Gaussian",149,"OLS",TRUE
"Main",500,"Gaussian",149,"Semiparametric",TRUE
"Main",200,"Asymmetric mixture",802,"OLS",TRUE
"Main",200,"Asymmetric mixture",802,"Semiparametric",TRUE
"Main",500,"Skew-normal",669,"OLS",TRUE
"Main",500,"Skew-normal",669,"Semiparametric",TRUE
"Main",200,"Gaussian",597,"OLS",TRUE
"Main",200,"Gaussian",597,"Semiparametric",TRUE
"Main",500,"Gaussian",586,"OLS",TRUE
"Main",500,"Gaussian",586,"Semiparametric",TRUE
"Main",500,"Asymmetric mixture",560,"OLS",TRUE
"Main",500,"Asymmetric mixture",560,"Semiparametric",TRUE
"Main",500,"Skew-normal",868,"OLS",TRUE
"Main",500,"Skew-normal",868,"Semiparametric",TRUE
"Main",500,"Skew-normal",378,"OLS",TRUE
"Main",500,"Skew-normal",378,"Semiparametric",TRUE
"Main",200,"Gaussian",773,"OLS",TRUE
"Main",200,"Gaussian",773,"Semiparametric",TRUE
"Main",200,"Asymmetric mixture",714,"OLS",TRUE
"Main",200,"Asymmetric mixture",714,"Semiparametric",FALSE
"Main",500,"Skew-normal",403,"OLS",TRUE
"Main",500,"Skew-normal",403,"Semiparametric",TRUE
"Main",500,"Skew-normal",5,"OLS",TRUE
"Main",500,"Skew-normal",5,"Semiparametric",TRUE
"Main",200,"Symmetric bimodal",866,"OLS",TRUE
"Main",200,"Symmetric bimodal",866,"Semiparametric",TRUE
"Main",500,"Gaussian",526,"OLS",TRUE
"Main",500,"Gaussian",526,"Semiparametric",TRUE
"Main",500,"Skew-normal",811,"OLS",TRUE
"Main",500,"Skew-normal",811,"Semiparametric",TRUE
"Main",500,"Gaussian",737,"OLS",TRUE
"Main",500,"Gaussian",737,"Semiparametric",TRUE
"Main",200,"Asymmetric mixture",448,"OLS",TRUE
"Main",200,"Asymmetric mixture",448,"Semiparametric",TRUE
"Main",500,"Symmetric bimodal",890,"OLS",TRUE
"Main",500,"Symmetric bimodal",890,"Semiparametric",TRUE
"Main",500,"Skew-normal",937,"OLS",TRUE
"Main",500,"Skew-normal",937,"Semiparametric",TRUE
"Main",200,"Skew-normal",251,"OLS",TRUE
"Main",200,"Skew-normal",251,"Semiparametric",TRUE
"Main",200,"Asymmetric mixture",147,"OLS",TRUE
"Main",200,"Asymmetric mixture",147,"Semiparametric",TRUE
"Main",500,"Symmetric bimodal",116,"OLS",TRUE
"Main",500,"Symmetric bimodal",116,"Semiparametric",TRUE
"Main",500,"Asymmetric mixture",206,"OLS",TRUE
"Main",500,"Asymmetric mixture",206,"Semiparametric",TRUE
"Main",200,"Gaussian",294,"OLS",TRUE
"Main",200,"Gaussian",294,"Semiparametric",TRUE
"Main",200,"Symmetric bimodal",323,"OLS",TRUE
"Main",200,"Symmetric bimodal",323,"Semiparametric",TRUE
"Main",500,"Gaussian",529,"OLS",TRUE
"Main",500,"Gaussian",529,"Semiparametric",TRUE
"Main",200,"Symmetric bimodal",800,"OLS",TRUE
"Main",200,"Symmetric bimodal",800,"Semiparametric",TRUE
"Main",200,"Skew-normal",37,"OLS",TRUE
"Main",200,"Skew-normal",37,"Semiparametric",TRUE
"Main",500,"Symmetric bimodal",67,"OLS",TRUE
"Main",500,"Symmetric bimodal",67,"Semiparametric",TRUE
"Main",200,"Asymmetric mixture",361,"OLS",TRUE
"Main",200,"Asymmetric mixture",361,"Semiparametric",TRUE
"Main",200,"Gaussian",143,"OLS",TRUE
"Main",200,"Gaussian",143,"Semiparametric",TRUE
"Main",500,"Asymmetric mixture",978,"OLS",TRUE
"Main",500,"Asymmetric mixture",978,"Semiparametric",TRUE
"Main",200,"Skew-normal",752,"OLS",TRUE
"Main",200,"Skew-normal",752,"Semiparametric",TRUE
"Main",500,"Skew-normal",940,"OLS",TRUE
"Main",500,"Skew-normal",940,"Semiparametric",TRUE
"Main",500,"Symmetric bimodal",802,"OLS",TRUE
"Main",500,"Symmetric bimodal",802,"Semiparametric",TRUE
"Main",500,"Skew-normal",211,"OLS",TRUE
"Main",500,"Skew-normal",211,"Semiparametric",TRUE
"Main",200,"Gaussian",898,"OLS",TRUE
"Main",200,"Gaussian",898,"Semiparametric",TRUE
"Main",500,"Asymmetric mixture",428,"OLS",TRUE
"Main",500,"Asymmetric mixture",428,"Semiparametric",TRUE
"Main",500,"Asymmetric mixture",685,"OLS",TRUE
"Main",500,"Asymmetric mixture",685,"Semiparametric",TRUE
"Main",200,"Symmetric bimodal",669,"OLS",TRUE
"Main",200,"Symmetric bimodal",669,"Semiparametric",TRUE
"Main",500,"Gaussian",913,"OLS",TRUE
"Main",500,"Gaussian",913,"Semiparametric",TRUE
"Main",200,"Asymmetric mixture",674,"OLS",TRUE
"Main",200,"Asymmetric mixture",674,"Semiparametric",TRUE
"Main",200,"Asymmetric mixture",745,"OLS",TRUE
"Main",200,"Asymmetric mixture",745,"Semiparametric",TRUE
"Main",200,"Gaussian",288,"OLS",TRUE
"Main",200,"Gaussian",288,"Semiparametric",TRUE
"Main",200,"Gaussian",774,"OLS",TRUE
"Main",200,"Gaussian",774,"Semiparametric",TRUE
"Main",200,"Asymmetric mixture",728,"OLS",TRUE
"Main",200,"Asymmetric mixture",728,"Semiparametric",TRUE
"Main",200,"Symmetric bimodal",457,"OLS",TRUE
"Main",200,"Symmetric bimodal",457,"Semiparametric",TRUE
"Main",500,"Skew-normal",105,"OLS",TRUE
"Main",500,"Skew-normal",105,"Semiparametric",TRUE
"Main",200,"Gaussian",306,"OLS",TRUE
"Main",200,"Gaussian",306,"Semiparametric",TRUE
"Main",200,"Gaussian",846,"OLS",TRUE
"Main",200,"Gaussian",846,"Semiparametric",TRUE
"Main",200,"Gaussian",286,"OLS",TRUE
"Main",200,"Gaussian",286,"Semiparametric",TRUE
"Main",500,"Skew-normal",1000,"OLS",TRUE
"Main",500,"Skew-normal",1000,"Semiparametric",TRUE
"Main",500,"Asymmetric mixture",795,"OLS",TRUE
"Main",500,"Asymmetric mixture",795,"Semiparametric",TRUE
"Main",500,"Symmetric bimodal",910,"OLS",TRUE
"Main",500,"Symmetric bimodal",910,"Semiparametric",TRUE
"Main",500,"Asymmetric mixture",152,"OLS",TRUE
"Main",500,"Asymmetric mixture",152,"Semiparametric",TRUE
"Main",500,"Symmetric bimodal",243,"OLS",TRUE
"Main",500,"Symmetric bimodal",243,"Semiparametric",TRUE
"Main",500,"Gaussian",923,"OLS",TRUE
"Main",500,"Gaussian",923,"Semiparametric",TRUE
"Main",200,"Asymmetric mixture",527,"OLS",TRUE
"Main",200,"Asymmetric mixture",527,"Semiparametric",TRUE
"Main",500,"Asymmetric mixture",994,"OLS",TRUE
"Main",500,"Asymmetric mixture",994,"Semiparametric",TRUE
"Main",200,"Symmetric bimodal",275,"OLS",TRUE
"Main",200,"Symmetric bimodal",275,"Semiparametric",TRUE
"Main",500,"Symmetric bimodal",837,"OLS",TRUE
"Main",500,"Symmetric bimodal",837,"Semiparametric",TRUE
"Main",200,"Asymmetric mixture",612,"OLS",TRUE
"Main",200,"Asymmetric mixture",612,"Semiparametric",TRUE
"Main",200,"Gaussian",604,"OLS",TRUE
"Main",200,"Gaussian",604,"Semiparametric",TRUE
"Main",200,"Asymmetric mixture",190,"OLS",TRUE
"Main",200,"Asymmetric mixture",190,"Semiparametric",FALSE
"Main",200,"Gaussian",91,"OLS",TRUE
"Main",200,"Gaussian",91,"Semiparametric",TRUE
"Main",200,"Asymmetric mixture",655,"OLS",TRUE
"Main",200,"Asymmetric mixture",655,"Semiparametric",TRUE
"Main",200,"Gaussian",254,"OLS",TRUE
"Main",200,"Gaussian",254,"Semiparametric",TRUE
"Main",200,"Skew-normal",642,"OLS",TRUE
"Main",200,"Skew-normal",642,"Semiparametric",TRUE
"Main",500,"Gaussian",873,"OLS",TRUE
"Main",500,"Gaussian",873,"Semiparametric",TRUE
"Main",500,"Symmetric bimodal",224,"OLS",TRUE
"Main",500,"Symmetric bimodal",224,"Semiparametric",TRUE
"Main",500,"Skew-normal",94,"OLS",TRUE
"Main",500,"Skew-normal",94,"Semiparametric",TRUE
"Main",500,"Symmetric bimodal",655,"OLS",TRUE
"Main",500,"Symmetric bimodal",655,"Semiparametric",TRUE
"Main",500,"Symmetric bimodal",90,"OLS",TRUE
"Main",500,"Symmetric bimodal",90,"Semiparametric",TRUE
"Main",500,"Gaussian",821,"OLS",TRUE
"Main",500,"Gaussian",821,"Semiparametric",TRUE
"Main",200,"Skew-normal",352,"OLS",TRUE
"Main",200,"Skew-normal",352,"Semiparametric",TRUE
"Main",500,"Gaussian",131,"OLS",TRUE
"Main",500,"Gaussian",131,"Semiparametric",TRUE
"Main",200,"Gaussian",341,"OLS",TRUE
"Main",200,"Gaussian",341,"Semiparametric",TRUE
"Main",200,"Asymmetric mixture",953,"OLS",TRUE
"Main",200,"Asymmetric mixture",953,"Semiparametric",TRUE
"Main",200,"Asymmetric mixture",56,"OLS",TRUE
"Main",200,"Asymmetric mixture",56,"Semiparametric",TRUE
"Main",500,"Symmetric bimodal",734,"OLS",TRUE
"Main",500,"Symmetric bimodal",734,"Semiparametric",TRUE
"Main",200,"Symmetric bimodal",442,"OLS",TRUE
"Main",200,"Symmetric bimodal",442,"Semiparametric",TRUE
"Main",500,"Gaussian",302,"OLS",TRUE
"Main",500,"Gaussian",302,"Semiparametric",TRUE
"Main",500,"Asymmetric mixture",661,"OLS",TRUE
"Main",500,"Asymmetric mixture",661,"Semiparametric",TRUE
"Main",500,"Asymmetric mixture",780,"OLS",TRUE
"Main",500,"Asymmetric mixture",780,"Semiparametric",TRUE
"Main",200,"Skew-normal",454,"OLS",TRUE
"Main",200,"Skew-normal",454,"Semiparametric",TRUE
"Main",200,"Skew-normal",764,"OLS",TRUE
"Main",200,"Skew-normal",764,"Semiparametric",TRUE
"Main",500,"Gaussian",7,"OLS",TRUE
"Main",500,"Gaussian",7,"Semiparametric",TRUE
"Main",500,"Skew-normal",165,"OLS",TRUE
"Main",500,"Skew-normal",165,"Semiparametric",TRUE
"Main",500,"Skew-normal",549,"OLS",TRUE
"Main",500,"Skew-normal",549,"Semiparametric",TRUE
"Main",500,"Skew-normal",34,"OLS",TRUE
"Main",500,"Skew-normal",34,"Semiparametric",TRUE
"Main",200,"Asymmetric mixture",608,"OLS",TRUE
"Main",200,"Asymmetric mixture",608,"Semiparametric",TRUE
"Main",500,"Asymmetric mixture",570,"OLS",TRUE
"Main",500,"Asymmetric mixture",570,"Semiparametric",TRUE
"Main",500,"Skew-normal",540,"OLS",TRUE
"Main",500,"Skew-normal",540,"Semiparametric",TRUE
"Main",200,"Symmetric bimodal",904,"OLS",TRUE
"Main",200,"Symmetric bimodal",904,"Semiparametric",TRUE
"Main",200,"Asymmetric mixture",656,"OLS",TRUE
"Main",200,"Asymmetric mixture",656,"Semiparametric",TRUE
"Main",500,"Asymmetric mixture",761,"OLS",TRUE
"Main",500,"Asymmetric mixture",761,"Semiparametric",TRUE
"Main",500,"Gaussian",481,"OLS",TRUE
"Main",500,"Gaussian",481,"Semiparametric",TRUE
"Main",500,"Asymmetric mixture",564,"OLS",TRUE
"Main",500,"Asymmetric mixture",564,"Semiparametric",TRUE
"Main",500,"Skew-normal",207,"OLS",TRUE
"Main",500,"Skew-normal",207,"Semiparametric",TRUE
"Main",500,"Gaussian",774,"OLS",TRUE
"Main",500,"Gaussian",774,"Semiparametric",TRUE
"Main",500,"Gaussian",437,"OLS",TRUE
"Main",500,"Gaussian",437,"Semiparametric",TRUE
"Main",200,"Gaussian",945,"OLS",TRUE
"Main",200,"Gaussian",945,"Semiparametric",TRUE
"Main",200,"Skew-normal",657,"OLS",TRUE
"Main",200,"Skew-normal",657,"Semiparametric",TRUE
"Main",500,"Symmetric bimodal",801,"OLS",TRUE
"Main",500,"Symmetric bimodal",801,"Semiparametric",TRUE
"Main",200,"Asymmetric mixture",13,"OLS",TRUE
"Main",200,"Asymmetric mixture",13,"Semiparametric",TRUE
"Main",500,"Gaussian",606,"OLS",TRUE
"Main",500,"Gaussian",606,"Semiparametric",TRUE
"Main",500,"Skew-normal",634,"OLS",TRUE
"Main",500,"Skew-normal",634,"Semiparametric",TRUE
"Main",500,"Skew-normal",337,"OLS",TRUE
"Main",500,"Skew-normal",337,"Semiparametric",TRUE
"Main",500,"Gaussian",890,"OLS",TRUE
"Main",500,"Gaussian",890,"Semiparametric",TRUE
"Main",200,"Asymmetric mixture",247,"OLS",TRUE
"Main",200,"Asymmetric mixture",247,"Semiparametric",TRUE
"Main",200,"Gaussian",207,"OLS",TRUE
"Main",200,"Gaussian",207,"Semiparametric",TRUE
"Main",200,"Symmetric bimodal",871,"OLS",TRUE
"Main",200,"Symmetric bimodal",871,"Semiparametric",TRUE
"Main",200,"Skew-normal",182,"OLS",TRUE
"Main",200,"Skew-normal",182,"Semiparametric",TRUE
"Main",200,"Symmetric bimodal",52,"OLS",TRUE
"Main",200,"Symmetric bimodal",52,"Semiparametric",TRUE
"Main",500,"Gaussian",297,"OLS",TRUE
"Main",500,"Gaussian",297,"Semiparametric",TRUE
"Main",500,"Skew-normal",345,"OLS",TRUE
"Main",500,"Skew-normal",345,"Semiparametric",TRUE
"Main",500,"Skew-normal",110,"OLS",TRUE
"Main",500,"Skew-normal",110,"Semiparametric",TRUE
"Main",500,"Gaussian",997,"OLS",TRUE
"Main",500,"Gaussian",997,"Semiparametric",TRUE
"Main",200,"Symmetric bimodal",528,"OLS",TRUE
"Main",200,"Symmetric bimodal",528,"Semiparametric",TRUE
"Main",500,"Asymmetric mixture",912,"OLS",TRUE
"Main",500,"Asymmetric mixture",912,"Semiparametric",TRUE
"Main",200,"Symmetric bimodal",34,"OLS",TRUE
"Main",200,"Symmetric bimodal",34,"Semiparametric",TRUE
"Main",200,"Symmetric bimodal",969,"OLS",TRUE
"Main",200,"Symmetric bimodal",969,"Semiparametric",TRUE
"Main",500,"Symmetric bimodal",630,"OLS",TRUE
"Main",500,"Symmetric bimodal",630,"Semiparametric",TRUE
"Main",500,"Gaussian",205,"OLS",TRUE
"Main",500,"Gaussian",205,"Semiparametric",TRUE
"Main",500,"Skew-normal",66,"OLS",TRUE
"Main",500,"Skew-normal",66,"Semiparametric",TRUE
"Main",500,"Asymmetric mixture",822,"OLS",TRUE
"Main",500,"Asymmetric mixture",822,"Semiparametric",TRUE
"Main",500,"Symmetric bimodal",807,"OLS",TRUE
"Main",500,"Symmetric bimodal",807,"Semiparametric",TRUE
"Main",200,"Gaussian",297,"OLS",TRUE
"Main",200,"Gaussian",297,"Semiparametric",TRUE
"Main",500,"Skew-normal",170,"OLS",TRUE
"Main",500,"Skew-normal",170,"Semiparametric",TRUE
"Main",500,"Gaussian",818,"OLS",TRUE
"Main",500,"Gaussian",818,"Semiparametric",TRUE
"Main",200,"Asymmetric mixture",333,"OLS",TRUE
"Main",200,"Asymmetric mixture",333,"Semiparametric",TRUE
"Main",200,"Symmetric bimodal",13,"OLS",TRUE
"Main",200,"Symmetric bimodal",13,"Semiparametric",TRUE
"Main",500,"Symmetric bimodal",107,"OLS",TRUE
"Main",500,"Symmetric bimodal",107,"Semiparametric",TRUE
"Main",200,"Skew-normal",487,"OLS",TRUE
"Main",200,"Skew-normal",487,"Semiparametric",TRUE
"Main",200,"Asymmetric mixture",617,"OLS",TRUE
"Main",200,"Asymmetric mixture",617,"Semiparametric",TRUE
"Main",200,"Asymmetric mixture",582,"OLS",TRUE
"Main",200,"Asymmetric mixture",582,"Semiparametric",TRUE
"Main",200,"Gaussian",42,"OLS",TRUE
"Main",200,"Gaussian",42,"Semiparametric",TRUE
"Main",200,"Symmetric bimodal",49,"OLS",TRUE
"Main",200,"Symmetric bimodal",49,"Semiparametric",TRUE
"Main",200,"Gaussian",911,"OLS",TRUE
"Main",200,"Gaussian",911,"Semiparametric",TRUE
"Main",500,"Asymmetric mixture",511,"OLS",TRUE
"Main",500,"Asymmetric mixture",511,"Semiparametric",TRUE
"Main",500,"Symmetric bimodal",973,"OLS",TRUE
"Main",500,"Symmetric bimodal",973,"Semiparametric",TRUE
"Main",500,"Gaussian",938,"OLS",TRUE
"Main",500,"Gaussian",938,"Semiparametric",TRUE
"Main",500,"Gaussian",75,"OLS",TRUE
"Main",500,"Gaussian",75,"Semiparametric",TRUE
"Main",200,"Asymmetric mixture",756,"OLS",TRUE
"Main",200,"Asymmetric mixture",756,"Semiparametric",TRUE
"Main",500,"Skew-normal",404,"OLS",TRUE
"Main",500,"Skew-normal",404,"Semiparametric",TRUE
"Main",200,"Skew-normal",497,"OLS",TRUE
"Main",200,"Skew-normal",497,"Semiparametric",TRUE
"Main",500,"Asymmetric mixture",477,"OLS",TRUE
"Main",500,"Asymmetric mixture",477,"Semiparametric",TRUE
"Main",200,"Symmetric bimodal",538,"OLS",TRUE
"Main",200,"Symmetric bimodal",538,"Semiparametric",TRUE
"Main",500,"Gaussian",797,"OLS",TRUE
"Main",500,"Gaussian",797,"Semiparametric",TRUE
"Main",200,"Symmetric bimodal",961,"OLS",TRUE
"Main",200,"Symmetric bimodal",961,"Semiparametric",TRUE
"Main",500,"Gaussian",652,"OLS",TRUE
"Main",500,"Gaussian",652,"Semiparametric",TRUE
"Main",200,"Gaussian",29,"OLS",TRUE
"Main",200,"Gaussian",29,"Semiparametric",TRUE
"Main",500,"Skew-normal",654,"OLS",TRUE
"Main",500,"Skew-normal",654,"Semiparametric",TRUE
"Main",500,"Skew-normal",277,"OLS",TRUE
"Main",500,"Skew-normal",277,"Semiparametric",TRUE
"Main",500,"Skew-normal",975,"OLS",TRUE
"Main",500,"Skew-normal",975,"Semiparametric",TRUE
"Main",500,"Asymmetric mixture",462,"OLS",TRUE
"Main",500,"Asymmetric mixture",462,"Semiparametric",TRUE
"Main",500,"Skew-normal",142,"OLS",TRUE
"Main",500,"Skew-normal",142,"Semiparametric",TRUE
"Main",500,"Symmetric bimodal",648,"OLS",TRUE
"Main",500,"Symmetric bimodal",648,"Semiparametric",TRUE
"Main",200,"Symmetric bimodal",515,"OLS",TRUE
"Main",200,"Symmetric bimodal",515,"Semiparametric",TRUE
"Main",500,"Symmetric bimodal",983,"OLS",TRUE
"Main",500,"Symmetric bimodal",983,"Semiparametric",TRUE
"Main",500,"Skew-normal",673,"OLS",TRUE
"Main",500,"Skew-normal",673,"Semiparametric",TRUE
"Main",500,"Symmetric bimodal",36,"OLS",TRUE
"Main",500,"Symmetric bimodal",36,"Semiparametric",TRUE
"Main",200,"Asymmetric mixture",222,"OLS",TRUE
"Main",200,"Asymmetric mixture",222,"Semiparametric",TRUE
"Main",200,"Symmetric bimodal",106,"OLS",TRUE
"Main",200,"Symmetric bimodal",106,"Semiparametric",TRUE
"Main",500,"Asymmetric mixture",421,"OLS",TRUE
"Main",500,"Asymmetric mixture",421,"Semiparametric",TRUE
"Main",200,"Symmetric bimodal",736,"OLS",TRUE
"Main",200,"Symmetric bimodal",736,"Semiparametric",TRUE
"Main",500,"Skew-normal",480,"OLS",TRUE
"Main",500,"Skew-normal",480,"Semiparametric",TRUE
"Main",200,"Symmetric bimodal",396,"OLS",TRUE
"Main",200,"Symmetric bimodal",396,"Semiparametric",FALSE
"Main",500,"Symmetric bimodal",155,"OLS",TRUE
"Main",500,"Symmetric bimodal",155,"Semiparametric",TRUE
"Main",200,"Gaussian",656,"OLS",TRUE
"Main",200,"Gaussian",656,"Semiparametric",TRUE
"Main",500,"Gaussian",739,"OLS",TRUE
"Main",500,"Gaussian",739,"Semiparametric",TRUE
"Main",200,"Symmetric bimodal",831,"OLS",TRUE
"Main",200,"Symmetric bimodal",831,"Semiparametric",TRUE
"Main",200,"Symmetric bimodal",703,"OLS",TRUE
"Main",200,"Symmetric bimodal",703,"Semiparametric",TRUE
"Main",500,"Skew-normal",198,"OLS",TRUE
"Main",500,"Skew-normal",198,"Semiparametric",TRUE
"Main",200,"Skew-normal",318,"OLS",TRUE
"Main",200,"Skew-normal",318,"Semiparametric",TRUE
"Main",500,"Symmetric bimodal",691,"OLS",TRUE
"Main",500,"Symmetric bimodal",691,"Semiparametric",TRUE
"Main",500,"Symmetric bimodal",82,"OLS",TRUE
"Main",500,"Symmetric bimodal",82,"Semiparametric",TRUE
"Main",500,"Skew-normal",2,"OLS",TRUE
"Main",500,"Skew-normal",2,"Semiparametric",TRUE
"Main",500,"Gaussian",525,"OLS",TRUE
"Main",500,"Gaussian",525,"Semiparametric",TRUE
"Main",500,"Asymmetric mixture",969,"OLS",TRUE
"Main",500,"Asymmetric mixture",969,"Semiparametric",TRUE
"Main",200,"Gaussian",744,"OLS",TRUE
"Main",200,"Gaussian",744,"Semiparametric",TRUE
"Main",200,"Skew-normal",719,"OLS",TRUE
"Main",200,"Skew-normal",719,"Semiparametric",TRUE
"Main",500,"Gaussian",166,"OLS",TRUE
"Main",500,"Gaussian",166,"Semiparametric",TRUE
"Main",500,"Skew-normal",173,"OLS",TRUE
"Main",500,"Skew-normal",173,"Semiparametric",TRUE
"Main",200,"Symmetric bimodal",352,"OLS",TRUE
"Main",200,"Symmetric bimodal",352,"Semiparametric",TRUE
"Main",500,"Skew-normal",287,"OLS",TRUE
"Main",500,"Skew-normal",287,"Semiparametric",TRUE
"Main",500,"Asymmetric mixture",154,"OLS",TRUE
"Main",500,"Asymmetric mixture",154,"Semiparametric",TRUE
"Main",200,"Symmetric bimodal",110,"OLS",TRUE
"Main",200,"Symmetric bimodal",110,"Semiparametric",TRUE
"Main",200,"Symmetric bimodal",783,"OLS",TRUE
"Main",200,"Symmetric bimodal",783,"Semiparametric",TRUE
"Main",200,"Symmetric bimodal",407,"OLS",TRUE
"Main",200,"Symmetric bimodal",407,"Semiparametric",TRUE
"Main",200,"Gaussian",475,"OLS",TRUE
"Main",200,"Gaussian",475,"Semiparametric",TRUE
"Main",200,"Asymmetric mixture",355,"OLS",TRUE
"Main",200,"Asymmetric mixture",355,"Semiparametric",TRUE
"Main",200,"Asymmetric mixture",880,"OLS",TRUE
"Main",200,"Asymmetric mixture",880,"Semiparametric",TRUE
"Main",200,"Gaussian",70,"OLS",TRUE
"Main",200,"Gaussian",70,"Semiparametric",TRUE
"Main",200,"Skew-normal",6,"OLS",TRUE
"Main",200,"Skew-normal",6,"Semiparametric",TRUE
"Main",500,"Symmetric bimodal",174,"OLS",TRUE
"Main",500,"Symmetric bimodal",174,"Semiparametric",TRUE
"Main",200,"Gaussian",371,"OLS",TRUE
"Main",200,"Gaussian",371,"Semiparametric",TRUE
"Main",500,"Symmetric bimodal",212,"OLS",TRUE
"Main",500,"Symmetric bimodal",212,"Semiparametric",TRUE
"Main",200,"Gaussian",649,"OLS",TRUE
"Main",200,"Gaussian",649,"Semiparametric",TRUE
"Main",200,"Gaussian",841,"OLS",TRUE
"Main",200,"Gaussian",841,"Semiparametric",TRUE
"Main",200,"Gaussian",60,"OLS",TRUE
"Main",200,"Gaussian",60,"Semiparametric",TRUE
"Main",200,"Skew-normal",259,"OLS",TRUE
"Main",200,"Skew-normal",259,"Semiparametric",TRUE
"Main",500,"Skew-normal",413,"OLS",TRUE
"Main",500,"Skew-normal",413,"Semiparametric",TRUE
"Main",200,"Asymmetric mixture",885,"OLS",TRUE
"Main",200,"Asymmetric mixture",885,"Semiparametric",TRUE
"Main",500,"Gaussian",789,"OLS",TRUE
"Main",500,"Gaussian",789,"Semiparametric",TRUE
"Main",500,"Gaussian",462,"OLS",TRUE
"Main",500,"Gaussian",462,"Semiparametric",TRUE
"Main",500,"Asymmetric mixture",572,"OLS",TRUE
"Main",500,"Asymmetric mixture",572,"Semiparametric",TRUE
"Main",500,"Symmetric bimodal",346,"OLS",TRUE
"Main",500,"Symmetric bimodal",346,"Semiparametric",TRUE
"Main",200,"Skew-normal",299,"OLS",TRUE
"Main",200,"Skew-normal",299,"Semiparametric",TRUE
"Main",200,"Symmetric bimodal",449,"OLS",TRUE
"Main",200,"Symmetric bimodal",449,"Semiparametric",FALSE
"Main",500,"Gaussian",536,"OLS",TRUE
"Main",500,"Gaussian",536,"Semiparametric",TRUE
"Main",200,"Gaussian",8,"OLS",TRUE
"Main",200,"Gaussian",8,"Semiparametric",TRUE
"Main",200,"Skew-normal",811,"OLS",TRUE
"Main",200,"Skew-normal",811,"Semiparametric",TRUE
"Main",200,"Gaussian",952,"OLS",TRUE
"Main",200,"Gaussian",952,"Semiparametric",TRUE
"Main",500,"Symmetric bimodal",942,"OLS",TRUE
"Main",500,"Symmetric bimodal",942,"Semiparametric",TRUE
"Main",200,"Skew-normal",757,"OLS",TRUE
"Main",200,"Skew-normal",757,"Semiparametric",TRUE
"Main",200,"Symmetric bimodal",859,"OLS",TRUE
"Main",200,"Symmetric bimodal",859,"Semiparametric",TRUE
"Main",200,"Symmetric bimodal",487,"OLS",TRUE
"Main",200,"Symmetric bimodal",487,"Semiparametric",TRUE
"Main",200,"Symmetric bimodal",900,"OLS",TRUE
"Main",200,"Symmetric bimodal",900,"Semiparametric",TRUE
"Main",200,"Gaussian",634,"OLS",TRUE
"Main",200,"Gaussian",634,"Semiparametric",TRUE
"Main",200,"Gaussian",997,"OLS",TRUE
"Main",200,"Gaussian",997,"Semiparametric",TRUE
"Main",500,"Skew-normal",590,"OLS",TRUE
"Main",500,"Skew-normal",590,"Semiparametric",TRUE
"Main",500,"Symmetric bimodal",792,"OLS",TRUE
"Main",500,"Symmetric bimodal",792,"Semiparametric",TRUE
"Main",500,"Skew-normal",458,"OLS",TRUE
"Main",500,"Skew-normal",458,"Semiparametric",TRUE
"Main",500,"Skew-normal",387,"OLS",TRUE
"Main",500,"Skew-normal",387,"Semiparametric",TRUE
"Main",200,"Asymmetric mixture",644,"OLS",TRUE
"Main",200,"Asymmetric mixture",644,"Semiparametric",TRUE
"Main",200,"Skew-normal",344,"OLS",TRUE
"Main",200,"Skew-normal",344,"Semiparametric",TRUE
"Main",200,"Gaussian",186,"OLS",TRUE
"Main",200,"Gaussian",186,"Semiparametric",TRUE
"Main",500,"Gaussian",678,"OLS",TRUE
"Main",500,"Gaussian",678,"Semiparametric",TRUE
"Main",500,"Skew-normal",954,"OLS",TRUE
"Main",500,"Skew-normal",954,"Semiparametric",TRUE
"Main",500,"Skew-normal",662,"OLS",TRUE
"Main",500,"Skew-normal",662,"Semiparametric",TRUE
"Main",500,"Skew-normal",11,"OLS",TRUE
"Main",500,"Skew-normal",11,"Semiparametric",TRUE
"Main",200,"Gaussian",438,"OLS",TRUE
"Main",200,"Gaussian",438,"Semiparametric",TRUE
"Main",200,"Skew-normal",42,"OLS",TRUE
"Main",200,"Skew-normal",42,"Semiparametric",TRUE
"Main",200,"Symmetric bimodal",823,"OLS",TRUE
"Main",200,"Symmetric bimodal",823,"Semiparametric",TRUE
"Main",200,"Symmetric bimodal",928,"OLS",TRUE
"Main",200,"Symmetric bimodal",928,"Semiparametric",FALSE
"Main",200,"Asymmetric mixture",587,"OLS",TRUE
"Main",200,"Asymmetric mixture",587,"Semiparametric",TRUE
"Main",200,"Skew-normal",116,"OLS",TRUE
"Main",200,"Skew-normal",116,"Semiparametric",TRUE
"Main",500,"Gaussian",635,"OLS",TRUE
"Main",500,"Gaussian",635,"Semiparametric",TRUE
"Main",200,"Symmetric bimodal",444,"OLS",TRUE
"Main",200,"Symmetric bimodal",444,"Semiparametric",FALSE
"Main",500,"Asymmetric mixture",708,"OLS",TRUE
"Main",500,"Asymmetric mixture",708,"Semiparametric",TRUE
"Main",500,"Gaussian",82,"OLS",TRUE
"Main",500,"Gaussian",82,"Semiparametric",TRUE
"Main",200,"Asymmetric mixture",545,"OLS",TRUE
"Main",200,"Asymmetric mixture",545,"Semiparametric",TRUE
"Main",500,"Symmetric bimodal",157,"OLS",TRUE
"Main",500,"Symmetric bimodal",157,"Semiparametric",TRUE
"Main",500,"Skew-normal",639,"OLS",TRUE
"Main",500,"Skew-normal",639,"Semiparametric",TRUE
"Main",200,"Skew-normal",284,"OLS",TRUE
"Main",200,"Skew-normal",284,"Semiparametric",TRUE
"Main",500,"Skew-normal",749,"OLS",TRUE
"Main",500,"Skew-normal",749,"Semiparametric",TRUE
"Main",500,"Gaussian",156,"OLS",TRUE
"Main",500,"Gaussian",156,"Semiparametric",TRUE
"Main",200,"Skew-normal",302,"OLS",TRUE
"Main",200,"Skew-normal",302,"Semiparametric",TRUE
"Main",200,"Skew-normal",193,"OLS",TRUE
"Main",200,"Skew-normal",193,"Semiparametric",TRUE
"Main",500,"Asymmetric mixture",435,"OLS",TRUE
"Main",500,"Asymmetric mixture",435,"Semiparametric",TRUE
"Main",200,"Asymmetric mixture",439,"OLS",TRUE
"Main",200,"Asymmetric mixture",439,"Semiparametric",TRUE
"Main",200,"Symmetric bimodal",473,"OLS",TRUE
"Main",200,"Symmetric bimodal",473,"Semiparametric",TRUE
"Main",200,"Skew-normal",942,"OLS",TRUE
"Main",200,"Skew-normal",942,"Semiparametric",TRUE
"Main",200,"Gaussian",451,"OLS",TRUE
"Main",200,"Gaussian",451,"Semiparametric",TRUE
"Main",500,"Asymmetric mixture",414,"OLS",TRUE
"Main",500,"Asymmetric mixture",414,"Semiparametric",TRUE
"Main",200,"Asymmetric mixture",138,"OLS",TRUE
"Main",200,"Asymmetric mixture",138,"Semiparametric",TRUE
"Main",200,"Asymmetric mixture",235,"OLS",TRUE
"Main",200,"Asymmetric mixture",235,"Semiparametric",FALSE
"Main",200,"Symmetric bimodal",704,"OLS",TRUE
"Main",200,"Symmetric bimodal",704,"Semiparametric",TRUE
"Main",200,"Asymmetric mixture",533,"OLS",TRUE
"Main",200,"Asymmetric mixture",533,"Semiparametric",TRUE
"Main",500,"Asymmetric mixture",118,"OLS",TRUE
"Main",500,"Asymmetric mixture",118,"Semiparametric",TRUE
"Main",500,"Symmetric bimodal",100,"OLS",TRUE
"Main",500,"Symmetric bimodal",100,"Semiparametric",TRUE
"Main",500,"Asymmetric mixture",174,"OLS",TRUE
"Main",500,"Asymmetric mixture",174,"Semiparametric",TRUE
"Main",200,"Gaussian",412,"OLS",TRUE
"Main",200,"Gaussian",412,"Semiparametric",TRUE
"Main",200,"Asymmetric mixture",536,"OLS",TRUE
"Main",200,"Asymmetric mixture",536,"Semiparametric",TRUE
"Main",200,"Gaussian",84,"OLS",TRUE
"Main",200,"Gaussian",84,"Semiparametric",TRUE
"Main",500,"Asymmetric mixture",954,"OLS",TRUE
"Main",500,"Asymmetric mixture",954,"Semiparametric",TRUE
"Main",500,"Asymmetric mixture",482,"OLS",TRUE
"Main",500,"Asymmetric mixture",482,"Semiparametric",TRUE
"Main",500,"Skew-normal",247,"OLS",TRUE
"Main",500,"Skew-normal",247,"Semiparametric",TRUE
"Main",500,"Skew-normal",488,"OLS",TRUE
"Main",500,"Skew-normal",488,"Semiparametric",TRUE
"Main",200,"Symmetric bimodal",312,"OLS",TRUE
"Main",200,"Symmetric bimodal",312,"Semiparametric",TRUE
"Main",500,"Skew-normal",826,"OLS",TRUE
"Main",500,"Skew-normal",826,"Semiparametric",TRUE
"Main",200,"Asymmetric mixture",559,"OLS",TRUE
"Main",200,"Asymmetric mixture",559,"Semiparametric",TRUE
"Main",500,"Symmetric bimodal",267,"OLS",TRUE
"Main",500,"Symmetric bimodal",267,"Semiparametric",TRUE
"Main",500,"Symmetric bimodal",894,"OLS",TRUE
"Main",500,"Symmetric bimodal",894,"Semiparametric",TRUE
"Main",200,"Gaussian",867,"OLS",TRUE
"Main",200,"Gaussian",867,"Semiparametric",TRUE
"Main",200,"Asymmetric mixture",86,"OLS",TRUE
"Main",200,"Asymmetric mixture",86,"Semiparametric",TRUE
"Main",200,"Gaussian",112,"OLS",TRUE
"Main",200,"Gaussian",112,"Semiparametric",TRUE
"Main",200,"Asymmetric mixture",618,"OLS",TRUE
"Main",200,"Asymmetric mixture",618,"Semiparametric",TRUE
"Main",200,"Gaussian",453,"OLS",TRUE
"Main",200,"Gaussian",453,"Semiparametric",TRUE
"Main",200,"Skew-normal",49,"OLS",TRUE
"Main",200,"Skew-normal",49,"Semiparametric",TRUE
"Main",500,"Skew-normal",31,"OLS",TRUE
"Main",500,"Skew-normal",31,"Semiparametric",TRUE
"Main",500,"Asymmetric mixture",378,"OLS",TRUE
"Main",500,"Asymmetric mixture",378,"Semiparametric",TRUE
"Main",500,"Gaussian",228,"OLS",TRUE
"Main",500,"Gaussian",228,"Semiparametric",TRUE
"Main",500,"Gaussian",847,"OLS",TRUE
"Main",500,"Gaussian",847,"Semiparametric",TRUE
"Main",500,"Symmetric bimodal",80,"OLS",TRUE
"Main",500,"Symmetric bimodal",80,"Semiparametric",TRUE
"Main",200,"Asymmetric mixture",300,"OLS",TRUE
"Main",200,"Asymmetric mixture",300,"Semiparametric",TRUE
"Main",200,"Gaussian",829,"OLS",TRUE
"Main",200,"Gaussian",829,"Semiparametric",TRUE
"Main",200,"Skew-normal",246,"OLS",TRUE
"Main",200,"Skew-normal",246,"Semiparametric",TRUE
"Main",200,"Skew-normal",651,"OLS",TRUE
"Main",200,"Skew-normal",651,"Semiparametric",TRUE
"Main",500,"Gaussian",105,"OLS",TRUE
"Main",500,"Gaussian",105,"Semiparametric",TRUE
"Main",200,"Symmetric bimodal",338,"OLS",TRUE
"Main",200,"Symmetric bimodal",338,"Semiparametric",TRUE
"Main",200,"Symmetric bimodal",534,"OLS",TRUE
"Main",200,"Symmetric bimodal",534,"Semiparametric",TRUE
"Main",200,"Skew-normal",536,"OLS",TRUE
"Main",200,"Skew-normal",536,"Semiparametric",TRUE
"Main",200,"Symmetric bimodal",368,"OLS",TRUE
"Main",200,"Symmetric bimodal",368,"Semiparametric",TRUE
"Main",200,"Skew-normal",883,"OLS",TRUE
"Main",200,"Skew-normal",883,"Semiparametric",TRUE
"Main",200,"Skew-normal",530,"OLS",TRUE
"Main",200,"Skew-normal",530,"Semiparametric",TRUE
"Main",500,"Symmetric bimodal",631,"OLS",TRUE
"Main",500,"Symmetric bimodal",631,"Semiparametric",TRUE
"Main",500,"Asymmetric mixture",377,"OLS",TRUE
"Main",500,"Asymmetric mixture",377,"Semiparametric",TRUE
"Main",500,"Skew-normal",916,"OLS",TRUE
"Main",500,"Skew-normal",916,"Semiparametric",TRUE
"Main",200,"Symmetric bimodal",414,"OLS",TRUE
"Main",200,"Symmetric bimodal",414,"Semiparametric",TRUE
"Main",200,"Gaussian",332,"OLS",TRUE
"Main",200,"Gaussian",332,"Semiparametric",TRUE
"Main",200,"Gaussian",759,"OLS",TRUE
"Main",200,"Gaussian",759,"Semiparametric",TRUE
"Main",200,"Asymmetric mixture",697,"OLS",TRUE
"Main",200,"Asymmetric mixture",697,"Semiparametric",TRUE
"Main",200,"Skew-normal",314,"OLS",TRUE
"Main",200,"Skew-normal",314,"Semiparametric",TRUE
"Main",500,"Symmetric bimodal",258,"OLS",TRUE
"Main",500,"Symmetric bimodal",258,"Semiparametric",TRUE
"Main",200,"Gaussian",258,"OLS",TRUE
"Main",200,"Gaussian",258,"Semiparametric",TRUE
"Main",500,"Symmetric bimodal",206,"OLS",TRUE
"Main",500,"Symmetric bimodal",206,"Semiparametric",TRUE
"Main",500,"Asymmetric mixture",385,"OLS",TRUE
"Main",500,"Asymmetric mixture",385,"Semiparametric",TRUE
"Main",200,"Symmetric bimodal",559,"OLS",TRUE
"Main",200,"Symmetric bimodal",559,"Semiparametric",TRUE
"Main",500,"Asymmetric mixture",111,"OLS",TRUE
"Main",500,"Asymmetric mixture",111,"Semiparametric",TRUE
"Main",200,"Asymmetric mixture",465,"OLS",TRUE
"Main",200,"Asymmetric mixture",465,"Semiparametric",FALSE
"Main",200,"Skew-normal",943,"OLS",TRUE
"Main",200,"Skew-normal",943,"Semiparametric",TRUE
"Main",500,"Asymmetric mixture",902,"OLS",TRUE
"Main",500,"Asymmetric mixture",902,"Semiparametric",TRUE
"Main",500,"Asymmetric mixture",654,"OLS",TRUE
"Main",500,"Asymmetric mixture",654,"Semiparametric",TRUE
"Main",500,"Skew-normal",950,"OLS",TRUE
"Main",500,"Skew-normal",950,"Semiparametric",TRUE
"Main",500,"Symmetric bimodal",567,"OLS",TRUE
"Main",500,"Symmetric bimodal",567,"Semiparametric",TRUE
"Main",500,"Gaussian",10,"OLS",TRUE
"Main",500,"Gaussian",10,"Semiparametric",TRUE
"Main",200,"Gaussian",751,"OLS",TRUE
"Main",200,"Gaussian",751,"Semiparametric",TRUE
"Main",500,"Gaussian",67,"OLS",TRUE
"Main",500,"Gaussian",67,"Semiparametric",TRUE
"Main",500,"Gaussian",193,"OLS",TRUE
"Main",500,"Gaussian",193,"Semiparametric",TRUE
"Main",500,"Gaussian",235,"OLS",TRUE
"Main",500,"Gaussian",235,"Semiparametric",TRUE
"Main",500,"Skew-normal",51,"OLS",TRUE
"Main",500,"Skew-normal",51,"Semiparametric",TRUE
"Main",200,"Skew-normal",139,"OLS",TRUE
"Main",200,"Skew-normal",139,"Semiparametric",TRUE
"Main",200,"Symmetric bimodal",887,"OLS",TRUE
"Main",200,"Symmetric bimodal",887,"Semiparametric",TRUE
"Main",200,"Symmetric bimodal",413,"OLS",TRUE
"Main",200,"Symmetric bimodal",413,"Semiparametric",TRUE
"Main",200,"Gaussian",330,"OLS",TRUE
"Main",200,"Gaussian",330,"Semiparametric",TRUE
"Main",500,"Gaussian",303,"OLS",TRUE
"Main",500,"Gaussian",303,"Semiparametric",TRUE
"Main",200,"Skew-normal",588,"OLS",TRUE
"Main",200,"Skew-normal",588,"Semiparametric",TRUE
"Main",200,"Skew-normal",219,"OLS",TRUE
"Main",200,"Skew-normal",219,"Semiparametric",TRUE
"Main",200,"Gaussian",528,"OLS",TRUE
"Main",200,"Gaussian",528,"Semiparametric",TRUE
"Main",200,"Symmetric bimodal",651,"OLS",TRUE
"Main",200,"Symmetric bimodal",651,"Semiparametric",TRUE
"Main",500,"Gaussian",184,"OLS",TRUE
"Main",500,"Gaussian",184,"Semiparametric",TRUE
"Main",500,"Gaussian",554,"OLS",TRUE
"Main",500,"Gaussian",554,"Semiparametric",TRUE
"Main",200,"Gaussian",23,"OLS",TRUE
"Main",200,"Gaussian",23,"Semiparametric",TRUE
"Main",500,"Asymmetric mixture",605,"OLS",TRUE
"Main",500,"Asymmetric mixture",605,"Semiparametric",TRUE
"Main",500,"Symmetric bimodal",311,"OLS",TRUE
"Main",500,"Symmetric bimodal",311,"Semiparametric",TRUE
"Main",200,"Asymmetric mixture",876,"OLS",TRUE
"Main",200,"Asymmetric mixture",876,"Semiparametric",TRUE
"Main",500,"Gaussian",27,"OLS",TRUE
"Main",500,"Gaussian",27,"Semiparametric",TRUE
"Main",200,"Symmetric bimodal",445,"OLS",TRUE
"Main",200,"Symmetric bimodal",445,"Semiparametric",TRUE
"Main",500,"Symmetric bimodal",814,"OLS",TRUE
"Main",500,"Symmetric bimodal",814,"Semiparametric",TRUE
"Main",500,"Symmetric bimodal",216,"OLS",TRUE
"Main",500,"Symmetric bimodal",216,"Semiparametric",TRUE
"Main",200,"Gaussian",248,"OLS",TRUE
"Main",200,"Gaussian",248,"Semiparametric",TRUE
"Main",200,"Asymmetric mixture",114,"OLS",TRUE
"Main",200,"Asymmetric mixture",114,"Semiparametric",TRUE
"Main",200,"Symmetric bimodal",598,"OLS",TRUE
"Main",200,"Symmetric bimodal",598,"Semiparametric",TRUE
"Main",500,"Skew-normal",89,"OLS",TRUE
"Main",500,"Skew-normal",89,"Semiparametric",TRUE
"Main",200,"Skew-normal",433,"OLS",TRUE
"Main",200,"Skew-normal",433,"Semiparametric",TRUE
"Main",200,"Symmetric bimodal",55,"OLS",TRUE
"Main",200,"Symmetric bimodal",55,"Semiparametric",TRUE
"Main",200,"Gaussian",395,"OLS",TRUE
"Main",200,"Gaussian",395,"Semiparametric",TRUE
"Main",500,"Skew-normal",454,"OLS",TRUE
"Main",500,"Skew-normal",454,"Semiparametric",TRUE
"Main",200,"Skew-normal",131,"OLS",TRUE
"Main",200,"Skew-normal",131,"Semiparametric",TRUE
"Main",200,"Skew-normal",825,"OLS",TRUE
"Main",200,"Skew-normal",825,"Semiparametric",TRUE
"Main",200,"Skew-normal",162,"OLS",TRUE
"Main",200,"Skew-normal",162,"Semiparametric",TRUE
"Main",500,"Symmetric bimodal",68,"OLS",TRUE
"Main",500,"Symmetric bimodal",68,"Semiparametric",TRUE
"Main",200,"Symmetric bimodal",670,"OLS",TRUE
"Main",200,"Symmetric bimodal",670,"Semiparametric",TRUE
"Main",200,"Skew-normal",672,"OLS",TRUE
"Main",200,"Skew-normal",672,"Semiparametric",TRUE
"Main",500,"Symmetric bimodal",854,"OLS",TRUE
"Main",500,"Symmetric bimodal",854,"Semiparametric",TRUE
"Main",500,"Gaussian",352,"OLS",TRUE
"Main",500,"Gaussian",352,"Semiparametric",TRUE
"Main",500,"Skew-normal",852,"OLS",TRUE
"Main",500,"Skew-normal",852,"Semiparametric",TRUE
"Main",500,"Gaussian",128,"OLS",TRUE
"Main",500,"Gaussian",128,"Semiparametric",TRUE
"Main",200,"Symmetric bimodal",95,"OLS",TRUE
"Main",200,"Symmetric bimodal",95,"Semiparametric",TRUE
"Main",500,"Asymmetric mixture",163,"OLS",TRUE
"Main",500,"Asymmetric mixture",163,"Semiparametric",TRUE
"Main",200,"Skew-normal",989,"OLS",TRUE
"Main",200,"Skew-normal",989,"Semiparametric",TRUE
"Main",200,"Symmetric bimodal",29,"OLS",TRUE
"Main",200,"Symmetric bimodal",29,"Semiparametric",TRUE
"Main",200,"Gaussian",966,"OLS",TRUE
"Main",200,"Gaussian",966,"Semiparametric",TRUE
"Main",200,"Asymmetric mixture",73,"OLS",TRUE
"Main",200,"Asymmetric mixture",73,"Semiparametric",TRUE
"Main",500,"Skew-normal",465,"OLS",TRUE
"Main",500,"Skew-normal",465,"Semiparametric",TRUE
"Main",200,"Gaussian",46,"OLS",TRUE
"Main",200,"Gaussian",46,"Semiparametric",TRUE
"Main",500,"Gaussian",381,"OLS",TRUE
"Main",500,"Gaussian",381,"Semiparametric",TRUE
"Main",200,"Symmetric bimodal",740,"OLS",TRUE
"Main",200,"Symmetric bimodal",740,"Semiparametric",TRUE
"Main",500,"Gaussian",134,"OLS",TRUE
"Main",500,"Gaussian",134,"Semiparametric",TRUE
"Main",200,"Asymmetric mixture",670,"OLS",TRUE
"Main",200,"Asymmetric mixture",670,"Semiparametric",TRUE
"Main",500,"Gaussian",960,"OLS",TRUE
"Main",500,"Gaussian",960,"Semiparametric",TRUE
"Main",200,"Gaussian",873,"OLS",TRUE
"Main",200,"Gaussian",873,"Semiparametric",TRUE
"Main",200,"Skew-normal",547,"OLS",TRUE
"Main",200,"Skew-normal",547,"Semiparametric",TRUE
"Main",500,"Asymmetric mixture",415,"OLS",TRUE
"Main",500,"Asymmetric mixture",415,"Semiparametric",TRUE
"Main",500,"Skew-normal",154,"OLS",TRUE
"Main",500,"Skew-normal",154,"Semiparametric",TRUE
"Main",500,"Asymmetric mixture",911,"OLS",TRUE
"Main",500,"Asymmetric mixture",911,"Semiparametric",TRUE
"Main",200,"Asymmetric mixture",216,"OLS",TRUE
"Main",200,"Asymmetric mixture",216,"Semiparametric",TRUE
"Main",200,"Gaussian",664,"OLS",TRUE
"Main",200,"Gaussian",664,"Semiparametric",TRUE
"Main",200,"Gaussian",59,"OLS",TRUE
"Main",200,"Gaussian",59,"Semiparametric",TRUE
"Main",200,"Skew-normal",972,"OLS",TRUE
"Main",200,"Skew-normal",972,"Semiparametric",TRUE
"Main",500,"Symmetric bimodal",94,"OLS",TRUE
"Main",500,"Symmetric bimodal",94,"Semiparametric",TRUE
"Main",500,"Gaussian",778,"OLS",TRUE
"Main",500,"Gaussian",778,"Semiparametric",TRUE
"Main",500,"Gaussian",898,"OLS",TRUE
"Main",500,"Gaussian",898,"Semiparametric",TRUE
"Main",500,"Skew-normal",682,"OLS",TRUE
"Main",500,"Skew-normal",682,"Semiparametric",TRUE
"Main",500,"Gaussian",312,"OLS",TRUE
"Main",500,"Gaussian",312,"Semiparametric",TRUE
"Main",200,"Gaussian",155,"OLS",TRUE
"Main",200,"Gaussian",155,"Semiparametric",TRUE
"Main",500,"Skew-normal",629,"OLS",TRUE
"Main",500,"Skew-normal",629,"Semiparametric",TRUE
"Main",500,"Skew-normal",182,"OLS",TRUE
"Main",500,"Skew-normal",182,"Semiparametric",TRUE
"Main",500,"Asymmetric mixture",673,"OLS",TRUE
"Main",500,"Asymmetric mixture",673,"Semiparametric",TRUE
"Main",500,"Symmetric bimodal",65,"OLS",TRUE
"Main",500,"Symmetric bimodal",65,"Semiparametric",TRUE
"Main",500,"Skew-normal",33,"OLS",TRUE
"Main",500,"Skew-normal",33,"Semiparametric",TRUE
"Main",500,"Skew-normal",606,"OLS",TRUE
"Main",500,"Skew-normal",606,"Semiparametric",TRUE
"Main",500,"Asymmetric mixture",98,"OLS",TRUE
"Main",500,"Asymmetric mixture",98,"Semiparametric",TRUE
"Main",200,"Gaussian",242,"OLS",TRUE
"Main",200,"Gaussian",242,"Semiparametric",TRUE
"Main",200,"Gaussian",469,"OLS",TRUE
"Main",200,"Gaussian",469,"Semiparametric",TRUE
"Main",500,"Skew-normal",563,"OLS",TRUE
"Main",500,"Skew-normal",563,"Semiparametric",TRUE
"Main",200,"Gaussian",439,"OLS",TRUE
"Main",200,"Gaussian",439,"Semiparametric",TRUE
"Main",200,"Skew-normal",815,"OLS",TRUE
"Main",200,"Skew-normal",815,"Semiparametric",TRUE
"Main",200,"Asymmetric mixture",993,"OLS",TRUE
"Main",200,"Asymmetric mixture",993,"Semiparametric",TRUE
"Main",200,"Gaussian",370,"OLS",TRUE
"Main",200,"Gaussian",370,"Semiparametric",TRUE
"Main",500,"Symmetric bimodal",998,"OLS",TRUE
"Main",500,"Symmetric bimodal",998,"Semiparametric",TRUE
"Main",200,"Symmetric bimodal",216,"OLS",TRUE
"Main",200,"Symmetric bimodal",216,"Semiparametric",TRUE
"Main",200,"Symmetric bimodal",868,"OLS",TRUE
"Main",200,"Symmetric bimodal",868,"Semiparametric",TRUE
"Main",200,"Symmetric bimodal",65,"OLS",TRUE
"Main",200,"Symmetric bimodal",65,"Semiparametric",TRUE
"Main",500,"Gaussian",153,"OLS",TRUE
"Main",500,"Gaussian",153,"Semiparametric",TRUE
"Main",200,"Symmetric bimodal",401,"OLS",TRUE
"Main",200,"Symmetric bimodal",401,"Semiparametric",TRUE
"Main",500,"Gaussian",271,"OLS",TRUE
"Main",500,"Gaussian",271,"Semiparametric",TRUE
"Main",200,"Symmetric bimodal",698,"OLS",TRUE
"Main",200,"Symmetric bimodal",698,"Semiparametric",TRUE
"Main",200,"Skew-normal",430,"OLS",TRUE
"Main",200,"Skew-normal",430,"Semiparametric",TRUE
"Main",500,"Skew-normal",475,"OLS",TRUE
"Main",500,"Skew-normal",475,"Semiparametric",TRUE
"Main",200,"Asymmetric mixture",840,"OLS",TRUE
"Main",200,"Asymmetric mixture",840,"Semiparametric",TRUE
"Main",200,"Skew-normal",258,"OLS",TRUE
"Main",200,"Skew-normal",258,"Semiparametric",TRUE
"Main",200,"Skew-normal",113,"OLS",TRUE
"Main",200,"Skew-normal",113,"Semiparametric",TRUE
"Main",500,"Gaussian",849,"OLS",TRUE
"Main",500,"Gaussian",849,"Semiparametric",TRUE
"Main",200,"Gaussian",87,"OLS",TRUE
"Main",200,"Gaussian",87,"Semiparametric",TRUE
"Main",500,"Asymmetric mixture",320,"OLS",TRUE
"Main",500,"Asymmetric mixture",320,"Semiparametric",TRUE
"Main",200,"Asymmetric mixture",312,"OLS",TRUE
"Main",200,"Asymmetric mixture",312,"Semiparametric",TRUE
"Main",200,"Gaussian",378,"OLS",TRUE
"Main",200,"Gaussian",378,"Semiparametric",TRUE
"Main",200,"Gaussian",926,"OLS",TRUE
"Main",200,"Gaussian",926,"Semiparametric",TRUE
"Main",500,"Gaussian",26,"OLS",TRUE
"Main",500,"Gaussian",26,"Semiparametric",TRUE
"Main",200,"Asymmetric mixture",474,"OLS",TRUE
"Main",200,"Asymmetric mixture",474,"Semiparametric",TRUE
"Main",500,"Skew-normal",35,"OLS",TRUE
"Main",500,"Skew-normal",35,"Semiparametric",TRUE
"Main",200,"Gaussian",741,"OLS",TRUE
"Main",200,"Gaussian",741,"Semiparametric",TRUE
"Main",500,"Symmetric bimodal",562,"OLS",TRUE
"Main",500,"Symmetric bimodal",562,"Semiparametric",TRUE
"Main",500,"Symmetric bimodal",434,"OLS",TRUE
"Main",500,"Symmetric bimodal",434,"Semiparametric",TRUE
"Main",500,"Asymmetric mixture",895,"OLS",TRUE
"Main",500,"Asymmetric mixture",895,"Semiparametric",TRUE
"Main",500,"Asymmetric mixture",516,"OLS",TRUE
"Main",500,"Asymmetric mixture",516,"Semiparametric",TRUE
"Main",500,"Symmetric bimodal",317,"OLS",TRUE
"Main",500,"Symmetric bimodal",317,"Semiparametric",TRUE
"Main",200,"Asymmetric mixture",961,"OLS",TRUE
"Main",200,"Asymmetric mixture",961,"Semiparametric",TRUE
"Main",500,"Skew-normal",510,"OLS",TRUE
"Main",500,"Skew-normal",510,"Semiparametric",TRUE
"Main",500,"Asymmetric mixture",679,"OLS",TRUE
"Main",500,"Asymmetric mixture",679,"Semiparametric",TRUE
"Main",500,"Symmetric bimodal",493,"OLS",TRUE
"Main",500,"Symmetric bimodal",493,"Semiparametric",TRUE
"Main",200,"Symmetric bimodal",563,"OLS",TRUE
"Main",200,"Symmetric bimodal",563,"Semiparametric",TRUE
"Main",500,"Skew-normal",882,"OLS",TRUE
"Main",500,"Skew-normal",882,"Semiparametric",TRUE
"Main",500,"Symmetric bimodal",429,"OLS",TRUE
"Main",500,"Symmetric bimodal",429,"Semiparametric",TRUE
"Main",200,"Skew-normal",706,"OLS",TRUE
"Main",200,"Skew-normal",706,"Semiparametric",TRUE
"Main",500,"Gaussian",338,"OLS",TRUE
"Main",500,"Gaussian",338,"Semiparametric",TRUE
"Main",500,"Symmetric bimodal",661,"OLS",TRUE
"Main",500,"Symmetric bimodal",661,"Semiparametric",TRUE
"Main",500,"Asymmetric mixture",203,"OLS",TRUE
"Main",500,"Asymmetric mixture",203,"Semiparametric",TRUE
"Main",500,"Symmetric bimodal",744,"OLS",TRUE
"Main",500,"Symmetric bimodal",744,"Semiparametric",TRUE
"Main",500,"Gaussian",883,"OLS",TRUE
"Main",500,"Gaussian",883,"Semiparametric",TRUE
"Main",500,"Skew-normal",901,"OLS",TRUE
"Main",500,"Skew-normal",901,"Semiparametric",TRUE
"Main",500,"Symmetric bimodal",86,"OLS",TRUE
"Main",500,"Symmetric bimodal",86,"Semiparametric",TRUE
"Main",200,"Gaussian",245,"OLS",TRUE
"Main",200,"Gaussian",245,"Semiparametric",TRUE
"Main",500,"Gaussian",961,"OLS",TRUE
"Main",500,"Gaussian",961,"Semiparametric",TRUE
"Main",500,"Gaussian",88,"OLS",TRUE
"Main",500,"Gaussian",88,"Semiparametric",TRUE
"Main",500,"Symmetric bimodal",705,"OLS",TRUE
"Main",500,"Symmetric bimodal",705,"Semiparametric",TRUE
"Main",200,"Asymmetric mixture",94,"OLS",TRUE
"Main",200,"Asymmetric mixture",94,"Semiparametric",TRUE
"Main",500,"Symmetric bimodal",978,"OLS",TRUE
"Main",500,"Symmetric bimodal",978,"Semiparametric",TRUE
"Main",200,"Gaussian",557,"OLS",TRUE
"Main",200,"Gaussian",557,"Semiparametric",TRUE
"Main",200,"Asymmetric mixture",854,"OLS",TRUE
"Main",200,"Asymmetric mixture",854,"Semiparametric",TRUE
"Main",500,"Gaussian",118,"OLS",TRUE
"Main",500,"Gaussian",118,"Semiparametric",TRUE
"Main",200,"Gaussian",978,"OLS",TRUE
"Main",200,"Gaussian",978,"Semiparametric",TRUE
"Main",200,"Asymmetric mixture",814,"OLS",TRUE
"Main",200,"Asymmetric mixture",814,"Semiparametric",TRUE
"Main",200,"Asymmetric mixture",332,"OLS",TRUE
"Main",200,"Asymmetric mixture",332,"Semiparametric",TRUE
"Main",200,"Asymmetric mixture",850,"OLS",TRUE
"Main",200,"Asymmetric mixture",850,"Semiparametric",TRUE
"Main",200,"Symmetric bimodal",531,"OLS",TRUE
"Main",200,"Symmetric bimodal",531,"Semiparametric",FALSE
"Main",500,"Asymmetric mixture",258,"OLS",TRUE
"Main",500,"Asymmetric mixture",258,"Semiparametric",TRUE
"Main",200,"Skew-normal",922,"OLS",TRUE
"Main",200,"Skew-normal",922,"Semiparametric",TRUE
"Main",500,"Asymmetric mixture",420,"OLS",TRUE
"Main",500,"Asymmetric mixture",420,"Semiparametric",TRUE
"Main",200,"Symmetric bimodal",956,"OLS",TRUE
"Main",200,"Symmetric bimodal",956,"Semiparametric",TRUE
"Main",500,"Gaussian",572,"OLS",TRUE
"Main",500,"Gaussian",572,"Semiparametric",TRUE
"Main",200,"Gaussian",540,"OLS",TRUE
"Main",200,"Gaussian",540,"Semiparametric",TRUE
"Main",200,"Asymmetric mixture",946,"OLS",TRUE
"Main",200,"Asymmetric mixture",946,"Semiparametric",TRUE
"Main",500,"Skew-normal",999,"OLS",TRUE
"Main",500,"Skew-normal",999,"Semiparametric",TRUE
"Main",500,"Gaussian",920,"OLS",TRUE
"Main",500,"Gaussian",920,"Semiparametric",TRUE
"Main",500,"Skew-normal",542,"OLS",TRUE
"Main",500,"Skew-normal",542,"Semiparametric",TRUE
"Main",200,"Skew-normal",267,"OLS",TRUE
"Main",200,"Skew-normal",267,"Semiparametric",TRUE
"Main",200,"Gaussian",252,"OLS",TRUE
"Main",200,"Gaussian",252,"Semiparametric",TRUE
"Main",200,"Asymmetric mixture",564,"OLS",TRUE
"Main",200,"Asymmetric mixture",564,"Semiparametric",TRUE
"Main",200,"Symmetric bimodal",87,"OLS",TRUE
"Main",200,"Symmetric bimodal",87,"Semiparametric",TRUE
"Main",500,"Gaussian",3,"OLS",TRUE
"Main",500,"Gaussian",3,"Semiparametric",TRUE
"Main",200,"Asymmetric mixture",462,"OLS",TRUE
"Main",200,"Asymmetric mixture",462,"Semiparametric",TRUE
"Main",200,"Gaussian",405,"OLS",TRUE
"Main",200,"Gaussian",405,"Semiparametric",TRUE
"Main",500,"Gaussian",203,"OLS",TRUE
"Main",500,"Gaussian",203,"Semiparametric",TRUE
"Main",200,"Skew-normal",285,"OLS",TRUE
"Main",200,"Skew-normal",285,"Semiparametric",TRUE
"Main",200,"Asymmetric mixture",819,"OLS",TRUE
"Main",200,"Asymmetric mixture",819,"Semiparametric",TRUE
"Main",200,"Gaussian",832,"OLS",TRUE
"Main",200,"Gaussian",832,"Semiparametric",TRUE
"Main",500,"Gaussian",820,"OLS",TRUE
"Main",500,"Gaussian",820,"Semiparametric",TRUE
"Main",200,"Symmetric bimodal",525,"OLS",TRUE
"Main",200,"Symmetric bimodal",525,"Semiparametric",TRUE
"Main",200,"Asymmetric mixture",764,"OLS",TRUE
"Main",200,"Asymmetric mixture",764,"Semiparametric",TRUE
"Main",200,"Gaussian",676,"OLS",TRUE
"Main",200,"Gaussian",676,"Semiparametric",TRUE
"Main",500,"Asymmetric mixture",725,"OLS",TRUE
"Main",500,"Asymmetric mixture",725,"Semiparametric",TRUE
"Main",500,"Gaussian",25,"OLS",TRUE
"Main",500,"Gaussian",25,"Semiparametric",TRUE
"Main",200,"Skew-normal",735,"OLS",TRUE
"Main",200,"Skew-normal",735,"Semiparametric",TRUE
"Main",200,"Symmetric bimodal",417,"OLS",TRUE
"Main",200,"Symmetric bimodal",417,"Semiparametric",TRUE
"Main",500,"Skew-normal",591,"OLS",TRUE
"Main",500,"Skew-normal",591,"Semiparametric",TRUE
"Main",200,"Asymmetric mixture",40,"OLS",TRUE
"Main",200,"Asymmetric mixture",40,"Semiparametric",TRUE
"Main",500,"Gaussian",24,"OLS",TRUE
"Main",500,"Gaussian",24,"Semiparametric",TRUE
"Main",500,"Gaussian",547,"OLS",TRUE
"Main",500,"Gaussian",547,"Semiparametric",TRUE
"Main",500,"Skew-normal",221,"OLS",TRUE
"Main",500,"Skew-normal",221,"Semiparametric",TRUE
"Main",500,"Asymmetric mixture",610,"OLS",TRUE
"Main",500,"Asymmetric mixture",610,"Semiparametric",TRUE
"Main",200,"Skew-normal",726,"OLS",TRUE
"Main",200,"Skew-normal",726,"Semiparametric",TRUE
"Main",500,"Asymmetric mixture",386,"OLS",TRUE
"Main",500,"Asymmetric mixture",386,"Semiparametric",TRUE
"Main",200,"Skew-normal",5,"OLS",TRUE
"Main",200,"Skew-normal",5,"Semiparametric",TRUE
"Main",200,"Asymmetric mixture",192,"OLS",TRUE
"Main",200,"Asymmetric mixture",192,"Semiparametric",TRUE
"Main",200,"Gaussian",999,"OLS",TRUE
"Main",200,"Gaussian",999,"Semiparametric",TRUE
"Main",500,"Gaussian",327,"OLS",TRUE
"Main",500,"Gaussian",327,"Semiparametric",TRUE
"Main",200,"Asymmetric mixture",405,"OLS",TRUE
"Main",200,"Asymmetric mixture",405,"Semiparametric",TRUE
"Main",200,"Skew-normal",215,"OLS",TRUE
"Main",200,"Skew-normal",215,"Semiparametric",TRUE
"Main",500,"Symmetric bimodal",767,"OLS",TRUE
"Main",500,"Symmetric bimodal",767,"Semiparametric",TRUE
"Main",200,"Gaussian",571,"OLS",TRUE
"Main",200,"Gaussian",571,"Semiparametric",TRUE
"Main",500,"Gaussian",892,"OLS",TRUE
"Main",500,"Gaussian",892,"Semiparametric",TRUE
"Main",200,"Skew-normal",194,"OLS",TRUE
"Main",200,"Skew-normal",194,"Semiparametric",TRUE
"Main",500,"Symmetric bimodal",207,"OLS",TRUE
"Main",500,"Symmetric bimodal",207,"Semiparametric",TRUE
"Main",200,"Asymmetric mixture",848,"OLS",TRUE
"Main",200,"Asymmetric mixture",848,"Semiparametric",TRUE
"Main",500,"Gaussian",257,"OLS",TRUE
"Main",500,"Gaussian",257,"Semiparametric",TRUE
"Main",500,"Symmetric bimodal",606,"OLS",TRUE
"Main",500,"Symmetric bimodal",606,"Semiparametric",TRUE
"Main",200,"Symmetric bimodal",211,"OLS",TRUE
"Main",200,"Symmetric bimodal",211,"Semiparametric",TRUE
"Main",200,"Symmetric bimodal",167,"OLS",TRUE
"Main",200,"Symmetric bimodal",167,"Semiparametric",TRUE
"Main",200,"Gaussian",943,"OLS",TRUE
"Main",200,"Gaussian",943,"Semiparametric",TRUE
"Main",500,"Asymmetric mixture",639,"OLS",TRUE
"Main",500,"Asymmetric mixture",639,"Semiparametric",TRUE
"Main",200,"Skew-normal",619,"OLS",TRUE
"Main",200,"Skew-normal",619,"Semiparametric",TRUE
"Main",200,"Gaussian",688,"OLS",TRUE
"Main",200,"Gaussian",688,"Semiparametric",TRUE
"Main",200,"Symmetric bimodal",846,"OLS",TRUE
"Main",200,"Symmetric bimodal",846,"Semiparametric",TRUE
"Main",500,"Asymmetric mixture",982,"OLS",TRUE
"Main",500,"Asymmetric mixture",982,"Semiparametric",TRUE
"Main",500,"Gaussian",614,"OLS",TRUE
"Main",500,"Gaussian",614,"Semiparametric",TRUE
"Main",500,"Asymmetric mixture",284,"OLS",TRUE
"Main",500,"Asymmetric mixture",284,"Semiparametric",TRUE
"Main",500,"Symmetric bimodal",743,"OLS",TRUE
"Main",500,"Symmetric bimodal",743,"Semiparametric",TRUE
"Main",200,"Gaussian",865,"OLS",TRUE
"Main",200,"Gaussian",865,"Semiparametric",TRUE
"Main",200,"Asymmetric mixture",35,"OLS",TRUE
"Main",200,"Asymmetric mixture",35,"Semiparametric",TRUE
"Main",500,"Skew-normal",466,"OLS",TRUE
"Main",500,"Skew-normal",466,"Semiparametric",TRUE
"Main",500,"Skew-normal",56,"OLS",TRUE
"Main",500,"Skew-normal",56,"Semiparametric",TRUE
"Main",500,"Asymmetric mixture",100,"OLS",TRUE
"Main",500,"Asymmetric mixture",100,"Semiparametric",TRUE
"Main",200,"Symmetric bimodal",290,"OLS",TRUE
"Main",200,"Symmetric bimodal",290,"Semiparametric",TRUE
"Main",200,"Symmetric bimodal",251,"OLS",TRUE
"Main",200,"Symmetric bimodal",251,"Semiparametric",FALSE
"Main",500,"Asymmetric mixture",194,"OLS",TRUE
"Main",500,"Asymmetric mixture",194,"Semiparametric",TRUE
"Main",200,"Skew-normal",858,"OLS",TRUE
"Main",200,"Skew-normal",858,"Semiparametric",TRUE
"Main",200,"Asymmetric mixture",509,"OLS",TRUE
"Main",200,"Asymmetric mixture",509,"Semiparametric",TRUE
"Main",200,"Skew-normal",528,"OLS",TRUE
"Main",200,"Skew-normal",528,"Semiparametric",TRUE
"Main",500,"Asymmetric mixture",299,"OLS",TRUE
"Main",500,"Asymmetric mixture",299,"Semiparametric",TRUE
"Main",500,"Asymmetric mixture",830,"OLS",TRUE
"Main",500,"Asymmetric mixture",830,"Semiparametric",TRUE
"Main",200,"Skew-normal",367,"OLS",TRUE
"Main",200,"Skew-normal",367,"Semiparametric",TRUE
"Main",200,"Skew-normal",751,"OLS",TRUE
"Main",200,"Skew-normal",751,"Semiparametric",TRUE
"Main",500,"Skew-normal",168,"OLS",TRUE
"Main",500,"Skew-normal",168,"Semiparametric",TRUE
"Main",200,"Symmetric bimodal",447,"OLS",TRUE
"Main",200,"Symmetric bimodal",447,"Semiparametric",TRUE
"Main",500,"Asymmetric mixture",352,"OLS",TRUE
"Main",500,"Asymmetric mixture",352,"Semiparametric",TRUE
"Main",200,"Gaussian",389,"OLS",TRUE
"Main",200,"Gaussian",389,"Semiparametric",TRUE
"Main",500,"Gaussian",638,"OLS",TRUE
"Main",500,"Gaussian",638,"Semiparametric",TRUE
"Main",200,"Skew-normal",666,"OLS",TRUE
"Main",200,"Skew-normal",666,"Semiparametric",TRUE
"Main",200,"Gaussian",657,"OLS",TRUE
"Main",200,"Gaussian",657,"Semiparametric",TRUE
"Main",500,"Skew-normal",755,"OLS",TRUE
"Main",500,"Skew-normal",755,"Semiparametric",TRUE
"Main",500,"Symmetric bimodal",577,"OLS",TRUE
"Main",500,"Symmetric bimodal",577,"Semiparametric",TRUE
"Main",500,"Symmetric bimodal",234,"OLS",TRUE
"Main",500,"Symmetric bimodal",234,"Semiparametric",TRUE
"Main",500,"Skew-normal",272,"OLS",TRUE
"Main",500,"Skew-normal",272,"Semiparametric",TRUE
"Main",200,"Symmetric bimodal",327,"OLS",TRUE
"Main",200,"Symmetric bimodal",327,"Semiparametric",TRUE
"Main",200,"Symmetric bimodal",69,"OLS",TRUE
"Main",200,"Symmetric bimodal",69,"Semiparametric",FALSE
"Main",200,"Asymmetric mixture",21,"OLS",TRUE
"Main",200,"Asymmetric mixture",21,"Semiparametric",TRUE
"Main",500,"Symmetric bimodal",873,"OLS",TRUE
"Main",500,"Symmetric bimodal",873,"Semiparametric",TRUE
"Main",500,"Symmetric bimodal",220,"OLS",TRUE
"Main",500,"Symmetric bimodal",220,"Semiparametric",TRUE
"Main",500,"Skew-normal",933,"OLS",TRUE
"Main",500,"Skew-normal",933,"Semiparametric",TRUE
"Main",500,"Asymmetric mixture",611,"OLS",TRUE
"Main",500,"Asymmetric mixture",611,"Semiparametric",TRUE
"Main",500,"Asymmetric mixture",280,"OLS",TRUE
"Main",500,"Asymmetric mixture",280,"Semiparametric",TRUE
"Main",200,"Gaussian",503,"OLS",TRUE
"Main",200,"Gaussian",503,"Semiparametric",TRUE
"Main",500,"Asymmetric mixture",646,"OLS",TRUE
"Main",500,"Asymmetric mixture",646,"Semiparametric",TRUE
"Main",500,"Gaussian",662,"OLS",TRUE
"Main",500,"Gaussian",662,"Semiparametric",TRUE
"Main",500,"Skew-normal",189,"OLS",TRUE
"Main",500,"Skew-normal",189,"Semiparametric",TRUE
"Main",500,"Symmetric bimodal",984,"OLS",TRUE
"Main",500,"Symmetric bimodal",984,"Semiparametric",TRUE
"Main",500,"Skew-normal",738,"OLS",TRUE
"Main",500,"Skew-normal",738,"Semiparametric",TRUE
"Main",500,"Asymmetric mixture",400,"OLS",TRUE
"Main",500,"Asymmetric mixture",400,"Semiparametric",TRUE
"Main",500,"Symmetric bimodal",710,"OLS",TRUE
"Main",500,"Symmetric bimodal",710,"Semiparametric",TRUE
"Main",200,"Skew-normal",786,"OLS",TRUE
"Main",200,"Skew-normal",786,"Semiparametric",TRUE
"Main",500,"Skew-normal",205,"OLS",TRUE
"Main",500,"Skew-normal",205,"Semiparametric",TRUE
"Main",500,"Skew-normal",650,"OLS",TRUE
"Main",500,"Skew-normal",650,"Semiparametric",TRUE
"Main",500,"Symmetric bimodal",203,"OLS",TRUE
"Main",500,"Symmetric bimodal",203,"Semiparametric",TRUE
"Main",200,"Skew-normal",699,"OLS",TRUE
"Main",200,"Skew-normal",699,"Semiparametric",TRUE
"Main",200,"Skew-normal",2,"OLS",TRUE
"Main",200,"Skew-normal",2,"Semiparametric",TRUE
"Main",500,"Gaussian",74,"OLS",TRUE
"Main",500,"Gaussian",74,"Semiparametric",TRUE
"Main",200,"Skew-normal",671,"OLS",TRUE
"Main",200,"Skew-normal",671,"Semiparametric",TRUE
"Main",500,"Skew-normal",529,"OLS",TRUE
"Main",500,"Skew-normal",529,"Semiparametric",TRUE
"Main",200,"Asymmetric mixture",549,"OLS",TRUE
"Main",200,"Asymmetric mixture",549,"Semiparametric",TRUE
"Main",200,"Gaussian",790,"OLS",TRUE
"Main",200,"Gaussian",790,"Semiparametric",TRUE
"Main",500,"Gaussian",398,"OLS",TRUE
"Main",500,"Gaussian",398,"Semiparametric",TRUE
"Main",200,"Asymmetric mixture",9,"OLS",TRUE
"Main",200,"Asymmetric mixture",9,"Semiparametric",FALSE
"Main",500,"Skew-normal",257,"OLS",TRUE
"Main",500,"Skew-normal",257,"Semiparametric",TRUE
"Main",500,"Symmetric bimodal",231,"OLS",TRUE
"Main",500,"Symmetric bimodal",231,"Semiparametric",TRUE
"Main",200,"Symmetric bimodal",31,"OLS",TRUE
"Main",200,"Symmetric bimodal",31,"Semiparametric",TRUE
"Main",500,"Skew-normal",978,"OLS",TRUE
"Main",500,"Skew-normal",978,"Semiparametric",TRUE
"Main",500,"Symmetric bimodal",360,"OLS",TRUE
"Main",500,"Symmetric bimodal",360,"Semiparametric",TRUE
"Main",500,"Symmetric bimodal",668,"OLS",TRUE
"Main",500,"Symmetric bimodal",668,"Semiparametric",TRUE
"Main",200,"Symmetric bimodal",664,"OLS",TRUE
"Main",200,"Symmetric bimodal",664,"Semiparametric",TRUE
"Main",200,"Symmetric bimodal",134,"OLS",TRUE
"Main",200,"Symmetric bimodal",134,"Semiparametric",TRUE
"Main",200,"Gaussian",170,"OLS",TRUE
"Main",200,"Gaussian",170,"Semiparametric",TRUE
"Main",500,"Gaussian",589,"OLS",TRUE
"Main",500,"Gaussian",589,"Semiparametric",TRUE
"Main",200,"Gaussian",176,"OLS",TRUE
"Main",200,"Gaussian",176,"Semiparametric",TRUE
"Main",500,"Asymmetric mixture",360,"OLS",TRUE
"Main",500,"Asymmetric mixture",360,"Semiparametric",TRUE
"Main",200,"Gaussian",119,"OLS",TRUE
"Main",200,"Gaussian",119,"Semiparametric",TRUE
"Main",200,"Symmetric bimodal",244,"OLS",TRUE
"Main",200,"Symmetric bimodal",244,"Semiparametric",FALSE
"Main",200,"Asymmetric mixture",236,"OLS",TRUE
"Main",200,"Asymmetric mixture",236,"Semiparametric",TRUE
"Main",200,"Symmetric bimodal",848,"OLS",TRUE
"Main",200,"Symmetric bimodal",848,"Semiparametric",TRUE
"Main",500,"Gaussian",875,"OLS",TRUE
"Main",500,"Gaussian",875,"Semiparametric",TRUE
"Main",200,"Symmetric bimodal",365,"OLS",TRUE
"Main",200,"Symmetric bimodal",365,"Semiparametric",TRUE
"Main",200,"Asymmetric mixture",257,"OLS",TRUE
"Main",200,"Asymmetric mixture",257,"Semiparametric",TRUE
"Main",500,"Symmetric bimodal",586,"OLS",TRUE
"Main",500,"Symmetric bimodal",586,"Semiparametric",TRUE
"Main",500,"Gaussian",655,"OLS",TRUE
"Main",500,"Gaussian",655,"Semiparametric",TRUE
"Main",500,"Asymmetric mixture",335,"OLS",TRUE
"Main",500,"Asymmetric mixture",335,"Semiparametric",TRUE
"Main",500,"Asymmetric mixture",493,"OLS",TRUE
"Main",500,"Asymmetric mixture",493,"Semiparametric",TRUE
"Main",200,"Gaussian",960,"OLS",TRUE
"Main",200,"Gaussian",960,"Semiparametric",TRUE
"Main",500,"Asymmetric mixture",720,"OLS",TRUE
"Main",500,"Asymmetric mixture",720,"Semiparametric",TRUE
"Main",200,"Asymmetric mixture",592,"OLS",TRUE
"Main",200,"Asymmetric mixture",592,"Semiparametric",TRUE
"Main",500,"Gaussian",165,"OLS",TRUE
"Main",500,"Gaussian",165,"Semiparametric",TRUE
"Main",200,"Skew-normal",205,"OLS",TRUE
"Main",200,"Skew-normal",205,"Semiparametric",TRUE
"Main",500,"Asymmetric mixture",509,"OLS",TRUE
"Main",500,"Asymmetric mixture",509,"Semiparametric",TRUE
"Main",200,"Symmetric bimodal",622,"OLS",TRUE
"Main",200,"Symmetric bimodal",622,"Semiparametric",TRUE
"Main",500,"Gaussian",349,"OLS",TRUE
"Main",500,"Gaussian",349,"Semiparametric",TRUE
"Main",500,"Skew-normal",452,"OLS",TRUE
"Main",500,"Skew-normal",452,"Semiparametric",TRUE
"Main",200,"Skew-normal",742,"OLS",TRUE
"Main",200,"Skew-normal",742,"Semiparametric",TRUE
"Main",200,"Skew-normal",810,"OLS",TRUE
"Main",200,"Skew-normal",810,"Semiparametric",TRUE
"Main",500,"Skew-normal",838,"OLS",TRUE
"Main",500,"Skew-normal",838,"Semiparametric",TRUE
"Main",500,"Gaussian",216,"OLS",TRUE
"Main",500,"Gaussian",216,"Semiparametric",TRUE
"Main",500,"Symmetric bimodal",214,"OLS",TRUE
"Main",500,"Symmetric bimodal",214,"Semiparametric",TRUE
"Main",200,"Symmetric bimodal",469,"OLS",TRUE
"Main",200,"Symmetric bimodal",469,"Semiparametric",TRUE
"Main",500,"Gaussian",694,"OLS",TRUE
"Main",500,"Gaussian",694,"Semiparametric",TRUE
"Main",500,"Skew-normal",772,"OLS",TRUE
"Main",500,"Skew-normal",772,"Semiparametric",TRUE
"Main",500,"Symmetric bimodal",289,"OLS",TRUE
"Main",500,"Symmetric bimodal",289,"Semiparametric",TRUE
"Main",200,"Gaussian",391,"OLS",TRUE
"Main",200,"Gaussian",391,"Semiparametric",TRUE
"Main",200,"Skew-normal",842,"OLS",TRUE
"Main",200,"Skew-normal",842,"Semiparametric",TRUE
"Main",500,"Skew-normal",216,"OLS",TRUE
"Main",500,"Skew-normal",216,"Semiparametric",TRUE
"Main",200,"Gaussian",310,"OLS",TRUE
"Main",200,"Gaussian",310,"Semiparametric",TRUE
"Main",200,"Skew-normal",136,"OLS",TRUE
"Main",200,"Skew-normal",136,"Semiparametric",TRUE
"Main",200,"Symmetric bimodal",771,"OLS",TRUE
"Main",200,"Symmetric bimodal",771,"Semiparametric",TRUE
"Main",200,"Asymmetric mixture",505,"OLS",TRUE
"Main",200,"Asymmetric mixture",505,"Semiparametric",TRUE
"Main",200,"Asymmetric mixture",363,"OLS",TRUE
"Main",200,"Asymmetric mixture",363,"Semiparametric",TRUE
"Main",200,"Skew-normal",233,"OLS",TRUE
"Main",200,"Skew-normal",233,"Semiparametric",TRUE
"Main",500,"Gaussian",795,"OLS",TRUE
"Main",500,"Gaussian",795,"Semiparametric",TRUE
"Main",500,"Asymmetric mixture",505,"OLS",TRUE
"Main",500,"Asymmetric mixture",505,"Semiparametric",TRUE
"Main",500,"Skew-normal",906,"OLS",TRUE
"Main",500,"Skew-normal",906,"Semiparametric",TRUE
"Main",500,"Symmetric bimodal",406,"OLS",TRUE
"Main",500,"Symmetric bimodal",406,"Semiparametric",TRUE
"Main",200,"Asymmetric mixture",177,"OLS",TRUE
"Main",200,"Asymmetric mixture",177,"Semiparametric",TRUE
"Main",500,"Symmetric bimodal",906,"OLS",TRUE
"Main",500,"Symmetric bimodal",906,"Semiparametric",TRUE
"Main",200,"Gaussian",154,"OLS",TRUE
"Main",200,"Gaussian",154,"Semiparametric",TRUE
"Main",200,"Gaussian",563,"OLS",TRUE
"Main",200,"Gaussian",563,"Semiparametric",TRUE
"Main",500,"Symmetric bimodal",960,"OLS",TRUE
"Main",500,"Symmetric bimodal",960,"Semiparametric",TRUE
"Main",200,"Gaussian",560,"OLS",TRUE
"Main",200,"Gaussian",560,"Semiparametric",TRUE
"Main",200,"Asymmetric mixture",211,"OLS",TRUE
"Main",200,"Asymmetric mixture",211,"Semiparametric",TRUE
"Main",200,"Asymmetric mixture",507,"OLS",TRUE
"Main",200,"Asymmetric mixture",507,"Semiparametric",TRUE
"Main",200,"Skew-normal",378,"OLS",TRUE
"Main",200,"Skew-normal",378,"Semiparametric",TRUE
"Main",200,"Skew-normal",548,"OLS",TRUE
"Main",200,"Skew-normal",548,"Semiparametric",TRUE
"Main",200,"Asymmetric mixture",313,"OLS",TRUE
"Main",200,"Asymmetric mixture",313,"Semiparametric",FALSE
"Main",500,"Symmetric bimodal",171,"OLS",TRUE
"Main",500,"Symmetric bimodal",171,"Semiparametric",TRUE
"Main",200,"Gaussian",826,"OLS",TRUE
"Main",200,"Gaussian",826,"Semiparametric",TRUE
"Main",500,"Skew-normal",270,"OLS",TRUE
"Main",500,"Skew-normal",270,"Semiparametric",TRUE
"Main",200,"Symmetric bimodal",764,"OLS",TRUE
"Main",200,"Symmetric bimodal",764,"Semiparametric",TRUE
"Main",200,"Gaussian",431,"OLS",TRUE
"Main",200,"Gaussian",431,"Semiparametric",TRUE
"Main",500,"Asymmetric mixture",798,"OLS",TRUE
"Main",500,"Asymmetric mixture",798,"Semiparametric",TRUE
"Main",200,"Symmetric bimodal",694,"OLS",TRUE
"Main",200,"Symmetric bimodal",694,"Semiparametric",TRUE
"Main",500,"Asymmetric mixture",214,"OLS",TRUE
"Main",500,"Asymmetric mixture",214,"Semiparametric",TRUE
"Main",200,"Skew-normal",887,"OLS",TRUE
"Main",200,"Skew-normal",887,"Semiparametric",TRUE
"Main",500,"Skew-normal",810,"OLS",TRUE
"Main",500,"Skew-normal",810,"Semiparametric",TRUE
"Main",500,"Asymmetric mixture",534,"OLS",TRUE
"Main",500,"Asymmetric mixture",534,"Semiparametric",TRUE
"Main",200,"Symmetric bimodal",15,"OLS",TRUE
"Main",200,"Symmetric bimodal",15,"Semiparametric",TRUE
"Main",500,"Gaussian",967,"OLS",TRUE
"Main",500,"Gaussian",967,"Semiparametric",TRUE
"Main",200,"Asymmetric mixture",813,"OLS",TRUE
"Main",200,"Asymmetric mixture",813,"Semiparametric",FALSE
"Main",200,"Skew-normal",539,"OLS",TRUE
"Main",200,"Skew-normal",539,"Semiparametric",TRUE
"Main",200,"Asymmetric mixture",441,"OLS",TRUE
"Main",200,"Asymmetric mixture",441,"Semiparametric",FALSE
"Main",200,"Skew-normal",952,"OLS",TRUE
"Main",200,"Skew-normal",952,"Semiparametric",TRUE
"Main",500,"Symmetric bimodal",397,"OLS",TRUE
"Main",500,"Symmetric bimodal",397,"Semiparametric",TRUE
"Main",500,"Skew-normal",876,"OLS",TRUE
"Main",500,"Skew-normal",876,"Semiparametric",TRUE
"Main",200,"Gaussian",383,"OLS",TRUE
"Main",200,"Gaussian",383,"Semiparametric",TRUE
"Main",200,"Skew-normal",337,"OLS",TRUE
"Main",200,"Skew-normal",337,"Semiparametric",TRUE
"Main",200,"Gaussian",650,"OLS",TRUE
"Main",200,"Gaussian",650,"Semiparametric",TRUE
"Main",200,"Skew-normal",192,"OLS",TRUE
"Main",200,"Skew-normal",192,"Semiparametric",TRUE
"Main",200,"Symmetric bimodal",21,"OLS",TRUE
"Main",200,"Symmetric bimodal",21,"Semiparametric",TRUE
"Main",500,"Gaussian",492,"OLS",TRUE
"Main",500,"Gaussian",492,"Semiparametric",TRUE
"Main",200,"Symmetric bimodal",287,"OLS",TRUE
"Main",200,"Symmetric bimodal",287,"Semiparametric",TRUE
"Main",200,"Skew-normal",409,"OLS",TRUE
"Main",200,"Skew-normal",409,"Semiparametric",TRUE
"Main",200,"Skew-normal",852,"OLS",TRUE
"Main",200,"Skew-normal",852,"Semiparametric",TRUE
"Main",500,"Asymmetric mixture",901,"OLS",TRUE
"Main",500,"Asymmetric mixture",901,"Semiparametric",TRUE
"Main",200,"Symmetric bimodal",742,"OLS",TRUE
"Main",200,"Symmetric bimodal",742,"Semiparametric",TRUE
"Main",500,"Gaussian",979,"OLS",TRUE
"Main",500,"Gaussian",979,"Semiparametric",TRUE
"Main",500,"Gaussian",629,"OLS",TRUE
"Main",500,"Gaussian",629,"Semiparametric",TRUE
"Main",200,"Asymmetric mixture",90,"OLS",TRUE
"Main",200,"Asymmetric mixture",90,"Semiparametric",TRUE
"Main",500,"Skew-normal",324,"OLS",TRUE
"Main",500,"Skew-normal",324,"Semiparametric",TRUE
"Main",200,"Asymmetric mixture",469,"OLS",TRUE
"Main",200,"Asymmetric mixture",469,"Semiparametric",TRUE
"Main",500,"Skew-normal",291,"OLS",TRUE
"Main",500,"Skew-normal",291,"Semiparametric",TRUE
"Main",200,"Skew-normal",841,"OLS",TRUE
"Main",200,"Skew-normal",841,"Semiparametric",TRUE
"Main",500,"Skew-normal",152,"OLS",TRUE
"Main",500,"Skew-normal",152,"Semiparametric",TRUE
"Main",200,"Asymmetric mixture",403,"OLS",TRUE
"Main",200,"Asymmetric mixture",403,"Semiparametric",TRUE
"Main",200,"Gaussian",651,"OLS",TRUE
"Main",200,"Gaussian",651,"Semiparametric",TRUE
"Main",200,"Asymmetric mixture",570,"OLS",TRUE
"Main",200,"Asymmetric mixture",570,"Semiparametric",TRUE
"Main",200,"Symmetric bimodal",286,"OLS",TRUE
"Main",200,"Symmetric bimodal",286,"Semiparametric",TRUE
"Main",500,"Gaussian",976,"OLS",TRUE
"Main",500,"Gaussian",976,"Semiparametric",TRUE
"Main",500,"Symmetric bimodal",318,"OLS",TRUE
"Main",500,"Symmetric bimodal",318,"Semiparametric",TRUE
"Main",500,"Gaussian",703,"OLS",TRUE
"Main",500,"Gaussian",703,"Semiparametric",TRUE
"Main",500,"Skew-normal",835,"OLS",TRUE
"Main",500,"Skew-normal",835,"Semiparametric",TRUE
"Main",200,"Symmetric bimodal",852,"OLS",TRUE
"Main",200,"Symmetric bimodal",852,"Semiparametric",TRUE
"Main",500,"Skew-normal",558,"OLS",TRUE
"Main",500,"Skew-normal",558,"Semiparametric",TRUE
"Main",200,"Skew-normal",986,"OLS",TRUE
"Main",200,"Skew-normal",986,"Semiparametric",TRUE
"Main",500,"Skew-normal",783,"OLS",TRUE
"Main",500,"Skew-normal",783,"Semiparametric",TRUE
"Main",200,"Symmetric bimodal",62,"OLS",TRUE
"Main",200,"Symmetric bimodal",62,"Semiparametric",TRUE
"Main",200,"Skew-normal",631,"OLS",TRUE
"Main",200,"Skew-normal",631,"Semiparametric",TRUE
"Main",200,"Gaussian",277,"OLS",TRUE
"Main",200,"Gaussian",277,"Semiparametric",TRUE
"Main",200,"Asymmetric mixture",489,"OLS",TRUE
"Main",200,"Asymmetric mixture",489,"Semiparametric",TRUE
"Main",200,"Skew-normal",507,"OLS",TRUE
"Main",200,"Skew-normal",507,"Semiparametric",TRUE
"Main",200,"Asymmetric mixture",964,"OLS",TRUE
"Main",200,"Asymmetric mixture",964,"Semiparametric",TRUE
"Main",200,"Skew-normal",335,"OLS",TRUE
"Main",200,"Skew-normal",335,"Semiparametric",TRUE
"Main",200,"Gaussian",932,"OLS",TRUE
"Main",200,"Gaussian",932,"Semiparametric",TRUE
"Main",200,"Skew-normal",711,"OLS",TRUE
"Main",200,"Skew-normal",711,"Semiparametric",TRUE
"Main",500,"Skew-normal",402,"OLS",TRUE
"Main",500,"Skew-normal",402,"Semiparametric",TRUE
"Main",200,"Gaussian",743,"OLS",TRUE
"Main",200,"Gaussian",743,"Semiparametric",TRUE
"Main",500,"Asymmetric mixture",778,"OLS",TRUE
"Main",500,"Asymmetric mixture",778,"Semiparametric",TRUE
"Main",500,"Symmetric bimodal",752,"OLS",TRUE
"Main",500,"Symmetric bimodal",752,"Semiparametric",TRUE
"Main",200,"Asymmetric mixture",388,"OLS",TRUE
"Main",200,"Asymmetric mixture",388,"Semiparametric",TRUE
"Main",500,"Symmetric bimodal",869,"OLS",TRUE
"Main",500,"Symmetric bimodal",869,"Semiparametric",TRUE
"Main",500,"Asymmetric mixture",224,"OLS",TRUE
"Main",500,"Asymmetric mixture",224,"Semiparametric",TRUE
"Main",200,"Asymmetric mixture",808,"OLS",TRUE
"Main",200,"Asymmetric mixture",808,"Semiparametric",TRUE
"Main",500,"Asymmetric mixture",454,"OLS",TRUE
"Main",500,"Asymmetric mixture",454,"Semiparametric",TRUE
"Main",500,"Symmetric bimodal",881,"OLS",TRUE
"Main",500,"Symmetric bimodal",881,"Semiparametric",TRUE
"Main",200,"Symmetric bimodal",63,"OLS",TRUE
"Main",200,"Symmetric bimodal",63,"Semiparametric",TRUE
"Main",200,"Asymmetric mixture",588,"OLS",TRUE
"Main",200,"Asymmetric mixture",588,"Semiparametric",TRUE
"Main",500,"Skew-normal",286,"OLS",TRUE
"Main",500,"Skew-normal",286,"Semiparametric",TRUE
"Main",500,"Skew-normal",753,"OLS",TRUE
"Main",500,"Skew-normal",753,"Semiparametric",TRUE
"Main",500,"Gaussian",700,"OLS",TRUE
"Main",500,"Gaussian",700,"Semiparametric",TRUE
"Main",500,"Skew-normal",747,"OLS",TRUE
"Main",500,"Skew-normal",747,"Semiparametric",TRUE
"Main",500,"Skew-normal",779,"OLS",TRUE
"Main",500,"Skew-normal",779,"Semiparametric",TRUE
"Main",200,"Skew-normal",997,"OLS",TRUE
"Main",200,"Skew-normal",997,"Semiparametric",TRUE
"Main",500,"Asymmetric mixture",832,"OLS",TRUE
"Main",500,"Asymmetric mixture",832,"Semiparametric",TRUE
"Main",500,"Skew-normal",986,"OLS",TRUE
"Main",500,"Skew-normal",986,"Semiparametric",TRUE
"Main",500,"Skew-normal",232,"OLS",TRUE
"Main",500,"Skew-normal",232,"Semiparametric",TRUE
"Main",200,"Asymmetric mixture",494,"OLS",TRUE
"Main",200,"Asymmetric mixture",494,"Semiparametric",TRUE
"Main",500,"Skew-normal",307,"OLS",TRUE
"Main",500,"Skew-normal",307,"Semiparametric",TRUE
"Main",500,"Gaussian",709,"OLS",TRUE
"Main",500,"Gaussian",709,"Semiparametric",TRUE
"Main",500,"Symmetric bimodal",883,"OLS",TRUE
"Main",500,"Symmetric bimodal",883,"Semiparametric",TRUE
"Main",200,"Skew-normal",967,"OLS",TRUE
"Main",200,"Skew-normal",967,"Semiparametric",TRUE
"Main",200,"Gaussian",813,"OLS",TRUE
"Main",200,"Gaussian",813,"Semiparametric",TRUE
"Main",500,"Gaussian",505,"OLS",TRUE
"Main",500,"Gaussian",505,"Semiparametric",TRUE
"Main",200,"Gaussian",712,"OLS",TRUE
"Main",200,"Gaussian",712,"Semiparametric",TRUE
"Main",500,"Skew-normal",121,"OLS",TRUE
"Main",500,"Skew-normal",121,"Semiparametric",TRUE
"Main",500,"Symmetric bimodal",640,"OLS",TRUE
"Main",500,"Symmetric bimodal",640,"Semiparametric",TRUE
"Main",500,"Asymmetric mixture",8,"OLS",TRUE
"Main",500,"Asymmetric mixture",8,"Semiparametric",TRUE
"Main",500,"Symmetric bimodal",809,"OLS",TRUE
"Main",500,"Symmetric bimodal",809,"Semiparametric",TRUE
"Main",200,"Gaussian",600,"OLS",TRUE
"Main",200,"Gaussian",600,"Semiparametric",TRUE
"Main",500,"Gaussian",902,"OLS",TRUE
"Main",500,"Gaussian",902,"Semiparametric",TRUE
"Main",200,"Asymmetric mixture",631,"OLS",TRUE
"Main",200,"Asymmetric mixture",631,"Semiparametric",TRUE
"Main",200,"Gaussian",261,"OLS",TRUE
"Main",200,"Gaussian",261,"Semiparametric",TRUE
"Main",500,"Gaussian",831,"OLS",TRUE
"Main",500,"Gaussian",831,"Semiparametric",TRUE
"Main",500,"Symmetric bimodal",585,"OLS",TRUE
"Main",500,"Symmetric bimodal",585,"Semiparametric",TRUE
"Main",200,"Asymmetric mixture",665,"OLS",TRUE
"Main",200,"Asymmetric mixture",665,"Semiparametric",TRUE
"Main",200,"Symmetric bimodal",474,"OLS",TRUE
"Main",200,"Symmetric bimodal",474,"Semiparametric",TRUE
"Main",500,"Skew-normal",461,"OLS",TRUE
"Main",500,"Skew-normal",461,"Semiparametric",TRUE
"Main",200,"Gaussian",843,"OLS",TRUE
"Main",200,"Gaussian",843,"Semiparametric",TRUE
"Main",500,"Asymmetric mixture",843,"OLS",TRUE
"Main",500,"Asymmetric mixture",843,"Semiparametric",TRUE
"Main",200,"Skew-normal",948,"OLS",TRUE
"Main",200,"Skew-normal",948,"Semiparametric",TRUE
"Main",500,"Asymmetric mixture",172,"OLS",TRUE
"Main",500,"Asymmetric mixture",172,"Semiparametric",TRUE
"Main",200,"Gaussian",723,"OLS",TRUE
"Main",200,"Gaussian",723,"Semiparametric",TRUE
"Main",200,"Skew-normal",979,"OLS",TRUE
"Main",200,"Skew-normal",979,"Semiparametric",TRUE
"Main",500,"Asymmetric mixture",767,"OLS",TRUE
"Main",500,"Asymmetric mixture",767,"Semiparametric",TRUE
"Main",500,"Asymmetric mixture",175,"OLS",TRUE
"Main",500,"Asymmetric mixture",175,"Semiparametric",TRUE
"Main",200,"Symmetric bimodal",317,"OLS",TRUE
"Main",200,"Symmetric bimodal",317,"Semiparametric",TRUE
"Main",200,"Skew-normal",397,"OLS",TRUE
"Main",200,"Skew-normal",397,"Semiparametric",TRUE
"Main",200,"Skew-normal",633,"OLS",TRUE
"Main",200,"Skew-normal",633,"Semiparametric",TRUE
"Main",200,"Symmetric bimodal",665,"OLS",TRUE
"Main",200,"Symmetric bimodal",665,"Semiparametric",TRUE
"Main",200,"Asymmetric mixture",360,"OLS",TRUE
"Main",200,"Asymmetric mixture",360,"Semiparametric",TRUE
"Main",500,"Asymmetric mixture",842,"OLS",TRUE
"Main",500,"Asymmetric mixture",842,"Semiparametric",TRUE
"Main",200,"Gaussian",892,"OLS",TRUE
"Main",200,"Gaussian",892,"Semiparametric",TRUE
"Main",200,"Gaussian",716,"OLS",TRUE
"Main",200,"Gaussian",716,"Semiparametric",TRUE
"Main",200,"Asymmetric mixture",453,"OLS",TRUE
"Main",200,"Asymmetric mixture",453,"Semiparametric",TRUE
"Main",500,"Skew-normal",280,"OLS",TRUE
"Main",500,"Skew-normal",280,"Semiparametric",TRUE
"Main",200,"Skew-normal",622,"OLS",TRUE
"Main",200,"Skew-normal",622,"Semiparametric",TRUE
"Main",500,"Asymmetric mixture",811,"OLS",TRUE
"Main",500,"Asymmetric mixture",811,"Semiparametric",TRUE
"Main",200,"Asymmetric mixture",500,"OLS",TRUE
"Main",200,"Asymmetric mixture",500,"Semiparametric",TRUE
"Main",200,"Symmetric bimodal",418,"OLS",TRUE
"Main",200,"Symmetric bimodal",418,"Semiparametric",FALSE
"Main",500,"Symmetric bimodal",39,"OLS",TRUE
"Main",500,"Symmetric bimodal",39,"Semiparametric",TRUE
"Main",200,"Asymmetric mixture",198,"OLS",TRUE
"Main",200,"Asymmetric mixture",198,"Semiparametric",FALSE
"Main",200,"Gaussian",645,"OLS",TRUE
"Main",200,"Gaussian",645,"Semiparametric",TRUE
"Main",500,"Symmetric bimodal",348,"OLS",TRUE
"Main",500,"Symmetric bimodal",348,"Semiparametric",TRUE
"Main",500,"Gaussian",150,"OLS",TRUE
"Main",500,"Gaussian",150,"Semiparametric",TRUE
"Main",500,"Symmetric bimodal",733,"OLS",TRUE
"Main",500,"Symmetric bimodal",733,"Semiparametric",TRUE
"Main",500,"Gaussian",472,"OLS",TRUE
"Main",500,"Gaussian",472,"Semiparametric",TRUE
"Main",500,"Symmetric bimodal",14,"OLS",TRUE
"Main",500,"Symmetric bimodal",14,"Semiparametric",TRUE
"Main",500,"Symmetric bimodal",936,"OLS",TRUE
"Main",500,"Symmetric bimodal",936,"Semiparametric",TRUE
"Main",500,"Asymmetric mixture",371,"OLS",TRUE
"Main",500,"Asymmetric mixture",371,"Semiparametric",TRUE
"Main",200,"Skew-normal",288,"OLS",TRUE
"Main",200,"Skew-normal",288,"Semiparametric",TRUE
"Main",500,"Asymmetric mixture",751,"OLS",TRUE
"Main",500,"Asymmetric mixture",751,"Semiparametric",TRUE
"Main",200,"Skew-normal",373,"OLS",TRUE
"Main",200,"Skew-normal",373,"Semiparametric",TRUE
"Main",200,"Symmetric bimodal",437,"OLS",TRUE
"Main",200,"Symmetric bimodal",437,"Semiparametric",TRUE
"Main",200,"Gaussian",554,"OLS",TRUE
"Main",200,"Gaussian",554,"Semiparametric",TRUE
"Main",500,"Skew-normal",160,"OLS",TRUE
"Main",500,"Skew-normal",160,"Semiparametric",TRUE
"Main",500,"Symmetric bimodal",905,"OLS",TRUE
"Main",500,"Symmetric bimodal",905,"Semiparametric",TRUE
"Main",200,"Symmetric bimodal",803,"OLS",TRUE
"Main",200,"Symmetric bimodal",803,"Semiparametric",TRUE
"Main",500,"Gaussian",162,"OLS",TRUE
"Main",500,"Gaussian",162,"Semiparametric",TRUE
"Main",200,"Asymmetric mixture",514,"OLS",TRUE
"Main",200,"Asymmetric mixture",514,"Semiparametric",TRUE
"Main",200,"Asymmetric mixture",891,"OLS",TRUE
"Main",200,"Asymmetric mixture",891,"Semiparametric",TRUE
"Main",500,"Skew-normal",686,"OLS",TRUE
"Main",500,"Skew-normal",686,"Semiparametric",TRUE
"Main",500,"Asymmetric mixture",699,"OLS",TRUE
"Main",500,"Asymmetric mixture",699,"Semiparametric",TRUE
"Main",500,"Skew-normal",671,"OLS",TRUE
"Main",500,"Skew-normal",671,"Semiparametric",TRUE
"Main",500,"Asymmetric mixture",61,"OLS",TRUE
"Main",500,"Asymmetric mixture",61,"Semiparametric",TRUE
"Main",500,"Gaussian",498,"OLS",TRUE
"Main",500,"Gaussian",498,"Semiparametric",TRUE
"Main",500,"Gaussian",250,"OLS",TRUE
"Main",500,"Gaussian",250,"Semiparametric",TRUE
"Main",500,"Skew-normal",723,"OLS",TRUE
"Main",500,"Skew-normal",723,"Semiparametric",TRUE
"Main",500,"Skew-normal",135,"OLS",TRUE
"Main",500,"Skew-normal",135,"Semiparametric",TRUE
"Main",200,"Gaussian",177,"OLS",TRUE
"Main",200,"Gaussian",177,"Semiparametric",TRUE
"Main",500,"Symmetric bimodal",153,"OLS",TRUE
"Main",500,"Symmetric bimodal",153,"Semiparametric",TRUE
"Main",200,"Symmetric bimodal",580,"OLS",TRUE
"Main",200,"Symmetric bimodal",580,"Semiparametric",TRUE
"Main",200,"Gaussian",311,"OLS",TRUE
"Main",200,"Gaussian",311,"Semiparametric",TRUE
"Main",500,"Symmetric bimodal",512,"OLS",TRUE
"Main",500,"Symmetric bimodal",512,"Semiparametric",TRUE
"Main",200,"Asymmetric mixture",466,"OLS",TRUE
"Main",200,"Asymmetric mixture",466,"Semiparametric",TRUE
"Main",200,"Asymmetric mixture",365,"OLS",TRUE
"Main",200,"Asymmetric mixture",365,"Semiparametric",TRUE
"Main",200,"Skew-normal",677,"OLS",TRUE
"Main",200,"Skew-normal",677,"Semiparametric",TRUE
"Main",500,"Asymmetric mixture",953,"OLS",TRUE
"Main",500,"Asymmetric mixture",953,"Semiparametric",TRUE
"Main",200,"Gaussian",930,"OLS",TRUE
"Main",200,"Gaussian",930,"Semiparametric",TRUE
"Main",500,"Symmetric bimodal",930,"OLS",TRUE
"Main",500,"Symmetric bimodal",930,"Semiparametric",TRUE
"Main",200,"Gaussian",367,"OLS",TRUE
"Main",200,"Gaussian",367,"Semiparametric",TRUE
"Main",200,"Asymmetric mixture",320,"OLS",TRUE
"Main",200,"Asymmetric mixture",320,"Semiparametric",TRUE
"Main",200,"Asymmetric mixture",546,"OLS",TRUE
"Main",200,"Asymmetric mixture",546,"Semiparametric",TRUE
"Main",200,"Asymmetric mixture",475,"OLS",TRUE
"Main",200,"Asymmetric mixture",475,"Semiparametric",FALSE
"Main",200,"Symmetric bimodal",374,"OLS",TRUE
"Main",200,"Symmetric bimodal",374,"Semiparametric",TRUE
"Main",200,"Skew-normal",31,"OLS",TRUE
"Main",200,"Skew-normal",31,"Semiparametric",TRUE
"Main",500,"Symmetric bimodal",187,"OLS",TRUE
"Main",500,"Symmetric bimodal",187,"Semiparametric",TRUE
"Main",200,"Symmetric bimodal",597,"OLS",TRUE
"Main",200,"Symmetric bimodal",597,"Semiparametric",TRUE
"Main",200,"Skew-normal",20,"OLS",TRUE
"Main",200,"Skew-normal",20,"Semiparametric",TRUE
"Main",500,"Asymmetric mixture",628,"OLS",TRUE
"Main",500,"Asymmetric mixture",628,"Semiparametric",TRUE
"Main",500,"Symmetric bimodal",699,"OLS",TRUE
"Main",500,"Symmetric bimodal",699,"Semiparametric",TRUE
"Main",500,"Gaussian",854,"OLS",TRUE
"Main",500,"Gaussian",854,"Semiparametric",TRUE
"Main",500,"Asymmetric mixture",180,"OLS",TRUE
"Main",500,"Asymmetric mixture",180,"Semiparametric",TRUE
"Main",500,"Symmetric bimodal",532,"OLS",TRUE
"Main",500,"Symmetric bimodal",532,"Semiparametric",TRUE
"Main",200,"Symmetric bimodal",154,"OLS",TRUE
"Main",200,"Symmetric bimodal",154,"Semiparametric",TRUE
"Main",200,"Gaussian",233,"OLS",TRUE
"Main",200,"Gaussian",233,"Semiparametric",TRUE
"Main",500,"Symmetric bimodal",999,"OLS",TRUE
"Main",500,"Symmetric bimodal",999,"Semiparametric",TRUE
"Main",500,"Symmetric bimodal",290,"OLS",TRUE
"Main",500,"Symmetric bimodal",290,"Semiparametric",TRUE
"Main",500,"Gaussian",442,"OLS",TRUE
"Main",500,"Gaussian",442,"Semiparametric",TRUE
"Main",500,"Symmetric bimodal",91,"OLS",TRUE
"Main",500,"Symmetric bimodal",91,"Semiparametric",TRUE
"Main",200,"Skew-normal",884,"OLS",TRUE
"Main",200,"Skew-normal",884,"Semiparametric",TRUE
"Main",200,"Skew-normal",501,"OLS",TRUE
"Main",200,"Skew-normal",501,"Semiparametric",TRUE
"Main",200,"Skew-normal",982,"OLS",TRUE
"Main",200,"Skew-normal",982,"Semiparametric",TRUE
"Main",200,"Symmetric bimodal",839,"OLS",TRUE
"Main",200,"Symmetric bimodal",839,"Semiparametric",TRUE
"Main",500,"Asymmetric mixture",213,"OLS",TRUE
"Main",500,"Asymmetric mixture",213,"Semiparametric",TRUE
"Main",200,"Skew-normal",529,"OLS",TRUE
"Main",200,"Skew-normal",529,"Semiparametric",TRUE
"Main",500,"Symmetric bimodal",13,"OLS",TRUE
"Main",500,"Symmetric bimodal",13,"Semiparametric",TRUE
"Main",200,"Skew-normal",908,"OLS",TRUE
"Main",200,"Skew-normal",908,"Semiparametric",TRUE
"Main",500,"Skew-normal",694,"OLS",TRUE
"Main",500,"Skew-normal",694,"Semiparametric",TRUE
"Main",500,"Asymmetric mixture",171,"OLS",TRUE
"Main",500,"Asymmetric mixture",171,"Semiparametric",TRUE
"Main",200,"Gaussian",219,"OLS",TRUE
"Main",200,"Gaussian",219,"Semiparametric",TRUE
"Main",500,"Symmetric bimodal",560,"OLS",TRUE
"Main",500,"Symmetric bimodal",560,"Semiparametric",TRUE
"Main",500,"Asymmetric mixture",726,"OLS",TRUE
"Main",500,"Asymmetric mixture",726,"Semiparametric",TRUE
"Main",200,"Asymmetric mixture",664,"OLS",TRUE
"Main",200,"Asymmetric mixture",664,"Semiparametric",TRUE
"Main",200,"Skew-normal",121,"OLS",TRUE
"Main",200,"Skew-normal",121,"Semiparametric",TRUE
"Main",500,"Symmetric bimodal",509,"OLS",TRUE
"Main",500,"Symmetric bimodal",509,"Semiparametric",TRUE
"Main",200,"Symmetric bimodal",542,"OLS",TRUE
"Main",200,"Symmetric bimodal",542,"Semiparametric",TRUE
"Main",200,"Skew-normal",413,"OLS",TRUE
"Main",200,"Skew-normal",413,"Semiparametric",TRUE
"Main",200,"Gaussian",355,"OLS",TRUE
"Main",200,"Gaussian",355,"Semiparametric",TRUE
"Main",500,"Gaussian",32,"OLS",TRUE
"Main",500,"Gaussian",32,"Semiparametric",TRUE
"Main",200,"Symmetric bimodal",998,"OLS",TRUE
"Main",200,"Symmetric bimodal",998,"Semiparametric",TRUE
"Main",200,"Gaussian",681,"OLS",TRUE
"Main",200,"Gaussian",681,"Semiparametric",TRUE
"Main",200,"Asymmetric mixture",217,"OLS",TRUE
"Main",200,"Asymmetric mixture",217,"Semiparametric",TRUE
"Main",500,"Asymmetric mixture",173,"OLS",TRUE
"Main",500,"Asymmetric mixture",173,"Semiparametric",TRUE
"Main",200,"Asymmetric mixture",787,"OLS",TRUE
"Main",200,"Asymmetric mixture",787,"Semiparametric",TRUE
"Main",500,"Gaussian",689,"OLS",TRUE
"Main",500,"Gaussian",689,"Semiparametric",TRUE
"Main",500,"Gaussian",433,"OLS",TRUE
"Main",500,"Gaussian",433,"Semiparametric",TRUE
"Main",200,"Symmetric bimodal",891,"OLS",TRUE
"Main",200,"Symmetric bimodal",891,"Semiparametric",TRUE
"Main",500,"Gaussian",787,"OLS",TRUE
"Main",500,"Gaussian",787,"Semiparametric",TRUE
"Main",200,"Gaussian",337,"OLS",TRUE
"Main",200,"Gaussian",337,"Semiparametric",TRUE
"Main",500,"Symmetric bimodal",633,"OLS",TRUE
"Main",500,"Symmetric bimodal",633,"Semiparametric",TRUE
"Main",200,"Skew-normal",10,"OLS",TRUE
"Main",200,"Skew-normal",10,"Semiparametric",TRUE
"Main",500,"Skew-normal",977,"OLS",TRUE
"Main",500,"Skew-normal",977,"Semiparametric",TRUE
"Main",200,"Gaussian",855,"OLS",TRUE
"Main",200,"Gaussian",855,"Semiparametric",TRUE
"Main",200,"Symmetric bimodal",890,"OLS",TRUE
"Main",200,"Symmetric bimodal",890,"Semiparametric",TRUE
"Main",200,"Symmetric bimodal",156,"OLS",TRUE
"Main",200,"Symmetric bimodal",156,"Semiparametric",TRUE
"Main",200,"Gaussian",380,"OLS",TRUE
"Main",200,"Gaussian",380,"Semiparametric",TRUE
"Main",500,"Asymmetric mixture",917,"OLS",TRUE
"Main",500,"Asymmetric mixture",917,"Semiparametric",TRUE
"Main",200,"Skew-normal",483,"OLS",TRUE
"Main",200,"Skew-normal",483,"Semiparametric",TRUE
"Main",200,"Symmetric bimodal",977,"OLS",TRUE
"Main",200,"Symmetric bimodal",977,"Semiparametric",TRUE
"Main",200,"Skew-normal",788,"OLS",TRUE
"Main",200,"Skew-normal",788,"Semiparametric",TRUE
"Main",500,"Gaussian",49,"OLS",TRUE
"Main",500,"Gaussian",49,"Semiparametric",TRUE
"Main",200,"Symmetric bimodal",822,"OLS",TRUE
"Main",200,"Symmetric bimodal",822,"Semiparametric",TRUE
"Main",200,"Symmetric bimodal",28,"OLS",TRUE
"Main",200,"Symmetric bimodal",28,"Semiparametric",FALSE
"Main",200,"Asymmetric mixture",968,"OLS",TRUE
"Main",200,"Asymmetric mixture",968,"Semiparametric",TRUE
"Main",200,"Asymmetric mixture",404,"OLS",TRUE
"Main",200,"Asymmetric mixture",404,"Semiparametric",TRUE
"Main",200,"Gaussian",124,"OLS",TRUE
"Main",200,"Gaussian",124,"Semiparametric",TRUE
"Main",200,"Symmetric bimodal",801,"OLS",TRUE
"Main",200,"Symmetric bimodal",801,"Semiparametric",TRUE
"Main",500,"Gaussian",388,"OLS",TRUE
"Main",500,"Gaussian",388,"Semiparametric",TRUE
"Main",500,"Asymmetric mixture",179,"OLS",TRUE
"Main",500,"Asymmetric mixture",179,"Semiparametric",TRUE
"Main",200,"Symmetric bimodal",119,"OLS",TRUE
"Main",200,"Symmetric bimodal",119,"Semiparametric",TRUE
"Main",500,"Symmetric bimodal",162,"OLS",TRUE
"Main",500,"Symmetric bimodal",162,"Semiparametric",TRUE
"Main",500,"Gaussian",593,"OLS",TRUE
"Main",500,"Gaussian",593,"Semiparametric",TRUE
"Main",200,"Symmetric bimodal",791,"OLS",TRUE
"Main",200,"Symmetric bimodal",791,"Semiparametric",TRUE
"Main",500,"Asymmetric mixture",248,"OLS",TRUE
"Main",500,"Asymmetric mixture",248,"Semiparametric",TRUE
"Main",200,"Symmetric bimodal",76,"OLS",TRUE
"Main",200,"Symmetric bimodal",76,"Semiparametric",TRUE
"Main",500,"Asymmetric mixture",517,"OLS",TRUE
"Main",500,"Asymmetric mixture",517,"Semiparametric",TRUE
"Main",500,"Skew-normal",722,"OLS",TRUE
"Main",500,"Skew-normal",722,"Semiparametric",TRUE
"Main",500,"Gaussian",213,"OLS",TRUE
"Main",500,"Gaussian",213,"Semiparametric",TRUE
"Main",200,"Gaussian",693,"OLS",TRUE
"Main",200,"Gaussian",693,"Semiparametric",TRUE
"Main",200,"Asymmetric mixture",568,"OLS",TRUE
"Main",200,"Asymmetric mixture",568,"Semiparametric",TRUE
"Main",500,"Gaussian",413,"OLS",TRUE
"Main",500,"Gaussian",413,"Semiparametric",TRUE
"Main",200,"Gaussian",593,"OLS",TRUE
"Main",200,"Gaussian",593,"Semiparametric",TRUE
"Main",200,"Gaussian",738,"OLS",TRUE
"Main",200,"Gaussian",738,"Semiparametric",TRUE
"Main",500,"Symmetric bimodal",804,"OLS",TRUE
"Main",500,"Symmetric bimodal",804,"Semiparametric",TRUE
"Main",500,"Gaussian",767,"OLS",TRUE
"Main",500,"Gaussian",767,"Semiparametric",TRUE
"Main",500,"Asymmetric mixture",105,"OLS",TRUE
"Main",500,"Asymmetric mixture",105,"Semiparametric",TRUE
"Main",500,"Symmetric bimodal",136,"OLS",TRUE
"Main",500,"Symmetric bimodal",136,"Semiparametric",TRUE
"Main",500,"Asymmetric mixture",512,"OLS",TRUE
"Main",500,"Asymmetric mixture",512,"Semiparametric",TRUE
"Main",500,"Gaussian",765,"OLS",TRUE
"Main",500,"Gaussian",765,"Semiparametric",TRUE
"Main",500,"Asymmetric mixture",752,"OLS",TRUE
"Main",500,"Asymmetric mixture",752,"Semiparametric",TRUE
"Main",200,"Gaussian",707,"OLS",TRUE
"Main",200,"Gaussian",707,"Semiparametric",TRUE
"Main",500,"Gaussian",80,"OLS",TRUE
"Main",500,"Gaussian",80,"Semiparametric",TRUE
"Main",200,"Symmetric bimodal",726,"OLS",TRUE
"Main",200,"Symmetric bimodal",726,"Semiparametric",TRUE
"Main",500,"Gaussian",608,"OLS",TRUE
"Main",500,"Gaussian",608,"Semiparametric",TRUE
"Main",200,"Symmetric bimodal",722,"OLS",TRUE
"Main",200,"Symmetric bimodal",722,"Semiparametric",TRUE
"Main",500,"Skew-normal",177,"OLS",TRUE
"Main",500,"Skew-normal",177,"Semiparametric",TRUE
"Main",500,"Skew-normal",399,"OLS",TRUE
"Main",500,"Skew-normal",399,"Semiparametric",TRUE
"Main",500,"Gaussian",218,"OLS",TRUE
"Main",500,"Gaussian",218,"Semiparametric",TRUE
"Main",200,"Asymmetric mixture",686,"OLS",TRUE
"Main",200,"Asymmetric mixture",686,"Semiparametric",TRUE
"Main",500,"Symmetric bimodal",810,"OLS",TRUE
"Main",500,"Symmetric bimodal",810,"Semiparametric",TRUE
"Main",200,"Skew-normal",117,"OLS",TRUE
"Main",200,"Skew-normal",117,"Semiparametric",TRUE
"Main",500,"Gaussian",859,"OLS",TRUE
"Main",500,"Gaussian",859,"Semiparametric",TRUE
"Main",200,"Symmetric bimodal",355,"OLS",TRUE
"Main",200,"Symmetric bimodal",355,"Semiparametric",TRUE
"Main",200,"Skew-normal",960,"OLS",TRUE
"Main",200,"Skew-normal",960,"Semiparametric",TRUE
"Main",200,"Gaussian",586,"OLS",TRUE
"Main",200,"Gaussian",586,"Semiparametric",TRUE
"Main",200,"Asymmetric mixture",958,"OLS",TRUE
"Main",200,"Asymmetric mixture",958,"Semiparametric",TRUE
"Main",500,"Gaussian",395,"OLS",TRUE
"Main",500,"Gaussian",395,"Semiparametric",TRUE
"Main",500,"Skew-normal",440,"OLS",TRUE
"Main",500,"Skew-normal",440,"Semiparametric",TRUE
"Main",500,"Symmetric bimodal",981,"OLS",TRUE
"Main",500,"Symmetric bimodal",981,"Semiparametric",TRUE
"Main",200,"Symmetric bimodal",107,"OLS",TRUE
"Main",200,"Symmetric bimodal",107,"Semiparametric",TRUE
"Main",500,"Gaussian",418,"OLS",TRUE
"Main",500,"Gaussian",418,"Semiparametric",TRUE
"Main",500,"Skew-normal",531,"OLS",TRUE
"Main",500,"Skew-normal",531,"Semiparametric",TRUE
"Main",200,"Skew-normal",796,"OLS",TRUE
"Main",200,"Skew-normal",796,"Semiparametric",TRUE
"Main",200,"Symmetric bimodal",710,"OLS",TRUE
"Main",200,"Symmetric bimodal",710,"Semiparametric",TRUE
"Main",500,"Skew-normal",691,"OLS",TRUE
"Main",500,"Skew-normal",691,"Semiparametric",TRUE
"Main",200,"Gaussian",976,"OLS",TRUE
"Main",200,"Gaussian",976,"Semiparametric",TRUE
"Main",200,"Skew-normal",794,"OLS",TRUE
"Main",200,"Skew-normal",794,"Semiparametric",TRUE
"Main",500,"Symmetric bimodal",159,"OLS",TRUE
"Main",500,"Symmetric bimodal",159,"Semiparametric",TRUE
"Main",200,"Symmetric bimodal",99,"OLS",TRUE
"Main",200,"Symmetric bimodal",99,"Semiparametric",TRUE
"Main",200,"Symmetric bimodal",186,"OLS",TRUE
"Main",200,"Symmetric bimodal",186,"Semiparametric",TRUE
"Main",200,"Symmetric bimodal",614,"OLS",TRUE
"Main",200,"Symmetric bimodal",614,"Semiparametric",TRUE
"Main",500,"Symmetric bimodal",466,"OLS",TRUE
"Main",500,"Symmetric bimodal",466,"Semiparametric",TRUE
"Main",500,"Asymmetric mixture",184,"OLS",TRUE
"Main",500,"Asymmetric mixture",184,"Semiparametric",TRUE
"Main",200,"Gaussian",236,"OLS",TRUE
"Main",200,"Gaussian",236,"Semiparametric",TRUE
"Main",200,"Asymmetric mixture",918,"OLS",TRUE
"Main",200,"Asymmetric mixture",918,"Semiparametric",TRUE
"Main",200,"Skew-normal",426,"OLS",TRUE
"Main",200,"Skew-normal",426,"Semiparametric",TRUE
"Main",200,"Asymmetric mixture",445,"OLS",TRUE
"Main",200,"Asymmetric mixture",445,"Semiparametric",TRUE
"Main",200,"Asymmetric mixture",908,"OLS",TRUE
"Main",200,"Asymmetric mixture",908,"Semiparametric",TRUE
"Main",500,"Skew-normal",911,"OLS",TRUE
"Main",500,"Skew-normal",911,"Semiparametric",TRUE
"Main",200,"Asymmetric mixture",497,"OLS",TRUE
"Main",200,"Asymmetric mixture",497,"Semiparametric",TRUE
"Main",500,"Symmetric bimodal",689,"OLS",TRUE
"Main",500,"Symmetric bimodal",689,"Semiparametric",TRUE
"Main",500,"Gaussian",551,"OLS",TRUE
"Main",500,"Gaussian",551,"Semiparametric",TRUE
"Main",500,"Asymmetric mixture",614,"OLS",TRUE
"Main",500,"Asymmetric mixture",614,"Semiparametric",TRUE
"Main",500,"Skew-normal",948,"OLS",TRUE
"Main",500,"Skew-normal",948,"Semiparametric",TRUE
"Main",200,"Gaussian",246,"OLS",TRUE
"Main",200,"Gaussian",246,"Semiparametric",TRUE
"Main",200,"Gaussian",555,"OLS",TRUE
"Main",200,"Gaussian",555,"Semiparametric",TRUE
"Main",200,"Skew-normal",894,"OLS",TRUE
"Main",200,"Skew-normal",894,"Semiparametric",TRUE
"Main",500,"Gaussian",780,"OLS",TRUE
"Main",500,"Gaussian",780,"Semiparametric",TRUE
"Main",200,"Asymmetric mixture",949,"OLS",TRUE
"Main",200,"Asymmetric mixture",949,"Semiparametric",TRUE
"Main",500,"Symmetric bimodal",915,"OLS",TRUE
"Main",500,"Symmetric bimodal",915,"Semiparametric",TRUE
"Main",200,"Gaussian",138,"OLS",TRUE
"Main",200,"Gaussian",138,"Semiparametric",TRUE
"Main",200,"Symmetric bimodal",941,"OLS",TRUE
"Main",200,"Symmetric bimodal",941,"Semiparametric",TRUE
"Main",500,"Asymmetric mixture",390,"OLS",TRUE
"Main",500,"Asymmetric mixture",390,"Semiparametric",TRUE
"Main",200,"Symmetric bimodal",696,"OLS",TRUE
"Main",200,"Symmetric bimodal",696,"Semiparametric",TRUE
"Main",200,"Gaussian",420,"OLS",TRUE
"Main",200,"Gaussian",420,"Semiparametric",TRUE
"Main",500,"Gaussian",663,"OLS",TRUE
"Main",500,"Gaussian",663,"Semiparametric",TRUE
"Main",200,"Gaussian",321,"OLS",TRUE
"Main",200,"Gaussian",321,"Semiparametric",TRUE
"Main",200,"Symmetric bimodal",291,"OLS",TRUE
"Main",200,"Symmetric bimodal",291,"Semiparametric",TRUE
"Main",500,"Asymmetric mixture",496,"OLS",TRUE
"Main",500,"Asymmetric mixture",496,"Semiparametric",TRUE
"Main",200,"Gaussian",121,"OLS",TRUE
"Main",200,"Gaussian",121,"Semiparametric",TRUE
"Main",500,"Skew-normal",676,"OLS",TRUE
"Main",500,"Skew-normal",676,"Semiparametric",TRUE
"Main",200,"Asymmetric mixture",83,"OLS",TRUE
"Main",200,"Asymmetric mixture",83,"Semiparametric",TRUE
"Main",500,"Skew-normal",849,"OLS",TRUE
"Main",500,"Skew-normal",849,"Semiparametric",TRUE
"Main",200,"Skew-normal",981,"OLS",TRUE
"Main",200,"Skew-normal",981,"Semiparametric",TRUE
"Main",200,"Symmetric bimodal",936,"OLS",TRUE
"Main",200,"Symmetric bimodal",936,"Semiparametric",TRUE
"Main",500,"Asymmetric mixture",568,"OLS",TRUE
"Main",500,"Asymmetric mixture",568,"Semiparametric",TRUE
"Main",200,"Skew-normal",511,"OLS",TRUE
"Main",200,"Skew-normal",511,"Semiparametric",TRUE
"Main",500,"Symmetric bimodal",528,"OLS",TRUE
"Main",500,"Symmetric bimodal",528,"Semiparametric",TRUE
"Main",200,"Skew-normal",515,"OLS",TRUE
"Main",200,"Skew-normal",515,"Semiparametric",TRUE
"Main",200,"Symmetric bimodal",366,"OLS",TRUE
"Main",200,"Symmetric bimodal",366,"Semiparametric",TRUE
"Main",500,"Skew-normal",316,"OLS",TRUE
"Main",500,"Skew-normal",316,"Semiparametric",TRUE
"Main",500,"Gaussian",591,"OLS",TRUE
"Main",500,"Gaussian",591,"Semiparametric",TRUE
"Main",200,"Gaussian",908,"OLS",TRUE
"Main",200,"Gaussian",908,"Semiparametric",TRUE
"Main",200,"Symmetric bimodal",455,"OLS",TRUE
"Main",200,"Symmetric bimodal",455,"Semiparametric",TRUE
"Main",500,"Asymmetric mixture",196,"OLS",TRUE
"Main",500,"Asymmetric mixture",196,"Semiparametric",TRUE
"Main",500,"Asymmetric mixture",671,"OLS",TRUE
"Main",500,"Asymmetric mixture",671,"Semiparametric",TRUE
"Main",200,"Asymmetric mixture",870,"OLS",TRUE
"Main",200,"Asymmetric mixture",870,"Semiparametric",TRUE
"Main",500,"Asymmetric mixture",731,"OLS",TRUE
"Main",500,"Asymmetric mixture",731,"Semiparametric",TRUE
"Main",200,"Asymmetric mixture",1,"OLS",TRUE
"Main",200,"Asymmetric mixture",1,"Semiparametric",TRUE
"Main",200,"Skew-normal",341,"OLS",TRUE
"Main",200,"Skew-normal",341,"Semiparametric",TRUE
"Main",200,"Symmetric bimodal",438,"OLS",TRUE
"Main",200,"Symmetric bimodal",438,"Semiparametric",TRUE
"Main",500,"Skew-normal",586,"OLS",TRUE
"Main",500,"Skew-normal",586,"Semiparametric",TRUE
"Main",200,"Asymmetric mixture",93,"OLS",TRUE
"Main",200,"Asymmetric mixture",93,"Semiparametric",TRUE
"Main",200,"Asymmetric mixture",635,"OLS",TRUE
"Main",200,"Asymmetric mixture",635,"Semiparametric",TRUE
"Main",200,"Skew-normal",966,"OLS",TRUE
"Main",200,"Skew-normal",966,"Semiparametric",TRUE
"Main",200,"Gaussian",931,"OLS",TRUE
"Main",200,"Gaussian",931,"Semiparametric",TRUE
"Main",200,"Asymmetric mixture",345,"OLS",TRUE
"Main",200,"Asymmetric mixture",345,"Semiparametric",TRUE
"Main",200,"Skew-normal",158,"OLS",TRUE
"Main",200,"Skew-normal",158,"Semiparametric",TRUE
"Main",200,"Symmetric bimodal",748,"OLS",TRUE
"Main",200,"Symmetric bimodal",748,"Semiparametric",TRUE
"Main",500,"Skew-normal",391,"OLS",TRUE
"Main",500,"Skew-normal",391,"Semiparametric",TRUE
"Main",200,"Asymmetric mixture",616,"OLS",TRUE
"Main",200,"Asymmetric mixture",616,"Semiparametric",TRUE
"Main",200,"Gaussian",572,"OLS",TRUE
"Main",200,"Gaussian",572,"Semiparametric",TRUE
"Main",500,"Skew-normal",814,"OLS",TRUE
"Main",500,"Skew-normal",814,"Semiparametric",TRUE
"Main",500,"Skew-normal",228,"OLS",TRUE
"Main",500,"Skew-normal",228,"Semiparametric",TRUE
"Main",200,"Gaussian",58,"OLS",TRUE
"Main",200,"Gaussian",58,"Semiparametric",TRUE
"Main",200,"Gaussian",983,"OLS",TRUE
"Main",200,"Gaussian",983,"Semiparametric",TRUE
"Main",500,"Skew-normal",502,"OLS",TRUE
"Main",500,"Skew-normal",502,"Semiparametric",TRUE
"Main",200,"Asymmetric mixture",807,"OLS",TRUE
"Main",200,"Asymmetric mixture",807,"Semiparametric",TRUE
"Main",500,"Symmetric bimodal",835,"OLS",TRUE
"Main",500,"Symmetric bimodal",835,"Semiparametric",TRUE
"Main",500,"Symmetric bimodal",833,"OLS",TRUE
"Main",500,"Symmetric bimodal",833,"Semiparametric",TRUE
"Main",500,"Skew-normal",457,"OLS",TRUE
"Main",500,"Skew-normal",457,"Semiparametric",TRUE
"Main",200,"Skew-normal",71,"OLS",TRUE
"Main",200,"Skew-normal",71,"Semiparametric",TRUE
"Main",500,"Asymmetric mixture",880,"OLS",TRUE
"Main",500,"Asymmetric mixture",880,"Semiparametric",TRUE
"Main",200,"Asymmetric mixture",383,"OLS",TRUE
"Main",200,"Asymmetric mixture",383,"Semiparametric",TRUE
"Main",200,"Gaussian",518,"OLS",TRUE
"Main",200,"Gaussian",518,"Semiparametric",TRUE
"Main",200,"Asymmetric mixture",601,"OLS",TRUE
"Main",200,"Asymmetric mixture",601,"Semiparametric",TRUE
"Main",500,"Gaussian",752,"OLS",TRUE
"Main",500,"Gaussian",752,"Semiparametric",TRUE
"Main",200,"Symmetric bimodal",632,"OLS",TRUE
"Main",200,"Symmetric bimodal",632,"Semiparametric",TRUE
"Main",200,"Gaussian",739,"OLS",TRUE
"Main",200,"Gaussian",739,"Semiparametric",TRUE
"Main",500,"Asymmetric mixture",543,"OLS",TRUE
"Main",500,"Asymmetric mixture",543,"Semiparametric",TRUE
"Main",500,"Skew-normal",544,"OLS",TRUE
"Main",500,"Skew-normal",544,"Semiparametric",TRUE
"Main",200,"Skew-normal",220,"OLS",TRUE
"Main",200,"Skew-normal",220,"Semiparametric",TRUE
"Main",500,"Asymmetric mixture",235,"OLS",TRUE
"Main",500,"Asymmetric mixture",235,"Semiparametric",TRUE
"Main",500,"Symmetric bimodal",488,"OLS",TRUE
"Main",500,"Symmetric bimodal",488,"Semiparametric",TRUE
"Main",500,"Gaussian",227,"OLS",TRUE
"Main",500,"Gaussian",227,"Semiparametric",TRUE
"Main",200,"Skew-normal",355,"OLS",TRUE
"Main",200,"Skew-normal",355,"Semiparametric",TRUE
"Main",500,"Asymmetric mixture",668,"OLS",TRUE
"Main",500,"Asymmetric mixture",668,"Semiparametric",TRUE
"Main",200,"Asymmetric mixture",128,"OLS",TRUE
"Main",200,"Asymmetric mixture",128,"Semiparametric",TRUE
"Main",500,"Gaussian",718,"OLS",TRUE
"Main",500,"Gaussian",718,"Semiparametric",TRUE
"Main",500,"Skew-normal",851,"OLS",TRUE
"Main",500,"Skew-normal",851,"Semiparametric",TRUE
"Main",500,"Asymmetric mixture",865,"OLS",TRUE
"Main",500,"Asymmetric mixture",865,"Semiparametric",TRUE
"Main",500,"Gaussian",798,"OLS",TRUE
"Main",500,"Gaussian",798,"Semiparametric",TRUE
"Main",500,"Asymmetric mixture",900,"OLS",TRUE
"Main",500,"Asymmetric mixture",900,"Semiparametric",TRUE
"Main",500,"Skew-normal",229,"OLS",TRUE
"Main",500,"Skew-normal",229,"Semiparametric",TRUE
"Main",200,"Skew-normal",411,"OLS",TRUE
"Main",200,"Skew-normal",411,"Semiparametric",TRUE
"Main",500,"Gaussian",646,"OLS",TRUE
"Main",500,"Gaussian",646,"Semiparametric",TRUE
"Main",200,"Asymmetric mixture",647,"OLS",TRUE
"Main",200,"Asymmetric mixture",647,"Semiparametric",TRUE
"Main",200,"Skew-normal",41,"OLS",TRUE
"Main",200,"Skew-normal",41,"Semiparametric",TRUE
"Main",200,"Symmetric bimodal",207,"OLS",TRUE
"Main",200,"Symmetric bimodal",207,"Semiparametric",TRUE
"Main",500,"Skew-normal",88,"OLS",TRUE
"Main",500,"Skew-normal",88,"Semiparametric",TRUE
"Main",200,"Gaussian",418,"OLS",TRUE
"Main",200,"Gaussian",418,"Semiparametric",TRUE
"Main",200,"Skew-normal",729,"OLS",TRUE
"Main",200,"Skew-normal",729,"Semiparametric",TRUE
"Main",200,"Symmetric bimodal",648,"OLS",TRUE
"Main",200,"Symmetric bimodal",648,"Semiparametric",TRUE
"Main",200,"Skew-normal",298,"OLS",TRUE
"Main",200,"Skew-normal",298,"Semiparametric",TRUE
"Main",200,"Symmetric bimodal",968,"OLS",TRUE
"Main",200,"Symmetric bimodal",968,"Semiparametric",TRUE
"Main",200,"Symmetric bimodal",960,"OLS",TRUE
"Main",200,"Symmetric bimodal",960,"Semiparametric",FALSE
"Main",500,"Skew-normal",921,"OLS",TRUE
"Main",500,"Skew-normal",921,"Semiparametric",TRUE
"Main",200,"Asymmetric mixture",163,"OLS",TRUE
"Main",200,"Asymmetric mixture",163,"Semiparametric",TRUE
"Main",200,"Skew-normal",892,"OLS",TRUE
"Main",200,"Skew-normal",892,"Semiparametric",TRUE
"Main",200,"Symmetric bimodal",750,"OLS",TRUE
"Main",200,"Symmetric bimodal",750,"Semiparametric",TRUE
"Main",200,"Asymmetric mixture",335,"OLS",TRUE
"Main",200,"Asymmetric mixture",335,"Semiparametric",TRUE
"Main",500,"Asymmetric mixture",825,"OLS",TRUE
"Main",500,"Asymmetric mixture",825,"Semiparametric",TRUE
"Main",200,"Gaussian",482,"OLS",TRUE
"Main",200,"Gaussian",482,"Semiparametric",TRUE
"Main",500,"Asymmetric mixture",852,"OLS",TRUE
"Main",500,"Asymmetric mixture",852,"Semiparametric",TRUE
"Main",500,"Symmetric bimodal",427,"OLS",TRUE
"Main",500,"Symmetric bimodal",427,"Semiparametric",TRUE
"Main",200,"Gaussian",369,"OLS",TRUE
"Main",200,"Gaussian",369,"Semiparametric",TRUE
"Main",200,"Skew-normal",838,"OLS",TRUE
"Main",200,"Skew-normal",838,"Semiparametric",TRUE
"Main",500,"Asymmetric mixture",57,"OLS",TRUE
"Main",500,"Asymmetric mixture",57,"Semiparametric",TRUE
"Main",500,"Asymmetric mixture",527,"OLS",TRUE
"Main",500,"Asymmetric mixture",527,"Semiparametric",TRUE
"Main",200,"Gaussian",382,"OLS",TRUE
"Main",200,"Gaussian",382,"Semiparametric",TRUE
"Main",500,"Asymmetric mixture",183,"OLS",TRUE
"Main",500,"Asymmetric mixture",183,"Semiparametric",TRUE
"Main",200,"Skew-normal",627,"OLS",TRUE
"Main",200,"Skew-normal",627,"Semiparametric",TRUE
"Main",200,"Gaussian",362,"OLS",TRUE
"Main",200,"Gaussian",362,"Semiparametric",TRUE
"Main",200,"Gaussian",62,"OLS",TRUE
"Main",200,"Gaussian",62,"Semiparametric",TRUE
"Main",500,"Skew-normal",583,"OLS",TRUE
"Main",500,"Skew-normal",583,"Semiparametric",TRUE
"Main",500,"Asymmetric mixture",660,"OLS",TRUE
"Main",500,"Asymmetric mixture",660,"Semiparametric",TRUE
"Main",500,"Skew-normal",344,"OLS",TRUE
"Main",500,"Skew-normal",344,"Semiparametric",TRUE
"Main",200,"Symmetric bimodal",77,"OLS",TRUE
"Main",200,"Symmetric bimodal",77,"Semiparametric",TRUE
"Main",500,"Symmetric bimodal",738,"OLS",TRUE
"Main",500,"Symmetric bimodal",738,"Semiparametric",TRUE
"Main",500,"Asymmetric mixture",487,"OLS",TRUE
"Main",500,"Asymmetric mixture",487,"Semiparametric",TRUE
"Main",200,"Symmetric bimodal",618,"OLS",TRUE
"Main",200,"Symmetric bimodal",618,"Semiparametric",TRUE
"Main",200,"Gaussian",524,"OLS",TRUE
"Main",200,"Gaussian",524,"Semiparametric",TRUE
"Main",500,"Symmetric bimodal",251,"OLS",TRUE
"Main",500,"Symmetric bimodal",251,"Semiparametric",TRUE
"Main",200,"Symmetric bimodal",152,"OLS",TRUE
"Main",200,"Symmetric bimodal",152,"Semiparametric",TRUE
"Main",200,"Gaussian",404,"OLS",TRUE
"Main",200,"Gaussian",404,"Semiparametric",TRUE
"Main",500,"Skew-normal",530,"OLS",TRUE
"Main",500,"Skew-normal",530,"Semiparametric",TRUE
"Main",200,"Gaussian",251,"OLS",TRUE
"Main",200,"Gaussian",251,"Semiparametric",TRUE
"Main",200,"Gaussian",879,"OLS",TRUE
"Main",200,"Gaussian",879,"Semiparametric",TRUE
"Main",200,"Symmetric bimodal",795,"OLS",TRUE
"Main",200,"Symmetric bimodal",795,"Semiparametric",TRUE
"Main",200,"Gaussian",831,"OLS",TRUE
"Main",200,"Gaussian",831,"Semiparametric",TRUE
"Main",500,"Skew-normal",450,"OLS",TRUE
"Main",500,"Skew-normal",450,"Semiparametric",TRUE
"Main",200,"Gaussian",53,"OLS",TRUE
"Main",200,"Gaussian",53,"Semiparametric",TRUE
"Main",500,"Symmetric bimodal",418,"OLS",TRUE
"Main",500,"Symmetric bimodal",418,"Semiparametric",TRUE
"Main",200,"Gaussian",425,"OLS",TRUE
"Main",200,"Gaussian",425,"Semiparametric",TRUE
"Main",200,"Skew-normal",845,"OLS",TRUE
"Main",200,"Skew-normal",845,"Semiparametric",TRUE
"Main",500,"Gaussian",988,"OLS",TRUE
"Main",500,"Gaussian",988,"Semiparametric",TRUE
"Main",500,"Gaussian",226,"OLS",TRUE
"Main",500,"Gaussian",226,"Semiparametric",TRUE
"Main",200,"Symmetric bimodal",353,"OLS",TRUE
"Main",200,"Symmetric bimodal",353,"Semiparametric",TRUE
"Main",200,"Symmetric bimodal",986,"OLS",TRUE
"Main",200,"Symmetric bimodal",986,"Semiparametric",TRUE
"Main",500,"Asymmetric mixture",985,"OLS",TRUE
"Main",500,"Asymmetric mixture",985,"Semiparametric",TRUE
"Main",200,"Asymmetric mixture",739,"OLS",TRUE
"Main",200,"Asymmetric mixture",739,"Semiparametric",TRUE
"Main",500,"Asymmetric mixture",399,"OLS",TRUE
"Main",500,"Asymmetric mixture",399,"Semiparametric",TRUE
"Main",500,"Symmetric bimodal",228,"OLS",TRUE
"Main",500,"Symmetric bimodal",228,"Semiparametric",TRUE
"Main",500,"Skew-normal",62,"OLS",TRUE
"Main",500,"Skew-normal",62,"Semiparametric",TRUE
"Main",500,"Skew-normal",30,"OLS",TRUE
"Main",500,"Skew-normal",30,"Semiparametric",TRUE
"Main",200,"Symmetric bimodal",659,"OLS",TRUE
"Main",200,"Symmetric bimodal",659,"Semiparametric",TRUE
"Main",500,"Gaussian",995,"OLS",TRUE
"Main",500,"Gaussian",995,"Semiparametric",TRUE
"Main",500,"Symmetric bimodal",227,"OLS",TRUE
"Main",500,"Symmetric bimodal",227,"Semiparametric",TRUE
"Main",200,"Symmetric bimodal",75,"OLS",TRUE
"Main",200,"Symmetric bimodal",75,"Semiparametric",TRUE
"Main",500,"Asymmetric mixture",541,"OLS",TRUE
"Main",500,"Asymmetric mixture",541,"Semiparametric",TRUE
"Main",200,"Gaussian",986,"OLS",TRUE
"Main",200,"Gaussian",986,"Semiparametric",TRUE
"Main",200,"Gaussian",100,"OLS",TRUE
"Main",200,"Gaussian",100,"Semiparametric",TRUE
"Main",200,"Gaussian",458,"OLS",TRUE
"Main",200,"Gaussian",458,"Semiparametric",TRUE
"Main",500,"Skew-normal",992,"OLS",TRUE
"Main",500,"Skew-normal",992,"Semiparametric",TRUE
"Main",200,"Symmetric bimodal",316,"OLS",TRUE
"Main",200,"Symmetric bimodal",316,"Semiparametric",TRUE
"Main",500,"Gaussian",734,"OLS",TRUE
"Main",500,"Gaussian",734,"Semiparametric",TRUE
"Main",200,"Gaussian",403,"OLS",TRUE
"Main",200,"Gaussian",403,"Semiparametric",TRUE
"Main",200,"Skew-normal",584,"OLS",TRUE
"Main",200,"Skew-normal",584,"Semiparametric",TRUE
"Main",200,"Symmetric bimodal",653,"OLS",TRUE
"Main",200,"Symmetric bimodal",653,"Semiparametric",TRUE
"Main",200,"Asymmetric mixture",488,"OLS",TRUE
"Main",200,"Asymmetric mixture",488,"Semiparametric",TRUE
"Main",500,"Symmetric bimodal",831,"OLS",TRUE
"Main",500,"Symmetric bimodal",831,"Semiparametric",TRUE
"Main",500,"Gaussian",670,"OLS",TRUE
"Main",500,"Gaussian",670,"Semiparametric",TRUE
"Main",500,"Skew-normal",38,"OLS",TRUE
"Main",500,"Skew-normal",38,"Semiparametric",TRUE
"Main",500,"Gaussian",81,"OLS",TRUE
"Main",500,"Gaussian",81,"Semiparametric",TRUE
"Main",200,"Gaussian",434,"OLS",TRUE
"Main",200,"Gaussian",434,"Semiparametric",TRUE
"Main",200,"Skew-normal",282,"OLS",TRUE
"Main",200,"Skew-normal",282,"Semiparametric",TRUE
"Main",200,"Skew-normal",549,"OLS",TRUE
"Main",200,"Skew-normal",549,"Semiparametric",TRUE
"Main",500,"Symmetric bimodal",970,"OLS",TRUE
"Main",500,"Symmetric bimodal",970,"Semiparametric",TRUE
"Main",500,"Gaussian",924,"OLS",TRUE
"Main",500,"Gaussian",924,"Semiparametric",TRUE
"Main",200,"Skew-normal",609,"OLS",TRUE
"Main",200,"Skew-normal",609,"Semiparametric",TRUE
"Main",200,"Asymmetric mixture",122,"OLS",TRUE
"Main",200,"Asymmetric mixture",122,"Semiparametric",TRUE
"Main",200,"Symmetric bimodal",728,"OLS",TRUE
"Main",200,"Symmetric bimodal",728,"Semiparametric",TRUE
"Main",500,"Skew-normal",408,"OLS",TRUE
"Main",500,"Skew-normal",408,"Semiparametric",TRUE
"Main",500,"Gaussian",978,"OLS",TRUE
"Main",500,"Gaussian",978,"Semiparametric",TRUE
"Main",200,"Asymmetric mixture",226,"OLS",TRUE
"Main",200,"Asymmetric mixture",226,"Semiparametric",TRUE
"Main",500,"Gaussian",866,"OLS",TRUE
"Main",500,"Gaussian",866,"Semiparametric",TRUE
"Main",500,"Gaussian",454,"OLS",TRUE
"Main",500,"Gaussian",454,"Semiparametric",TRUE
"Main",200,"Skew-normal",565,"OLS",TRUE
"Main",200,"Skew-normal",565,"Semiparametric",TRUE
"Main",500,"Asymmetric mixture",457,"OLS",TRUE
"Main",500,"Asymmetric mixture",457,"Semiparametric",TRUE
"Main",200,"Gaussian",799,"OLS",TRUE
"Main",200,"Gaussian",799,"Semiparametric",TRUE
"Main",500,"Skew-normal",249,"OLS",TRUE
"Main",500,"Skew-normal",249,"Semiparametric",TRUE
"Main",500,"Asymmetric mixture",866,"OLS",TRUE
"Main",500,"Asymmetric mixture",866,"Semiparametric",TRUE
"Main",200,"Gaussian",135,"OLS",TRUE
"Main",200,"Gaussian",135,"Semiparametric",TRUE
"Main",200,"Skew-normal",756,"OLS",TRUE
"Main",200,"Skew-normal",756,"Semiparametric",TRUE
"Main",200,"Symmetric bimodal",74,"OLS",TRUE
"Main",200,"Symmetric bimodal",74,"Semiparametric",TRUE
"Main",500,"Asymmetric mixture",417,"OLS",TRUE
"Main",500,"Asymmetric mixture",417,"Semiparametric",TRUE
"Main",200,"Skew-normal",189,"OLS",TRUE
"Main",200,"Skew-normal",189,"Semiparametric",TRUE
"Main",500,"Gaussian",996,"OLS",TRUE
"Main",500,"Gaussian",996,"Semiparametric",TRUE
"Main",500,"Asymmetric mixture",931,"OLS",TRUE
"Main",500,"Asymmetric mixture",931,"Semiparametric",TRUE
"Main",500,"Asymmetric mixture",652,"OLS",TRUE
"Main",500,"Asymmetric mixture",652,"Semiparametric",TRUE
"Main",500,"Asymmetric mixture",863,"OLS",TRUE
"Main",500,"Asymmetric mixture",863,"Semiparametric",TRUE
"Main",500,"Asymmetric mixture",967,"OLS",TRUE
"Main",500,"Asymmetric mixture",967,"Semiparametric",TRUE
"Main",500,"Asymmetric mixture",991,"OLS",TRUE
"Main",500,"Asymmetric mixture",991,"Semiparametric",TRUE
"Main",200,"Skew-normal",387,"OLS",TRUE
"Main",200,"Skew-normal",387,"Semiparametric",TRUE
"Main",200,"Asymmetric mixture",66,"OLS",TRUE
"Main",200,"Asymmetric mixture",66,"Semiparametric",TRUE
"Main",200,"Symmetric bimodal",844,"OLS",TRUE
"Main",200,"Symmetric bimodal",844,"Semiparametric",TRUE
"Main",200,"Skew-normal",715,"OLS",TRUE
"Main",200,"Skew-normal",715,"Semiparametric",TRUE
"Main",500,"Asymmetric mixture",872,"OLS",TRUE
"Main",500,"Asymmetric mixture",872,"Semiparametric",TRUE
"Main",500,"Gaussian",616,"OLS",TRUE
"Main",500,"Gaussian",616,"Semiparametric",TRUE
"Main",200,"Skew-normal",937,"OLS",TRUE
"Main",200,"Skew-normal",937,"Semiparametric",TRUE
"Main",200,"Skew-normal",200,"OLS",TRUE
"Main",200,"Skew-normal",200,"Semiparametric",TRUE
"Main",200,"Asymmetric mixture",481,"OLS",TRUE
"Main",200,"Asymmetric mixture",481,"Semiparametric",TRUE
"Main",200,"Gaussian",754,"OLS",TRUE
"Main",200,"Gaussian",754,"Semiparametric",TRUE
"Main",200,"Skew-normal",271,"OLS",TRUE
"Main",200,"Skew-normal",271,"Semiparametric",TRUE
"Main",200,"Skew-normal",86,"OLS",TRUE
"Main",200,"Skew-normal",86,"Semiparametric",TRUE
"Main",200,"Asymmetric mixture",910,"OLS",TRUE
"Main",200,"Asymmetric mixture",910,"Semiparametric",TRUE
"Main",200,"Skew-normal",143,"OLS",TRUE
"Main",200,"Skew-normal",143,"Semiparametric",TRUE
"Main",200,"Asymmetric mixture",435,"OLS",TRUE
"Main",200,"Asymmetric mixture",435,"Semiparametric",TRUE
"Main",500,"Skew-normal",910,"OLS",TRUE
"Main",500,"Skew-normal",910,"Semiparametric",TRUE
"Main",200,"Gaussian",678,"OLS",TRUE
"Main",200,"Gaussian",678,"Semiparametric",TRUE
"Main",500,"Gaussian",660,"OLS",TRUE
"Main",500,"Gaussian",660,"Semiparametric",TRUE
"Main",200,"Skew-normal",74,"OLS",TRUE
"Main",200,"Skew-normal",74,"Semiparametric",TRUE
"Main",500,"Asymmetric mixture",317,"OLS",TRUE
"Main",500,"Asymmetric mixture",317,"Semiparametric",TRUE
"Main",200,"Asymmetric mixture",156,"OLS",TRUE
"Main",200,"Asymmetric mixture",156,"Semiparametric",TRUE
"Main",200,"Symmetric bimodal",586,"OLS",TRUE
"Main",200,"Symmetric bimodal",586,"Semiparametric",TRUE
"Main",500,"Skew-normal",388,"OLS",TRUE
"Main",500,"Skew-normal",388,"Semiparametric",TRUE
"Main",500,"Symmetric bimodal",994,"OLS",TRUE
"Main",500,"Symmetric bimodal",994,"Semiparametric",TRUE
"Main",500,"Asymmetric mixture",535,"OLS",TRUE
"Main",500,"Asymmetric mixture",535,"Semiparametric",TRUE
"Main",200,"Skew-normal",289,"OLS",TRUE
"Main",200,"Skew-normal",289,"Semiparametric",TRUE
"Main",500,"Symmetric bimodal",35,"OLS",TRUE
"Main",500,"Symmetric bimodal",35,"Semiparametric",TRUE
"Main",200,"Asymmetric mixture",985,"OLS",TRUE
"Main",200,"Asymmetric mixture",985,"Semiparametric",TRUE
"Main",200,"Symmetric bimodal",643,"OLS",TRUE
"Main",200,"Symmetric bimodal",643,"Semiparametric",TRUE
"Main",500,"Asymmetric mixture",750,"OLS",TRUE
"Main",500,"Asymmetric mixture",750,"Semiparametric",TRUE
"Main",500,"Asymmetric mixture",243,"OLS",TRUE
"Main",500,"Asymmetric mixture",243,"Semiparametric",TRUE
"Main",200,"Symmetric bimodal",518,"OLS",TRUE
"Main",200,"Symmetric bimodal",518,"Semiparametric",TRUE
"Main",200,"Asymmetric mixture",821,"OLS",TRUE
"Main",200,"Asymmetric mixture",821,"Semiparametric",TRUE
"Main",500,"Skew-normal",151,"OLS",TRUE
"Main",500,"Skew-normal",151,"Semiparametric",TRUE
"Main",500,"Asymmetric mixture",31,"OLS",TRUE
"Main",500,"Asymmetric mixture",31,"Semiparametric",TRUE
"Main",500,"Symmetric bimodal",697,"OLS",TRUE
"Main",500,"Symmetric bimodal",697,"Semiparametric",TRUE
"Main",200,"Symmetric bimodal",454,"OLS",TRUE
"Main",200,"Symmetric bimodal",454,"Semiparametric",TRUE
"Main",200,"Skew-normal",745,"OLS",TRUE
"Main",200,"Skew-normal",745,"Semiparametric",TRUE
"Main",500,"Skew-normal",384,"OLS",TRUE
"Main",500,"Skew-normal",384,"Semiparametric",TRUE
"Main",500,"Symmetric bimodal",688,"OLS",TRUE
"Main",500,"Symmetric bimodal",688,"Semiparametric",TRUE
"Main",200,"Symmetric bimodal",485,"OLS",TRUE
"Main",200,"Symmetric bimodal",485,"Semiparametric",TRUE
"Main",500,"Asymmetric mixture",860,"OLS",TRUE
"Main",500,"Asymmetric mixture",860,"Semiparametric",TRUE
"Main",500,"Gaussian",733,"OLS",TRUE
"Main",500,"Gaussian",733,"Semiparametric",TRUE
"Main",500,"Symmetric bimodal",394,"OLS",TRUE
"Main",500,"Symmetric bimodal",394,"Semiparametric",TRUE
"Main",500,"Asymmetric mixture",818,"OLS",TRUE
"Main",500,"Asymmetric mixture",818,"Semiparametric",TRUE
"Main",200,"Skew-normal",180,"OLS",TRUE
"Main",200,"Skew-normal",180,"Semiparametric",TRUE
"Main",500,"Skew-normal",401,"OLS",TRUE
"Main",500,"Skew-normal",401,"Semiparametric",TRUE
"Main",500,"Asymmetric mixture",431,"OLS",TRUE
"Main",500,"Asymmetric mixture",431,"Semiparametric",TRUE
"Main",500,"Symmetric bimodal",870,"OLS",TRUE
"Main",500,"Symmetric bimodal",870,"Semiparametric",TRUE
"Main",200,"Gaussian",817,"OLS",TRUE
"Main",200,"Gaussian",817,"Semiparametric",TRUE
"Main",500,"Symmetric bimodal",497,"OLS",TRUE
"Main",500,"Symmetric bimodal",497,"Semiparametric",TRUE
"Main",500,"Skew-normal",771,"OLS",TRUE
"Main",500,"Skew-normal",771,"Semiparametric",TRUE
"Main",500,"Gaussian",444,"OLS",TRUE
"Main",500,"Gaussian",444,"Semiparametric",TRUE
"Main",200,"Skew-normal",854,"OLS",TRUE
"Main",200,"Skew-normal",854,"Semiparametric",TRUE
"Main",500,"Skew-normal",964,"OLS",TRUE
"Main",500,"Skew-normal",964,"Semiparametric",TRUE
"Main",200,"Skew-normal",358,"OLS",TRUE
"Main",200,"Skew-normal",358,"Semiparametric",TRUE
"Main",200,"Gaussian",472,"OLS",TRUE
"Main",200,"Gaussian",472,"Semiparametric",TRUE
"Main",500,"Gaussian",382,"OLS",TRUE
"Main",500,"Gaussian",382,"Semiparametric",TRUE
"Main",200,"Skew-normal",722,"OLS",TRUE
"Main",200,"Skew-normal",722,"Semiparametric",TRUE
"Main",500,"Asymmetric mixture",233,"OLS",TRUE
"Main",500,"Asymmetric mixture",233,"Semiparametric",TRUE
"Main",200,"Gaussian",421,"OLS",TRUE
"Main",200,"Gaussian",421,"Semiparametric",TRUE
"Main",500,"Skew-normal",125,"OLS",TRUE
"Main",500,"Skew-normal",125,"Semiparametric",TRUE
"Main",500,"Symmetric bimodal",842,"OLS",TRUE
"Main",500,"Symmetric bimodal",842,"Semiparametric",TRUE
"Main",200,"Symmetric bimodal",451,"OLS",TRUE
"Main",200,"Symmetric bimodal",451,"Semiparametric",TRUE
"Main",200,"Symmetric bimodal",204,"OLS",TRUE
"Main",200,"Symmetric bimodal",204,"Semiparametric",TRUE
"Main",500,"Gaussian",380,"OLS",TRUE
"Main",500,"Gaussian",380,"Semiparametric",TRUE
"Main",500,"Skew-normal",837,"OLS",TRUE
"Main",500,"Skew-normal",837,"Semiparametric",TRUE
"Main",200,"Gaussian",632,"OLS",TRUE
"Main",200,"Gaussian",632,"Semiparametric",TRUE
"Main",500,"Asymmetric mixture",753,"OLS",TRUE
"Main",500,"Asymmetric mixture",753,"Semiparametric",TRUE
"Main",200,"Symmetric bimodal",380,"OLS",TRUE
"Main",200,"Symmetric bimodal",380,"Semiparametric",TRUE
"Main",500,"Asymmetric mixture",796,"OLS",TRUE
"Main",500,"Asymmetric mixture",796,"Semiparametric",TRUE
"Main",500,"Symmetric bimodal",142,"OLS",TRUE
"Main",500,"Symmetric bimodal",142,"Semiparametric",TRUE
"Main",200,"Asymmetric mixture",581,"OLS",TRUE
"Main",200,"Asymmetric mixture",581,"Semiparametric",FALSE
"Main",200,"Gaussian",108,"OLS",TRUE
"Main",200,"Gaussian",108,"Semiparametric",TRUE
"Main",500,"Gaussian",451,"OLS",TRUE
"Main",500,"Gaussian",451,"Semiparametric",TRUE
"Main",200,"Skew-normal",519,"OLS",TRUE
"Main",200,"Skew-normal",519,"Semiparametric",TRUE
"Main",500,"Skew-normal",687,"OLS",TRUE
"Main",500,"Skew-normal",687,"Semiparametric",TRUE
"Main",500,"Skew-normal",637,"OLS",TRUE
"Main",500,"Skew-normal",637,"Semiparametric",TRUE
"Main",200,"Gaussian",340,"OLS",TRUE
"Main",200,"Gaussian",340,"Semiparametric",TRUE
"Main",200,"Symmetric bimodal",333,"OLS",TRUE
"Main",200,"Symmetric bimodal",333,"Semiparametric",TRUE
"Main",500,"Symmetric bimodal",114,"OLS",TRUE
"Main",500,"Symmetric bimodal",114,"Semiparametric",TRUE
"Main",200,"Skew-normal",347,"OLS",TRUE
"Main",200,"Skew-normal",347,"Semiparametric",TRUE
"Main",200,"Asymmetric mixture",16,"OLS",TRUE
"Main",200,"Asymmetric mixture",16,"Semiparametric",TRUE
"Main",200,"Symmetric bimodal",779,"OLS",TRUE
"Main",200,"Symmetric bimodal",779,"Semiparametric",TRUE
"Main",500,"Skew-normal",340,"OLS",TRUE
"Main",500,"Skew-normal",340,"Semiparametric",TRUE
"Main",200,"Symmetric bimodal",80,"OLS",TRUE
"Main",200,"Symmetric bimodal",80,"Semiparametric",TRUE
"Main",200,"Skew-normal",431,"OLS",TRUE
"Main",200,"Skew-normal",431,"Semiparametric",TRUE
"Main",500,"Symmetric bimodal",750,"OLS",TRUE
"Main",500,"Symmetric bimodal",750,"Semiparametric",TRUE
"Main",200,"Asymmetric mixture",604,"OLS",TRUE
"Main",200,"Asymmetric mixture",604,"Semiparametric",TRUE
"Main",200,"Asymmetric mixture",3,"OLS",TRUE
"Main",200,"Asymmetric mixture",3,"Semiparametric",FALSE
"Main",500,"Gaussian",20,"OLS",TRUE
"Main",500,"Gaussian",20,"Semiparametric",TRUE
"Main",500,"Gaussian",211,"OLS",TRUE
"Main",500,"Gaussian",211,"Semiparametric",TRUE
"Main",200,"Gaussian",180,"OLS",TRUE
"Main",200,"Gaussian",180,"Semiparametric",TRUE
"Main",200,"Gaussian",269,"OLS",TRUE
"Main",200,"Gaussian",269,"Semiparametric",TRUE
"Main",500,"Symmetric bimodal",347,"OLS",TRUE
"Main",500,"Symmetric bimodal",347,"Semiparametric",TRUE
"Main",200,"Gaussian",6,"OLS",TRUE
"Main",200,"Gaussian",6,"Semiparametric",TRUE
"Main",200,"Skew-normal",452,"OLS",TRUE
"Main",200,"Skew-normal",452,"Semiparametric",TRUE
"Main",200,"Symmetric bimodal",753,"OLS",TRUE
"Main",200,"Symmetric bimodal",753,"Semiparametric",TRUE
"Main",500,"Gaussian",552,"OLS",TRUE
"Main",500,"Gaussian",552,"Semiparametric",TRUE
"Main",200,"Gaussian",897,"OLS",TRUE
"Main",200,"Gaussian",897,"Semiparametric",TRUE
"Main",500,"Symmetric bimodal",548,"OLS",TRUE
"Main",500,"Symmetric bimodal",548,"Semiparametric",TRUE
"Main",200,"Asymmetric mixture",161,"OLS",TRUE
"Main",200,"Asymmetric mixture",161,"Semiparametric",FALSE
"Main",500,"Symmetric bimodal",776,"OLS",TRUE
"Main",500,"Symmetric bimodal",776,"Semiparametric",TRUE
"Main",500,"Gaussian",862,"OLS",TRUE
"Main",500,"Gaussian",862,"Semiparametric",TRUE
"Main",200,"Asymmetric mixture",801,"OLS",TRUE
"Main",200,"Asymmetric mixture",801,"Semiparametric",TRUE
"Main",200,"Skew-normal",585,"OLS",TRUE
"Main",200,"Skew-normal",585,"Semiparametric",TRUE
"Main",200,"Gaussian",366,"OLS",TRUE
"Main",200,"Gaussian",366,"Semiparametric",TRUE
"Main",500,"Asymmetric mixture",268,"OLS",TRUE
"Main",500,"Asymmetric mixture",268,"Semiparametric",TRUE
"Main",200,"Asymmetric mixture",532,"OLS",TRUE
"Main",200,"Asymmetric mixture",532,"Semiparametric",TRUE
"Main",200,"Skew-normal",124,"OLS",TRUE
"Main",200,"Skew-normal",124,"Semiparametric",TRUE
"Main",500,"Gaussian",673,"OLS",TRUE
"Main",500,"Gaussian",673,"Semiparametric",TRUE
"Main",200,"Asymmetric mixture",269,"OLS",TRUE
"Main",200,"Asymmetric mixture",269,"Semiparametric",TRUE
"Main",200,"Skew-normal",232,"OLS",TRUE
"Main",200,"Skew-normal",232,"Semiparametric",TRUE
"Main",500,"Asymmetric mixture",12,"OLS",TRUE
"Main",500,"Asymmetric mixture",12,"Semiparametric",TRUE
"Main",500,"Gaussian",371,"OLS",TRUE
"Main",500,"Gaussian",371,"Semiparametric",TRUE
"Main",200,"Skew-normal",864,"OLS",TRUE
"Main",200,"Skew-normal",864,"Semiparametric",TRUE
"Main",200,"Symmetric bimodal",177,"OLS",TRUE
"Main",200,"Symmetric bimodal",177,"Semiparametric",TRUE
"Main",200,"Skew-normal",195,"OLS",TRUE
"Main",200,"Skew-normal",195,"Semiparametric",TRUE
"Main",200,"Symmetric bimodal",164,"OLS",TRUE
"Main",200,"Symmetric bimodal",164,"Semiparametric",TRUE
"Main",500,"Gaussian",944,"OLS",TRUE
"Main",500,"Gaussian",944,"Semiparametric",TRUE
"Main",500,"Gaussian",648,"OLS",TRUE
"Main",500,"Gaussian",648,"Semiparametric",TRUE
"Main",500,"Skew-normal",890,"OLS",TRUE
"Main",500,"Skew-normal",890,"Semiparametric",TRUE
"Main",200,"Asymmetric mixture",907,"OLS",TRUE
"Main",200,"Asymmetric mixture",907,"Semiparametric",TRUE
"Main",200,"Symmetric bimodal",676,"OLS",TRUE
"Main",200,"Symmetric bimodal",676,"Semiparametric",TRUE
"Main",200,"Symmetric bimodal",738,"OLS",TRUE
"Main",200,"Symmetric bimodal",738,"Semiparametric",FALSE
"Main",200,"Gaussian",541,"OLS",TRUE
"Main",200,"Gaussian",541,"Semiparametric",TRUE
"Main",500,"Gaussian",270,"OLS",TRUE
"Main",500,"Gaussian",270,"Semiparametric",TRUE
"Main",200,"Symmetric bimodal",395,"OLS",TRUE
"Main",200,"Symmetric bimodal",395,"Semiparametric",TRUE
"Main",500,"Asymmetric mixture",886,"OLS",TRUE
"Main",500,"Asymmetric mixture",886,"Semiparametric",TRUE
"Main",500,"Asymmetric mixture",619,"OLS",TRUE
"Main",500,"Asymmetric mixture",619,"Semiparametric",TRUE
"Main",200,"Symmetric bimodal",553,"OLS",TRUE
"Main",200,"Symmetric bimodal",553,"Semiparametric",TRUE
"Main",200,"Asymmetric mixture",914,"OLS",TRUE
"Main",200,"Asymmetric mixture",914,"Semiparametric",TRUE
"Main",200,"Symmetric bimodal",810,"OLS",TRUE
"Main",200,"Symmetric bimodal",810,"Semiparametric",TRUE
"Main",200,"Symmetric bimodal",609,"OLS",TRUE
"Main",200,"Symmetric bimodal",609,"Semiparametric",TRUE
"Main",500,"Symmetric bimodal",613,"OLS",TRUE
"Main",500,"Symmetric bimodal",613,"Semiparametric",TRUE
"Main",500,"Symmetric bimodal",386,"OLS",TRUE
"Main",500,"Symmetric bimodal",386,"Semiparametric",TRUE
"Main",500,"Asymmetric mixture",340,"OLS",TRUE
"Main",500,"Asymmetric mixture",340,"Semiparametric",TRUE
"Main",500,"Skew-normal",880,"OLS",TRUE
"Main",500,"Skew-normal",880,"Semiparametric",TRUE
"Main",200,"Gaussian",25,"OLS",TRUE
"Main",200,"Gaussian",25,"Semiparametric",TRUE
"Main",200,"Skew-normal",40,"OLS",TRUE
"Main",200,"Skew-normal",40,"Semiparametric",TRUE
"Main",500,"Skew-normal",751,"OLS",TRUE
"Main",500,"Skew-normal",751,"Semiparametric",TRUE
"Main",500,"Symmetric bimodal",956,"OLS",TRUE
"Main",500,"Symmetric bimodal",956,"Semiparametric",TRUE
"Main",500,"Skew-normal",715,"OLS",TRUE
"Main",500,"Skew-normal",715,"Semiparametric",TRUE
"Main",500,"Skew-normal",670,"OLS",TRUE
"Main",500,"Skew-normal",670,"Semiparametric",TRUE
"Main",200,"Asymmetric mixture",798,"OLS",TRUE
"Main",200,"Asymmetric mixture",798,"Semiparametric",FALSE
"Main",200,"Asymmetric mixture",221,"OLS",TRUE
"Main",200,"Asymmetric mixture",221,"Semiparametric",TRUE
"Main",200,"Asymmetric mixture",380,"OLS",TRUE
"Main",200,"Asymmetric mixture",380,"Semiparametric",TRUE
"Main",500,"Skew-normal",821,"OLS",TRUE
"Main",500,"Skew-normal",821,"Semiparametric",TRUE
"Main",200,"Symmetric bimodal",272,"OLS",TRUE
"Main",200,"Symmetric bimodal",272,"Semiparametric",TRUE
"Main",500,"Skew-normal",130,"OLS",TRUE
"Main",500,"Skew-normal",130,"Semiparametric",TRUE
"Main",200,"Asymmetric mixture",268,"OLS",TRUE
"Main",200,"Asymmetric mixture",268,"Semiparametric",FALSE
"Main",500,"Symmetric bimodal",475,"OLS",TRUE
"Main",500,"Symmetric bimodal",475,"Semiparametric",TRUE
"Main",200,"Gaussian",168,"OLS",TRUE
"Main",200,"Gaussian",168,"Semiparametric",TRUE
"Main",200,"Symmetric bimodal",981,"OLS",TRUE
"Main",200,"Symmetric bimodal",981,"Semiparametric",TRUE
"Main",200,"Symmetric bimodal",521,"OLS",TRUE
"Main",200,"Symmetric bimodal",521,"Semiparametric",TRUE
"Main",200,"Symmetric bimodal",471,"OLS",TRUE
"Main",200,"Symmetric bimodal",471,"Semiparametric",TRUE
"Main",200,"Symmetric bimodal",715,"OLS",TRUE
"Main",200,"Symmetric bimodal",715,"Semiparametric",TRUE
"Main",200,"Gaussian",562,"OLS",TRUE
"Main",200,"Gaussian",562,"Semiparametric",TRUE
"Main",200,"Gaussian",71,"OLS",TRUE
"Main",200,"Gaussian",71,"Semiparametric",TRUE
"Main",500,"Asymmetric mixture",858,"OLS",TRUE
"Main",500,"Asymmetric mixture",858,"Semiparametric",TRUE
"Main",200,"Skew-normal",639,"OLS",TRUE
"Main",200,"Skew-normal",639,"Semiparametric",TRUE
"Main",500,"Symmetric bimodal",758,"OLS",TRUE
"Main",500,"Symmetric bimodal",758,"Semiparametric",TRUE
"Main",200,"Gaussian",265,"OLS",TRUE
"Main",200,"Gaussian",265,"Semiparametric",TRUE
"Main",500,"Skew-normal",336,"OLS",TRUE
"Main",500,"Skew-normal",336,"Semiparametric",TRUE
"Main",200,"Skew-normal",531,"OLS",TRUE
"Main",200,"Skew-normal",531,"Semiparametric",TRUE
"Main",500,"Gaussian",412,"OLS",TRUE
"Main",500,"Gaussian",412,"Semiparametric",TRUE
"Main",200,"Skew-normal",983,"OLS",TRUE
"Main",200,"Skew-normal",983,"Semiparametric",TRUE
"Main",500,"Gaussian",658,"OLS",TRUE
"Main",500,"Gaussian",658,"Semiparametric",TRUE
"Main",200,"Gaussian",172,"OLS",TRUE
"Main",200,"Gaussian",172,"Semiparametric",TRUE
"Main",200,"Skew-normal",941,"OLS",TRUE
"Main",200,"Skew-normal",941,"Semiparametric",TRUE
"Main",500,"Symmetric bimodal",584,"OLS",TRUE
"Main",500,"Symmetric bimodal",584,"Semiparametric",TRUE
"Main",200,"Asymmetric mixture",877,"OLS",TRUE
"Main",200,"Asymmetric mixture",877,"Semiparametric",TRUE
"Main",500,"Gaussian",722,"OLS",TRUE
"Main",500,"Gaussian",722,"Semiparametric",TRUE
"Main",200,"Skew-normal",614,"OLS",TRUE
"Main",200,"Skew-normal",614,"Semiparametric",TRUE
"Main",500,"Gaussian",37,"OLS",TRUE
"Main",500,"Gaussian",37,"Semiparametric",TRUE
"Main",200,"Gaussian",652,"OLS",TRUE
"Main",200,"Gaussian",652,"Semiparametric",TRUE
"Main",500,"Asymmetric mixture",336,"OLS",TRUE
"Main",500,"Asymmetric mixture",336,"Semiparametric",TRUE
"Main",200,"Asymmetric mixture",145,"OLS",TRUE
"Main",200,"Asymmetric mixture",145,"Semiparametric",FALSE
"Main",500,"Asymmetric mixture",554,"OLS",TRUE
"Main",500,"Asymmetric mixture",554,"Semiparametric",TRUE
"Main",200,"Symmetric bimodal",274,"OLS",TRUE
"Main",200,"Symmetric bimodal",274,"Semiparametric",TRUE
"Main",500,"Gaussian",569,"OLS",TRUE
"Main",500,"Gaussian",569,"Semiparametric",TRUE
"Main",500,"Gaussian",239,"OLS",TRUE
"Main",500,"Gaussian",239,"Semiparametric",TRUE
"Main",500,"Gaussian",287,"OLS",TRUE
"Main",500,"Gaussian",287,"Semiparametric",TRUE
"Main",200,"Symmetric bimodal",785,"OLS",TRUE
"Main",200,"Symmetric bimodal",785,"Semiparametric",TRUE
"Main",200,"Skew-normal",514,"OLS",TRUE
"Main",200,"Skew-normal",514,"Semiparametric",TRUE
"Main",500,"Asymmetric mixture",79,"OLS",TRUE
"Main",500,"Asymmetric mixture",79,"Semiparametric",TRUE
"Main",200,"Symmetric bimodal",308,"OLS",TRUE
"Main",200,"Symmetric bimodal",308,"Semiparametric",TRUE
"Main",200,"Asymmetric mixture",185,"OLS",TRUE
"Main",200,"Asymmetric mixture",185,"Semiparametric",TRUE
"Main",200,"Asymmetric mixture",8,"OLS",TRUE
"Main",200,"Asymmetric mixture",8,"Semiparametric",TRUE
"Main",500,"Gaussian",229,"OLS",TRUE
"Main",500,"Gaussian",229,"Semiparametric",TRUE
"Main",200,"Asymmetric mixture",537,"OLS",TRUE
"Main",200,"Asymmetric mixture",537,"Semiparametric",TRUE
"Main",200,"Gaussian",234,"OLS",TRUE
"Main",200,"Gaussian",234,"Semiparametric",TRUE
"Main",500,"Skew-normal",816,"OLS",TRUE
"Main",500,"Skew-normal",816,"Semiparametric",TRUE
"Main",500,"Asymmetric mixture",914,"OLS",TRUE
"Main",500,"Asymmetric mixture",914,"Semiparametric",TRUE
"Main",200,"Asymmetric mixture",534,"OLS",TRUE
"Main",200,"Asymmetric mixture",534,"Semiparametric",TRUE
"Main",500,"Skew-normal",224,"OLS",TRUE
"Main",500,"Skew-normal",224,"Semiparametric",TRUE
"Main",200,"Gaussian",235,"OLS",TRUE
"Main",200,"Gaussian",235,"Semiparametric",TRUE
"Main",500,"Skew-normal",223,"OLS",TRUE
"Main",500,"Skew-normal",223,"Semiparametric",TRUE
"Main",200,"Gaussian",292,"OLS",TRUE
"Main",200,"Gaussian",292,"Semiparametric",TRUE
"Main",500,"Symmetric bimodal",98,"OLS",TRUE
"Main",500,"Symmetric bimodal",98,"Semiparametric",TRUE
"Main",200,"Asymmetric mixture",188,"OLS",TRUE
"Main",200,"Asymmetric mixture",188,"Semiparametric",TRUE
"Main",500,"Gaussian",295,"OLS",TRUE
"Main",500,"Gaussian",295,"Semiparametric",TRUE
"Main",200,"Gaussian",256,"OLS",TRUE
"Main",200,"Gaussian",256,"Semiparametric",TRUE
"Main",500,"Gaussian",18,"OLS",TRUE
"Main",500,"Gaussian",18,"Semiparametric",TRUE
"Main",200,"Gaussian",706,"OLS",TRUE
"Main",200,"Gaussian",706,"Semiparametric",TRUE
"Main",500,"Asymmetric mixture",490,"OLS",TRUE
"Main",500,"Asymmetric mixture",490,"Semiparametric",TRUE
"Main",200,"Asymmetric mixture",684,"OLS",TRUE
"Main",200,"Asymmetric mixture",684,"Semiparametric",TRUE
"Main",200,"Symmetric bimodal",681,"OLS",TRUE
"Main",200,"Symmetric bimodal",681,"Semiparametric",TRUE
"Main",500,"Gaussian",826,"OLS",TRUE
"Main",500,"Gaussian",826,"Semiparametric",TRUE
"Main",500,"Gaussian",688,"OLS",TRUE
"Main",500,"Gaussian",688,"Semiparametric",TRUE
"Main",500,"Asymmetric mixture",343,"OLS",TRUE
"Main",500,"Asymmetric mixture",343,"Semiparametric",TRUE
"Main",200,"Gaussian",874,"OLS",TRUE
"Main",200,"Gaussian",874,"Semiparametric",TRUE
"Main",200,"Skew-normal",720,"OLS",TRUE
"Main",200,"Skew-normal",720,"Semiparametric",TRUE
"Main",200,"Gaussian",114,"OLS",TRUE
"Main",200,"Gaussian",114,"Semiparametric",TRUE
"Main",200,"Gaussian",965,"OLS",TRUE
"Main",200,"Gaussian",965,"Semiparametric",TRUE
"Main",500,"Gaussian",533,"OLS",TRUE
"Main",500,"Gaussian",533,"Semiparametric",TRUE
"Main",500,"Gaussian",532,"OLS",TRUE
"Main",500,"Gaussian",532,"Semiparametric",TRUE
"Main",200,"Symmetric bimodal",483,"OLS",TRUE
"Main",200,"Symmetric bimodal",483,"Semiparametric",TRUE
"Main",500,"Symmetric bimodal",940,"OLS",TRUE
"Main",500,"Symmetric bimodal",940,"Semiparametric",TRUE
"Main",500,"Gaussian",459,"OLS",TRUE
"Main",500,"Gaussian",459,"Semiparametric",TRUE
"Main",200,"Symmetric bimodal",620,"OLS",TRUE
"Main",200,"Symmetric bimodal",620,"Semiparametric",TRUE
"Main",500,"Asymmetric mixture",545,"OLS",TRUE
"Main",500,"Asymmetric mixture",545,"Semiparametric",TRUE
"Main",200,"Symmetric bimodal",343,"OLS",TRUE
"Main",200,"Symmetric bimodal",343,"Semiparametric",TRUE
"Main",200,"Asymmetric mixture",543,"OLS",TRUE
"Main",200,"Asymmetric mixture",543,"Semiparametric",TRUE
"Main",200,"Symmetric bimodal",925,"OLS",TRUE
"Main",200,"Symmetric bimodal",925,"Semiparametric",TRUE
"Main",200,"Symmetric bimodal",589,"OLS",TRUE
"Main",200,"Symmetric bimodal",589,"Semiparametric",TRUE
"Main",200,"Gaussian",85,"OLS",TRUE
"Main",200,"Gaussian",85,"Semiparametric",TRUE
"Main",500,"Symmetric bimodal",914,"OLS",TRUE
"Main",500,"Symmetric bimodal",914,"Semiparametric",TRUE
"Main",500,"Symmetric bimodal",424,"OLS",TRUE
"Main",500,"Symmetric bimodal",424,"Semiparametric",TRUE
"Main",500,"Symmetric bimodal",272,"OLS",TRUE
"Main",500,"Symmetric bimodal",272,"Semiparametric",TRUE
"Main",200,"Gaussian",466,"OLS",TRUE
"Main",200,"Gaussian",466,"Semiparametric",TRUE
"Main",500,"Symmetric bimodal",81,"OLS",TRUE
"Main",500,"Symmetric bimodal",81,"Semiparametric",TRUE
"Main",200,"Gaussian",27,"OLS",TRUE
"Main",200,"Gaussian",27,"Semiparametric",TRUE
"Main",200,"Symmetric bimodal",100,"OLS",TRUE
"Main",200,"Symmetric bimodal",100,"Semiparametric",TRUE
"Main",200,"Symmetric bimodal",225,"OLS",TRUE
"Main",200,"Symmetric bimodal",225,"Semiparametric",TRUE
"Main",500,"Symmetric bimodal",460,"OLS",TRUE
"Main",500,"Symmetric bimodal",460,"Semiparametric",TRUE
"Main",200,"Skew-normal",522,"OLS",TRUE
"Main",200,"Skew-normal",522,"Semiparametric",TRUE
"Main",500,"Skew-normal",870,"OLS",TRUE
"Main",500,"Skew-normal",870,"Semiparametric",TRUE
"Main",500,"Asymmetric mixture",879,"OLS",TRUE
"Main",500,"Asymmetric mixture",879,"Semiparametric",TRUE
"Main",500,"Symmetric bimodal",299,"OLS",TRUE
"Main",500,"Symmetric bimodal",299,"Semiparametric",TRUE
"Main",500,"Skew-normal",695,"OLS",TRUE
"Main",500,"Skew-normal",695,"Semiparametric",TRUE
"Main",500,"Gaussian",977,"OLS",TRUE
"Main",500,"Gaussian",977,"Semiparametric",TRUE
"Main",200,"Gaussian",608,"OLS",TRUE
"Main",200,"Gaussian",608,"Semiparametric",TRUE
"Main",200,"Skew-normal",390,"OLS",TRUE
"Main",200,"Skew-normal",390,"Semiparametric",TRUE
"Main",500,"Skew-normal",419,"OLS",TRUE
"Main",500,"Skew-normal",419,"Semiparametric",TRUE
"Main",200,"Gaussian",852,"OLS",TRUE
"Main",200,"Gaussian",852,"Semiparametric",TRUE
"Main",500,"Asymmetric mixture",514,"OLS",TRUE
"Main",500,"Asymmetric mixture",514,"Semiparametric",TRUE
"Main",500,"Asymmetric mixture",627,"OLS",TRUE
"Main",500,"Asymmetric mixture",627,"Semiparametric",TRUE
"Main",200,"Asymmetric mixture",196,"OLS",TRUE
"Main",200,"Asymmetric mixture",196,"Semiparametric",TRUE
"Main",500,"Asymmetric mixture",667,"OLS",TRUE
"Main",500,"Asymmetric mixture",667,"Semiparametric",TRUE
"Main",200,"Asymmetric mixture",23,"OLS",TRUE
"Main",200,"Asymmetric mixture",23,"Semiparametric",TRUE
"Main",500,"Symmetric bimodal",674,"OLS",TRUE
"Main",500,"Symmetric bimodal",674,"Semiparametric",TRUE
"Main",500,"Symmetric bimodal",715,"OLS",TRUE
"Main",500,"Symmetric bimodal",715,"Semiparametric",TRUE
"Main",200,"Symmetric bimodal",278,"OLS",TRUE
"Main",200,"Symmetric bimodal",278,"Semiparametric",TRUE
"Main",500,"Skew-normal",362,"OLS",TRUE
"Main",500,"Skew-normal",362,"Semiparametric",TRUE
"Main",500,"Gaussian",117,"OLS",TRUE
"Main",500,"Gaussian",117,"Semiparametric",TRUE
"Main",200,"Skew-normal",910,"OLS",TRUE
"Main",200,"Skew-normal",910,"Semiparametric",TRUE
"Main",500,"Asymmetric mixture",265,"OLS",TRUE
"Main",500,"Asymmetric mixture",265,"Semiparametric",TRUE
"Main",500,"Skew-normal",494,"OLS",TRUE
"Main",500,"Skew-normal",494,"Semiparametric",TRUE
"Main",500,"Symmetric bimodal",382,"OLS",TRUE
"Main",500,"Symmetric bimodal",382,"Semiparametric",TRUE
"Main",500,"Symmetric bimodal",144,"OLS",TRUE
"Main",500,"Symmetric bimodal",144,"Semiparametric",TRUE
"Main",500,"Symmetric bimodal",539,"OLS",TRUE
"Main",500,"Symmetric bimodal",539,"Semiparametric",TRUE
"Main",200,"Skew-normal",361,"OLS",TRUE
"Main",200,"Skew-normal",361,"Semiparametric",TRUE
"Main",200,"Skew-normal",56,"OLS",TRUE
"Main",200,"Skew-normal",56,"Semiparametric",TRUE
"Main",200,"Symmetric bimodal",492,"OLS",TRUE
"Main",200,"Symmetric bimodal",492,"Semiparametric",TRUE
"Main",200,"Skew-normal",597,"OLS",TRUE
"Main",200,"Skew-normal",597,"Semiparametric",TRUE
"Main",500,"Gaussian",202,"OLS",TRUE
"Main",500,"Gaussian",202,"Semiparametric",TRUE
"Main",500,"Skew-normal",528,"OLS",TRUE
"Main",500,"Skew-normal",528,"Semiparametric",TRUE
"Main",500,"Gaussian",305,"OLS",TRUE
"Main",500,"Gaussian",305,"Semiparametric",TRUE
"Main",200,"Asymmetric mixture",584,"OLS",TRUE
"Main",200,"Asymmetric mixture",584,"Semiparametric",TRUE
"Main",200,"Asymmetric mixture",331,"OLS",TRUE
"Main",200,"Asymmetric mixture",331,"Semiparametric",TRUE
"Main",200,"Gaussian",732,"OLS",TRUE
"Main",200,"Gaussian",732,"Semiparametric",TRUE
"Main",200,"Gaussian",642,"OLS",TRUE
"Main",200,"Gaussian",642,"Semiparametric",TRUE
"Main",500,"Asymmetric mixture",723,"OLS",TRUE
"Main",500,"Asymmetric mixture",723,"Semiparametric",TRUE
"Main",500,"Skew-normal",953,"OLS",TRUE
"Main",500,"Skew-normal",953,"Semiparametric",TRUE
"Main",200,"Asymmetric mixture",948,"OLS",TRUE
"Main",200,"Asymmetric mixture",948,"Semiparametric",TRUE
"Main",500,"Symmetric bimodal",472,"OLS",TRUE
"Main",500,"Symmetric bimodal",472,"Semiparametric",TRUE
"Main",200,"Asymmetric mixture",336,"OLS",TRUE
"Main",200,"Asymmetric mixture",336,"Semiparametric",TRUE
"Main",500,"Symmetric bimodal",401,"OLS",TRUE
"Main",500,"Symmetric bimodal",401,"Semiparametric",TRUE
"Main",500,"Gaussian",144,"OLS",TRUE
"Main",500,"Gaussian",144,"Semiparametric",TRUE
"Main",200,"Symmetric bimodal",320,"OLS",TRUE
"Main",200,"Symmetric bimodal",320,"Semiparametric",TRUE
"Main",200,"Gaussian",116,"OLS",TRUE
"Main",200,"Gaussian",116,"Semiparametric",TRUE
"Main",200,"Asymmetric mixture",315,"OLS",TRUE
"Main",200,"Asymmetric mixture",315,"Semiparametric",TRUE
"Main",500,"Gaussian",365,"OLS",TRUE
"Main",500,"Gaussian",365,"Semiparametric",TRUE
"Main",500,"Gaussian",494,"OLS",TRUE
"Main",500,"Gaussian",494,"Semiparametric",TRUE
"Main",500,"Symmetric bimodal",476,"OLS",TRUE
"Main",500,"Symmetric bimodal",476,"Semiparametric",TRUE
"Main",200,"Gaussian",588,"OLS",TRUE
"Main",200,"Gaussian",588,"Semiparametric",TRUE
"Main",500,"Symmetric bimodal",749,"OLS",TRUE
"Main",500,"Symmetric bimodal",749,"Semiparametric",TRUE
"Main",500,"Asymmetric mixture",977,"OLS",TRUE
"Main",500,"Asymmetric mixture",977,"Semiparametric",TRUE
"Main",500,"Asymmetric mixture",409,"OLS",TRUE
"Main",500,"Asymmetric mixture",409,"Semiparametric",TRUE
"Main",500,"Gaussian",514,"OLS",TRUE
"Main",500,"Gaussian",514,"Semiparametric",TRUE
"Main",500,"Asymmetric mixture",128,"OLS",TRUE
"Main",500,"Asymmetric mixture",128,"Semiparametric",TRUE
"Main",200,"Asymmetric mixture",96,"OLS",TRUE
"Main",200,"Asymmetric mixture",96,"Semiparametric",TRUE
"Main",200,"Skew-normal",947,"OLS",TRUE
"Main",200,"Skew-normal",947,"Semiparametric",TRUE
"Main",200,"Asymmetric mixture",479,"OLS",TRUE
"Main",200,"Asymmetric mixture",479,"Semiparametric",TRUE
"Main",500,"Skew-normal",907,"OLS",TRUE
"Main",500,"Skew-normal",907,"Semiparametric",TRUE
"Main",500,"Asymmetric mixture",269,"OLS",TRUE
"Main",500,"Asymmetric mixture",269,"Semiparametric",TRUE
"Main",200,"Symmetric bimodal",879,"OLS",TRUE
"Main",200,"Symmetric bimodal",879,"Semiparametric",TRUE
"Main",200,"Skew-normal",300,"OLS",TRUE
"Main",200,"Skew-normal",300,"Semiparametric",TRUE
"Main",200,"Gaussian",928,"OLS",TRUE
"Main",200,"Gaussian",928,"Semiparametric",TRUE
"Main",500,"Skew-normal",328,"OLS",TRUE
"Main",500,"Skew-normal",328,"Semiparametric",TRUE
"Main",200,"Skew-normal",877,"OLS",TRUE
"Main",200,"Skew-normal",877,"Semiparametric",TRUE
"Main",500,"Asymmetric mixture",427,"OLS",TRUE
"Main",500,"Asymmetric mixture",427,"Semiparametric",TRUE
"Main",200,"Symmetric bimodal",468,"OLS",TRUE
"Main",200,"Symmetric bimodal",468,"Semiparametric",TRUE
"Main",200,"Skew-normal",95,"OLS",TRUE
"Main",200,"Skew-normal",95,"Semiparametric",TRUE
"Main",200,"Symmetric bimodal",560,"OLS",TRUE
"Main",200,"Symmetric bimodal",560,"Semiparametric",TRUE
"Main",200,"Gaussian",740,"OLS",TRUE
"Main",200,"Gaussian",740,"Semiparametric",TRUE
"Main",200,"Asymmetric mixture",947,"OLS",TRUE
"Main",200,"Asymmetric mixture",947,"Semiparametric",TRUE
"Main",200,"Symmetric bimodal",610,"OLS",TRUE
"Main",200,"Symmetric bimodal",610,"Semiparametric",TRUE
"Main",500,"Symmetric bimodal",977,"OLS",TRUE
"Main",500,"Symmetric bimodal",977,"Semiparametric",TRUE
"Main",500,"Gaussian",247,"OLS",TRUE
"Main",500,"Gaussian",247,"Semiparametric",TRUE
"Main",500,"Symmetric bimodal",279,"OLS",TRUE
"Main",500,"Symmetric bimodal",279,"Semiparametric",TRUE
"Main",200,"Gaussian",17,"OLS",TRUE
"Main",200,"Gaussian",17,"Semiparametric",TRUE
"Main",200,"Symmetric bimodal",860,"OLS",TRUE
"Main",200,"Symmetric bimodal",860,"Semiparametric",TRUE
"Main",500,"Symmetric bimodal",78,"OLS",TRUE
"Main",500,"Symmetric bimodal",78,"Semiparametric",TRUE
"Main",500,"Skew-normal",962,"OLS",TRUE
"Main",500,"Skew-normal",962,"Semiparametric",TRUE
"Main",200,"Skew-normal",439,"OLS",TRUE
"Main",200,"Skew-normal",439,"Semiparametric",TRUE
"Main",200,"Gaussian",169,"OLS",TRUE
"Main",200,"Gaussian",169,"Semiparametric",TRUE
"Main",200,"Symmetric bimodal",520,"OLS",TRUE
"Main",200,"Symmetric bimodal",520,"Semiparametric",TRUE
"Main",200,"Gaussian",842,"OLS",TRUE
"Main",200,"Gaussian",842,"Semiparametric",TRUE
"Main",500,"Asymmetric mixture",236,"OLS",TRUE
"Main",500,"Asymmetric mixture",236,"Semiparametric",TRUE
"Main",200,"Asymmetric mixture",382,"OLS",TRUE
"Main",200,"Asymmetric mixture",382,"Semiparametric",TRUE
"Main",500,"Symmetric bimodal",46,"OLS",TRUE
"Main",500,"Symmetric bimodal",46,"Semiparametric",TRUE
"Main",200,"Asymmetric mixture",550,"OLS",TRUE
"Main",200,"Asymmetric mixture",550,"Semiparametric",TRUE
"Main",200,"Skew-normal",230,"OLS",TRUE
"Main",200,"Skew-normal",230,"Semiparametric",TRUE
"Main",500,"Gaussian",721,"OLS",TRUE
"Main",500,"Gaussian",721,"Semiparametric",TRUE
"Main",200,"Symmetric bimodal",731,"OLS",TRUE
"Main",200,"Symmetric bimodal",731,"Semiparametric",TRUE
"Main",200,"Symmetric bimodal",221,"OLS",TRUE
"Main",200,"Symmetric bimodal",221,"Semiparametric",TRUE
"Main",200,"Skew-normal",787,"OLS",TRUE
"Main",200,"Skew-normal",787,"Semiparametric",TRUE
"Main",500,"Asymmetric mixture",116,"OLS",TRUE
"Main",500,"Asymmetric mixture",116,"Semiparametric",TRUE
"Main",500,"Gaussian",595,"OLS",TRUE
"Main",500,"Gaussian",595,"Semiparametric",TRUE
"Main",200,"Gaussian",15,"OLS",TRUE
"Main",200,"Gaussian",15,"Semiparametric",TRUE
"Main",200,"Symmetric bimodal",714,"OLS",TRUE
"Main",200,"Symmetric bimodal",714,"Semiparametric",TRUE
"Main",500,"Gaussian",176,"OLS",TRUE
"Main",500,"Gaussian",176,"Semiparametric",TRUE
"Main",200,"Symmetric bimodal",336,"OLS",TRUE
"Main",200,"Symmetric bimodal",336,"Semiparametric",TRUE
"Main",200,"Skew-normal",698,"OLS",TRUE
"Main",200,"Skew-normal",698,"Semiparametric",TRUE
"Main",500,"Symmetric bimodal",484,"OLS",TRUE
"Main",500,"Symmetric bimodal",484,"Semiparametric",TRUE
"Main",200,"Asymmetric mixture",731,"OLS",TRUE
"Main",200,"Asymmetric mixture",731,"Semiparametric",TRUE
"Main",500,"Skew-normal",970,"OLS",TRUE
"Main",500,"Skew-normal",970,"Semiparametric",TRUE
"Main",500,"Skew-normal",483,"OLS",TRUE
"Main",500,"Skew-normal",483,"Semiparametric",TRUE
"Main",200,"Asymmetric mixture",304,"OLS",TRUE
"Main",200,"Asymmetric mixture",304,"Semiparametric",TRUE
"Main",200,"Symmetric bimodal",607,"OLS",TRUE
"Main",200,"Symmetric bimodal",607,"Semiparametric",TRUE
"Main",500,"Gaussian",888,"OLS",TRUE
"Main",500,"Gaussian",888,"Semiparametric",TRUE
"Main",500,"Symmetric bimodal",961,"OLS",TRUE
"Main",500,"Symmetric bimodal",961,"Semiparametric",TRUE
"Main",200,"Asymmetric mixture",228,"OLS",TRUE
"Main",200,"Asymmetric mixture",228,"Semiparametric",TRUE
"Main",200,"Skew-normal",832,"OLS",TRUE
"Main",200,"Skew-normal",832,"Semiparametric",TRUE
"Main",200,"Asymmetric mixture",744,"OLS",TRUE
"Main",200,"Asymmetric mixture",744,"Semiparametric",FALSE
"Main",500,"Skew-normal",748,"OLS",TRUE
"Main",500,"Skew-normal",748,"Semiparametric",TRUE
"Main",500,"Gaussian",848,"OLS",TRUE
"Main",500,"Gaussian",848,"Semiparametric",TRUE
"Main",200,"Skew-normal",498,"OLS",TRUE
"Main",200,"Skew-normal",498,"Semiparametric",TRUE
"Main",500,"Gaussian",242,"OLS",TRUE
"Main",500,"Gaussian",242,"Semiparametric",TRUE
"Main",200,"Gaussian",507,"OLS",TRUE
"Main",200,"Gaussian",507,"Semiparametric",TRUE
"Main",500,"Gaussian",993,"OLS",TRUE
"Main",500,"Gaussian",993,"Semiparametric",TRUE
"Main",500,"Skew-normal",45,"OLS",TRUE
"Main",500,"Skew-normal",45,"Semiparametric",TRUE
"Main",200,"Symmetric bimodal",505,"OLS",TRUE
"Main",200,"Symmetric bimodal",505,"Semiparametric",TRUE
"Main",500,"Gaussian",814,"OLS",TRUE
"Main",500,"Gaussian",814,"Semiparametric",TRUE
"Main",200,"Skew-normal",421,"OLS",TRUE
"Main",200,"Skew-normal",421,"Semiparametric",TRUE
"Main",200,"Symmetric bimodal",478,"OLS",TRUE
"Main",200,"Symmetric bimodal",478,"Semiparametric",FALSE
"Main",500,"Asymmetric mixture",813,"OLS",TRUE
"Main",500,"Asymmetric mixture",813,"Semiparametric",TRUE
"Main",200,"Asymmetric mixture",385,"OLS",TRUE
"Main",200,"Asymmetric mixture",385,"Semiparametric",TRUE
"Main",200,"Asymmetric mixture",603,"OLS",TRUE
"Main",200,"Asymmetric mixture",603,"Semiparametric",TRUE
"Main",200,"Gaussian",193,"OLS",TRUE
"Main",200,"Gaussian",193,"Semiparametric",TRUE
"Main",500,"Skew-normal",514,"OLS",TRUE
"Main",500,"Skew-normal",514,"Semiparametric",TRUE
"Main",200,"Asymmetric mixture",747,"OLS",TRUE
"Main",200,"Asymmetric mixture",747,"Semiparametric",TRUE
"Main",500,"Symmetric bimodal",855,"OLS",TRUE
"Main",500,"Symmetric bimodal",855,"Semiparametric",TRUE
"Main",500,"Asymmetric mixture",904,"OLS",TRUE
"Main",500,"Asymmetric mixture",904,"Semiparametric",TRUE
"Main",500,"Asymmetric mixture",319,"OLS",TRUE
"Main",500,"Asymmetric mixture",319,"Semiparametric",TRUE
"Main",200,"Gaussian",484,"OLS",TRUE
"Main",200,"Gaussian",484,"Semiparametric",TRUE
"Main",200,"Skew-normal",229,"OLS",TRUE
"Main",200,"Skew-normal",229,"Semiparametric",TRUE
"Main",500,"Skew-normal",730,"OLS",TRUE
"Main",500,"Skew-normal",730,"Semiparametric",TRUE
"Main",500,"Gaussian",266,"OLS",TRUE
"Main",500,"Gaussian",266,"Semiparametric",TRUE
"Main",200,"Symmetric bimodal",456,"OLS",TRUE
"Main",200,"Symmetric bimodal",456,"Semiparametric",TRUE
"Main",200,"Symmetric bimodal",554,"OLS",TRUE
"Main",200,"Symmetric bimodal",554,"Semiparametric",TRUE
"Main",200,"Symmetric bimodal",419,"OLS",TRUE
"Main",200,"Symmetric bimodal",419,"Semiparametric",TRUE
"Main",200,"Skew-normal",675,"OLS",TRUE
"Main",200,"Skew-normal",675,"Semiparametric",TRUE
"Main",200,"Asymmetric mixture",966,"OLS",TRUE
"Main",200,"Asymmetric mixture",966,"Semiparametric",TRUE
"Main",200,"Gaussian",963,"OLS",TRUE
"Main",200,"Gaussian",963,"Semiparametric",TRUE
"Main",500,"Asymmetric mixture",506,"OLS",TRUE
"Main",500,"Asymmetric mixture",506,"Semiparametric",TRUE
"Main",200,"Asymmetric mixture",842,"OLS",TRUE
"Main",200,"Asymmetric mixture",842,"Semiparametric",TRUE
"Main",500,"Asymmetric mixture",103,"OLS",TRUE
"Main",500,"Asymmetric mixture",103,"Semiparametric",TRUE
"Main",500,"Gaussian",368,"OLS",TRUE
"Main",500,"Gaussian",368,"Semiparametric",TRUE
"Main",500,"Gaussian",436,"OLS",TRUE
"Main",500,"Gaussian",436,"Semiparametric",TRUE
"Main",500,"Asymmetric mixture",52,"OLS",TRUE
"Main",500,"Asymmetric mixture",52,"Semiparametric",TRUE
"Main",500,"Skew-normal",889,"OLS",TRUE
"Main",500,"Skew-normal",889,"Semiparametric",TRUE
"Main",500,"Skew-normal",185,"OLS",TRUE
"Main",500,"Skew-normal",185,"Semiparametric",TRUE
"Main",500,"Gaussian",175,"OLS",TRUE
"Main",500,"Gaussian",175,"Semiparametric",TRUE
"Main",500,"Skew-normal",40,"OLS",TRUE
"Main",500,"Skew-normal",40,"Semiparametric",TRUE
"Main",500,"Asymmetric mixture",894,"OLS",TRUE
"Main",500,"Asymmetric mixture",894,"Semiparametric",TRUE
"Main",500,"Gaussian",406,"OLS",TRUE
"Main",500,"Gaussian",406,"Semiparametric",TRUE
"Main",500,"Asymmetric mixture",658,"OLS",TRUE
"Main",500,"Asymmetric mixture",658,"Semiparametric",TRUE
"Main",500,"Asymmetric mixture",310,"OLS",TRUE
"Main",500,"Asymmetric mixture",310,"Semiparametric",TRUE
"Main",500,"Gaussian",234,"OLS",TRUE
"Main",500,"Gaussian",234,"Semiparametric",TRUE
"Main",500,"Skew-normal",830,"OLS",TRUE
"Main",500,"Skew-normal",830,"Semiparametric",TRUE
"Main",200,"Asymmetric mixture",205,"OLS",TRUE
"Main",200,"Asymmetric mixture",205,"Semiparametric",TRUE
"Main",200,"Gaussian",498,"OLS",TRUE
"Main",200,"Gaussian",498,"Semiparametric",TRUE
"Main",200,"Skew-normal",586,"OLS",TRUE
"Main",200,"Skew-normal",586,"Semiparametric",TRUE
"Main",500,"Gaussian",769,"OLS",TRUE
"Main",500,"Gaussian",769,"Semiparametric",TRUE
"Main",500,"Asymmetric mixture",718,"OLS",TRUE
"Main",500,"Asymmetric mixture",718,"Semiparametric",TRUE
"Main",200,"Asymmetric mixture",992,"OLS",TRUE
"Main",200,"Asymmetric mixture",992,"Semiparametric",TRUE
"Main",200,"Skew-normal",253,"OLS",TRUE
"Main",200,"Skew-normal",253,"Semiparametric",TRUE
"Main",200,"Gaussian",165,"OLS",TRUE
"Main",200,"Gaussian",165,"Semiparametric",TRUE
"Main",200,"Asymmetric mixture",829,"OLS",TRUE
"Main",200,"Asymmetric mixture",829,"Semiparametric",FALSE
"Main",500,"Gaussian",674,"OLS",TRUE
"Main",500,"Gaussian",674,"Semiparametric",TRUE
"Main",500,"Skew-normal",624,"OLS",TRUE
"Main",500,"Skew-normal",624,"Semiparametric",TRUE
"Main",500,"Gaussian",328,"OLS",TRUE
"Main",500,"Gaussian",328,"Semiparametric",TRUE
"Main",500,"Skew-normal",122,"OLS",TRUE
"Main",500,"Skew-normal",122,"Semiparametric",TRUE
"Main",500,"Skew-normal",770,"OLS",TRUE
"Main",500,"Skew-normal",770,"Semiparametric",TRUE
"Main",200,"Asymmetric mixture",256,"OLS",TRUE
"Main",200,"Asymmetric mixture",256,"Semiparametric",TRUE
"Main",500,"Symmetric bimodal",626,"OLS",TRUE
"Main",500,"Symmetric bimodal",626,"Semiparametric",TRUE
"Main",200,"Gaussian",64,"OLS",TRUE
"Main",200,"Gaussian",64,"Semiparametric",TRUE
"Main",200,"Gaussian",742,"OLS",TRUE
"Main",200,"Gaussian",742,"Semiparametric",TRUE
"Main",500,"Skew-normal",325,"OLS",TRUE
"Main",500,"Skew-normal",325,"Semiparametric",TRUE
"Main",500,"Asymmetric mixture",24,"OLS",TRUE
"Main",500,"Asymmetric mixture",24,"Semiparametric",TRUE
"Main",200,"Skew-normal",551,"OLS",TRUE
"Main",200,"Skew-normal",551,"Semiparametric",TRUE
"Main",500,"Asymmetric mixture",489,"OLS",TRUE
"Main",500,"Asymmetric mixture",489,"Semiparametric",TRUE
"Main",500,"Skew-normal",737,"OLS",TRUE
"Main",500,"Skew-normal",737,"Semiparametric",TRUE
"Main",500,"Symmetric bimodal",610,"OLS",TRUE
"Main",500,"Symmetric bimodal",610,"Semiparametric",TRUE
"Main",500,"Asymmetric mixture",141,"OLS",TRUE
"Main",500,"Asymmetric mixture",141,"Semiparametric",TRUE
"Main",200,"Skew-normal",555,"OLS",TRUE
"Main",200,"Skew-normal",555,"Semiparametric",TRUE
"Main",500,"Symmetric bimodal",474,"OLS",TRUE
"Main",500,"Symmetric bimodal",474,"Semiparametric",TRUE
"Main",200,"Skew-normal",412,"OLS",TRUE
"Main",200,"Skew-normal",412,"Semiparametric",TRUE
"Main",200,"Skew-normal",833,"OLS",TRUE
"Main",200,"Skew-normal",833,"Semiparametric",TRUE
"Main",500,"Gaussian",590,"OLS",TRUE
"Main",500,"Gaussian",590,"Semiparametric",TRUE
"Main",500,"Skew-normal",304,"OLS",TRUE
"Main",500,"Skew-normal",304,"Semiparametric",TRUE
"Main",500,"Asymmetric mixture",44,"OLS",TRUE
"Main",500,"Asymmetric mixture",44,"Semiparametric",TRUE
"Main",200,"Symmetric bimodal",172,"OLS",TRUE
"Main",200,"Symmetric bimodal",172,"Semiparametric",TRUE
"Main",500,"Symmetric bimodal",672,"OLS",TRUE
"Main",500,"Symmetric bimodal",672,"Semiparametric",TRUE
"Main",200,"Gaussian",480,"OLS",TRUE
"Main",200,"Gaussian",480,"Semiparametric",TRUE
"Main",500,"Skew-normal",929,"OLS",TRUE
"Main",500,"Skew-normal",929,"Semiparametric",TRUE
"Main",200,"Gaussian",780,"OLS",TRUE
"Main",200,"Gaussian",780,"Semiparametric",TRUE
"Main",500,"Asymmetric mixture",773,"OLS",TRUE
"Main",500,"Asymmetric mixture",773,"Semiparametric",TRUE
"Main",500,"Skew-normal",96,"OLS",TRUE
"Main",500,"Skew-normal",96,"Semiparametric",TRUE
"Main",500,"Symmetric bimodal",477,"OLS",TRUE
"Main",500,"Symmetric bimodal",477,"Semiparametric",TRUE
"Main",200,"Skew-normal",9,"OLS",TRUE
"Main",200,"Skew-normal",9,"Semiparametric",TRUE
"Main",500,"Symmetric bimodal",651,"OLS",TRUE
"Main",500,"Symmetric bimodal",651,"Semiparametric",TRUE
"Main",200,"Symmetric bimodal",309,"OLS",TRUE
"Main",200,"Symmetric bimodal",309,"Semiparametric",TRUE
"Main",500,"Gaussian",906,"OLS",TRUE
"Main",500,"Gaussian",906,"Semiparametric",TRUE
"Main",200,"Symmetric bimodal",250,"OLS",TRUE
"Main",200,"Symmetric bimodal",250,"Semiparametric",TRUE
"Main",200,"Asymmetric mixture",999,"OLS",TRUE
"Main",200,"Asymmetric mixture",999,"Semiparametric",FALSE
"Main",500,"Symmetric bimodal",938,"OLS",TRUE
"Main",500,"Symmetric bimodal",938,"Semiparametric",TRUE
"Main",200,"Gaussian",363,"OLS",TRUE
"Main",200,"Gaussian",363,"Semiparametric",TRUE
"Main",200,"Asymmetric mixture",449,"OLS",TRUE
"Main",200,"Asymmetric mixture",449,"Semiparametric",TRUE
"Main",200,"Skew-normal",39,"OLS",TRUE
"Main",200,"Skew-normal",39,"Semiparametric",TRUE
"Main",200,"Symmetric bimodal",660,"OLS",TRUE
"Main",200,"Symmetric bimodal",660,"Semiparametric",FALSE
"Main",500,"Asymmetric mixture",17,"OLS",TRUE
"Main",500,"Asymmetric mixture",17,"Semiparametric",TRUE
"Main",500,"Symmetric bimodal",953,"OLS",TRUE
"Main",500,"Symmetric bimodal",953,"Semiparametric",TRUE
"Main",500,"Skew-normal",498,"OLS",TRUE
"Main",500,"Skew-normal",498,"Semiparametric",TRUE
"Main",200,"Gaussian",492,"OLS",TRUE
"Main",200,"Gaussian",492,"Semiparametric",TRUE
"Main",200,"Gaussian",710,"OLS",TRUE
"Main",200,"Gaussian",710,"Semiparametric",TRUE
"Main",200,"Skew-normal",717,"OLS",TRUE
"Main",200,"Skew-normal",717,"Semiparametric",TRUE
"Main",200,"Gaussian",942,"OLS",TRUE
"Main",200,"Gaussian",942,"Semiparametric",TRUE
"Main",200,"Gaussian",206,"OLS",TRUE
"Main",200,"Gaussian",206,"Semiparametric",TRUE
"Main",200,"Symmetric bimodal",744,"OLS",TRUE
"Main",200,"Symmetric bimodal",744,"Semiparametric",TRUE
"Main",500,"Symmetric bimodal",921,"OLS",TRUE
"Main",500,"Symmetric bimodal",921,"Semiparametric",TRUE
"Main",500,"Gaussian",264,"OLS",TRUE
"Main",500,"Gaussian",264,"Semiparametric",TRUE
"Main",500,"Symmetric bimodal",208,"OLS",TRUE
"Main",500,"Symmetric bimodal",208,"Semiparametric",TRUE
"Main",500,"Gaussian",729,"OLS",TRUE
"Main",500,"Gaussian",729,"Semiparametric",TRUE
"Main",500,"Gaussian",713,"OLS",TRUE
"Main",500,"Gaussian",713,"Semiparametric",TRUE
"Main",500,"Gaussian",422,"OLS",TRUE
"Main",500,"Gaussian",422,"Semiparametric",TRUE
"Main",500,"Skew-normal",103,"OLS",TRUE
"Main",500,"Skew-normal",103,"Semiparametric",TRUE
"Main",500,"Symmetric bimodal",44,"OLS",TRUE
"Main",500,"Symmetric bimodal",44,"Semiparametric",TRUE
"Main",200,"Skew-normal",901,"OLS",TRUE
"Main",200,"Skew-normal",901,"Semiparametric",TRUE
"Main",200,"Skew-normal",558,"OLS",TRUE
"Main",200,"Skew-normal",558,"Semiparametric",TRUE
"Main",200,"Asymmetric mixture",661,"OLS",TRUE
"Main",200,"Asymmetric mixture",661,"Semiparametric",TRUE
"Main",500,"Skew-normal",234,"OLS",TRUE
"Main",500,"Skew-normal",234,"Semiparametric",TRUE
"Main",500,"Skew-normal",521,"OLS",TRUE
"Main",500,"Skew-normal",521,"Semiparametric",TRUE
"Main",500,"Asymmetric mixture",850,"OLS",TRUE
"Main",500,"Asymmetric mixture",850,"Semiparametric",TRUE
"Main",200,"Symmetric bimodal",939,"OLS",TRUE
"Main",200,"Symmetric bimodal",939,"Semiparametric",TRUE
"Main",200,"Gaussian",850,"OLS",TRUE
"Main",200,"Gaussian",850,"Semiparametric",TRUE
"Main",500,"Skew-normal",462,"OLS",TRUE
"Main",500,"Skew-normal",462,"Semiparametric",TRUE
"Main",200,"Gaussian",589,"OLS",TRUE
"Main",200,"Gaussian",589,"Semiparametric",TRUE
"Main",500,"Symmetric bimodal",125,"OLS",TRUE
"Main",500,"Symmetric bimodal",125,"Semiparametric",TRUE
"Main",200,"Gaussian",916,"OLS",TRUE
"Main",200,"Gaussian",916,"Semiparametric",TRUE
"Main",200,"Asymmetric mixture",986,"OLS",TRUE
"Main",200,"Asymmetric mixture",986,"Semiparametric",TRUE
"Main",500,"Asymmetric mixture",716,"OLS",TRUE
"Main",500,"Asymmetric mixture",716,"Semiparametric",TRUE
"Main",500,"Symmetric bimodal",907,"OLS",TRUE
"Main",500,"Symmetric bimodal",907,"Semiparametric",TRUE
"Main",200,"Skew-normal",881,"OLS",TRUE
"Main",200,"Skew-normal",881,"Semiparametric",TRUE
"Main",200,"Asymmetric mixture",371,"OLS",TRUE
"Main",200,"Asymmetric mixture",371,"Semiparametric",TRUE
"Main",500,"Symmetric bimodal",963,"OLS",TRUE
"Main",500,"Symmetric bimodal",963,"Semiparametric",TRUE
"Main",200,"Skew-normal",861,"OLS",TRUE
"Main",200,"Skew-normal",861,"Semiparametric",TRUE
"Main",500,"Gaussian",243,"OLS",TRUE
"Main",500,"Gaussian",243,"Semiparametric",TRUE
"Main",200,"Symmetric bimodal",678,"OLS",TRUE
"Main",200,"Symmetric bimodal",678,"Semiparametric",TRUE
"Main",200,"Gaussian",67,"OLS",TRUE
"Main",200,"Gaussian",67,"Semiparametric",TRUE
"Main",500,"Gaussian",317,"OLS",TRUE
"Main",500,"Gaussian",317,"Semiparametric",TRUE
"Main",500,"Asymmetric mixture",494,"OLS",TRUE
"Main",500,"Asymmetric mixture",494,"Semiparametric",TRUE
"Main",200,"Gaussian",674,"OLS",TRUE
"Main",200,"Gaussian",674,"Semiparametric",TRUE
"Main",500,"Asymmetric mixture",464,"OLS",TRUE
"Main",500,"Asymmetric mixture",464,"Semiparametric",TRUE
"Main",200,"Gaussian",808,"OLS",TRUE
"Main",200,"Gaussian",808,"Semiparametric",TRUE
"Main",200,"Gaussian",803,"OLS",TRUE
"Main",200,"Gaussian",803,"Semiparametric",TRUE
"Main",200,"Symmetric bimodal",733,"OLS",TRUE
"Main",200,"Symmetric bimodal",733,"Semiparametric",TRUE
"Main",200,"Gaussian",178,"OLS",TRUE
"Main",200,"Gaussian",178,"Semiparametric",TRUE
"Main",200,"Asymmetric mixture",129,"OLS",TRUE
"Main",200,"Asymmetric mixture",129,"Semiparametric",TRUE
"Main",200,"Gaussian",161,"OLS",TRUE
"Main",200,"Gaussian",161,"Semiparametric",TRUE
"Main",200,"Asymmetric mixture",888,"OLS",TRUE
"Main",200,"Asymmetric mixture",888,"Semiparametric",TRUE
"Main",200,"Skew-normal",998,"OLS",TRUE
"Main",200,"Skew-normal",998,"Semiparametric",TRUE
"Main",200,"Asymmetric mixture",659,"OLS",TRUE
"Main",200,"Asymmetric mixture",659,"Semiparametric",TRUE
"Main",500,"Skew-normal",432,"OLS",TRUE
"Main",500,"Skew-normal",432,"Semiparametric",TRUE
"Main",200,"Asymmetric mixture",825,"OLS",TRUE
"Main",200,"Asymmetric mixture",825,"Semiparametric",TRUE
"Main",200,"Asymmetric mixture",826,"OLS",TRUE
"Main",200,"Asymmetric mixture",826,"Semiparametric",TRUE
"Main",200,"Asymmetric mixture",77,"OLS",TRUE
"Main",200,"Asymmetric mixture",77,"Semiparametric",FALSE
"Main",500,"Symmetric bimodal",958,"OLS",TRUE
"Main",500,"Symmetric bimodal",958,"Semiparametric",TRUE
"Main",500,"Asymmetric mixture",7,"OLS",TRUE
"Main",500,"Asymmetric mixture",7,"Semiparametric",TRUE
"Main",200,"Asymmetric mixture",712,"OLS",TRUE
"Main",200,"Asymmetric mixture",712,"Semiparametric",TRUE
"Main",200,"Asymmetric mixture",314,"OLS",TRUE
"Main",200,"Asymmetric mixture",314,"Semiparametric",TRUE
"Main",200,"Symmetric bimodal",888,"OLS",TRUE
"Main",200,"Symmetric bimodal",888,"Semiparametric",TRUE
"Main",500,"Asymmetric mixture",966,"OLS",TRUE
"Main",500,"Asymmetric mixture",966,"Semiparametric",TRUE
"Main",500,"Skew-normal",607,"OLS",TRUE
"Main",500,"Skew-normal",607,"Semiparametric",TRUE
"Main",200,"Skew-normal",82,"OLS",TRUE
"Main",200,"Skew-normal",82,"Semiparametric",TRUE
"Main",500,"Skew-normal",920,"OLS",TRUE
"Main",500,"Skew-normal",920,"Semiparametric",TRUE
"Main",200,"Asymmetric mixture",410,"OLS",TRUE
"Main",200,"Asymmetric mixture",410,"Semiparametric",TRUE
"Main",200,"Asymmetric mixture",556,"OLS",TRUE
"Main",200,"Asymmetric mixture",556,"Semiparametric",TRUE
"Main",500,"Symmetric bimodal",879,"OLS",TRUE
"Main",500,"Symmetric bimodal",879,"Semiparametric",TRUE
"Main",200,"Skew-normal",659,"OLS",TRUE
"Main",200,"Skew-normal",659,"Semiparametric",TRUE
"Main",500,"Gaussian",560,"OLS",TRUE
"Main",500,"Gaussian",560,"Semiparametric",TRUE
"Main",500,"Gaussian",256,"OLS",TRUE
"Main",500,"Gaussian",256,"Semiparametric",TRUE
"Main",500,"Symmetric bimodal",867,"OLS",TRUE
"Main",500,"Symmetric bimodal",867,"Semiparametric",TRUE
"Main",200,"Gaussian",238,"OLS",TRUE
"Main",200,"Gaussian",238,"Semiparametric",TRUE
"Main",500,"Gaussian",236,"OLS",TRUE
"Main",500,"Gaussian",236,"Semiparametric",TRUE
"Main",500,"Symmetric bimodal",791,"OLS",TRUE
"Main",500,"Symmetric bimodal",791,"Semiparametric",TRUE
"Main",500,"Asymmetric mixture",11,"OLS",TRUE
"Main",500,"Asymmetric mixture",11,"Semiparametric",TRUE
"Main",200,"Symmetric bimodal",16,"OLS",TRUE
"Main",200,"Symmetric bimodal",16,"Semiparametric",TRUE
"Main",500,"Skew-normal",127,"OLS",TRUE
"Main",500,"Skew-normal",127,"Semiparametric",TRUE
"Main",500,"Symmetric bimodal",628,"OLS",TRUE
"Main",500,"Symmetric bimodal",628,"Semiparametric",TRUE
"Main",200,"Symmetric bimodal",807,"OLS",TRUE
"Main",200,"Symmetric bimodal",807,"Semiparametric",TRUE
"Main",500,"Asymmetric mixture",425,"OLS",TRUE
"Main",500,"Asymmetric mixture",425,"Semiparametric",TRUE
"Main",500,"Skew-normal",785,"OLS",TRUE
"Main",500,"Skew-normal",785,"Semiparametric",TRUE
"Main",500,"Symmetric bimodal",367,"OLS",TRUE
"Main",500,"Symmetric bimodal",367,"Semiparametric",TRUE
"Main",200,"Gaussian",662,"OLS",TRUE
"Main",200,"Gaussian",662,"Semiparametric",TRUE
"Main",500,"Symmetric bimodal",117,"OLS",TRUE
"Main",500,"Symmetric bimodal",117,"Semiparametric",TRUE
"Main",500,"Gaussian",313,"OLS",TRUE
"Main",500,"Gaussian",313,"Semiparametric",TRUE
"Main",500,"Asymmetric mixture",664,"OLS",TRUE
"Main",500,"Asymmetric mixture",664,"Semiparametric",TRUE
"Main",200,"Asymmetric mixture",574,"OLS",TRUE
"Main",200,"Asymmetric mixture",574,"Semiparametric",TRUE
"Main",500,"Skew-normal",621,"OLS",TRUE
"Main",500,"Skew-normal",621,"Semiparametric",TRUE
"Main",500,"Symmetric bimodal",58,"OLS",TRUE
"Main",500,"Symmetric bimodal",58,"Semiparametric",TRUE
"Main",500,"Gaussian",970,"OLS",TRUE
"Main",500,"Gaussian",970,"Semiparametric",TRUE
"Main",500,"Skew-normal",246,"OLS",TRUE
"Main",500,"Skew-normal",246,"Semiparametric",TRUE
"Main",500,"Gaussian",805,"OLS",TRUE
"Main",500,"Gaussian",805,"Semiparametric",TRUE
"Main",500,"Skew-normal",567,"OLS",TRUE
"Main",500,"Skew-normal",567,"Semiparametric",TRUE
"Main",500,"Symmetric bimodal",849,"OLS",TRUE
"Main",500,"Symmetric bimodal",849,"Semiparametric",TRUE
"Main",500,"Gaussian",263,"OLS",TRUE
"Main",500,"Gaussian",263,"Semiparametric",TRUE
"Main",200,"Symmetric bimodal",582,"OLS",TRUE
"Main",200,"Symmetric bimodal",582,"Semiparametric",TRUE
"Main",200,"Gaussian",509,"OLS",TRUE
"Main",200,"Gaussian",509,"Semiparametric",TRUE
"Main",500,"Skew-normal",728,"OLS",TRUE
"Main",500,"Skew-normal",728,"Semiparametric",TRUE
"Main",200,"Gaussian",765,"OLS",TRUE
"Main",200,"Gaussian",765,"Semiparametric",TRUE
"Main",500,"Asymmetric mixture",148,"OLS",TRUE
"Main",500,"Asymmetric mixture",148,"Semiparametric",TRUE
"Main",200,"Symmetric bimodal",857,"OLS",TRUE
"Main",200,"Symmetric bimodal",857,"Semiparametric",TRUE
"Main",200,"Skew-normal",469,"OLS",TRUE
"Main",200,"Skew-normal",469,"Semiparametric",TRUE
"Main",500,"Symmetric bimodal",700,"OLS",TRUE
"Main",500,"Symmetric bimodal",700,"Semiparametric",TRUE
"Main",500,"Asymmetric mixture",97,"OLS",TRUE
"Main",500,"Asymmetric mixture",97,"Semiparametric",TRUE
"Main",500,"Symmetric bimodal",823,"OLS",TRUE
"Main",500,"Symmetric bimodal",823,"Semiparametric",TRUE
"Main",500,"Symmetric bimodal",275,"OLS",TRUE
"Main",500,"Symmetric bimodal",275,"Semiparametric",TRUE
"Main",500,"Asymmetric mixture",408,"OLS",TRUE
"Main",500,"Asymmetric mixture",408,"Semiparametric",TRUE
"Main",200,"Skew-normal",187,"OLS",TRUE
"Main",200,"Skew-normal",187,"Semiparametric",TRUE
"Main",500,"Symmetric bimodal",373,"OLS",TRUE
"Main",500,"Symmetric bimodal",373,"Semiparametric",TRUE
"Main",200,"Symmetric bimodal",117,"OLS",TRUE
"Main",200,"Symmetric bimodal",117,"Semiparametric",TRUE
"Main",200,"Symmetric bimodal",9,"OLS",TRUE
"Main",200,"Symmetric bimodal",9,"Semiparametric",TRUE
"Main",500,"Skew-normal",441,"OLS",TRUE
"Main",500,"Skew-normal",441,"Semiparametric",TRUE
"Main",200,"Symmetric bimodal",923,"OLS",TRUE
"Main",200,"Symmetric bimodal",923,"Semiparametric",TRUE
"Main",500,"Skew-normal",332,"OLS",TRUE
"Main",500,"Skew-normal",332,"Semiparametric",TRUE
"Main",200,"Gaussian",40,"OLS",TRUE
"Main",200,"Gaussian",40,"Semiparametric",TRUE
"Main",200,"Asymmetric mixture",460,"OLS",TRUE
"Main",200,"Asymmetric mixture",460,"Semiparametric",TRUE
"Main",200,"Skew-normal",995,"OLS",TRUE
"Main",200,"Skew-normal",995,"Semiparametric",TRUE
"Main",500,"Skew-normal",3,"OLS",TRUE
"Main",500,"Skew-normal",3,"Semiparametric",TRUE
"Main",500,"Gaussian",125,"OLS",TRUE
"Main",500,"Gaussian",125,"Semiparametric",TRUE
"Main",200,"Gaussian",506,"OLS",TRUE
"Main",200,"Gaussian",506,"Semiparametric",TRUE
"Main",200,"Gaussian",99,"OLS",TRUE
"Main",200,"Gaussian",99,"Semiparametric",TRUE
"Main",500,"Gaussian",701,"OLS",TRUE
"Main",500,"Gaussian",701,"Semiparametric",TRUE
"Main",500,"Skew-normal",928,"OLS",TRUE
"Main",500,"Skew-normal",928,"Semiparametric",TRUE
"Main",500,"Skew-normal",108,"OLS",TRUE
"Main",500,"Skew-normal",108,"Semiparametric",TRUE
"Main",200,"Skew-normal",938,"OLS",TRUE
"Main",200,"Skew-normal",938,"Semiparametric",TRUE
"Main",500,"Asymmetric mixture",471,"OLS",TRUE
"Main",500,"Asymmetric mixture",471,"Semiparametric",TRUE
"Main",500,"Symmetric bimodal",748,"OLS",TRUE
"Main",500,"Symmetric bimodal",748,"Semiparametric",TRUE
"Main",200,"Skew-normal",583,"OLS",TRUE
"Main",200,"Skew-normal",583,"Semiparametric",TRUE
"Main",200,"Symmetric bimodal",625,"OLS",TRUE
"Main",200,"Symmetric bimodal",625,"Semiparametric",TRUE
"Main",500,"Gaussian",479,"OLS",TRUE
"Main",500,"Gaussian",479,"Semiparametric",TRUE
"Main",200,"Skew-normal",913,"OLS",TRUE
"Main",200,"Skew-normal",913,"Semiparametric",TRUE
"Main",200,"Gaussian",28,"OLS",TRUE
"Main",200,"Gaussian",28,"Semiparametric",TRUE
"Main",500,"Asymmetric mixture",643,"OLS",TRUE
"Main",500,"Asymmetric mixture",643,"Semiparametric",TRUE
"Main",500,"Gaussian",999,"OLS",TRUE
"Main",500,"Gaussian",999,"Semiparametric",TRUE
"Main",500,"Gaussian",224,"OLS",TRUE
"Main",500,"Gaussian",224,"Semiparametric",TRUE
"Main",200,"Skew-normal",953,"OLS",TRUE
"Main",200,"Skew-normal",953,"Semiparametric",TRUE
"Main",500,"Gaussian",183,"OLS",TRUE
"Main",500,"Gaussian",183,"Semiparametric",TRUE
"Main",500,"Skew-normal",166,"OLS",TRUE
"Main",500,"Skew-normal",166,"Semiparametric",TRUE
"Main",500,"Symmetric bimodal",591,"OLS",TRUE
"Main",500,"Symmetric bimodal",591,"Semiparametric",TRUE
"Main",500,"Symmetric bimodal",615,"OLS",TRUE
"Main",500,"Symmetric bimodal",615,"Semiparametric",TRUE
"Main",500,"Gaussian",452,"OLS",TRUE
"Main",500,"Gaussian",452,"Semiparametric",TRUE
"Main",500,"Asymmetric mixture",979,"OLS",TRUE
"Main",500,"Asymmetric mixture",979,"Semiparametric",TRUE
"Main",500,"Gaussian",562,"OLS",TRUE
"Main",500,"Gaussian",562,"Semiparametric",TRUE
"Main",500,"Gaussian",950,"OLS",TRUE
"Main",500,"Gaussian",950,"Semiparametric",TRUE
"Main",200,"Gaussian",216,"OLS",TRUE
"Main",200,"Gaussian",216,"Semiparametric",TRUE
"Main",200,"Symmetric bimodal",558,"OLS",TRUE
"Main",200,"Symmetric bimodal",558,"Semiparametric",TRUE
"Main",500,"Symmetric bimodal",143,"OLS",TRUE
"Main",500,"Symmetric bimodal",143,"Semiparametric",TRUE
"Main",200,"Skew-normal",782,"OLS",TRUE
"Main",200,"Skew-normal",782,"Semiparametric",TRUE
"Main",200,"Asymmetric mixture",261,"OLS",TRUE
"Main",200,"Asymmetric mixture",261,"Semiparametric",TRUE
"Main",200,"Gaussian",720,"OLS",TRUE
"Main",200,"Gaussian",720,"Semiparametric",TRUE
"Main",200,"Skew-normal",46,"OLS",TRUE
"Main",200,"Skew-normal",46,"Semiparametric",TRUE
"Main",500,"Asymmetric mixture",432,"OLS",TRUE
"Main",500,"Asymmetric mixture",432,"Semiparametric",TRUE
"Main",500,"Asymmetric mixture",373,"OLS",TRUE
"Main",500,"Asymmetric mixture",373,"Semiparametric",TRUE
"Main",500,"Symmetric bimodal",682,"OLS",TRUE
"Main",500,"Symmetric bimodal",682,"Semiparametric",TRUE
"Main",500,"Asymmetric mixture",657,"OLS",TRUE
"Main",500,"Asymmetric mixture",657,"Semiparametric",TRUE
"Main",500,"Asymmetric mixture",734,"OLS",TRUE
"Main",500,"Asymmetric mixture",734,"Semiparametric",TRUE
"Main",500,"Gaussian",538,"OLS",TRUE
"Main",500,"Gaussian",538,"Semiparametric",TRUE
"Main",500,"Skew-normal",92,"OLS",TRUE
"Main",500,"Skew-normal",92,"Semiparametric",TRUE
"Main",200,"Asymmetric mixture",32,"OLS",TRUE
"Main",200,"Asymmetric mixture",32,"Semiparametric",TRUE
"Main",500,"Symmetric bimodal",239,"OLS",TRUE
"Main",500,"Symmetric bimodal",239,"Semiparametric",TRUE
"Main",500,"Symmetric bimodal",422,"OLS",TRUE
"Main",500,"Symmetric bimodal",422,"Semiparametric",TRUE
"Main",200,"Gaussian",10,"OLS",TRUE
"Main",200,"Gaussian",10,"Semiparametric",TRUE
"Main",500,"Gaussian",91,"OLS",TRUE
"Main",500,"Gaussian",91,"Semiparametric",TRUE
"Main",200,"Asymmetric mixture",493,"OLS",TRUE
"Main",200,"Asymmetric mixture",493,"Semiparametric",FALSE
"Main",200,"Asymmetric mixture",599,"OLS",TRUE
"Main",200,"Asymmetric mixture",599,"Semiparametric",TRUE
"Main",500,"Skew-normal",659,"OLS",TRUE
"Main",500,"Skew-normal",659,"Semiparametric",TRUE
"Main",200,"Gaussian",201,"OLS",TRUE
"Main",200,"Gaussian",201,"Semiparametric",TRUE
"Main",200,"Asymmetric mixture",220,"OLS",TRUE
"Main",200,"Asymmetric mixture",220,"Semiparametric",TRUE
"Main",200,"Skew-normal",465,"OLS",TRUE
"Main",200,"Skew-normal",465,"Semiparametric",TRUE
"Main",200,"Symmetric bimodal",1000,"OLS",TRUE
"Main",200,"Symmetric bimodal",1000,"Semiparametric",TRUE
"Main",200,"Asymmetric mixture",725,"OLS",TRUE
"Main",200,"Asymmetric mixture",725,"Semiparametric",TRUE
"Main",500,"Asymmetric mixture",603,"OLS",TRUE
"Main",500,"Asymmetric mixture",603,"Semiparametric",TRUE
"Main",500,"Asymmetric mixture",315,"OLS",TRUE
"Main",500,"Asymmetric mixture",315,"Semiparametric",TRUE
"Main",500,"Gaussian",809,"OLS",TRUE
"Main",500,"Gaussian",809,"Semiparametric",TRUE
"Main",200,"Gaussian",819,"OLS",TRUE
"Main",200,"Gaussian",819,"Semiparametric",TRUE
"Main",500,"Asymmetric mixture",722,"OLS",TRUE
"Main",500,"Asymmetric mixture",722,"Semiparametric",TRUE
"Main",200,"Gaussian",677,"OLS",TRUE
"Main",200,"Gaussian",677,"Semiparametric",TRUE
"Main",500,"Gaussian",76,"OLS",TRUE
"Main",500,"Gaussian",76,"Semiparametric",TRUE
"Main",500,"Symmetric bimodal",709,"OLS",TRUE
"Main",500,"Symmetric bimodal",709,"Semiparametric",TRUE
"Main",200,"Skew-normal",261,"OLS",TRUE
"Main",200,"Skew-normal",261,"Semiparametric",TRUE
"Main",500,"Skew-normal",764,"OLS",TRUE
"Main",500,"Skew-normal",764,"Semiparametric",TRUE
"Main",200,"Gaussian",253,"OLS",TRUE
"Main",200,"Gaussian",253,"Semiparametric",TRUE
"Main",500,"Symmetric bimodal",447,"OLS",TRUE
"Main",500,"Symmetric bimodal",447,"Semiparametric",TRUE
"Main",500,"Gaussian",47,"OLS",TRUE
"Main",500,"Gaussian",47,"Semiparametric",TRUE
"Main",500,"Gaussian",286,"OLS",TRUE
"Main",500,"Gaussian",286,"Semiparametric",TRUE
"Main",200,"Symmetric bimodal",596,"OLS",TRUE
"Main",200,"Symmetric bimodal",596,"Semiparametric",TRUE
"Main",200,"Asymmetric mixture",916,"OLS",TRUE
"Main",200,"Asymmetric mixture",916,"Semiparametric",TRUE
"Main",200,"Symmetric bimodal",909,"OLS",TRUE
"Main",200,"Symmetric bimodal",909,"Semiparametric",TRUE
"Main",500,"Gaussian",756,"OLS",TRUE
"Main",500,"Gaussian",756,"Semiparametric",TRUE
"Main",500,"Symmetric bimodal",292,"OLS",TRUE
"Main",500,"Symmetric bimodal",292,"Semiparametric",TRUE
"Main",500,"Symmetric bimodal",898,"OLS",TRUE
"Main",500,"Symmetric bimodal",898,"Semiparametric",TRUE
"Main",200,"Asymmetric mixture",789,"OLS",TRUE
"Main",200,"Asymmetric mixture",789,"Semiparametric",TRUE
"Main",500,"Asymmetric mixture",234,"OLS",TRUE
"Main",500,"Asymmetric mixture",234,"Semiparametric",TRUE
"Main",500,"Symmetric bimodal",215,"OLS",TRUE
"Main",500,"Symmetric bimodal",215,"Semiparametric",TRUE
"Main",200,"Gaussian",196,"OLS",TRUE
"Main",200,"Gaussian",196,"Semiparametric",TRUE
"Main",500,"Asymmetric mixture",366,"OLS",TRUE
"Main",500,"Asymmetric mixture",366,"Semiparametric",TRUE
"Main",200,"Gaussian",318,"OLS",TRUE
"Main",200,"Gaussian",318,"Semiparametric",TRUE
"Main",500,"Asymmetric mixture",870,"OLS",TRUE
"Main",500,"Asymmetric mixture",870,"Semiparametric",TRUE
"Main",200,"Asymmetric mixture",95,"OLS",TRUE
"Main",200,"Asymmetric mixture",95,"Semiparametric",TRUE
"Main",500,"Asymmetric mixture",591,"OLS",TRUE
"Main",500,"Asymmetric mixture",591,"Semiparametric",TRUE
"Main",200,"Gaussian",260,"OLS",TRUE
"Main",200,"Gaussian",260,"Semiparametric",TRUE
"Main",500,"Symmetric bimodal",316,"OLS",TRUE
"Main",500,"Symmetric bimodal",316,"Semiparametric",TRUE
"Main",500,"Asymmetric mixture",764,"OLS",TRUE
"Main",500,"Asymmetric mixture",764,"Semiparametric",TRUE
"Main",500,"Asymmetric mixture",58,"OLS",TRUE
"Main",500,"Asymmetric mixture",58,"Semiparametric",FALSE
"Main",200,"Symmetric bimodal",501,"OLS",TRUE
"Main",200,"Symmetric bimodal",501,"Semiparametric",TRUE
"Main",200,"Asymmetric mixture",809,"OLS",TRUE
"Main",200,"Asymmetric mixture",809,"Semiparametric",TRUE
"Main",500,"Symmetric bimodal",966,"OLS",TRUE
"Main",500,"Symmetric bimodal",966,"Semiparametric",TRUE
"Main",200,"Skew-normal",96,"OLS",TRUE
"Main",200,"Skew-normal",96,"Semiparametric",TRUE
"Main",200,"Skew-normal",53,"OLS",TRUE
"Main",200,"Skew-normal",53,"Semiparametric",TRUE
"Main",500,"Gaussian",414,"OLS",TRUE
"Main",500,"Gaussian",414,"Semiparametric",TRUE
"Main",500,"Symmetric bimodal",92,"OLS",TRUE
"Main",500,"Symmetric bimodal",92,"Semiparametric",TRUE
"Main",500,"Symmetric bimodal",89,"OLS",TRUE
"Main",500,"Symmetric bimodal",89,"Semiparametric",TRUE
"Main",500,"Gaussian",21,"OLS",TRUE
"Main",500,"Gaussian",21,"Semiparametric",TRUE
"Main",500,"Skew-normal",186,"OLS",TRUE
"Main",500,"Skew-normal",186,"Semiparametric",TRUE
"Main",500,"Symmetric bimodal",580,"OLS",TRUE
"Main",500,"Symmetric bimodal",580,"Semiparametric",TRUE
"Main",200,"Symmetric bimodal",181,"OLS",TRUE
"Main",200,"Symmetric bimodal",181,"Semiparametric",TRUE
"Main",200,"Gaussian",477,"OLS",TRUE
"Main",200,"Gaussian",477,"Semiparametric",TRUE
"Main",500,"Gaussian",318,"OLS",TRUE
"Main",500,"Gaussian",318,"Semiparametric",TRUE
"Main",500,"Skew-normal",967,"OLS",TRUE
"Main",500,"Skew-normal",967,"Semiparametric",TRUE
"Main",500,"Symmetric bimodal",570,"OLS",TRUE
"Main",500,"Symmetric bimodal",570,"Semiparametric",TRUE
"Main",200,"Gaussian",476,"OLS",TRUE
"Main",200,"Gaussian",476,"Semiparametric",TRUE
"Main",200,"Gaussian",715,"OLS",TRUE
"Main",200,"Gaussian",715,"Semiparametric",TRUE
"Main",500,"Symmetric bimodal",658,"OLS",TRUE
"Main",500,"Symmetric bimodal",658,"Semiparametric",TRUE
"Main",200,"Skew-normal",605,"OLS",TRUE
"Main",200,"Skew-normal",605,"Semiparametric",TRUE
"Main",500,"Skew-normal",25,"OLS",TRUE
"Main",500,"Skew-normal",25,"Semiparametric",TRUE
"Main",500,"Gaussian",720,"OLS",TRUE
"Main",500,"Gaussian",720,"Semiparametric",TRUE
"Main",200,"Symmetric bimodal",966,"OLS",TRUE
"Main",200,"Symmetric bimodal",966,"Semiparametric",TRUE
"Main",500,"Skew-normal",477,"OLS",TRUE
"Main",500,"Skew-normal",477,"Semiparametric",TRUE
"Main",500,"Gaussian",96,"OLS",TRUE
"Main",500,"Gaussian",96,"Semiparametric",TRUE
"Main",200,"Asymmetric mixture",523,"OLS",TRUE
"Main",200,"Asymmetric mixture",523,"Semiparametric",TRUE
"Main",200,"Skew-normal",655,"OLS",TRUE
"Main",200,"Skew-normal",655,"Semiparametric",TRUE
"Main",500,"Asymmetric mixture",600,"OLS",TRUE
"Main",500,"Asymmetric mixture",600,"Semiparametric",TRUE
"Main",500,"Gaussian",455,"OLS",TRUE
"Main",500,"Gaussian",455,"Semiparametric",TRUE
"Main",200,"Skew-normal",119,"OLS",TRUE
"Main",200,"Skew-normal",119,"Semiparametric",TRUE
"Main",200,"Skew-normal",899,"OLS",TRUE
"Main",200,"Skew-normal",899,"Semiparametric",TRUE
"Main",500,"Symmetric bimodal",195,"OLS",TRUE
"Main",500,"Symmetric bimodal",195,"Semiparametric",TRUE
"Main",500,"Gaussian",182,"OLS",TRUE
"Main",500,"Gaussian",182,"Semiparametric",TRUE
"Main",200,"Symmetric bimodal",85,"OLS",TRUE
"Main",200,"Symmetric bimodal",85,"Semiparametric",TRUE
"Main",200,"Skew-normal",148,"OLS",TRUE
"Main",200,"Skew-normal",148,"Semiparametric",TRUE
"Main",200,"Asymmetric mixture",165,"OLS",TRUE
"Main",200,"Asymmetric mixture",165,"Semiparametric",TRUE
"Main",500,"Gaussian",161,"OLS",TRUE
"Main",500,"Gaussian",161,"Semiparametric",TRUE
"Main",500,"Gaussian",94,"OLS",TRUE
"Main",500,"Gaussian",94,"Semiparametric",TRUE
"Main",500,"Symmetric bimodal",57,"OLS",TRUE
"Main",500,"Symmetric bimodal",57,"Semiparametric",TRUE
"Main",500,"Asymmetric mixture",703,"OLS",TRUE
"Main",500,"Asymmetric mixture",703,"Semiparametric",TRUE
"Main",500,"Gaussian",487,"OLS",TRUE
"Main",500,"Gaussian",487,"Semiparametric",TRUE
"Main",200,"Asymmetric mixture",970,"OLS",TRUE
"Main",200,"Asymmetric mixture",970,"Semiparametric",TRUE
"Main",500,"Asymmetric mixture",56,"OLS",TRUE
"Main",500,"Asymmetric mixture",56,"Semiparametric",TRUE
"Main",500,"Gaussian",603,"OLS",TRUE
"Main",500,"Gaussian",603,"Semiparametric",TRUE
"Main",200,"Symmetric bimodal",963,"OLS",TRUE
"Main",200,"Symmetric bimodal",963,"Semiparametric",TRUE
"Main",200,"Symmetric bimodal",901,"OLS",TRUE
"Main",200,"Symmetric bimodal",901,"Semiparametric",TRUE
"Main",500,"Skew-normal",326,"OLS",TRUE
"Main",500,"Skew-normal",326,"Semiparametric",TRUE
"Main",500,"Asymmetric mixture",376,"OLS",TRUE
"Main",500,"Asymmetric mixture",376,"Semiparametric",TRUE
"Main",500,"Symmetric bimodal",939,"OLS",TRUE
"Main",500,"Symmetric bimodal",939,"Semiparametric",TRUE
"Main",200,"Asymmetric mixture",417,"OLS",TRUE
"Main",200,"Asymmetric mixture",417,"Semiparametric",TRUE
"Main",500,"Asymmetric mixture",279,"OLS",TRUE
"Main",500,"Asymmetric mixture",279,"Semiparametric",TRUE
"Main",200,"Symmetric bimodal",636,"OLS",TRUE
"Main",200,"Symmetric bimodal",636,"Semiparametric",FALSE
"Main",500,"Gaussian",260,"OLS",TRUE
"Main",500,"Gaussian",260,"Semiparametric",TRUE
"Main",200,"Skew-normal",987,"OLS",TRUE
"Main",200,"Skew-normal",987,"Semiparametric",TRUE
"Main",500,"Symmetric bimodal",925,"OLS",TRUE
"Main",500,"Symmetric bimodal",925,"Semiparametric",TRUE
"Main",200,"Symmetric bimodal",124,"OLS",TRUE
"Main",200,"Symmetric bimodal",124,"Semiparametric",TRUE
"Main",500,"Symmetric bimodal",828,"OLS",TRUE
"Main",500,"Symmetric bimodal",828,"Semiparametric",TRUE
"Main",200,"Skew-normal",306,"OLS",TRUE
"Main",200,"Skew-normal",306,"Semiparametric",TRUE
"Main",200,"Asymmetric mixture",794,"OLS",TRUE
"Main",200,"Asymmetric mixture",794,"Semiparametric",TRUE
"Main",200,"Symmetric bimodal",517,"OLS",TRUE
"Main",200,"Symmetric bimodal",517,"Semiparametric",TRUE
"Main",200,"Gaussian",839,"OLS",TRUE
"Main",200,"Gaussian",839,"Semiparametric",TRUE
"Main",500,"Skew-normal",807,"OLS",TRUE
"Main",500,"Skew-normal",807,"Semiparametric",TRUE
"Main",500,"Symmetric bimodal",504,"OLS",TRUE
"Main",500,"Symmetric bimodal",504,"Semiparametric",TRUE
"Main",500,"Gaussian",749,"OLS",TRUE
"Main",500,"Gaussian",749,"Semiparametric",TRUE
"Main",200,"Symmetric bimodal",405,"OLS",TRUE
"Main",200,"Symmetric bimodal",405,"Semiparametric",TRUE
"Main",500,"Symmetric bimodal",309,"OLS",TRUE
"Main",500,"Symmetric bimodal",309,"Semiparametric",TRUE
"Main",500,"Skew-normal",935,"OLS",TRUE
"Main",500,"Skew-normal",935,"Semiparametric",TRUE
"Main",200,"Skew-normal",793,"OLS",TRUE
"Main",200,"Skew-normal",793,"Semiparametric",TRUE
"Main",500,"Gaussian",702,"OLS",TRUE
"Main",500,"Gaussian",702,"Semiparametric",TRUE
"Main",500,"Symmetric bimodal",722,"OLS",TRUE
"Main",500,"Symmetric bimodal",722,"Semiparametric",TRUE
"Main",500,"Symmetric bimodal",179,"OLS",TRUE
"Main",500,"Symmetric bimodal",179,"Semiparametric",TRUE
"Main",200,"Symmetric bimodal",497,"OLS",TRUE
"Main",200,"Symmetric bimodal",497,"Semiparametric",TRUE
"Main",500,"Skew-normal",850,"OLS",TRUE
"Main",500,"Skew-normal",850,"Semiparametric",TRUE
"Main",500,"Gaussian",939,"OLS",TRUE
"Main",500,"Gaussian",939,"Semiparametric",TRUE
"Main",200,"Symmetric bimodal",959,"OLS",TRUE
"Main",200,"Symmetric bimodal",959,"Semiparametric",TRUE
"Main",500,"Gaussian",639,"OLS",TRUE
"Main",500,"Gaussian",639,"Semiparametric",TRUE
"Main",500,"Skew-normal",155,"OLS",TRUE
"Main",500,"Skew-normal",155,"Semiparametric",TRUE
"Main",200,"Symmetric bimodal",808,"OLS",TRUE
"Main",200,"Symmetric bimodal",808,"Semiparametric",TRUE
"Main",200,"Symmetric bimodal",495,"OLS",TRUE
"Main",200,"Symmetric bimodal",495,"Semiparametric",TRUE
"Main",200,"Skew-normal",553,"OLS",TRUE
"Main",200,"Skew-normal",553,"Semiparametric",TRUE
"Main",500,"Skew-normal",587,"OLS",TRUE
"Main",500,"Skew-normal",587,"Semiparametric",TRUE
"Main",500,"Skew-normal",70,"OLS",TRUE
"Main",500,"Skew-normal",70,"Semiparametric",TRUE
"Main",200,"Gaussian",228,"OLS",TRUE
"Main",200,"Gaussian",228,"Semiparametric",TRUE
"Main",500,"Asymmetric mixture",469,"OLS",TRUE
"Main",500,"Asymmetric mixture",469,"Semiparametric",TRUE
"Main",200,"Skew-normal",868,"OLS",TRUE
"Main",200,"Skew-normal",868,"Semiparametric",TRUE
"Main",500,"Symmetric bimodal",717,"OLS",TRUE
"Main",500,"Symmetric bimodal",717,"Semiparametric",TRUE
"Main",500,"Asymmetric mixture",567,"OLS",TRUE
"Main",500,"Asymmetric mixture",567,"Semiparametric",TRUE
"Main",500,"Skew-normal",295,"OLS",TRUE
"Main",500,"Skew-normal",295,"Semiparametric",TRUE
"Main",500,"Asymmetric mixture",935,"OLS",TRUE
"Main",500,"Asymmetric mixture",935,"Semiparametric",TRUE
"Main",200,"Symmetric bimodal",431,"OLS",TRUE
"Main",200,"Symmetric bimodal",431,"Semiparametric",TRUE
"Main",500,"Gaussian",545,"OLS",TRUE
"Main",500,"Gaussian",545,"Semiparametric",TRUE
"Main",200,"Symmetric bimodal",59,"OLS",TRUE
"Main",200,"Symmetric bimodal",59,"Semiparametric",TRUE
"Main",500,"Asymmetric mixture",921,"OLS",TRUE
"Main",500,"Asymmetric mixture",921,"Semiparametric",TRUE
"Main",200,"Symmetric bimodal",917,"OLS",TRUE
"Main",200,"Symmetric bimodal",917,"Semiparametric",FALSE
"Main",500,"Asymmetric mixture",721,"OLS",TRUE
"Main",500,"Asymmetric mixture",721,"Semiparametric",TRUE
"Main",200,"Skew-normal",819,"OLS",TRUE
"Main",200,"Skew-normal",819,"Semiparametric",TRUE
"Main",500,"Asymmetric mixture",6,"OLS",TRUE
"Main",500,"Asymmetric mixture",6,"Semiparametric",TRUE
"Main",200,"Skew-normal",354,"OLS",TRUE
"Main",200,"Skew-normal",354,"Semiparametric",TRUE
"Main",200,"Gaussian",93,"OLS",TRUE
"Main",200,"Gaussian",93,"Semiparametric",TRUE
"Main",500,"Skew-normal",727,"OLS",TRUE
"Main",500,"Skew-normal",727,"Semiparametric",TRUE
"Main",200,"Asymmetric mixture",763,"OLS",TRUE
"Main",200,"Asymmetric mixture",763,"Semiparametric",FALSE
"Main",500,"Gaussian",513,"OLS",TRUE
"Main",500,"Gaussian",513,"Semiparametric",TRUE
"Main",500,"Gaussian",602,"OLS",TRUE
"Main",500,"Gaussian",602,"Semiparametric",TRUE
"Main",500,"Asymmetric mixture",529,"OLS",TRUE
"Main",500,"Asymmetric mixture",529,"Semiparametric",TRUE
"Main",200,"Symmetric bimodal",397,"OLS",TRUE
"Main",200,"Symmetric bimodal",397,"Semiparametric",TRUE
"Main",500,"Skew-normal",988,"OLS",TRUE
"Main",500,"Skew-normal",988,"Semiparametric",TRUE
"Main",200,"Skew-normal",321,"OLS",TRUE
"Main",200,"Skew-normal",321,"Semiparametric",TRUE
"Main",200,"Gaussian",308,"OLS",TRUE
"Main",200,"Gaussian",308,"Semiparametric",TRUE
"Main",200,"Symmetric bimodal",199,"OLS",TRUE
"Main",200,"Symmetric bimodal",199,"Semiparametric",TRUE
"Main",200,"Asymmetric mixture",518,"OLS",TRUE
"Main",200,"Asymmetric mixture",518,"Semiparametric",TRUE
"Main",200,"Skew-normal",693,"OLS",TRUE
"Main",200,"Skew-normal",693,"Semiparametric",TRUE
"Main",500,"Gaussian",45,"OLS",TRUE
"Main",500,"Gaussian",45,"Semiparametric",TRUE
"Main",200,"Symmetric bimodal",288,"OLS",TRUE
"Main",200,"Symmetric bimodal",288,"Semiparametric",TRUE
"Main",500,"Symmetric bimodal",926,"OLS",TRUE
"Main",500,"Symmetric bimodal",926,"Semiparametric",TRUE
"Main",500,"Symmetric bimodal",686,"OLS",TRUE
"Main",500,"Symmetric bimodal",686,"Semiparametric",TRUE
"Main",200,"Symmetric bimodal",508,"OLS",TRUE
"Main",200,"Symmetric bimodal",508,"Semiparametric",TRUE
"Main",500,"Symmetric bimodal",244,"OLS",TRUE
"Main",500,"Symmetric bimodal",244,"Semiparametric",TRUE
"Main",500,"Asymmetric mixture",733,"OLS",TRUE
"Main",500,"Asymmetric mixture",733,"Semiparametric",TRUE
"Main",500,"Gaussian",281,"OLS",TRUE
"Main",500,"Gaussian",281,"Semiparametric",TRUE
"Main",200,"Asymmetric mixture",213,"OLS",TRUE
"Main",200,"Asymmetric mixture",213,"Semiparametric",TRUE
"Main",500,"Gaussian",168,"OLS",TRUE
"Main",500,"Gaussian",168,"Semiparametric",TRUE
"Main",500,"Skew-normal",709,"OLS",TRUE
"Main",500,"Skew-normal",709,"Semiparametric",TRUE
"Main",500,"Gaussian",111,"OLS",TRUE
"Main",500,"Gaussian",111,"Semiparametric",TRUE
"Main",500,"Gaussian",485,"OLS",TRUE
"Main",500,"Gaussian",485,"Semiparametric",TRUE
"Main",500,"Asymmetric mixture",370,"OLS",TRUE
"Main",500,"Asymmetric mixture",370,"Semiparametric",TRUE
"Main",200,"Skew-normal",684,"OLS",TRUE
"Main",200,"Skew-normal",684,"Semiparametric",TRUE
"Main",200,"Gaussian",902,"OLS",TRUE
"Main",200,"Gaussian",902,"Semiparametric",TRUE
"Main",500,"Symmetric bimodal",634,"OLS",TRUE
"Main",500,"Symmetric bimodal",634,"Semiparametric",TRUE
"Main",500,"Asymmetric mixture",345,"OLS",TRUE
"Main",500,"Asymmetric mixture",345,"Semiparametric",TRUE
"Main",500,"Asymmetric mixture",739,"OLS",TRUE
"Main",500,"Asymmetric mixture",739,"Semiparametric",TRUE
"Main",500,"Symmetric bimodal",987,"OLS",TRUE
"Main",500,"Symmetric bimodal",987,"Semiparametric",TRUE
"Main",500,"Skew-normal",455,"OLS",TRUE
"Main",500,"Skew-normal",455,"Semiparametric",TRUE
"Main",500,"Gaussian",636,"OLS",TRUE
"Main",500,"Gaussian",636,"Semiparametric",TRUE
"Main",200,"Symmetric bimodal",24,"OLS",TRUE
"Main",200,"Symmetric bimodal",24,"Semiparametric",TRUE
"Main",200,"Skew-normal",181,"OLS",TRUE
"Main",200,"Skew-normal",181,"Semiparametric",TRUE
"Main",500,"Asymmetric mixture",854,"OLS",TRUE
"Main",500,"Asymmetric mixture",854,"Semiparametric",TRUE
"Main",200,"Skew-normal",77,"OLS",TRUE
"Main",200,"Skew-normal",77,"Semiparametric",TRUE
"Main",200,"Asymmetric mixture",201,"OLS",TRUE
"Main",200,"Asymmetric mixture",201,"Semiparametric",TRUE
"Main",200,"Skew-normal",917,"OLS",TRUE
"Main",200,"Skew-normal",917,"Semiparametric",TRUE
"Main",200,"Gaussian",83,"OLS",TRUE
"Main",200,"Gaussian",83,"Semiparametric",TRUE
"Main",500,"Skew-normal",846,"OLS",TRUE
"Main",500,"Skew-normal",846,"Semiparametric",TRUE
"Main",200,"Gaussian",504,"OLS",TRUE
"Main",200,"Gaussian",504,"Semiparametric",TRUE
"Main",200,"Gaussian",441,"OLS",TRUE
"Main",200,"Gaussian",441,"Semiparametric",TRUE
"Main",500,"Gaussian",334,"OLS",TRUE
"Main",500,"Gaussian",334,"Semiparametric",TRUE
"Main",500,"Symmetric bimodal",241,"OLS",TRUE
"Main",500,"Symmetric bimodal",241,"Semiparametric",TRUE
"Main",200,"Symmetric bimodal",269,"OLS",TRUE
"Main",200,"Symmetric bimodal",269,"Semiparametric",TRUE
"Main",500,"Gaussian",727,"OLS",TRUE
"Main",500,"Gaussian",727,"Semiparametric",TRUE
"Main",500,"Symmetric bimodal",389,"OLS",TRUE
"Main",500,"Symmetric bimodal",389,"Semiparametric",TRUE
"Main",200,"Skew-normal",617,"OLS",TRUE
"Main",200,"Skew-normal",617,"Semiparametric",TRUE
"Main",200,"Skew-normal",957,"OLS",TRUE
"Main",200,"Skew-normal",957,"Semiparametric",TRUE
"Main",500,"Asymmetric mixture",156,"OLS",TRUE
"Main",500,"Asymmetric mixture",156,"Semiparametric",TRUE
"Main",500,"Gaussian",704,"OLS",TRUE
"Main",500,"Gaussian",704,"Semiparametric",TRUE
"Main",200,"Skew-normal",869,"OLS",TRUE
"Main",200,"Skew-normal",869,"Semiparametric",TRUE
"Main",500,"Skew-normal",522,"OLS",TRUE
"Main",500,"Skew-normal",522,"Semiparametric",TRUE
"Main",500,"Asymmetric mixture",329,"OLS",TRUE
"Main",500,"Asymmetric mixture",329,"Semiparametric",TRUE
"Main",500,"Asymmetric mixture",453,"OLS",TRUE
"Main",500,"Asymmetric mixture",453,"Semiparametric",TRUE
"Main",200,"Asymmetric mixture",391,"OLS",TRUE
"Main",200,"Asymmetric mixture",391,"Semiparametric",TRUE
"Main",500,"Gaussian",666,"OLS",TRUE
"Main",500,"Gaussian",666,"Semiparametric",TRUE
"Main",200,"Asymmetric mixture",526,"OLS",TRUE
"Main",200,"Asymmetric mixture",526,"Semiparametric",FALSE
"Main",500,"Skew-normal",29,"OLS",TRUE
"Main",500,"Skew-normal",29,"Semiparametric",TRUE
"Main",500,"Skew-normal",554,"OLS",TRUE
"Main",500,"Skew-normal",554,"Semiparametric",TRUE
"Main",500,"Asymmetric mixture",169,"OLS",TRUE
"Main",500,"Asymmetric mixture",169,"Semiparametric",TRUE
"Main",500,"Skew-normal",197,"OLS",TRUE
"Main",500,"Skew-normal",197,"Semiparametric",TRUE
"Main",500,"Skew-normal",952,"OLS",TRUE
"Main",500,"Skew-normal",952,"Semiparametric",TRUE
"Main",500,"Skew-normal",827,"OLS",TRUE
"Main",500,"Skew-normal",827,"Semiparametric",TRUE
"Main",500,"Symmetric bimodal",24,"OLS",TRUE
"Main",500,"Symmetric bimodal",24,"Semiparametric",TRUE
"Main",500,"Gaussian",558,"OLS",TRUE
"Main",500,"Gaussian",558,"Semiparametric",TRUE
"Main",500,"Skew-normal",618,"OLS",TRUE
"Main",500,"Skew-normal",618,"Semiparametric",TRUE
"Main",500,"Gaussian",415,"OLS",TRUE
"Main",500,"Gaussian",415,"Semiparametric",TRUE
"Main",200,"Gaussian",725,"OLS",TRUE
"Main",200,"Gaussian",725,"Semiparametric",TRUE
"Main",200,"Skew-normal",816,"OLS",TRUE
"Main",200,"Skew-normal",816,"Semiparametric",TRUE
"Main",500,"Asymmetric mixture",384,"OLS",TRUE
"Main",500,"Asymmetric mixture",384,"Semiparametric",TRUE
"Main",200,"Symmetric bimodal",658,"OLS",TRUE
"Main",200,"Symmetric bimodal",658,"Semiparametric",TRUE
"Main",200,"Gaussian",525,"OLS",TRUE
"Main",200,"Gaussian",525,"Semiparametric",TRUE
"Main",200,"Symmetric bimodal",551,"OLS",TRUE
"Main",200,"Symmetric bimodal",551,"Semiparametric",TRUE
"Main",500,"Gaussian",621,"OLS",TRUE
"Main",500,"Gaussian",621,"Semiparametric",TRUE
"Main",200,"Asymmetric mixture",742,"OLS",TRUE
"Main",200,"Asymmetric mixture",742,"Semiparametric",TRUE
"Main",500,"Asymmetric mixture",756,"OLS",TRUE
"Main",500,"Asymmetric mixture",756,"Semiparametric",TRUE
"Main",200,"Skew-normal",805,"OLS",TRUE
"Main",200,"Skew-normal",805,"Semiparametric",TRUE
"Main",500,"Skew-normal",300,"OLS",TRUE
"Main",500,"Skew-normal",300,"Semiparametric",TRUE
"Main",500,"Skew-normal",565,"OLS",TRUE
"Main",500,"Skew-normal",565,"Semiparametric",TRUE
"Main",200,"Gaussian",610,"OLS",TRUE
"Main",200,"Gaussian",610,"Semiparametric",TRUE
"Main",500,"Skew-normal",704,"OLS",TRUE
"Main",500,"Skew-normal",704,"Semiparametric",TRUE
"Main",500,"Symmetric bimodal",498,"OLS",TRUE
"Main",500,"Symmetric bimodal",498,"Semiparametric",TRUE
"Main",200,"Gaussian",745,"OLS",TRUE
"Main",200,"Gaussian",745,"Semiparametric",TRUE
"Main",200,"Symmetric bimodal",7,"OLS",TRUE
"Main",200,"Symmetric bimodal",7,"Semiparametric",TRUE
"Main",200,"Gaussian",565,"OLS",TRUE
"Main",200,"Gaussian",565,"Semiparametric",TRUE
"Main",200,"Symmetric bimodal",223,"OLS",TRUE
"Main",200,"Symmetric bimodal",223,"Semiparametric",FALSE
"Main",500,"Gaussian",197,"OLS",TRUE
"Main",500,"Gaussian",197,"Semiparametric",TRUE
"Main",200,"Symmetric bimodal",210,"OLS",TRUE
"Main",200,"Symmetric bimodal",210,"Semiparametric",TRUE
"Main",200,"Gaussian",646,"OLS",TRUE
"Main",200,"Gaussian",646,"Semiparametric",TRUE
"Main",500,"Gaussian",335,"OLS",TRUE
"Main",500,"Gaussian",335,"Semiparametric",TRUE
"Main",200,"Skew-normal",234,"OLS",TRUE
"Main",200,"Skew-normal",234,"Semiparametric",TRUE
"Main",200,"Asymmetric mixture",640,"OLS",TRUE
"Main",200,"Asymmetric mixture",640,"Semiparametric",TRUE
"Main",500,"Gaussian",372,"OLS",TRUE
"Main",500,"Gaussian",372,"Semiparametric",TRUE
"Main",200,"Symmetric bimodal",146,"OLS",TRUE
"Main",200,"Symmetric bimodal",146,"Semiparametric",TRUE
"Main",500,"Asymmetric mixture",47,"OLS",TRUE
"Main",500,"Asymmetric mixture",47,"Semiparametric",TRUE
"Main",200,"Skew-normal",920,"OLS",TRUE
"Main",200,"Skew-normal",920,"Semiparametric",TRUE
"Main",500,"Gaussian",559,"OLS",TRUE
"Main",500,"Gaussian",559,"Semiparametric",TRUE
"Main",200,"Gaussian",853,"OLS",TRUE
"Main",200,"Gaussian",853,"Semiparametric",TRUE
"Main",200,"Gaussian",687,"OLS",TRUE
"Main",200,"Gaussian",687,"Semiparametric",TRUE
"Main",500,"Skew-normal",545,"OLS",TRUE
"Main",500,"Skew-normal",545,"Semiparametric",TRUE
"Main",200,"Asymmetric mixture",957,"OLS",TRUE
"Main",200,"Asymmetric mixture",957,"Semiparametric",TRUE
"Main",200,"Skew-normal",80,"OLS",TRUE
"Main",200,"Skew-normal",80,"Semiparametric",TRUE
"Main",500,"Symmetric bimodal",684,"OLS",TRUE
"Main",500,"Symmetric bimodal",684,"Semiparametric",TRUE
"Main",200,"Gaussian",522,"OLS",TRUE
"Main",200,"Gaussian",522,"Semiparametric",TRUE
"Main",500,"Skew-normal",782,"OLS",TRUE
"Main",500,"Skew-normal",782,"Semiparametric",TRUE
"Main",500,"Asymmetric mixture",205,"OLS",TRUE
"Main",500,"Asymmetric mixture",205,"Semiparametric",TRUE
"Main",200,"Gaussian",406,"OLS",TRUE
"Main",200,"Gaussian",406,"Semiparametric",TRUE
"Main",500,"Skew-normal",966,"OLS",TRUE
"Main",500,"Skew-normal",966,"Semiparametric",TRUE
"Main",200,"Asymmetric mixture",284,"OLS",TRUE
"Main",200,"Asymmetric mixture",284,"Semiparametric",TRUE
"Main",200,"Gaussian",237,"OLS",TRUE
"Main",200,"Gaussian",237,"Semiparametric",TRUE
"Main",200,"Symmetric bimodal",123,"OLS",TRUE
"Main",200,"Symmetric bimodal",123,"Semiparametric",TRUE
"Main",200,"Gaussian",869,"OLS",TRUE
"Main",200,"Gaussian",869,"Semiparametric",TRUE
"Main",500,"Symmetric bimodal",594,"OLS",TRUE
"Main",500,"Symmetric bimodal",594,"Semiparametric",TRUE
"Main",500,"Asymmetric mixture",909,"OLS",TRUE
"Main",500,"Asymmetric mixture",909,"Semiparametric",TRUE
"Main",200,"Symmetric bimodal",109,"OLS",TRUE
"Main",200,"Symmetric bimodal",109,"Semiparametric",TRUE
"Main",500,"Asymmetric mixture",362,"OLS",TRUE
"Main",500,"Asymmetric mixture",362,"Semiparametric",TRUE
"Main",500,"Skew-normal",596,"OLS",TRUE
"Main",500,"Skew-normal",596,"Semiparametric",TRUE
"Main",500,"Gaussian",405,"OLS",TRUE
"Main",500,"Gaussian",405,"Semiparametric",TRUE
"Main",200,"Skew-normal",308,"OLS",TRUE
"Main",200,"Skew-normal",308,"Semiparametric",TRUE
"Main",500,"Symmetric bimodal",949,"OLS",TRUE
"Main",500,"Symmetric bimodal",949,"Semiparametric",TRUE
"Main",200,"Asymmetric mixture",597,"OLS",TRUE
"Main",200,"Asymmetric mixture",597,"Semiparametric",TRUE
"Main",500,"Symmetric bimodal",850,"OLS",TRUE
"Main",500,"Symmetric bimodal",850,"Semiparametric",TRUE
"Main",200,"Symmetric bimodal",253,"OLS",TRUE
"Main",200,"Symmetric bimodal",253,"Semiparametric",TRUE
"Main",200,"Symmetric bimodal",638,"OLS",TRUE
"Main",200,"Symmetric bimodal",638,"Semiparametric",FALSE
"Main",500,"Asymmetric mixture",683,"OLS",TRUE
"Main",500,"Asymmetric mixture",683,"Semiparametric",TRUE
"Main",500,"Symmetric bimodal",425,"OLS",TRUE
"Main",500,"Symmetric bimodal",425,"Semiparametric",TRUE
"Main",500,"Gaussian",520,"OLS",TRUE
"Main",500,"Gaussian",520,"Semiparametric",TRUE
"Main",500,"Gaussian",665,"OLS",TRUE
"Main",500,"Gaussian",665,"Semiparametric",TRUE
"Main",200,"Gaussian",284,"OLS",TRUE
"Main",200,"Gaussian",284,"Semiparametric",TRUE
"Main",200,"Skew-normal",905,"OLS",TRUE
"Main",200,"Skew-normal",905,"Semiparametric",TRUE
"Main",500,"Skew-normal",714,"OLS",TRUE
"Main",500,"Skew-normal",714,"Semiparametric",TRUE
"Main",200,"Symmetric bimodal",882,"OLS",TRUE
"Main",200,"Symmetric bimodal",882,"Semiparametric",TRUE
"Main",500,"Symmetric bimodal",511,"OLS",TRUE
"Main",500,"Symmetric bimodal",511,"Semiparametric",TRUE
"Main",200,"Symmetric bimodal",787,"OLS",TRUE
"Main",200,"Symmetric bimodal",787,"Semiparametric",TRUE
"Main",500,"Gaussian",56,"OLS",TRUE
"Main",500,"Gaussian",56,"Semiparametric",TRUE
"Main",500,"Symmetric bimodal",219,"OLS",TRUE
"Main",500,"Symmetric bimodal",219,"Semiparametric",TRUE
"Main",500,"Asymmetric mixture",350,"OLS",TRUE
"Main",500,"Asymmetric mixture",350,"Semiparametric",TRUE
"Main",200,"Asymmetric mixture",767,"OLS",TRUE
"Main",200,"Asymmetric mixture",767,"Semiparametric",TRUE
"Main",500,"Skew-normal",716,"OLS",TRUE
"Main",500,"Skew-normal",716,"Semiparametric",TRUE
"Main",500,"Asymmetric mixture",327,"OLS",TRUE
"Main",500,"Asymmetric mixture",327,"Semiparametric",TRUE
"Main",200,"Gaussian",427,"OLS",TRUE
"Main",200,"Gaussian",427,"Semiparametric",TRUE
"Main",500,"Asymmetric mixture",484,"OLS",TRUE
"Main",500,"Asymmetric mixture",484,"Semiparametric",TRUE
"Main",500,"Symmetric bimodal",500,"OLS",TRUE
"Main",500,"Symmetric bimodal",500,"Semiparametric",TRUE
"Main",500,"Symmetric bimodal",885,"OLS",TRUE
"Main",500,"Symmetric bimodal",885,"Semiparametric",TRUE
"Main",500,"Symmetric bimodal",199,"OLS",TRUE
"Main",500,"Symmetric bimodal",199,"Semiparametric",TRUE
"Main",500,"Symmetric bimodal",649,"OLS",TRUE
"Main",500,"Symmetric bimodal",649,"Semiparametric",TRUE
"Main",500,"Gaussian",145,"OLS",TRUE
"Main",500,"Gaussian",145,"Semiparametric",TRUE
"Main",500,"Symmetric bimodal",731,"OLS",TRUE
"Main",500,"Symmetric bimodal",731,"Semiparametric",TRUE
"Main",500,"Skew-normal",875,"OLS",TRUE
"Main",500,"Skew-normal",875,"Semiparametric",TRUE
"Main",200,"Symmetric bimodal",376,"OLS",TRUE
"Main",200,"Symmetric bimodal",376,"Semiparametric",TRUE
"Main",200,"Asymmetric mixture",504,"OLS",TRUE
"Main",200,"Asymmetric mixture",504,"Semiparametric",TRUE
"Main",500,"Symmetric bimodal",168,"OLS",TRUE
"Main",500,"Symmetric bimodal",168,"Semiparametric",TRUE
"Main",200,"Asymmetric mixture",264,"OLS",TRUE
"Main",200,"Asymmetric mixture",264,"Semiparametric",TRUE
"Main",500,"Symmetric bimodal",951,"OLS",TRUE
"Main",500,"Symmetric bimodal",951,"Semiparametric",TRUE
"Main",500,"Skew-normal",381,"OLS",TRUE
"Main",500,"Skew-normal",381,"Semiparametric",TRUE
"Main",500,"Asymmetric mixture",663,"OLS",TRUE
"Main",500,"Asymmetric mixture",663,"Semiparametric",TRUE
"Main",500,"Symmetric bimodal",929,"OLS",TRUE
"Main",500,"Symmetric bimodal",929,"Semiparametric",TRUE
"Main",200,"Symmetric bimodal",718,"OLS",TRUE
"Main",200,"Symmetric bimodal",718,"Semiparametric",TRUE
"Main",500,"Gaussian",375,"OLS",TRUE
"Main",500,"Gaussian",375,"Semiparametric",TRUE
"Main",500,"Asymmetric mixture",862,"OLS",TRUE
"Main",500,"Asymmetric mixture",862,"Semiparametric",TRUE
"Main",500,"Asymmetric mixture",461,"OLS",TRUE
"Main",500,"Asymmetric mixture",461,"Semiparametric",TRUE
"Main",500,"Symmetric bimodal",933,"OLS",TRUE
"Main",500,"Symmetric bimodal",933,"Semiparametric",TRUE
"Main",200,"Gaussian",96,"OLS",TRUE
"Main",200,"Gaussian",96,"Semiparametric",TRUE
"Main",200,"Asymmetric mixture",238,"OLS",TRUE
"Main",200,"Asymmetric mixture",238,"Semiparametric",TRUE
"Main",500,"Asymmetric mixture",5,"OLS",TRUE
"Main",500,"Asymmetric mixture",5,"Semiparametric",TRUE
"Main",500,"Asymmetric mixture",772,"OLS",TRUE
"Main",500,"Asymmetric mixture",772,"Semiparametric",TRUE
"Main",500,"Gaussian",963,"OLS",TRUE
"Main",500,"Gaussian",963,"Semiparametric",TRUE
"Main",500,"Asymmetric mixture",423,"OLS",TRUE
"Main",500,"Asymmetric mixture",423,"Semiparametric",TRUE
"Main",500,"Skew-normal",750,"OLS",TRUE
"Main",500,"Skew-normal",750,"Semiparametric",TRUE
"Main",500,"Skew-normal",585,"OLS",TRUE
"Main",500,"Skew-normal",585,"Semiparametric",TRUE
"Main",500,"Symmetric bimodal",727,"OLS",TRUE
"Main",500,"Symmetric bimodal",727,"Semiparametric",TRUE
"Main",200,"Gaussian",335,"OLS",TRUE
"Main",200,"Gaussian",335,"Semiparametric",TRUE
"Main",200,"Gaussian",940,"OLS",TRUE
"Main",200,"Gaussian",940,"Semiparametric",TRUE
"Main",200,"Symmetric bimodal",762,"OLS",TRUE
"Main",200,"Symmetric bimodal",762,"Semiparametric",TRUE
"Main",200,"Asymmetric mixture",444,"OLS",TRUE
"Main",200,"Asymmetric mixture",444,"Semiparametric",TRUE
"Main",200,"Symmetric bimodal",949,"OLS",TRUE
"Main",200,"Symmetric bimodal",949,"Semiparametric",FALSE
"Main",200,"Gaussian",577,"OLS",TRUE
"Main",200,"Gaussian",577,"Semiparametric",TRUE
"Main",200,"Symmetric bimodal",880,"OLS",TRUE
"Main",200,"Symmetric bimodal",880,"Semiparametric",TRUE
"Main",500,"Symmetric bimodal",273,"OLS",TRUE
"Main",500,"Symmetric bimodal",273,"Semiparametric",TRUE
"Main",200,"Gaussian",78,"OLS",TRUE
"Main",200,"Gaussian",78,"Semiparametric",TRUE
"Main",200,"Symmetric bimodal",930,"OLS",TRUE
"Main",200,"Symmetric bimodal",930,"Semiparametric",TRUE
"Main",200,"Symmetric bimodal",235,"OLS",TRUE
"Main",200,"Symmetric bimodal",235,"Semiparametric",TRUE
"Main",500,"Skew-normal",556,"OLS",TRUE
"Main",500,"Skew-normal",556,"Semiparametric",TRUE
"Main",500,"Skew-normal",963,"OLS",TRUE
"Main",500,"Skew-normal",963,"Semiparametric",TRUE
"Main",200,"Skew-normal",580,"OLS",TRUE
"Main",200,"Skew-normal",580,"Semiparametric",TRUE
"Main",500,"Symmetric bimodal",935,"OLS",TRUE
"Main",500,"Symmetric bimodal",935,"Semiparametric",TRUE
"Main",500,"Asymmetric mixture",381,"OLS",TRUE
"Main",500,"Asymmetric mixture",381,"Semiparametric",TRUE
"Main",200,"Asymmetric mixture",214,"OLS",TRUE
"Main",200,"Asymmetric mixture",214,"Semiparametric",TRUE
"Main",200,"Asymmetric mixture",175,"OLS",TRUE
"Main",200,"Asymmetric mixture",175,"Semiparametric",TRUE
"Main",500,"Skew-normal",318,"OLS",TRUE
"Main",500,"Skew-normal",318,"Semiparametric",TRUE
"Main",200,"Symmetric bimodal",575,"OLS",TRUE
"Main",200,"Symmetric bimodal",575,"Semiparametric",TRUE
"Main",500,"Symmetric bimodal",23,"OLS",TRUE
"Main",500,"Symmetric bimodal",23,"Semiparametric",TRUE
"Main",200,"Gaussian",549,"OLS",TRUE
"Main",200,"Gaussian",549,"Semiparametric",TRUE
"Main",200,"Gaussian",123,"OLS",TRUE
"Main",200,"Gaussian",123,"Semiparametric",TRUE
"Main",500,"Gaussian",855,"OLS",TRUE
"Main",500,"Gaussian",855,"Semiparametric",TRUE
"Main",500,"Symmetric bimodal",462,"OLS",TRUE
"Main",500,"Symmetric bimodal",462,"Semiparametric",TRUE
"Main",500,"Symmetric bimodal",917,"OLS",TRUE
"Main",500,"Symmetric bimodal",917,"Semiparametric",TRUE
"Main",200,"Gaussian",304,"OLS",TRUE
"Main",200,"Gaussian",304,"Semiparametric",TRUE
"Main",200,"Gaussian",683,"OLS",TRUE
"Main",200,"Gaussian",683,"Semiparametric",TRUE
"Main",200,"Gaussian",328,"OLS",TRUE
"Main",200,"Gaussian",328,"Semiparametric",TRUE
"Main",200,"Gaussian",623,"OLS",TRUE
"Main",200,"Gaussian",623,"Semiparametric",TRUE
"Main",200,"Skew-normal",866,"OLS",TRUE
"Main",200,"Skew-normal",866,"Semiparametric",TRUE
"Main",500,"Asymmetric mixture",766,"OLS",TRUE
"Main",500,"Asymmetric mixture",766,"Semiparametric",TRUE
"Main",200,"Symmetric bimodal",592,"OLS",TRUE
"Main",200,"Symmetric bimodal",592,"Semiparametric",TRUE
"Main",500,"Skew-normal",577,"OLS",TRUE
"Main",500,"Skew-normal",577,"Semiparametric",TRUE
"Main",500,"Gaussian",173,"OLS",TRUE
"Main",500,"Gaussian",173,"Semiparametric",TRUE
"Main",500,"Asymmetric mixture",144,"OLS",TRUE
"Main",500,"Asymmetric mixture",144,"Semiparametric",TRUE
"Main",200,"Asymmetric mixture",733,"OLS",TRUE
"Main",200,"Asymmetric mixture",733,"Semiparametric",TRUE
"Main",500,"Asymmetric mixture",251,"OLS",TRUE
"Main",500,"Asymmetric mixture",251,"Semiparametric",TRUE
"Main",200,"Skew-normal",226,"OLS",TRUE
"Main",200,"Skew-normal",226,"Semiparametric",TRUE
"Main",200,"Skew-normal",534,"OLS",TRUE
"Main",200,"Skew-normal",534,"Semiparametric",TRUE
"Main",200,"Asymmetric mixture",689,"OLS",TRUE
"Main",200,"Asymmetric mixture",689,"Semiparametric",TRUE
"Main",200,"Asymmetric mixture",727,"OLS",TRUE
"Main",200,"Asymmetric mixture",727,"Semiparametric",TRUE
"Main",500,"Asymmetric mixture",672,"OLS",TRUE
"Main",500,"Asymmetric mixture",672,"Semiparametric",TRUE
"Main",500,"Gaussian",840,"OLS",TRUE
"Main",500,"Gaussian",840,"Semiparametric",TRUE
"Main",500,"Skew-normal",562,"OLS",TRUE
"Main",500,"Skew-normal",562,"Semiparametric",TRUE
"Main",200,"Asymmetric mixture",270,"OLS",TRUE
"Main",200,"Asymmetric mixture",270,"Semiparametric",TRUE
"Main",200,"Gaussian",157,"OLS",TRUE
"Main",200,"Gaussian",157,"Semiparametric",TRUE
"Main",500,"Skew-normal",861,"OLS",TRUE
"Main",500,"Skew-normal",861,"Semiparametric",TRUE
"Main",200,"Symmetric bimodal",265,"OLS",TRUE
"Main",200,"Symmetric bimodal",265,"Semiparametric",FALSE
"Main",200,"Skew-normal",222,"OLS",TRUE
"Main",200,"Skew-normal",222,"Semiparametric",TRUE
"Main",200,"Asymmetric mixture",451,"OLS",TRUE
"Main",200,"Asymmetric mixture",451,"Semiparametric",TRUE
"Main",500,"Skew-normal",123,"OLS",TRUE
"Main",500,"Skew-normal",123,"Semiparametric",TRUE
"Main",200,"Gaussian",949,"OLS",TRUE
"Main",200,"Gaussian",949,"Semiparametric",TRUE
"Main",500,"Asymmetric mixture",642,"OLS",TRUE
"Main",500,"Asymmetric mixture",642,"Semiparametric",TRUE
"Main",200,"Asymmetric mixture",41,"OLS",TRUE
"Main",200,"Asymmetric mixture",41,"Semiparametric",TRUE
"Main",200,"Asymmetric mixture",972,"OLS",TRUE
"Main",200,"Asymmetric mixture",972,"Semiparametric",TRUE
"Main",500,"Gaussian",751,"OLS",TRUE
"Main",500,"Gaussian",751,"Semiparametric",TRUE
"Main",200,"Gaussian",536,"OLS",TRUE
"Main",200,"Gaussian",536,"Semiparametric",TRUE
"Main",500,"Asymmetric mixture",250,"OLS",TRUE
"Main",500,"Asymmetric mixture",250,"Semiparametric",TRUE
"Main",200,"Gaussian",601,"OLS",TRUE
"Main",200,"Gaussian",601,"Semiparametric",TRUE
"Main",500,"Symmetric bimodal",698,"OLS",TRUE
"Main",500,"Symmetric bimodal",698,"Semiparametric",TRUE
"Main",500,"Symmetric bimodal",326,"OLS",TRUE
"Main",500,"Symmetric bimodal",326,"Semiparametric",TRUE
"Main",500,"Skew-normal",566,"OLS",TRUE
"Main",500,"Skew-normal",566,"Semiparametric",TRUE
"Main",500,"Skew-normal",739,"OLS",TRUE
"Main",500,"Skew-normal",739,"Semiparametric",TRUE
"Main",200,"Skew-normal",486,"OLS",TRUE
"Main",200,"Skew-normal",486,"Semiparametric",TRUE
"Main",500,"Skew-normal",398,"OLS",TRUE
"Main",500,"Skew-normal",398,"Semiparametric",TRUE
"Main",200,"Gaussian",512,"OLS",TRUE
"Main",200,"Gaussian",512,"Semiparametric",TRUE
"Main",200,"Asymmetric mixture",736,"OLS",TRUE
"Main",200,"Asymmetric mixture",736,"Semiparametric",TRUE
"Main",200,"Gaussian",638,"OLS",TRUE
"Main",200,"Gaussian",638,"Semiparametric",TRUE
"Main",500,"Skew-normal",347,"OLS",TRUE
"Main",500,"Skew-normal",347,"Semiparametric",TRUE
"Main",200,"Gaussian",4,"OLS",TRUE
"Main",200,"Gaussian",4,"Semiparametric",TRUE
"Main",500,"Asymmetric mixture",455,"OLS",TRUE
"Main",500,"Asymmetric mixture",455,"Semiparametric",TRUE
"Main",200,"Gaussian",561,"OLS",TRUE
"Main",200,"Gaussian",561,"Semiparametric",TRUE
"Main",200,"Asymmetric mixture",792,"OLS",TRUE
"Main",200,"Asymmetric mixture",792,"Semiparametric",TRUE
"Main",200,"Symmetric bimodal",116,"OLS",TRUE
"Main",200,"Symmetric bimodal",116,"Semiparametric",TRUE
"Main",200,"Symmetric bimodal",294,"OLS",TRUE
"Main",200,"Symmetric bimodal",294,"Semiparametric",TRUE
"Main",500,"Gaussian",777,"OLS",TRUE
"Main",500,"Gaussian",777,"Semiparametric",TRUE
"Main",200,"Symmetric bimodal",747,"OLS",TRUE
"Main",200,"Symmetric bimodal",747,"Semiparametric",TRUE
"Main",500,"Gaussian",918,"OLS",TRUE
"Main",500,"Gaussian",918,"Semiparametric",TRUE
"Main",500,"Skew-normal",934,"OLS",TRUE
"Main",500,"Skew-normal",934,"Semiparametric",TRUE
"Main",500,"Gaussian",237,"OLS",TRUE
"Main",500,"Gaussian",237,"Semiparametric",TRUE
"Main",500,"Gaussian",517,"OLS",TRUE
"Main",500,"Gaussian",517,"Semiparametric",TRUE
"Main",500,"Symmetric bimodal",230,"OLS",TRUE
"Main",500,"Symmetric bimodal",230,"Semiparametric",TRUE
"Main",200,"Gaussian",333,"OLS",TRUE
"Main",200,"Gaussian",333,"Semiparametric",TRUE
"Main",200,"Asymmetric mixture",7,"OLS",TRUE
"Main",200,"Asymmetric mixture",7,"Semiparametric",TRUE
"Main",500,"Skew-normal",508,"OLS",TRUE
"Main",500,"Skew-normal",508,"Semiparametric",TRUE
"Main",200,"Symmetric bimodal",701,"OLS",TRUE
"Main",200,"Symmetric bimodal",701,"Semiparametric",TRUE
"Main",500,"Symmetric bimodal",209,"OLS",TRUE
"Main",500,"Symmetric bimodal",209,"Semiparametric",TRUE
"Main",200,"Asymmetric mixture",356,"OLS",TRUE
"Main",200,"Asymmetric mixture",356,"Semiparametric",TRUE
"Main",200,"Skew-normal",460,"OLS",TRUE
"Main",200,"Skew-normal",460,"Semiparametric",TRUE
"Main",200,"Asymmetric mixture",701,"OLS",TRUE
"Main",200,"Asymmetric mixture",701,"Semiparametric",TRUE
"Main",200,"Skew-normal",357,"OLS",TRUE
"Main",200,"Skew-normal",357,"Semiparametric",TRUE
"Main",200,"Gaussian",763,"OLS",TRUE
"Main",200,"Gaussian",763,"Semiparametric",TRUE
"Main",200,"Skew-normal",419,"OLS",TRUE
"Main",200,"Skew-normal",419,"Semiparametric",TRUE
"Main",500,"Gaussian",289,"OLS",TRUE
"Main",500,"Gaussian",289,"Semiparametric",TRUE
"Main",500,"Asymmetric mixture",30,"OLS",TRUE
"Main",500,"Asymmetric mixture",30,"Semiparametric",TRUE
"Main",500,"Gaussian",341,"OLS",TRUE
"Main",500,"Gaussian",341,"Semiparametric",TRUE
"Main",200,"Asymmetric mixture",760,"OLS",TRUE
"Main",200,"Asymmetric mixture",760,"Semiparametric",FALSE
"Main",500,"Skew-normal",555,"OLS",TRUE
"Main",500,"Skew-normal",555,"Semiparametric",TRUE
"Main",200,"Gaussian",501,"OLS",TRUE
"Main",200,"Gaussian",501,"Semiparametric",TRUE
"Main",200,"Symmetric bimodal",292,"OLS",TRUE
"Main",200,"Symmetric bimodal",292,"Semiparametric",TRUE
"Main",500,"Asymmetric mixture",277,"OLS",TRUE
"Main",500,"Asymmetric mixture",277,"Semiparametric",TRUE
"Main",500,"Symmetric bimodal",991,"OLS",TRUE
"Main",500,"Symmetric bimodal",991,"Semiparametric",TRUE
"Main",500,"Skew-normal",612,"OLS",TRUE
"Main",500,"Skew-normal",612,"Semiparametric",TRUE
"Main",500,"Symmetric bimodal",723,"OLS",TRUE
"Main",500,"Symmetric bimodal",723,"Semiparametric",TRUE
"Main",200,"Asymmetric mixture",793,"OLS",TRUE
"Main",200,"Asymmetric mixture",793,"Semiparametric",TRUE
"Main",200,"Gaussian",130,"OLS",TRUE
"Main",200,"Gaussian",130,"Semiparametric",TRUE
"Main",500,"Skew-normal",309,"OLS",TRUE
"Main",500,"Skew-normal",309,"Semiparametric",TRUE
"Main",200,"Asymmetric mixture",452,"OLS",TRUE
"Main",200,"Asymmetric mixture",452,"Semiparametric",TRUE
"Main",500,"Skew-normal",957,"OLS",TRUE
"Main",500,"Skew-normal",957,"Semiparametric",TRUE
"Main",500,"Asymmetric mixture",267,"OLS",TRUE
"Main",500,"Asymmetric mixture",267,"Semiparametric",TRUE
"Main",200,"Skew-normal",766,"OLS",TRUE
"Main",200,"Skew-normal",766,"Semiparametric",TRUE
"Main",500,"Symmetric bimodal",829,"OLS",TRUE
"Main",500,"Symmetric bimodal",829,"Semiparametric",TRUE
"Main",200,"Symmetric bimodal",12,"OLS",TRUE
"Main",200,"Symmetric bimodal",12,"Semiparametric",TRUE
"Main",200,"Asymmetric mixture",6,"OLS",TRUE
"Main",200,"Asymmetric mixture",6,"Semiparametric",TRUE
"Main",200,"Gaussian",537,"OLS",TRUE
"Main",200,"Gaussian",537,"Semiparametric",TRUE
"Main",500,"Skew-normal",427,"OLS",TRUE
"Main",500,"Skew-normal",427,"Semiparametric",TRUE
"Main",200,"Gaussian",156,"OLS",TRUE
"Main",200,"Gaussian",156,"Semiparametric",TRUE
"Main",200,"Asymmetric mixture",80,"OLS",TRUE
"Main",200,"Asymmetric mixture",80,"Semiparametric",TRUE
"Main",500,"Symmetric bimodal",350,"OLS",TRUE
"Main",500,"Symmetric bimodal",350,"Semiparametric",TRUE
"Main",500,"Asymmetric mixture",472,"OLS",TRUE
"Main",500,"Asymmetric mixture",472,"Semiparametric",TRUE
"Main",200,"Skew-normal",820,"OLS",TRUE
"Main",200,"Skew-normal",820,"Semiparametric",TRUE
"Main",200,"Symmetric bimodal",3,"OLS",TRUE
"Main",200,"Symmetric bimodal",3,"Semiparametric",TRUE
"Main",500,"Asymmetric mixture",989,"OLS",TRUE
"Main",500,"Asymmetric mixture",989,"Semiparametric",TRUE
"Main",500,"Gaussian",527,"OLS",TRUE
"Main",500,"Gaussian",527,"Semiparametric",TRUE
"Main",500,"Asymmetric mixture",307,"OLS",TRUE
"Main",500,"Asymmetric mixture",307,"Semiparametric",TRUE
"Main",200,"Gaussian",685,"OLS",TRUE
"Main",200,"Gaussian",685,"Semiparametric",TRUE
"Main",500,"Skew-normal",445,"OLS",TRUE
"Main",500,"Skew-normal",445,"Semiparametric",TRUE
"Main",500,"Skew-normal",719,"OLS",TRUE
"Main",500,"Skew-normal",719,"Semiparametric",TRUE
"Main",200,"Gaussian",736,"OLS",TRUE
"Main",200,"Gaussian",736,"Semiparametric",TRUE
"Main",200,"Symmetric bimodal",423,"OLS",TRUE
"Main",200,"Symmetric bimodal",423,"Semiparametric",TRUE
"Main",500,"Symmetric bimodal",342,"OLS",TRUE
"Main",500,"Symmetric bimodal",342,"Semiparametric",TRUE
"Main",500,"Skew-normal",386,"OLS",TRUE
"Main",500,"Skew-normal",386,"Semiparametric",TRUE
"Main",200,"Symmetric bimodal",953,"OLS",TRUE
"Main",200,"Symmetric bimodal",953,"Semiparametric",TRUE
"Main",500,"Gaussian",759,"OLS",TRUE
"Main",500,"Gaussian",759,"Semiparametric",TRUE
"Main",500,"Asymmetric mixture",551,"OLS",TRUE
"Main",500,"Asymmetric mixture",551,"Semiparametric",TRUE
"Main",200,"Asymmetric mixture",932,"OLS",TRUE
"Main",200,"Asymmetric mixture",932,"Semiparametric",TRUE
"Main",500,"Skew-normal",4,"OLS",TRUE
"Main",500,"Skew-normal",4,"Semiparametric",TRUE
"Main",500,"Symmetric bimodal",264,"OLS",TRUE
"Main",500,"Symmetric bimodal",264,"Semiparametric",TRUE
"Main",200,"Skew-normal",944,"OLS",TRUE
"Main",200,"Skew-normal",944,"Semiparametric",TRUE
"Main",500,"Symmetric bimodal",193,"OLS",TRUE
"Main",500,"Symmetric bimodal",193,"Semiparametric",TRUE
"Main",200,"Asymmetric mixture",434,"OLS",TRUE
"Main",200,"Asymmetric mixture",434,"Semiparametric",TRUE
"Main",500,"Gaussian",511,"OLS",TRUE
"Main",500,"Gaussian",511,"Semiparametric",TRUE
"Main",500,"Symmetric bimodal",370,"OLS",TRUE
"Main",500,"Symmetric bimodal",370,"Semiparametric",TRUE
"Main",200,"Asymmetric mixture",563,"OLS",TRUE
"Main",200,"Asymmetric mixture",563,"Semiparametric",TRUE
"Main",200,"Gaussian",189,"OLS",TRUE
"Main",200,"Gaussian",189,"Semiparametric",TRUE
"Main",500,"Skew-normal",451,"OLS",TRUE
"Main",500,"Skew-normal",451,"Semiparametric",TRUE
"Main",500,"Skew-normal",505,"OLS",TRUE
"Main",500,"Skew-normal",505,"Semiparametric",TRUE
"Main",500,"Asymmetric mixture",785,"OLS",TRUE
"Main",500,"Asymmetric mixture",785,"Semiparametric",TRUE
"Main",500,"Asymmetric mixture",787,"OLS",TRUE
"Main",500,"Asymmetric mixture",787,"Semiparametric",TRUE
"Main",500,"Gaussian",833,"OLS",TRUE
"Main",500,"Gaussian",833,"Semiparametric",TRUE
"Main",500,"Symmetric bimodal",531,"OLS",TRUE
"Main",500,"Symmetric bimodal",531,"Semiparametric",TRUE
"Main",200,"Gaussian",917,"OLS",TRUE
"Main",200,"Gaussian",917,"Semiparametric",TRUE
"Main",200,"Symmetric bimodal",652,"OLS",TRUE
"Main",200,"Symmetric bimodal",652,"Semiparametric",TRUE
"Main",500,"Symmetric bimodal",538,"OLS",TRUE
"Main",500,"Symmetric bimodal",538,"Semiparametric",TRUE
"Main",200,"Gaussian",9,"OLS",TRUE
"Main",200,"Gaussian",9,"Semiparametric",TRUE
"Main",500,"Skew-normal",711,"OLS",TRUE
"Main",500,"Skew-normal",711,"Semiparametric",TRUE
"Main",500,"Skew-normal",615,"OLS",TRUE
"Main",500,"Skew-normal",615,"Semiparametric",TRUE
"Main",200,"Symmetric bimodal",845,"OLS",TRUE
"Main",200,"Symmetric bimodal",845,"Semiparametric",TRUE
"Main",200,"Symmetric bimodal",737,"OLS",TRUE
"Main",200,"Symmetric bimodal",737,"Semiparametric",TRUE
"Main",200,"Asymmetric mixture",978,"OLS",TRUE
"Main",200,"Asymmetric mixture",978,"Semiparametric",FALSE
"Main",500,"Symmetric bimodal",603,"OLS",TRUE
"Main",500,"Symmetric bimodal",603,"Semiparametric",TRUE
"Main",500,"Asymmetric mixture",786,"OLS",TRUE
"Main",500,"Asymmetric mixture",786,"Semiparametric",TRUE
"Main",500,"Asymmetric mixture",829,"OLS",TRUE
"Main",500,"Asymmetric mixture",829,"Semiparametric",TRUE
"Main",200,"Asymmetric mixture",53,"OLS",TRUE
"Main",200,"Asymmetric mixture",53,"Semiparametric",TRUE
"Main",200,"Gaussian",37,"OLS",TRUE
"Main",200,"Gaussian",37,"Semiparametric",TRUE
"Main",500,"Gaussian",954,"OLS",TRUE
"Main",500,"Gaussian",954,"Semiparametric",TRUE
"Main",500,"Gaussian",477,"OLS",TRUE
"Main",500,"Gaussian",477,"Semiparametric",TRUE
"Main",500,"Symmetric bimodal",255,"OLS",TRUE
"Main",500,"Symmetric bimodal",255,"Semiparametric",TRUE
"Main",500,"Gaussian",251,"OLS",TRUE
"Main",500,"Gaussian",251,"Semiparametric",TRUE
"Main",200,"Asymmetric mixture",596,"OLS",TRUE
"Main",200,"Asymmetric mixture",596,"Semiparametric",TRUE
"Main",500,"Gaussian",206,"OLS",TRUE
"Main",500,"Gaussian",206,"Semiparametric",TRUE
"Main",500,"Symmetric bimodal",483,"OLS",TRUE
"Main",500,"Symmetric bimodal",483,"Semiparametric",TRUE
"Main",500,"Symmetric bimodal",612,"OLS",TRUE
"Main",500,"Symmetric bimodal",612,"Semiparametric",TRUE
"Main",500,"Asymmetric mixture",557,"OLS",TRUE
"Main",500,"Asymmetric mixture",557,"Semiparametric",TRUE
"Main",200,"Asymmetric mixture",984,"OLS",TRUE
"Main",200,"Asymmetric mixture",984,"Semiparametric",TRUE
"Main",200,"Gaussian",39,"OLS",TRUE
"Main",200,"Gaussian",39,"Semiparametric",TRUE
"Main",500,"Asymmetric mixture",271,"OLS",TRUE
"Main",500,"Asymmetric mixture",271,"Semiparametric",TRUE
"Main",500,"Asymmetric mixture",318,"OLS",TRUE
"Main",500,"Asymmetric mixture",318,"Semiparametric",TRUE
"Main",200,"Gaussian",48,"OLS",TRUE
"Main",200,"Gaussian",48,"Semiparametric",TRUE
"Main",500,"Skew-normal",982,"OLS",TRUE
"Main",500,"Skew-normal",982,"Semiparametric",TRUE
"Main",200,"Gaussian",118,"OLS",TRUE
"Main",200,"Gaussian",118,"Semiparametric",TRUE
"Main",500,"Asymmetric mixture",181,"OLS",TRUE
"Main",500,"Asymmetric mixture",181,"Semiparametric",TRUE
"Main",500,"Gaussian",496,"OLS",TRUE
"Main",500,"Gaussian",496,"Semiparametric",TRUE
"Main",500,"Symmetric bimodal",827,"OLS",TRUE
"Main",500,"Symmetric bimodal",827,"Semiparametric",TRUE
"Main",200,"Gaussian",393,"OLS",TRUE
"Main",200,"Gaussian",393,"Semiparametric",TRUE
"Main",500,"Symmetric bimodal",260,"OLS",TRUE
"Main",500,"Symmetric bimodal",260,"Semiparametric",TRUE
"Main",500,"Symmetric bimodal",1,"OLS",TRUE
"Main",500,"Symmetric bimodal",1,"Semiparametric",TRUE
"Main",200,"Asymmetric mixture",168,"OLS",TRUE
"Main",200,"Asymmetric mixture",168,"Semiparametric",TRUE
"Main",200,"Gaussian",111,"OLS",TRUE
"Main",200,"Gaussian",111,"Semiparametric",TRUE
"Main",500,"Symmetric bimodal",374,"OLS",TRUE
"Main",500,"Symmetric bimodal",374,"Semiparametric",TRUE
"Main",200,"Gaussian",374,"OLS",TRUE
"Main",200,"Gaussian",374,"Semiparametric",TRUE
"Main",500,"Symmetric bimodal",93,"OLS",TRUE
"Main",500,"Symmetric bimodal",93,"Semiparametric",TRUE
"Main",200,"Gaussian",796,"OLS",TRUE
"Main",200,"Gaussian",796,"Semiparametric",TRUE
"Main",500,"Skew-normal",553,"OLS",TRUE
"Main",500,"Skew-normal",553,"Semiparametric",TRUE
"Main",500,"Symmetric bimodal",75,"OLS",TRUE
"Main",500,"Symmetric bimodal",75,"Semiparametric",TRUE
"Main",200,"Asymmetric mixture",889,"OLS",TRUE
"Main",200,"Asymmetric mixture",889,"Semiparametric",TRUE
"Main",500,"Asymmetric mixture",883,"OLS",TRUE
"Main",500,"Asymmetric mixture",883,"Semiparametric",TRUE
"Main",500,"Symmetric bimodal",805,"OLS",TRUE
"Main",500,"Symmetric bimodal",805,"Semiparametric",TRUE
"Main",200,"Symmetric bimodal",322,"OLS",TRUE
"Main",200,"Symmetric bimodal",322,"Semiparametric",TRUE
"Main",500,"Gaussian",304,"OLS",TRUE
"Main",500,"Gaussian",304,"Semiparametric",TRUE
"Main",200,"Symmetric bimodal",717,"OLS",TRUE
"Main",200,"Symmetric bimodal",717,"Semiparametric",TRUE
"Main",200,"Gaussian",529,"OLS",TRUE
"Main",200,"Gaussian",529,"Semiparametric",TRUE
"Main",200,"Symmetric bimodal",243,"OLS",TRUE
"Main",200,"Symmetric bimodal",243,"Semiparametric",TRUE
"Main",200,"Gaussian",894,"OLS",TRUE
"Main",200,"Gaussian",894,"Semiparametric",TRUE
"Main",200,"Gaussian",240,"OLS",TRUE
"Main",200,"Gaussian",240,"Semiparametric",TRUE
"Main",200,"Asymmetric mixture",334,"OLS",TRUE
"Main",200,"Asymmetric mixture",334,"Semiparametric",TRUE
"Main",500,"Asymmetric mixture",69,"OLS",TRUE
"Main",500,"Asymmetric mixture",69,"Semiparametric",TRUE
"Main",200,"Skew-normal",93,"OLS",TRUE
"Main",200,"Skew-normal",93,"Semiparametric",TRUE
"Main",500,"Asymmetric mixture",244,"OLS",TRUE
"Main",500,"Asymmetric mixture",244,"Semiparametric",TRUE
"Main",200,"Symmetric bimodal",386,"OLS",TRUE
"Main",200,"Symmetric bimodal",386,"Semiparametric",TRUE
"Main",200,"Gaussian",392,"OLS",TRUE
"Main",200,"Gaussian",392,"Semiparametric",TRUE
"Main",500,"Gaussian",933,"OLS",TRUE
"Main",500,"Gaussian",933,"Semiparametric",TRUE
"Main",200,"Skew-normal",371,"OLS",TRUE
"Main",200,"Skew-normal",371,"Semiparametric",TRUE
"Main",200,"Skew-normal",855,"OLS",TRUE
"Main",200,"Skew-normal",855,"Semiparametric",TRUE
"Main",200,"Skew-normal",686,"OLS",TRUE
"Main",200,"Skew-normal",686,"Semiparametric",TRUE
"Main",500,"Skew-normal",222,"OLS",TRUE
"Main",500,"Skew-normal",222,"Semiparametric",TRUE
"Main",500,"Asymmetric mixture",697,"OLS",TRUE
"Main",500,"Asymmetric mixture",697,"Semiparametric",TRUE
"Main",500,"Gaussian",4,"OLS",TRUE
"Main",500,"Gaussian",4,"Semiparametric",TRUE
"Main",500,"Skew-normal",712,"OLS",TRUE
"Main",500,"Skew-normal",712,"Semiparametric",TRUE
"Main",200,"Asymmetric mixture",762,"OLS",TRUE
"Main",200,"Asymmetric mixture",762,"Semiparametric",TRUE
"Main",500,"Gaussian",461,"OLS",TRUE
"Main",500,"Gaussian",461,"Semiparametric",TRUE
"Main",200,"Symmetric bimodal",98,"OLS",TRUE
"Main",200,"Symmetric bimodal",98,"Semiparametric",TRUE
"Main",200,"Asymmetric mixture",838,"OLS",TRUE
"Main",200,"Asymmetric mixture",838,"Semiparametric",TRUE
"Main",500,"Skew-normal",927,"OLS",TRUE
"Main",500,"Skew-normal",927,"Semiparametric",TRUE
"Main",500,"Asymmetric mixture",446,"OLS",TRUE
"Main",500,"Asymmetric mixture",446,"Semiparametric",TRUE
"Main",200,"Skew-normal",647,"OLS",TRUE
"Main",200,"Skew-normal",647,"Semiparametric",TRUE
"Main",500,"Skew-normal",679,"OLS",TRUE
"Main",500,"Skew-normal",679,"Semiparametric",TRUE
"Main",500,"Gaussian",842,"OLS",TRUE
"Main",500,"Gaussian",842,"Semiparametric",TRUE
"Main",200,"Gaussian",599,"OLS",TRUE
"Main",200,"Gaussian",599,"Semiparametric",TRUE
"Main",500,"Symmetric bimodal",707,"OLS",TRUE
"Main",500,"Symmetric bimodal",707,"Semiparametric",TRUE
"Main",200,"Gaussian",51,"OLS",TRUE
"Main",200,"Gaussian",51,"Semiparametric",TRUE
"Main",500,"Gaussian",555,"OLS",TRUE
"Main",500,"Gaussian",555,"Semiparametric",TRUE
"Main",500,"Gaussian",93,"OLS",TRUE
"Main",500,"Gaussian",93,"Semiparametric",TRUE
"Main",500,"Gaussian",936,"OLS",TRUE
"Main",500,"Gaussian",936,"Semiparametric",TRUE
"Main",200,"Gaussian",298,"OLS",TRUE
"Main",200,"Gaussian",298,"Semiparametric",TRUE
"Main",200,"Symmetric bimodal",256,"OLS",TRUE
"Main",200,"Symmetric bimodal",256,"Semiparametric",TRUE
"Main",200,"Gaussian",985,"OLS",TRUE
"Main",200,"Gaussian",985,"Semiparametric",TRUE
"Main",200,"Asymmetric mixture",979,"OLS",TRUE
"Main",200,"Asymmetric mixture",979,"Semiparametric",TRUE
"Main",200,"Symmetric bimodal",161,"OLS",TRUE
"Main",200,"Symmetric bimodal",161,"Semiparametric",TRUE
"Main",200,"Gaussian",80,"OLS",TRUE
"Main",200,"Gaussian",80,"Semiparametric",TRUE
"Main",500,"Skew-normal",113,"OLS",TRUE
"Main",500,"Skew-normal",113,"Semiparametric",TRUE
"Main",200,"Symmetric bimodal",151,"OLS",TRUE
"Main",200,"Symmetric bimodal",151,"Semiparametric",TRUE
"Main",200,"Skew-normal",837,"OLS",TRUE
"Main",200,"Skew-normal",837,"Semiparametric",TRUE
"Main",500,"Asymmetric mixture",898,"OLS",TRUE
"Main",500,"Asymmetric mixture",898,"Semiparametric",TRUE
"Main",500,"Symmetric bimodal",559,"OLS",TRUE
"Main",500,"Symmetric bimodal",559,"Semiparametric",TRUE
"Main",500,"Gaussian",991,"OLS",TRUE
"Main",500,"Gaussian",991,"Semiparametric",TRUE
"Main",500,"Skew-normal",551,"OLS",TRUE
"Main",500,"Skew-normal",551,"Semiparametric",TRUE
"Main",500,"Asymmetric mixture",604,"OLS",TRUE
"Main",500,"Asymmetric mixture",604,"Semiparametric",TRUE
"Main",500,"Skew-normal",969,"OLS",TRUE
"Main",500,"Skew-normal",969,"Semiparametric",TRUE
"Main",200,"Gaussian",225,"OLS",TRUE
"Main",200,"Gaussian",225,"Semiparametric",TRUE
"Main",200,"Gaussian",550,"OLS",TRUE
"Main",200,"Gaussian",550,"Semiparametric",TRUE
"Main",500,"Asymmetric mixture",522,"OLS",TRUE
"Main",500,"Asymmetric mixture",522,"Semiparametric",TRUE
"Main",500,"Skew-normal",516,"OLS",TRUE
"Main",500,"Skew-normal",516,"Semiparametric",TRUE
"Main",500,"Asymmetric mixture",951,"OLS",TRUE
"Main",500,"Asymmetric mixture",951,"Semiparametric",TRUE
"Main",200,"Gaussian",460,"OLS",TRUE
"Main",200,"Gaussian",460,"Semiparametric",TRUE
"Main",200,"Gaussian",210,"OLS",TRUE
"Main",200,"Gaussian",210,"Semiparametric",TRUE
"Main",500,"Gaussian",869,"OLS",TRUE
"Main",500,"Gaussian",869,"Semiparametric",TRUE
"Main",500,"Symmetric bimodal",5,"OLS",TRUE
"Main",500,"Symmetric bimodal",5,"Semiparametric",TRUE
"Main",200,"Symmetric bimodal",626,"OLS",TRUE
"Main",200,"Symmetric bimodal",626,"Semiparametric",TRUE
"Main",200,"Symmetric bimodal",892,"OLS",TRUE
"Main",200,"Symmetric bimodal",892,"Semiparametric",TRUE
"Main",500,"Symmetric bimodal",857,"OLS",TRUE
"Main",500,"Symmetric bimodal",857,"Semiparametric",TRUE
"Main",500,"Symmetric bimodal",773,"OLS",TRUE
"Main",500,"Symmetric bimodal",773,"Semiparametric",TRUE
"Main",500,"Asymmetric mixture",846,"OLS",TRUE
"Main",500,"Asymmetric mixture",846,"Semiparametric",TRUE
"Main",500,"Gaussian",669,"OLS",TRUE
"Main",500,"Gaussian",669,"Semiparametric",TRUE
"Main",500,"Symmetric bimodal",121,"OLS",TRUE
"Main",500,"Symmetric bimodal",121,"Semiparametric",TRUE
"Main",500,"Skew-normal",119,"OLS",TRUE
"Main",500,"Skew-normal",119,"Semiparametric",TRUE
"Main",500,"Symmetric bimodal",716,"OLS",TRUE
"Main",500,"Symmetric bimodal",716,"Semiparametric",TRUE
"Main",500,"Asymmetric mixture",107,"OLS",TRUE
"Main",500,"Asymmetric mixture",107,"Semiparametric",TRUE
"Main",500,"Skew-normal",181,"OLS",TRUE
"Main",500,"Skew-normal",181,"Semiparametric",TRUE
"Main",500,"Gaussian",403,"OLS",TRUE
"Main",500,"Gaussian",403,"Semiparametric",TRUE
"Main",500,"Gaussian",799,"OLS",TRUE
"Main",500,"Gaussian",799,"Semiparametric",TRUE
"Main",500,"Gaussian",249,"OLS",TRUE
"Main",500,"Gaussian",249,"Semiparametric",TRUE
"Main",500,"Skew-normal",569,"OLS",TRUE
"Main",500,"Skew-normal",569,"Semiparametric",TRUE
"Main",500,"Symmetric bimodal",486,"OLS",TRUE
"Main",500,"Symmetric bimodal",486,"Semiparametric",TRUE
"Main",200,"Asymmetric mixture",472,"OLS",TRUE
"Main",200,"Asymmetric mixture",472,"Semiparametric",TRUE
"Main",200,"Skew-normal",737,"OLS",TRUE
"Main",200,"Skew-normal",737,"Semiparametric",TRUE
"Main",500,"Asymmetric mixture",291,"OLS",TRUE
"Main",500,"Asymmetric mixture",291,"Semiparametric",TRUE
"Main",200,"Gaussian",548,"OLS",TRUE
"Main",200,"Gaussian",548,"Semiparametric",TRUE
"Main",500,"Gaussian",524,"OLS",TRUE
"Main",500,"Gaussian",524,"Semiparametric",TRUE
"Main",200,"Skew-normal",792,"OLS",TRUE
"Main",200,"Skew-normal",792,"Semiparametric",TRUE
"Main",500,"Skew-normal",543,"OLS",TRUE
"Main",500,"Skew-normal",543,"Semiparametric",TRUE
"Main",200,"Symmetric bimodal",440,"OLS",TRUE
"Main",200,"Symmetric bimodal",440,"Semiparametric",TRUE
"Main",500,"Gaussian",755,"OLS",TRUE
"Main",500,"Gaussian",755,"Semiparametric",TRUE
"Main",500,"Skew-normal",383,"OLS",TRUE
"Main",500,"Skew-normal",383,"Semiparametric",TRUE
"Main",500,"Gaussian",244,"OLS",TRUE
"Main",500,"Gaussian",244,"Semiparametric",TRUE
"Main",500,"Gaussian",956,"OLS",TRUE
"Main",500,"Gaussian",956,"Semiparametric",TRUE
"Main",500,"Symmetric bimodal",353,"OLS",TRUE
"Main",500,"Symmetric bimodal",353,"Semiparametric",TRUE
"Main",200,"Gaussian",520,"OLS",TRUE
"Main",200,"Gaussian",520,"Semiparametric",TRUE
"Main",200,"Symmetric bimodal",776,"OLS",TRUE
"Main",200,"Symmetric bimodal",776,"Semiparametric",FALSE
"Main",500,"Asymmetric mixture",142,"OLS",TRUE
"Main",500,"Asymmetric mixture",142,"Semiparametric",TRUE
"Main",500,"Gaussian",731,"OLS",TRUE
"Main",500,"Gaussian",731,"Semiparametric",TRUE
"Main",200,"Skew-normal",879,"OLS",TRUE
"Main",200,"Skew-normal",879,"Semiparametric",TRUE
"Main",200,"Gaussian",766,"OLS",TRUE
"Main",200,"Gaussian",766,"Semiparametric",TRUE
"Main",200,"Symmetric bimodal",382,"OLS",TRUE
"Main",200,"Symmetric bimodal",382,"Semiparametric",FALSE
"Main",500,"Symmetric bimodal",620,"OLS",TRUE
"Main",500,"Symmetric bimodal",620,"Semiparametric",TRUE
"Main",500,"Gaussian",951,"OLS",TRUE
"Main",500,"Gaussian",951,"Semiparametric",TRUE
"Main",200,"Skew-normal",732,"OLS",TRUE
"Main",200,"Skew-normal",732,"Semiparametric",TRUE
"Main",500,"Asymmetric mixture",816,"OLS",TRUE
"Main",500,"Asymmetric mixture",816,"Semiparametric",TRUE
"Main",500,"Asymmetric mixture",531,"OLS",TRUE
"Main",500,"Asymmetric mixture",531,"Semiparametric",TRUE
"Main",200,"Skew-normal",296,"OLS",TRUE
"Main",200,"Skew-normal",296,"Semiparametric",TRUE
"Main",200,"Symmetric bimodal",588,"OLS",TRUE
"Main",200,"Symmetric bimodal",588,"Semiparametric",TRUE
"Main",500,"Asymmetric mixture",823,"OLS",TRUE
"Main",500,"Asymmetric mixture",823,"Semiparametric",TRUE
"Main",500,"Asymmetric mixture",881,"OLS",TRUE
"Main",500,"Asymmetric mixture",881,"Semiparametric",TRUE
"Main",500,"Gaussian",379,"OLS",TRUE
"Main",500,"Gaussian",379,"Semiparametric",TRUE
"Main",200,"Asymmetric mixture",754,"OLS",TRUE
"Main",200,"Asymmetric mixture",754,"Semiparametric",FALSE
"Main",200,"Skew-normal",803,"OLS",TRUE
"Main",200,"Skew-normal",803,"Semiparametric",TRUE
"Main",200,"Symmetric bimodal",802,"OLS",TRUE
"Main",200,"Symmetric bimodal",802,"Semiparametric",TRUE
"Main",500,"Symmetric bimodal",572,"OLS",TRUE
"Main",500,"Symmetric bimodal",572,"Semiparametric",TRUE
"Main",500,"Asymmetric mixture",755,"OLS",TRUE
"Main",500,"Asymmetric mixture",755,"Semiparametric",TRUE
"Main",200,"Skew-normal",844,"OLS",TRUE
"Main",200,"Skew-normal",844,"Semiparametric",TRUE
"Main",500,"Symmetric bimodal",173,"OLS",TRUE
"Main",500,"Symmetric bimodal",173,"Semiparametric",TRUE
"Main",500,"Asymmetric mixture",943,"OLS",TRUE
"Main",500,"Asymmetric mixture",943,"Semiparametric",TRUE
"Main",200,"Asymmetric mixture",524,"OLS",TRUE
"Main",200,"Asymmetric mixture",524,"Semiparametric",TRUE
"Main",200,"Skew-normal",834,"OLS",TRUE
"Main",200,"Skew-normal",834,"Semiparametric",TRUE
"Main",200,"Symmetric bimodal",933,"OLS",TRUE
"Main",200,"Symmetric bimodal",933,"Semiparametric",TRUE
"Main",500,"Skew-normal",913,"OLS",TRUE
"Main",500,"Skew-normal",913,"Semiparametric",TRUE
"Main",200,"Symmetric bimodal",661,"OLS",TRUE
"Main",200,"Symmetric bimodal",661,"Semiparametric",TRUE
"Main",500,"Symmetric bimodal",8,"OLS",TRUE
"Main",500,"Symmetric bimodal",8,"Semiparametric",TRUE
"Main",500,"Gaussian",860,"OLS",TRUE
"Main",500,"Gaussian",860,"Semiparametric",TRUE
"Main",500,"Symmetric bimodal",785,"OLS",TRUE
"Main",500,"Symmetric bimodal",785,"Semiparametric",TRUE
"Main",500,"Skew-normal",426,"OLS",TRUE
"Main",500,"Skew-normal",426,"Semiparametric",TRUE
"Main",500,"Asymmetric mixture",701,"OLS",TRUE
"Main",500,"Asymmetric mixture",701,"Semiparametric",TRUE
"Main",200,"Symmetric bimodal",479,"OLS",TRUE
"Main",200,"Symmetric bimodal",479,"Semiparametric",TRUE
"Main",500,"Skew-normal",903,"OLS",TRUE
"Main",500,"Skew-normal",903,"Semiparametric",TRUE
"Main",200,"Gaussian",281,"OLS",TRUE
"Main",200,"Gaussian",281,"Semiparametric",TRUE
"Main",200,"Gaussian",690,"OLS",TRUE
"Main",200,"Gaussian",690,"Semiparametric",TRUE
"Main",200,"Symmetric bimodal",452,"OLS",TRUE
"Main",200,"Symmetric bimodal",452,"Semiparametric",TRUE
"Main",500,"Asymmetric mixture",821,"OLS",TRUE
"Main",500,"Asymmetric mixture",821,"Semiparametric",TRUE
"Main",500,"Gaussian",877,"OLS",TRUE
"Main",500,"Gaussian",877,"Semiparametric",TRUE
"Main",500,"Gaussian",421,"OLS",TRUE
"Main",500,"Gaussian",421,"Semiparametric",TRUE
"Main",200,"Asymmetric mixture",899,"OLS",TRUE
"Main",200,"Asymmetric mixture",899,"Semiparametric",TRUE
"Main",500,"Symmetric bimodal",18,"OLS",TRUE
"Main",500,"Symmetric bimodal",18,"Semiparametric",TRUE
"Main",200,"Skew-normal",867,"OLS",TRUE
"Main",200,"Skew-normal",867,"Semiparametric",TRUE
"Main",500,"Symmetric bimodal",165,"OLS",TRUE
"Main",500,"Symmetric bimodal",165,"Semiparametric",TRUE
"Main",500,"Symmetric bimodal",256,"OLS",TRUE
"Main",500,"Symmetric bimodal",256,"Semiparametric",TRUE
"Main",500,"Asymmetric mixture",974,"OLS",TRUE
"Main",500,"Asymmetric mixture",974,"Semiparametric",TRUE
"Main",200,"Asymmetric mixture",348,"OLS",TRUE
"Main",200,"Asymmetric mixture",348,"Semiparametric",TRUE
"Main",200,"Skew-normal",546,"OLS",TRUE
"Main",200,"Skew-normal",546,"Semiparametric",TRUE
"Main",200,"Symmetric bimodal",668,"OLS",TRUE
"Main",200,"Symmetric bimodal",668,"Semiparametric",TRUE
"Main",200,"Skew-normal",999,"OLS",TRUE
"Main",200,"Skew-normal",999,"Semiparametric",TRUE
"Main",500,"Asymmetric mixture",602,"OLS",TRUE
"Main",500,"Asymmetric mixture",602,"Semiparametric",TRUE
"Main",200,"Asymmetric mixture",150,"OLS",TRUE
"Main",200,"Asymmetric mixture",150,"Semiparametric",TRUE
"Main",200,"Asymmetric mixture",530,"OLS",TRUE
"Main",200,"Asymmetric mixture",530,"Semiparametric",TRUE
"Main",500,"Symmetric bimodal",964,"OLS",TRUE
"Main",500,"Symmetric bimodal",964,"Semiparametric",TRUE
"Main",200,"Asymmetric mixture",548,"OLS",TRUE
"Main",200,"Asymmetric mixture",548,"Semiparametric",TRUE
"Main",500,"Gaussian",330,"OLS",TRUE
"Main",500,"Gaussian",330,"Semiparametric",TRUE
"Main",500,"Symmetric bimodal",708,"OLS",TRUE
"Main",500,"Symmetric bimodal",708,"Semiparametric",TRUE
"Main",500,"Skew-normal",411,"OLS",TRUE
"Main",500,"Skew-normal",411,"Semiparametric",TRUE
"Main",200,"Skew-normal",802,"OLS",TRUE
"Main",200,"Skew-normal",802,"Semiparametric",TRUE
"Main",200,"Skew-normal",279,"OLS",TRUE
"Main",200,"Skew-normal",279,"Semiparametric",TRUE
"Main",200,"Symmetric bimodal",97,"OLS",TRUE
"Main",200,"Symmetric bimodal",97,"Semiparametric",TRUE
"Main",500,"Gaussian",499,"OLS",TRUE
"Main",500,"Gaussian",499,"Semiparametric",TRUE
"Main",500,"Symmetric bimodal",721,"OLS",TRUE
"Main",500,"Symmetric bimodal",721,"Semiparametric",TRUE
"Main",500,"Skew-normal",317,"OLS",TRUE
"Main",500,"Skew-normal",317,"Semiparametric",TRUE
"Main",200,"Asymmetric mixture",139,"OLS",TRUE
"Main",200,"Asymmetric mixture",139,"Semiparametric",TRUE
"Main",500,"Symmetric bimodal",351,"OLS",TRUE
"Main",500,"Symmetric bimodal",351,"Semiparametric",TRUE
"Main",200,"Asymmetric mixture",844,"OLS",TRUE
"Main",200,"Asymmetric mixture",844,"Semiparametric",TRUE
"Main",500,"Skew-normal",331,"OLS",TRUE
"Main",500,"Skew-normal",331,"Semiparametric",TRUE
"Main",500,"Gaussian",109,"OLS",TRUE
"Main",500,"Gaussian",109,"Semiparametric",TRUE
"Main",200,"Skew-normal",349,"OLS",TRUE
"Main",200,"Skew-normal",349,"Semiparametric",TRUE
"Main",500,"Skew-normal",993,"OLS",TRUE
"Main",500,"Skew-normal",993,"Semiparametric",TRUE
"Main",500,"Asymmetric mixture",347,"OLS",TRUE
"Main",500,"Asymmetric mixture",347,"Semiparametric",TRUE
"Main",200,"Symmetric bimodal",394,"OLS",TRUE
"Main",200,"Symmetric bimodal",394,"Semiparametric",TRUE
"Main",500,"Symmetric bimodal",520,"OLS",TRUE
"Main",500,"Symmetric bimodal",520,"Semiparametric",TRUE
"Main",500,"Skew-normal",120,"OLS",TRUE
"Main",500,"Skew-normal",120,"Semiparametric",TRUE
"Main",200,"Gaussian",818,"OLS",TRUE
"Main",200,"Gaussian",818,"Semiparametric",TRUE
"Main",200,"Skew-normal",444,"OLS",TRUE
"Main",200,"Skew-normal",444,"Semiparametric",TRUE
"Main",200,"Symmetric bimodal",220,"OLS",TRUE
"Main",200,"Symmetric bimodal",220,"Semiparametric",TRUE
"Main",200,"Skew-normal",107,"OLS",TRUE
"Main",200,"Skew-normal",107,"Semiparametric",TRUE
"Main",500,"Symmetric bimodal",196,"OLS",TRUE
"Main",500,"Symmetric bimodal",196,"Semiparametric",TRUE
"Main",500,"Asymmetric mixture",403,"OLS",TRUE
"Main",500,"Asymmetric mixture",403,"Semiparametric",TRUE
"Main",500,"Skew-normal",665,"OLS",TRUE
"Main",500,"Skew-normal",665,"Semiparametric",TRUE
"Main",500,"Skew-normal",692,"OLS",TRUE
"Main",500,"Skew-normal",692,"Semiparametric",TRUE
"Main",200,"Asymmetric mixture",484,"OLS",TRUE
"Main",200,"Asymmetric mixture",484,"Semiparametric",TRUE
"Main",500,"Gaussian",51,"OLS",TRUE
"Main",500,"Gaussian",51,"Semiparametric",TRUE
"Main",500,"Skew-normal",7,"OLS",TRUE
"Main",500,"Skew-normal",7,"Semiparametric",TRUE
"Main",200,"Asymmetric mixture",628,"OLS",TRUE
"Main",200,"Asymmetric mixture",628,"Semiparametric",TRUE
"Main",500,"Symmetric bimodal",182,"OLS",TRUE
"Main",500,"Symmetric bimodal",182,"Semiparametric",TRUE
"Main",500,"Skew-normal",697,"OLS",TRUE
"Main",500,"Skew-normal",697,"Semiparametric",TRUE
"Main",200,"Symmetric bimodal",498,"OLS",TRUE
"Main",200,"Symmetric bimodal",498,"Semiparametric",FALSE
"Main",500,"Asymmetric mixture",596,"OLS",TRUE
"Main",500,"Asymmetric mixture",596,"Semiparametric",TRUE
"Main",500,"Symmetric bimodal",971,"OLS",TRUE
"Main",500,"Symmetric bimodal",971,"Semiparametric",TRUE
"Main",500,"Asymmetric mixture",932,"OLS",TRUE
"Main",500,"Asymmetric mixture",932,"Semiparametric",TRUE
"Main",200,"Asymmetric mixture",265,"OLS",TRUE
"Main",200,"Asymmetric mixture",265,"Semiparametric",TRUE
"Main",500,"Gaussian",620,"OLS",TRUE
"Main",500,"Gaussian",620,"Semiparametric",TRUE
"Main",200,"Gaussian",463,"OLS",TRUE
"Main",200,"Gaussian",463,"Semiparametric",TRUE
"Main",200,"Gaussian",849,"OLS",TRUE
"Main",200,"Gaussian",849,"Semiparametric",TRUE
"Main",500,"Gaussian",253,"OLS",TRUE
"Main",500,"Gaussian",253,"Semiparametric",TRUE
"Main",500,"Symmetric bimodal",551,"OLS",TRUE
"Main",500,"Symmetric bimodal",551,"Semiparametric",TRUE
"Main",200,"Asymmetric mixture",950,"OLS",TRUE
"Main",200,"Asymmetric mixture",950,"Semiparametric",TRUE
"Main",200,"Asymmetric mixture",951,"OLS",TRUE
"Main",200,"Asymmetric mixture",951,"Semiparametric",TRUE
"Main",500,"Symmetric bimodal",408,"OLS",TRUE
"Main",500,"Symmetric bimodal",408,"Semiparametric",TRUE
"Main",200,"Skew-normal",410,"OLS",TRUE
"Main",200,"Skew-normal",410,"Semiparametric",TRUE
"Main",200,"Asymmetric mixture",440,"OLS",TRUE
"Main",200,"Asymmetric mixture",440,"Semiparametric",TRUE
"Main",200,"Skew-normal",678,"OLS",TRUE
"Main",200,"Skew-normal",678,"Semiparametric",TRUE
"Main",500,"Skew-normal",63,"OLS",TRUE
"Main",500,"Skew-normal",63,"Semiparametric",TRUE
"Main",200,"Asymmetric mixture",20,"OLS",TRUE
"Main",200,"Asymmetric mixture",20,"Semiparametric",TRUE
"Main",200,"Skew-normal",772,"OLS",TRUE
"Main",200,"Skew-normal",772,"Semiparametric",TRUE
"Main",200,"Skew-normal",513,"OLS",TRUE
"Main",200,"Skew-normal",513,"Semiparametric",TRUE
"Main",500,"Symmetric bimodal",652,"OLS",TRUE
"Main",500,"Symmetric bimodal",652,"Semiparametric",TRUE
"Main",200,"Asymmetric mixture",904,"OLS",TRUE
"Main",200,"Asymmetric mixture",904,"Semiparametric",TRUE
"Main",500,"Skew-normal",656,"OLS",TRUE
"Main",500,"Skew-normal",656,"Semiparametric",TRUE
"Main",200,"Skew-normal",912,"OLS",TRUE
"Main",200,"Skew-normal",912,"Semiparametric",TRUE
"Main",500,"Symmetric bimodal",123,"OLS",TRUE
"Main",500,"Symmetric bimodal",123,"Semiparametric",TRUE
"Main",200,"Skew-normal",663,"OLS",TRUE
"Main",200,"Skew-normal",663,"Semiparametric",TRUE
"Main",500,"Asymmetric mixture",976,"OLS",TRUE
"Main",500,"Asymmetric mixture",976,"Semiparametric",TRUE
"Main",200,"Skew-normal",326,"OLS",TRUE
"Main",200,"Skew-normal",326,"Semiparametric",TRUE
"Main",500,"Symmetric bimodal",194,"OLS",TRUE
"Main",500,"Symmetric bimodal",194,"Semiparametric",TRUE
"Main",500,"Gaussian",373,"OLS",TRUE
"Main",500,"Gaussian",373,"Semiparametric",TRUE
"Main",200,"Gaussian",516,"OLS",TRUE
"Main",200,"Gaussian",516,"Semiparametric",TRUE
"Main",500,"Skew-normal",370,"OLS",TRUE
"Main",500,"Skew-normal",370,"Semiparametric",TRUE
"Main",500,"Symmetric bimodal",135,"OLS",TRUE
"Main",500,"Symmetric bimodal",135,"Semiparametric",TRUE
"Main",500,"Asymmetric mixture",532,"OLS",TRUE
"Main",500,"Asymmetric mixture",532,"Semiparametric",TRUE
"Main",500,"Asymmetric mixture",295,"OLS",TRUE
"Main",500,"Asymmetric mixture",295,"Semiparametric",TRUE
"Main",200,"Skew-normal",177,"OLS",TRUE
"Main",200,"Skew-normal",177,"Semiparametric",TRUE
"Main",500,"Gaussian",987,"OLS",TRUE
"Main",500,"Gaussian",987,"Semiparametric",TRUE
"Main",500,"Gaussian",649,"OLS",TRUE
"Main",500,"Gaussian",649,"Semiparametric",TRUE
"Main",200,"Skew-normal",155,"OLS",TRUE
"Main",200,"Skew-normal",155,"Semiparametric",TRUE
"Main",200,"Gaussian",255,"OLS",TRUE
"Main",200,"Gaussian",255,"Semiparametric",TRUE
"Main",200,"Symmetric bimodal",254,"OLS",TRUE
"Main",200,"Symmetric bimodal",254,"Semiparametric",TRUE
"Main",200,"Skew-normal",17,"OLS",TRUE
"Main",200,"Skew-normal",17,"Semiparametric",TRUE
"Main",200,"Symmetric bimodal",104,"OLS",TRUE
"Main",200,"Symmetric bimodal",104,"Semiparametric",TRUE
"Main",200,"Symmetric bimodal",208,"OLS",TRUE
"Main",200,"Symmetric bimodal",208,"Semiparametric",TRUE
"Main",200,"Skew-normal",21,"OLS",TRUE
"Main",200,"Skew-normal",21,"Semiparametric",TRUE
"Main",500,"Gaussian",443,"OLS",TRUE
"Main",500,"Gaussian",443,"Semiparametric",TRUE
"Main",500,"Skew-normal",225,"OLS",TRUE
"Main",500,"Skew-normal",225,"Semiparametric",TRUE
"Main",200,"Asymmetric mixture",933,"OLS",TRUE
"Main",200,"Asymmetric mixture",933,"Semiparametric",TRUE
"Main",200,"Gaussian",858,"OLS",TRUE
"Main",200,"Gaussian",858,"Semiparametric",TRUE
"Main",500,"Asymmetric mixture",719,"OLS",TRUE
"Main",500,"Asymmetric mixture",719,"Semiparametric",TRUE
"Main",500,"Gaussian",793,"OLS",TRUE
"Main",500,"Gaussian",793,"Semiparametric",TRUE
"Main",200,"Asymmetric mixture",589,"OLS",TRUE
"Main",200,"Asymmetric mixture",589,"Semiparametric",TRUE
"Main",500,"Gaussian",493,"OLS",TRUE
"Main",500,"Gaussian",493,"Semiparametric",TRUE
"Main",200,"Gaussian",141,"OLS",TRUE
"Main",200,"Gaussian",141,"Semiparametric",TRUE
"Main",200,"Gaussian",410,"OLS",TRUE
"Main",200,"Gaussian",410,"Semiparametric",TRUE
"Main",200,"Skew-normal",696,"OLS",TRUE
"Main",200,"Skew-normal",696,"Semiparametric",TRUE
"Main",500,"Asymmetric mixture",260,"OLS",TRUE
"Main",500,"Asymmetric mixture",260,"Semiparametric",TRUE
"Main",500,"Gaussian",631,"OLS",TRUE
"Main",500,"Gaussian",631,"Semiparametric",TRUE
"Main",500,"Asymmetric mixture",647,"OLS",TRUE
"Main",500,"Asymmetric mixture",647,"Semiparametric",TRUE
"Main",200,"Symmetric bimodal",811,"OLS",TRUE
"Main",200,"Symmetric bimodal",811,"Semiparametric",TRUE
"Main",500,"Symmetric bimodal",147,"OLS",TRUE
"Main",500,"Symmetric bimodal",147,"Semiparametric",TRUE
"Main",200,"Skew-normal",197,"OLS",TRUE
"Main",200,"Skew-normal",197,"Semiparametric",TRUE
"Main",200,"Symmetric bimodal",120,"OLS",TRUE
"Main",200,"Symmetric bimodal",120,"Semiparametric",TRUE
"Main",200,"Symmetric bimodal",530,"OLS",TRUE
"Main",200,"Symmetric bimodal",530,"Semiparametric",TRUE
"Main",200,"Skew-normal",824,"OLS",TRUE
"Main",200,"Skew-normal",824,"Semiparametric",TRUE
"Main",500,"Skew-normal",741,"OLS",TRUE
"Main",500,"Skew-normal",741,"Semiparametric",TRUE
"Main",200,"Asymmetric mixture",652,"OLS",TRUE
"Main",200,"Asymmetric mixture",652,"Semiparametric",FALSE
"Main",500,"Gaussian",941,"OLS",TRUE
"Main",500,"Gaussian",941,"Semiparametric",TRUE
"Main",200,"Asymmetric mixture",541,"OLS",TRUE
"Main",200,"Asymmetric mixture",541,"Semiparametric",TRUE
"Main",500,"Gaussian",952,"OLS",TRUE
"Main",500,"Gaussian",952,"Semiparametric",TRUE
"Main",500,"Gaussian",68,"OLS",TRUE
"Main",500,"Gaussian",68,"Semiparametric",TRUE
"Main",200,"Gaussian",167,"OLS",TRUE
"Main",200,"Gaussian",167,"Semiparametric",TRUE
"Main",200,"Gaussian",35,"OLS",TRUE
"Main",200,"Gaussian",35,"Semiparametric",TRUE
"Main",500,"Gaussian",1000,"OLS",TRUE
"Main",500,"Gaussian",1000,"Semiparametric",TRUE
"Main",500,"Gaussian",992,"OLS",TRUE
"Main",500,"Gaussian",992,"Semiparametric",TRUE
"Main",500,"Asymmetric mixture",530,"OLS",TRUE
"Main",500,"Asymmetric mixture",530,"Semiparametric",TRUE
"Main",200,"Gaussian",422,"OLS",TRUE
"Main",200,"Gaussian",422,"Semiparametric",TRUE
"Main",500,"Asymmetric mixture",508,"OLS",TRUE
"Main",500,"Asymmetric mixture",508,"Semiparametric",TRUE
"Main",200,"Gaussian",866,"OLS",TRUE
"Main",200,"Gaussian",866,"Semiparametric",TRUE
"Main",500,"Symmetric bimodal",298,"OLS",TRUE
"Main",500,"Symmetric bimodal",298,"Semiparametric",TRUE
"Main",200,"Skew-normal",244,"OLS",TRUE
"Main",200,"Skew-normal",244,"Semiparametric",TRUE
"Main",500,"Asymmetric mixture",582,"OLS",TRUE
"Main",500,"Asymmetric mixture",582,"Semiparametric",TRUE
"Main",500,"Gaussian",354,"OLS",TRUE
"Main",500,"Gaussian",354,"Semiparametric",TRUE
"Main",500,"Asymmetric mixture",597,"OLS",TRUE
"Main",500,"Asymmetric mixture",597,"Semiparametric",TRUE
"Main",200,"Gaussian",558,"OLS",TRUE
"Main",200,"Gaussian",558,"Semiparametric",TRUE
"Main",500,"Skew-normal",84,"OLS",TRUE
"Main",500,"Skew-normal",84,"Semiparametric",TRUE
"Main",500,"Symmetric bimodal",70,"OLS",TRUE
"Main",500,"Symmetric bimodal",70,"Semiparametric",TRUE
"Main",200,"Symmetric bimodal",241,"OLS",TRUE
"Main",200,"Symmetric bimodal",241,"Semiparametric",TRUE
"Main",200,"Asymmetric mixture",803,"OLS",TRUE
"Main",200,"Asymmetric mixture",803,"Semiparametric",TRUE
"Main",500,"Gaussian",856,"OLS",TRUE
"Main",500,"Gaussian",856,"Semiparametric",TRUE
"Main",200,"Gaussian",694,"OLS",TRUE
"Main",200,"Gaussian",694,"Semiparametric",TRUE
"Main",500,"Symmetric bimodal",152,"OLS",TRUE
"Main",500,"Symmetric bimodal",152,"Semiparametric",TRUE
"Main",500,"Asymmetric mixture",211,"OLS",TRUE
"Main",500,"Asymmetric mixture",211,"Semiparametric",TRUE
"Main",500,"Symmetric bimodal",946,"OLS",TRUE
"Main",500,"Symmetric bimodal",946,"Semiparametric",TRUE
"Main",500,"Symmetric bimodal",414,"OLS",TRUE
"Main",500,"Symmetric bimodal",414,"Semiparametric",TRUE
"Main",500,"Asymmetric mixture",826,"OLS",TRUE
"Main",500,"Asymmetric mixture",826,"Semiparametric",TRUE
"Main",500,"Symmetric bimodal",95,"OLS",TRUE
"Main",500,"Symmetric bimodal",95,"Semiparametric",TRUE
"Main",200,"Gaussian",519,"OLS",TRUE
"Main",200,"Gaussian",519,"Semiparametric",TRUE
"Main",500,"Skew-normal",306,"OLS",TRUE
"Main",500,"Skew-normal",306,"Semiparametric",TRUE
"Main",200,"Symmetric bimodal",863,"OLS",TRUE
"Main",200,"Symmetric bimodal",863,"Semiparametric",TRUE
"Main",500,"Gaussian",315,"OLS",TRUE
"Main",500,"Gaussian",315,"Semiparametric",TRUE
"Main",200,"Symmetric bimodal",842,"OLS",TRUE
"Main",200,"Symmetric bimodal",842,"Semiparametric",TRUE
"Main",200,"Skew-normal",654,"OLS",TRUE
"Main",200,"Skew-normal",654,"Semiparametric",TRUE
"Main",500,"Skew-normal",375,"OLS",TRUE
"Main",500,"Skew-normal",375,"Semiparametric",TRUE
"Main",200,"Gaussian",459,"OLS",TRUE
"Main",200,"Gaussian",459,"Semiparametric",TRUE
"Main",500,"Skew-normal",1,"OLS",TRUE
"Main",500,"Skew-normal",1,"Semiparametric",TRUE
"Main",500,"Gaussian",762,"OLS",TRUE
"Main",500,"Gaussian",762,"Semiparametric",TRUE
"Main",200,"Asymmetric mixture",646,"OLS",TRUE
"Main",200,"Asymmetric mixture",646,"Semiparametric",TRUE
"Main",500,"Symmetric bimodal",247,"OLS",TRUE
"Main",500,"Symmetric bimodal",247,"Semiparametric",TRUE
"Main",500,"Asymmetric mixture",147,"OLS",TRUE
"Main",500,"Asymmetric mixture",147,"Semiparametric",TRUE
"Main",500,"Asymmetric mixture",738,"OLS",TRUE
"Main",500,"Asymmetric mixture",738,"Semiparametric",TRUE
"Main",500,"Skew-normal",428,"OLS",TRUE
"Main",500,"Skew-normal",428,"Semiparametric",TRUE
"Main",200,"Asymmetric mixture",552,"OLS",TRUE
"Main",200,"Asymmetric mixture",552,"Semiparametric",TRUE
"Main",500,"Skew-normal",657,"OLS",TRUE
"Main",500,"Skew-normal",657,"Semiparametric",TRUE
"Main",200,"Skew-normal",962,"OLS",TRUE
"Main",200,"Skew-normal",962,"Semiparametric",TRUE
"Main",500,"Skew-normal",987,"OLS",TRUE
"Main",500,"Skew-normal",987,"Semiparametric",TRUE
"Main",200,"Symmetric bimodal",950,"OLS",TRUE
"Main",200,"Symmetric bimodal",950,"Semiparametric",TRUE
"Main",200,"Symmetric bimodal",125,"OLS",TRUE
"Main",200,"Symmetric bimodal",125,"Semiparametric",TRUE
"Main",200,"Asymmetric mixture",503,"OLS",TRUE
"Main",200,"Asymmetric mixture",503,"Semiparametric",TRUE
"Main",500,"Asymmetric mixture",364,"OLS",TRUE
"Main",500,"Asymmetric mixture",364,"Semiparametric",TRUE
"Main",500,"Asymmetric mixture",622,"OLS",TRUE
"Main",500,"Asymmetric mixture",622,"Semiparametric",TRUE
"Main",200,"Symmetric bimodal",821,"OLS",TRUE
"Main",200,"Symmetric bimodal",821,"Semiparametric",TRUE
"Main",500,"Symmetric bimodal",161,"OLS",TRUE
"Main",500,"Symmetric bimodal",161,"Semiparametric",TRUE
"Main",200,"Symmetric bimodal",481,"OLS",TRUE
"Main",200,"Symmetric bimodal",481,"Semiparametric",TRUE
"Main",200,"Symmetric bimodal",465,"OLS",TRUE
"Main",200,"Symmetric bimodal",465,"Semiparametric",TRUE
"Main",500,"Skew-normal",342,"OLS",TRUE
"Main",500,"Skew-normal",342,"Semiparametric",TRUE
"Main",500,"Skew-normal",491,"OLS",TRUE
"Main",500,"Skew-normal",491,"Semiparametric",TRUE
"Main",500,"Gaussian",596,"OLS",TRUE
"Main",500,"Gaussian",596,"Semiparametric",TRUE
"Main",200,"Asymmetric mixture",765,"OLS",TRUE
"Main",200,"Asymmetric mixture",765,"Semiparametric",TRUE
"Main",200,"Symmetric bimodal",311,"OLS",TRUE
"Main",200,"Symmetric bimodal",311,"Semiparametric",TRUE
"Main",200,"Asymmetric mixture",199,"OLS",TRUE
"Main",200,"Asymmetric mixture",199,"Semiparametric",FALSE
"Main",500,"Asymmetric mixture",326,"OLS",TRUE
"Main",500,"Asymmetric mixture",326,"Semiparametric",TRUE
"Main",500,"Gaussian",241,"OLS",TRUE
"Main",500,"Gaussian",241,"Semiparametric",TRUE
"Main",200,"Symmetric bimodal",68,"OLS",TRUE
"Main",200,"Symmetric bimodal",68,"Semiparametric",TRUE
"Main",200,"Skew-normal",484,"OLS",TRUE
"Main",200,"Skew-normal",484,"Semiparametric",TRUE
"Main",500,"Symmetric bimodal",537,"OLS",TRUE
"Main",500,"Symmetric bimodal",537,"Semiparametric",TRUE
"Main",200,"Asymmetric mixture",186,"OLS",TRUE
"Main",200,"Asymmetric mixture",186,"Semiparametric",FALSE
"Main",200,"Symmetric bimodal",242,"OLS",TRUE
"Main",200,"Symmetric bimodal",242,"Semiparametric",TRUE
"Main",200,"Skew-normal",616,"OLS",TRUE
"Main",200,"Skew-normal",616,"Semiparametric",TRUE
"Main",200,"Skew-normal",420,"OLS",TRUE
"Main",200,"Skew-normal",420,"Semiparametric",TRUE
"Main",200,"Asymmetric mixture",977,"OLS",TRUE
"Main",200,"Asymmetric mixture",977,"Semiparametric",TRUE
"Main",200,"Asymmetric mixture",127,"OLS",TRUE
"Main",200,"Asymmetric mixture",127,"Semiparametric",TRUE
"Main",500,"Skew-normal",899,"OLS",TRUE
"Main",500,"Skew-normal",899,"Semiparametric",TRUE
"Main",500,"Gaussian",103,"OLS",TRUE
"Main",500,"Gaussian",103,"Semiparametric",TRUE
"Main",500,"Asymmetric mixture",155,"OLS",TRUE
"Main",500,"Asymmetric mixture",155,"Semiparametric",TRUE
"Main",200,"Symmetric bimodal",189,"OLS",TRUE
"Main",200,"Symmetric bimodal",189,"Semiparametric",TRUE
"Main",200,"Asymmetric mixture",303,"OLS",TRUE
"Main",200,"Asymmetric mixture",303,"Semiparametric",TRUE
"Main",200,"Symmetric bimodal",656,"OLS",TRUE
"Main",200,"Symmetric bimodal",656,"Semiparametric",TRUE
"Main",200,"Skew-normal",348,"OLS",TRUE
"Main",200,"Skew-normal",348,"Semiparametric",TRUE
"Main",200,"Skew-normal",364,"OLS",TRUE
"Main",200,"Skew-normal",364,"Semiparametric",TRUE
"Main",500,"Asymmetric mixture",237,"OLS",TRUE
"Main",500,"Asymmetric mixture",237,"Semiparametric",TRUE
"Main",500,"Symmetric bimodal",521,"OLS",TRUE
"Main",500,"Symmetric bimodal",521,"Semiparametric",TRUE
"Main",500,"Gaussian",503,"OLS",TRUE
"Main",500,"Gaussian",503,"Semiparametric",TRUE
"Main",500,"Asymmetric mixture",812,"OLS",TRUE
"Main",500,"Asymmetric mixture",812,"Semiparametric",TRUE
"Main",200,"Gaussian",373,"OLS",TRUE
"Main",200,"Gaussian",373,"Semiparametric",TRUE
"Main",500,"Skew-normal",44,"OLS",TRUE
"Main",500,"Skew-normal",44,"Semiparametric",TRUE
"Main",200,"Asymmetric mixture",759,"OLS",TRUE
"Main",200,"Asymmetric mixture",759,"Semiparametric",TRUE
"Main",500,"Gaussian",159,"OLS",TRUE
"Main",500,"Gaussian",159,"Semiparametric",TRUE
"Main",200,"Skew-normal",603,"OLS",TRUE
"Main",200,"Skew-normal",603,"Semiparametric",TRUE
"Main",200,"Asymmetric mixture",316,"OLS",TRUE
"Main",200,"Asymmetric mixture",316,"Semiparametric",TRUE
"Main",500,"Asymmetric mixture",680,"OLS",TRUE
"Main",500,"Asymmetric mixture",680,"Semiparametric",TRUE
"Main",500,"Asymmetric mixture",43,"OLS",TRUE
"Main",500,"Asymmetric mixture",43,"Semiparametric",TRUE
"Main",200,"Asymmetric mixture",805,"OLS",TRUE
"Main",200,"Asymmetric mixture",805,"Semiparametric",TRUE
"Main",500,"Symmetric bimodal",72,"OLS",TRUE
"Main",500,"Symmetric bimodal",72,"Semiparametric",TRUE
"Main",200,"Asymmetric mixture",755,"OLS",TRUE
"Main",200,"Asymmetric mixture",755,"Semiparametric",FALSE
"Main",500,"Skew-normal",623,"OLS",TRUE
"Main",500,"Skew-normal",623,"Semiparametric",TRUE
"Main",500,"Gaussian",630,"OLS",TRUE
"Main",500,"Gaussian",630,"Semiparametric",TRUE
"Main",500,"Gaussian",357,"OLS",TRUE
"Main",500,"Gaussian",357,"Semiparametric",TRUE
"Main",500,"Symmetric bimodal",76,"OLS",TRUE
"Main",500,"Symmetric bimodal",76,"Semiparametric",TRUE
"Main",200,"Gaussian",552,"OLS",TRUE
"Main",200,"Gaussian",552,"Semiparametric",TRUE
"Main",500,"Symmetric bimodal",291,"OLS",TRUE
"Main",500,"Symmetric bimodal",291,"Semiparametric",TRUE
"Main",500,"Asymmetric mixture",891,"OLS",TRUE
"Main",500,"Asymmetric mixture",891,"Semiparametric",TRUE
"Main",500,"Asymmetric mixture",439,"OLS",TRUE
"Main",500,"Asymmetric mixture",439,"Semiparametric",TRUE
"Main",200,"Symmetric bimodal",633,"OLS",TRUE
"Main",200,"Symmetric bimodal",633,"Semiparametric",TRUE
"Main",200,"Asymmetric mixture",342,"OLS",TRUE
"Main",200,"Asymmetric mixture",342,"Semiparametric",FALSE
"Main",500,"Skew-normal",729,"OLS",TRUE
"Main",500,"Skew-normal",729,"Semiparametric",TRUE
"Main",200,"Asymmetric mixture",919,"OLS",TRUE
"Main",200,"Asymmetric mixture",919,"Semiparametric",FALSE
"Main",500,"Symmetric bimodal",221,"OLS",TRUE
"Main",500,"Symmetric bimodal",221,"Semiparametric",TRUE
"Main",500,"Gaussian",491,"OLS",TRUE
"Main",500,"Gaussian",491,"Semiparametric",TRUE
"Main",500,"Gaussian",523,"OLS",TRUE
"Main",500,"Gaussian",523,"Semiparametric",TRUE
"Main",200,"Gaussian",801,"OLS",TRUE
"Main",200,"Gaussian",801,"Semiparametric",TRUE
"Main",500,"Asymmetric mixture",115,"OLS",TRUE
"Main",500,"Asymmetric mixture",115,"Semiparametric",TRUE
"Main",500,"Skew-normal",613,"OLS",TRUE
"Main",500,"Skew-normal",613,"Semiparametric",TRUE
"Main",500,"Skew-normal",794,"OLS",TRUE
"Main",500,"Skew-normal",794,"Semiparametric",TRUE
"Main",200,"Skew-normal",393,"OLS",TRUE
"Main",200,"Skew-normal",393,"Semiparametric",TRUE
"Main",200,"Symmetric bimodal",829,"OLS",TRUE
"Main",200,"Symmetric bimodal",829,"Semiparametric",TRUE
"Main",500,"Symmetric bimodal",63,"OLS",TRUE
"Main",500,"Symmetric bimodal",63,"Semiparametric",TRUE
"Main",500,"Skew-normal",449,"OLS",TRUE
"Main",500,"Skew-normal",449,"Semiparametric",TRUE
"Main",200,"Gaussian",1,"OLS",TRUE
"Main",200,"Gaussian",1,"Semiparametric",TRUE
"Main",500,"Gaussian",690,"OLS",TRUE
"Main",500,"Gaussian",690,"Semiparametric",TRUE
"Main",500,"Symmetric bimodal",927,"OLS",TRUE
"Main",500,"Symmetric bimodal",927,"Semiparametric",TRUE
"Main",500,"Gaussian",29,"OLS",TRUE
"Main",500,"Gaussian",29,"Semiparametric",TRUE
"Main",200,"Symmetric bimodal",570,"OLS",TRUE
"Main",200,"Symmetric bimodal",570,"Semiparametric",TRUE
"Main",500,"Gaussian",934,"OLS",TRUE
"Main",500,"Gaussian",934,"Semiparametric",TRUE
"Main",500,"Gaussian",782,"OLS",TRUE
"Main",500,"Gaussian",782,"Semiparametric",TRUE
"Main",200,"Gaussian",394,"OLS",TRUE
"Main",200,"Gaussian",394,"Semiparametric",TRUE
"Main",500,"Gaussian",832,"OLS",TRUE
"Main",500,"Gaussian",832,"Semiparametric",TRUE
"Main",500,"Symmetric bimodal",783,"OLS",TRUE
"Main",500,"Symmetric bimodal",783,"Semiparametric",TRUE
"Main",500,"Symmetric bimodal",533,"OLS",TRUE
"Main",500,"Symmetric bimodal",533,"Semiparametric",TRUE
"Main",200,"Skew-normal",902,"OLS",TRUE
"Main",200,"Skew-normal",902,"Semiparametric",TRUE
"Main",500,"Skew-normal",705,"OLS",TRUE
"Main",500,"Skew-normal",705,"Semiparametric",TRUE
"Main",500,"Asymmetric mixture",433,"OLS",TRUE
"Main",500,"Asymmetric mixture",433,"Semiparametric",TRUE
"Main",200,"Gaussian",692,"OLS",TRUE
"Main",200,"Gaussian",692,"Semiparametric",TRUE
"Main",200,"Asymmetric mixture",178,"OLS",TRUE
"Main",200,"Asymmetric mixture",178,"Semiparametric",TRUE
"Main",500,"Gaussian",376,"OLS",TRUE
"Main",500,"Gaussian",376,"Semiparametric",TRUE
"Main",500,"Gaussian",323,"OLS",TRUE
"Main",500,"Gaussian",323,"Semiparametric",TRUE
"Main",200,"Skew-normal",848,"OLS",TRUE
"Main",200,"Skew-normal",848,"Semiparametric",TRUE
"Main",500,"Skew-normal",338,"OLS",TRUE
"Main",500,"Skew-normal",338,"Semiparametric",TRUE
"Main",200,"Skew-normal",45,"OLS",TRUE
"Main",200,"Skew-normal",45,"Semiparametric",TRUE
"Main",500,"Skew-normal",943,"OLS",TRUE
"Main",500,"Skew-normal",943,"Semiparametric",TRUE
"Main",200,"Skew-normal",330,"OLS",TRUE
"Main",200,"Skew-normal",330,"Semiparametric",TRUE
"Main",500,"Skew-normal",68,"OLS",TRUE
"Main",500,"Skew-normal",68,"Semiparametric",TRUE
"Main",500,"Asymmetric mixture",413,"OLS",TRUE
"Main",500,"Asymmetric mixture",413,"Semiparametric",TRUE
"Main",500,"Symmetric bimodal",381,"OLS",TRUE
"Main",500,"Symmetric bimodal",381,"Semiparametric",TRUE
"Main",500,"Asymmetric mixture",127,"OLS",TRUE
"Main",500,"Asymmetric mixture",127,"Semiparametric",TRUE
"Main",200,"Symmetric bimodal",896,"OLS",TRUE
"Main",200,"Symmetric bimodal",896,"Semiparametric",TRUE
"Main",200,"Gaussian",399,"OLS",TRUE
"Main",200,"Gaussian",399,"Semiparametric",TRUE
"Main",500,"Gaussian",439,"OLS",TRUE
"Main",500,"Gaussian",439,"Semiparametric",TRUE
"Main",200,"Symmetric bimodal",912,"OLS",TRUE
"Main",200,"Symmetric bimodal",912,"Semiparametric",TRUE
"Main",200,"Symmetric bimodal",153,"OLS",TRUE
"Main",200,"Symmetric bimodal",153,"Semiparametric",TRUE
"Main",500,"Skew-normal",199,"OLS",TRUE
"Main",500,"Skew-normal",199,"Semiparametric",TRUE
"Main",500,"Asymmetric mixture",896,"OLS",TRUE
"Main",500,"Asymmetric mixture",896,"Semiparametric",TRUE
"Main",200,"Symmetric bimodal",567,"OLS",TRUE
"Main",200,"Symmetric bimodal",567,"Semiparametric",TRUE
"Main",500,"Skew-normal",236,"OLS",TRUE
"Main",500,"Skew-normal",236,"Semiparametric",TRUE
"Main",200,"Symmetric bimodal",41,"OLS",TRUE
"Main",200,"Symmetric bimodal",41,"Semiparametric",TRUE
"Main",500,"Gaussian",743,"OLS",TRUE
"Main",500,"Gaussian",743,"Semiparametric",TRUE
"Main",200,"Asymmetric mixture",60,"OLS",TRUE
"Main",200,"Asymmetric mixture",60,"Semiparametric",FALSE
"Main",200,"Gaussian",358,"OLS",TRUE
"Main",200,"Gaussian",358,"Semiparametric",TRUE
"Main",200,"Skew-normal",214,"OLS",TRUE
"Main",200,"Skew-normal",214,"Semiparametric",TRUE
"Main",500,"Gaussian",410,"OLS",TRUE
"Main",500,"Gaussian",410,"Semiparametric",TRUE
"Main",500,"Symmetric bimodal",431,"OLS",TRUE
"Main",500,"Symmetric bimodal",431,"Semiparametric",TRUE
"Main",500,"Symmetric bimodal",800,"OLS",TRUE
"Main",500,"Symmetric bimodal",800,"Semiparametric",TRUE
"Main",200,"Skew-normal",163,"OLS",TRUE
"Main",200,"Skew-normal",163,"Semiparametric",TRUE
"Main",500,"Symmetric bimodal",639,"OLS",TRUE
"Main",500,"Symmetric bimodal",639,"Semiparametric",TRUE
"Main",200,"Gaussian",106,"OLS",TRUE
"Main",200,"Gaussian",106,"Semiparametric",TRUE
"Main",500,"Asymmetric mixture",539,"OLS",TRUE
"Main",500,"Asymmetric mixture",539,"Semiparametric",TRUE
"Main",200,"Symmetric bimodal",103,"OLS",TRUE
"Main",200,"Symmetric bimodal",103,"Semiparametric",TRUE
"Main",500,"Skew-normal",18,"OLS",TRUE
"Main",500,"Skew-normal",18,"Semiparametric",TRUE
"Main",200,"Skew-normal",58,"OLS",TRUE
"Main",200,"Skew-normal",58,"Semiparametric",TRUE
"Main",200,"Asymmetric mixture",828,"OLS",TRUE
"Main",200,"Asymmetric mixture",828,"Semiparametric",TRUE
"Main",200,"Gaussian",622,"OLS",TRUE
"Main",200,"Gaussian",622,"Semiparametric",TRUE
"Main",200,"Skew-normal",428,"OLS",TRUE
"Main",200,"Skew-normal",428,"Semiparametric",TRUE
"Main",500,"Skew-normal",486,"OLS",TRUE
"Main",500,"Skew-normal",486,"Semiparametric",TRUE
"Main",200,"Asymmetric mixture",955,"OLS",TRUE
"Main",200,"Asymmetric mixture",955,"Semiparametric",TRUE
"Main",500,"Asymmetric mixture",232,"OLS",TRUE
"Main",500,"Asymmetric mixture",232,"Semiparametric",TRUE
"Main",200,"Asymmetric mixture",457,"OLS",TRUE
"Main",200,"Asymmetric mixture",457,"Semiparametric",TRUE
"Main",500,"Gaussian",930,"OLS",TRUE
"Main",500,"Gaussian",930,"Semiparametric",TRUE
"Main",500,"Skew-normal",580,"OLS",TRUE
"Main",500,"Skew-normal",580,"Semiparametric",TRUE
"Main",200,"Asymmetric mixture",37,"OLS",TRUE
"Main",200,"Asymmetric mixture",37,"Semiparametric",TRUE
"Main",500,"Asymmetric mixture",507,"OLS",TRUE
"Main",500,"Asymmetric mixture",507,"Semiparametric",TRUE
"Main",200,"Asymmetric mixture",172,"OLS",TRUE
"Main",200,"Asymmetric mixture",172,"Semiparametric",TRUE
"Main",500,"Symmetric bimodal",527,"OLS",TRUE
"Main",500,"Symmetric bimodal",527,"Semiparametric",TRUE
"Main",200,"Gaussian",726,"OLS",TRUE
"Main",200,"Gaussian",726,"Semiparametric",TRUE
"Main",500,"Asymmetric mixture",797,"OLS",TRUE
"Main",500,"Asymmetric mixture",797,"Semiparametric",TRUE
"Main",200,"Gaussian",964,"OLS",TRUE
"Main",200,"Gaussian",964,"Semiparametric",TRUE
"Main",200,"Symmetric bimodal",766,"OLS",TRUE
"Main",200,"Symmetric bimodal",766,"Semiparametric",TRUE
"Main",200,"Asymmetric mixture",924,"OLS",TRUE
"Main",200,"Asymmetric mixture",924,"Semiparametric",TRUE
"Main",500,"Asymmetric mixture",877,"OLS",TRUE
"Main",500,"Asymmetric mixture",877,"Semiparametric",TRUE
"Main",500,"Skew-normal",980,"OLS",TRUE
"Main",500,"Skew-normal",980,"Semiparametric",TRUE
"Main",200,"Gaussian",272,"OLS",TRUE
"Main",200,"Gaussian",272,"Semiparametric",TRUE
"Main",500,"Gaussian",22,"OLS",TRUE
"Main",500,"Gaussian",22,"Semiparametric",TRUE
"Main",500,"Symmetric bimodal",836,"OLS",TRUE
"Main",500,"Symmetric bimodal",836,"Semiparametric",TRUE
"Main",500,"Asymmetric mixture",868,"OLS",TRUE
"Main",500,"Asymmetric mixture",868,"Semiparametric",TRUE
"Main",200,"Gaussian",202,"OLS",TRUE
"Main",200,"Gaussian",202,"Semiparametric",TRUE
"Main",500,"Skew-normal",758,"OLS",TRUE
"Main",500,"Skew-normal",758,"Semiparametric",TRUE
"Main",200,"Skew-normal",241,"OLS",TRUE
"Main",200,"Skew-normal",241,"Semiparametric",TRUE
"Main",200,"Asymmetric mixture",737,"OLS",TRUE
"Main",200,"Asymmetric mixture",737,"Semiparametric",TRUE
"Main",200,"Skew-normal",587,"OLS",TRUE
"Main",200,"Skew-normal",587,"Semiparametric",TRUE
"Main",200,"Symmetric bimodal",121,"OLS",TRUE
"Main",200,"Symmetric bimodal",121,"Semiparametric",TRUE
"Main",500,"Symmetric bimodal",515,"OLS",TRUE
"Main",500,"Symmetric bimodal",515,"Semiparametric",TRUE
"Main",200,"Gaussian",979,"OLS",TRUE
"Main",200,"Gaussian",979,"Semiparametric",TRUE
"Main",500,"Gaussian",34,"OLS",TRUE
"Main",500,"Gaussian",34,"Semiparametric",TRUE
"Main",500,"Symmetric bimodal",4,"OLS",TRUE
"Main",500,"Symmetric bimodal",4,"Semiparametric",TRUE
"Main",500,"Symmetric bimodal",335,"OLS",TRUE
"Main",500,"Symmetric bimodal",335,"Semiparametric",TRUE
"Main",500,"Symmetric bimodal",968,"OLS",TRUE
"Main",500,"Symmetric bimodal",968,"Semiparametric",TRUE
"Main",500,"Symmetric bimodal",390,"OLS",TRUE
"Main",500,"Symmetric bimodal",390,"Semiparametric",TRUE
"Main",200,"Skew-normal",789,"OLS",TRUE
"Main",200,"Skew-normal",789,"Semiparametric",TRUE
"Main",500,"Gaussian",120,"OLS",TRUE
"Main",500,"Gaussian",120,"Semiparametric",TRUE
"Main",200,"Symmetric bimodal",79,"OLS",TRUE
"Main",200,"Symmetric bimodal",79,"Semiparametric",TRUE
"Main",200,"Skew-normal",110,"OLS",TRUE
"Main",200,"Skew-normal",110,"Semiparametric",TRUE
"Main",200,"Gaussian",658,"OLS",TRUE
"Main",200,"Gaussian",658,"Semiparametric",TRUE
"Main",200,"Skew-normal",691,"OLS",TRUE
"Main",200,"Skew-normal",691,"Semiparametric",TRUE
"Main",500,"Asymmetric mixture",926,"OLS",TRUE
"Main",500,"Asymmetric mixture",926,"Semiparametric",TRUE
"Main",500,"Gaussian",291,"OLS",TRUE
"Main",500,"Gaussian",291,"Semiparametric",TRUE
"Main",500,"Skew-normal",46,"OLS",TRUE
"Main",500,"Skew-normal",46,"Semiparametric",TRUE
"Main",200,"Skew-normal",331,"OLS",TRUE
"Main",200,"Skew-normal",331,"Semiparametric",TRUE
"Main",500,"Skew-normal",320,"OLS",TRUE
"Main",500,"Skew-normal",320,"Semiparametric",TRUE
"Main",200,"Skew-normal",422,"OLS",TRUE
"Main",200,"Skew-normal",422,"Semiparametric",TRUE
"Main",500,"Symmetric bimodal",1000,"OLS",TRUE
"Main",500,"Symmetric bimodal",1000,"Semiparametric",TRUE
"Main",200,"Gaussian",748,"OLS",TRUE
"Main",200,"Gaussian",748,"Semiparametric",TRUE
"Main",500,"Gaussian",42,"OLS",TRUE
"Main",500,"Gaussian",42,"Semiparametric",TRUE
"Main",500,"Skew-normal",660,"OLS",TRUE
"Main",500,"Skew-normal",660,"Semiparametric",TRUE
"Main",500,"Gaussian",966,"OLS",TRUE
"Main",500,"Gaussian",966,"Semiparametric",TRUE
"Main",200,"Skew-normal",552,"OLS",TRUE
"Main",200,"Skew-normal",552,"Semiparametric",TRUE
"Main",200,"Asymmetric mixture",243,"OLS",TRUE
"Main",200,"Asymmetric mixture",243,"Semiparametric",TRUE
"Main",200,"Gaussian",244,"OLS",TRUE
"Main",200,"Gaussian",244,"Semiparametric",TRUE
"Main",200,"Asymmetric mixture",485,"OLS",TRUE
"Main",200,"Asymmetric mixture",485,"Semiparametric",FALSE
"Main",500,"Skew-normal",210,"OLS",TRUE
"Main",500,"Skew-normal",210,"Semiparametric",TRUE
"Main",200,"Symmetric bimodal",746,"OLS",TRUE
"Main",200,"Symmetric bimodal",746,"Semiparametric",TRUE
"Main",500,"Symmetric bimodal",876,"OLS",TRUE
"Main",500,"Symmetric bimodal",876,"Semiparametric",TRUE
"Main",200,"Symmetric bimodal",145,"OLS",TRUE
"Main",200,"Symmetric bimodal",145,"Semiparametric",FALSE
"Main",200,"Asymmetric mixture",510,"OLS",TRUE
"Main",200,"Asymmetric mixture",510,"Semiparametric",TRUE
"Main",500,"Skew-normal",773,"OLS",TRUE
"Main",500,"Skew-normal",773,"Semiparametric",TRUE
"Main",500,"Skew-normal",97,"OLS",TRUE
"Main",500,"Skew-normal",97,"Semiparametric",TRUE
"Main",200,"Symmetric bimodal",359,"OLS",TRUE
"Main",200,"Symmetric bimodal",359,"Semiparametric",TRUE
"Main",500,"Asymmetric mixture",150,"OLS",TRUE
"Main",500,"Asymmetric mixture",150,"Semiparametric",TRUE
"Main",200,"Symmetric bimodal",11,"OLS",TRUE
"Main",200,"Symmetric bimodal",11,"Semiparametric",TRUE
"Main",500,"Asymmetric mixture",839,"OLS",TRUE
"Main",500,"Asymmetric mixture",839,"Semiparametric",TRUE
"Main",500,"Symmetric bimodal",908,"OLS",TRUE
"Main",500,"Symmetric bimodal",908,"Semiparametric",TRUE
"Main",200,"Gaussian",289,"OLS",TRUE
"Main",200,"Gaussian",289,"Semiparametric",TRUE
"Main",500,"Gaussian",884,"OLS",TRUE
"Main",500,"Gaussian",884,"Semiparametric",TRUE
"Main",200,"Gaussian",151,"OLS",TRUE
"Main",200,"Gaussian",151,"Semiparametric",TRUE
"Main",200,"Asymmetric mixture",215,"OLS",TRUE
"Main",200,"Asymmetric mixture",215,"Semiparametric",FALSE
"Main",500,"Asymmetric mixture",249,"OLS",TRUE
"Main",500,"Asymmetric mixture",249,"Semiparametric",TRUE
"Main",500,"Asymmetric mixture",715,"OLS",TRUE
"Main",500,"Asymmetric mixture",715,"Semiparametric",TRUE
"Main",500,"Skew-normal",372,"OLS",TRUE
"Main",500,"Skew-normal",372,"Semiparametric",TRUE
"Main",500,"Skew-normal",787,"OLS",TRUE
"Main",500,"Skew-normal",787,"Semiparametric",TRUE
"Main",500,"Gaussian",195,"OLS",TRUE
"Main",500,"Gaussian",195,"Semiparametric",TRUE
"Main",500,"Skew-normal",474,"OLS",TRUE
"Main",500,"Skew-normal",474,"Semiparametric",TRUE
"Main",500,"Skew-normal",314,"OLS",TRUE
"Main",500,"Skew-normal",314,"Semiparametric",TRUE
"Main",200,"Asymmetric mixture",994,"OLS",TRUE
"Main",200,"Asymmetric mixture",994,"Semiparametric",TRUE
"Main",200,"Gaussian",267,"OLS",TRUE
"Main",200,"Gaussian",267,"Semiparametric",TRUE
"Main",200,"Asymmetric mixture",299,"OLS",TRUE
"Main",200,"Asymmetric mixture",299,"Semiparametric",TRUE
"Main",500,"Gaussian",460,"OLS",TRUE
"Main",500,"Gaussian",460,"Semiparametric",TRUE
"Main",200,"Gaussian",719,"OLS",TRUE
"Main",200,"Gaussian",719,"Semiparametric",TRUE
"Main",200,"Gaussian",859,"OLS",TRUE
"Main",200,"Gaussian",859,"Semiparametric",TRUE
"Main",200,"Skew-normal",388,"OLS",TRUE
"Main",200,"Skew-normal",388,"Semiparametric",TRUE
"Main",500,"Gaussian",350,"OLS",TRUE
"Main",500,"Gaussian",350,"Semiparametric",TRUE
"Main",500,"Asymmetric mixture",599,"OLS",TRUE
"Main",500,"Asymmetric mixture",599,"Semiparametric",TRUE
"Main",500,"Symmetric bimodal",602,"OLS",TRUE
"Main",500,"Symmetric bimodal",602,"Semiparametric",TRUE
"Main",200,"Skew-normal",64,"OLS",TRUE
"Main",200,"Skew-normal",64,"Semiparametric",TRUE
"Main",200,"Symmetric bimodal",749,"OLS",TRUE
"Main",200,"Symmetric bimodal",749,"Semiparametric",TRUE
"Main",500,"Skew-normal",294,"OLS",TRUE
"Main",500,"Skew-normal",294,"Semiparametric",TRUE
"Main",500,"Symmetric bimodal",37,"OLS",TRUE
"Main",500,"Symmetric bimodal",37,"Semiparametric",TRUE
"Main",500,"Gaussian",359,"OLS",TRUE
"Main",500,"Gaussian",359,"Semiparametric",TRUE
"Main",200,"Asymmetric mixture",88,"OLS",TRUE
"Main",200,"Asymmetric mixture",88,"Semiparametric",TRUE
"Main",200,"Asymmetric mixture",874,"OLS",TRUE
"Main",200,"Asymmetric mixture",874,"Semiparametric",TRUE
"Main",500,"Skew-normal",640,"OLS",TRUE
"Main",500,"Skew-normal",640,"Semiparametric",TRUE
"Main",500,"Gaussian",308,"OLS",TRUE
"Main",500,"Gaussian",308,"Semiparametric",TRUE
"Main",200,"Symmetric bimodal",920,"OLS",TRUE
"Main",200,"Symmetric bimodal",920,"Semiparametric",TRUE
"Main",500,"Gaussian",325,"OLS",TRUE
"Main",500,"Gaussian",325,"Semiparametric",TRUE
"Main",500,"Symmetric bimodal",889,"OLS",TRUE
"Main",500,"Symmetric bimodal",889,"Semiparametric",TRUE
"Main",500,"Asymmetric mixture",395,"OLS",TRUE
"Main",500,"Asymmetric mixture",395,"Semiparametric",TRUE
"Main",200,"Symmetric bimodal",224,"OLS",TRUE
"Main",200,"Symmetric bimodal",224,"Semiparametric",TRUE
"Main",500,"Symmetric bimodal",87,"OLS",TRUE
"Main",500,"Symmetric bimodal",87,"Semiparametric",TRUE
"Main",200,"Symmetric bimodal",752,"OLS",TRUE
"Main",200,"Symmetric bimodal",752,"Semiparametric",TRUE
"Main",200,"Skew-normal",493,"OLS",TRUE
"Main",200,"Skew-normal",493,"Semiparametric",TRUE
"Main",500,"Gaussian",512,"OLS",TRUE
"Main",500,"Gaussian",512,"Semiparametric",TRUE
"Main",500,"Asymmetric mixture",613,"OLS",TRUE
"Main",500,"Asymmetric mixture",613,"Semiparametric",TRUE
"Main",500,"Asymmetric mixture",429,"OLS",TRUE
"Main",500,"Asymmetric mixture",429,"Semiparametric",TRUE
"Main",500,"Gaussian",643,"OLS",TRUE
"Main",500,"Gaussian",643,"Semiparametric",TRUE
"Main",500,"Skew-normal",298,"OLS",TRUE
"Main",500,"Skew-normal",298,"Semiparametric",TRUE
"Main",200,"Gaussian",364,"OLS",TRUE
"Main",200,"Gaussian",364,"Semiparametric",TRUE
"Main",500,"Symmetric bimodal",34,"OLS",TRUE
"Main",500,"Symmetric bimodal",34,"Semiparametric",TRUE
"Main",500,"Gaussian",95,"OLS",TRUE
"Main",500,"Gaussian",95,"Semiparametric",TRUE
"Main",200,"Skew-normal",216,"OLS",TRUE
"Main",200,"Skew-normal",216,"Semiparametric",TRUE
"Main",200,"Skew-normal",875,"OLS",TRUE
"Main",200,"Skew-normal",875,"Semiparametric",TRUE
"Main",200,"Symmetric bimodal",303,"OLS",TRUE
"Main",200,"Symmetric bimodal",303,"Semiparametric",TRUE
"Main",200,"Skew-normal",207,"OLS",TRUE
"Main",200,"Skew-normal",207,"Semiparametric",TRUE
"Main",200,"Symmetric bimodal",324,"OLS",TRUE
"Main",200,"Symmetric bimodal",324,"Semiparametric",FALSE
"Main",500,"Skew-normal",997,"OLS",TRUE
"Main",500,"Skew-normal",997,"Semiparametric",TRUE
"Main",200,"Asymmetric mixture",142,"OLS",TRUE
"Main",200,"Asymmetric mixture",142,"Semiparametric",TRUE
"Main",200,"Skew-normal",652,"OLS",TRUE
"Main",200,"Skew-normal",652,"Semiparametric",TRUE
"Main",500,"Symmetric bimodal",12,"OLS",TRUE
"Main",500,"Symmetric bimodal",12,"Semiparametric",TRUE
"Main",200,"Symmetric bimodal",938,"OLS",TRUE
"Main",200,"Symmetric bimodal",938,"Semiparametric",TRUE
"Main",200,"Gaussian",493,"OLS",TRUE
"Main",200,"Gaussian",493,"Semiparametric",TRUE
"Main",500,"Symmetric bimodal",178,"OLS",TRUE
"Main",500,"Symmetric bimodal",178,"Semiparametric",TRUE
"Main",500,"Gaussian",851,"OLS",TRUE
"Main",500,"Gaussian",851,"Semiparametric",TRUE
"Main",500,"Gaussian",943,"OLS",TRUE
"Main",500,"Gaussian",943,"Semiparametric",TRUE
"Main",200,"Skew-normal",370,"OLS",TRUE
"Main",200,"Skew-normal",370,"Semiparametric",TRUE
"Main",500,"Asymmetric mixture",160,"OLS",TRUE
"Main",500,"Asymmetric mixture",160,"Semiparametric",TRUE
"Main",500,"Skew-normal",672,"OLS",TRUE
"Main",500,"Skew-normal",672,"Semiparametric",TRUE
"Main",200,"Asymmetric mixture",892,"OLS",TRUE
"Main",200,"Asymmetric mixture",892,"Semiparametric",TRUE
"Main",200,"Gaussian",941,"OLS",TRUE
"Main",200,"Gaussian",941,"Semiparametric",TRUE
"Main",200,"Asymmetric mixture",160,"OLS",TRUE
"Main",200,"Asymmetric mixture",160,"Semiparametric",TRUE
"Main",200,"Symmetric bimodal",33,"OLS",TRUE
"Main",200,"Symmetric bimodal",33,"Semiparametric",TRUE
"Main",500,"Skew-normal",798,"OLS",TRUE
"Main",500,"Skew-normal",798,"Semiparametric",TRUE
"Main",200,"Gaussian",160,"OLS",TRUE
"Main",200,"Gaussian",160,"Semiparametric",TRUE
"Main",200,"Skew-normal",733,"OLS",TRUE
"Main",200,"Skew-normal",733,"Semiparametric",TRUE
"Main",200,"Gaussian",918,"OLS",TRUE
"Main",200,"Gaussian",918,"Semiparametric",TRUE
"Main",200,"Asymmetric mixture",699,"OLS",TRUE
"Main",200,"Asymmetric mixture",699,"Semiparametric",TRUE
"Main",200,"Skew-normal",43,"OLS",TRUE
"Main",200,"Skew-normal",43,"Semiparametric",TRUE
"Main",200,"Asymmetric mixture",78,"OLS",TRUE
"Main",200,"Asymmetric mixture",78,"Semiparametric",TRUE
"Main",500,"Asymmetric mixture",289,"OLS",TRUE
"Main",500,"Asymmetric mixture",289,"Semiparametric",TRUE
"Main",200,"Gaussian",757,"OLS",TRUE
"Main",200,"Gaussian",757,"Semiparametric",TRUE
"Main",200,"Skew-normal",921,"OLS",TRUE
"Main",200,"Skew-normal",921,"Semiparametric",TRUE
"Main",500,"Symmetric bimodal",665,"OLS",TRUE
"Main",500,"Symmetric bimodal",665,"Semiparametric",TRUE
"Main",500,"Asymmetric mixture",853,"OLS",TRUE
"Main",500,"Asymmetric mixture",853,"Semiparametric",TRUE
"Main",200,"Asymmetric mixture",357,"OLS",TRUE
"Main",200,"Asymmetric mixture",357,"Semiparametric",TRUE
"Main",200,"Gaussian",11,"OLS",TRUE
"Main",200,"Gaussian",11,"Semiparametric",TRUE
"Main",500,"Asymmetric mixture",324,"OLS",TRUE
"Main",500,"Asymmetric mixture",324,"Semiparametric",TRUE
"Main",200,"Symmetric bimodal",383,"OLS",TRUE
"Main",200,"Symmetric bimodal",383,"Semiparametric",TRUE
"Main",200,"Asymmetric mixture",106,"OLS",TRUE
"Main",200,"Asymmetric mixture",106,"Semiparametric",TRUE
"Main",500,"Asymmetric mixture",940,"OLS",TRUE
"Main",500,"Asymmetric mixture",940,"Semiparametric",TRUE
"Main",500,"Symmetric bimodal",54,"OLS",TRUE
"Main",500,"Symmetric bimodal",54,"Semiparametric",TRUE
"Main",500,"Skew-normal",343,"OLS",TRUE
"Main",500,"Skew-normal",343,"Semiparametric",TRUE
"Main",200,"Symmetric bimodal",51,"OLS",TRUE
"Main",200,"Symmetric bimodal",51,"Semiparametric",TRUE
"Main",500,"Gaussian",594,"OLS",TRUE
"Main",500,"Gaussian",594,"Semiparametric",TRUE
"Main",500,"Symmetric bimodal",771,"OLS",TRUE
"Main",500,"Symmetric bimodal",771,"Semiparametric",TRUE
"Main",200,"Symmetric bimodal",240,"OLS",TRUE
"Main",200,"Symmetric bimodal",240,"Semiparametric",TRUE
"Main",200,"Skew-normal",572,"OLS",TRUE
"Main",200,"Skew-normal",572,"Semiparametric",TRUE
"Main",200,"Skew-normal",372,"OLS",TRUE
"Main",200,"Skew-normal",372,"Semiparametric",TRUE
"Main",500,"Symmetric bimodal",882,"OLS",TRUE
"Main",500,"Symmetric bimodal",882,"Semiparametric",TRUE
"Main",200,"Symmetric bimodal",583,"OLS",TRUE
"Main",200,"Symmetric bimodal",583,"Semiparametric",TRUE
"Main",500,"Skew-normal",702,"OLS",TRUE
"Main",500,"Skew-normal",702,"Semiparametric",TRUE
"Main",200,"Skew-normal",365,"OLS",TRUE
"Main",200,"Skew-normal",365,"Semiparametric",TRUE
"Main",200,"Asymmetric mixture",715,"OLS",TRUE
"Main",200,"Asymmetric mixture",715,"Semiparametric",TRUE
"Main",500,"Skew-normal",578,"OLS",TRUE
"Main",500,"Skew-normal",578,"Semiparametric",TRUE
"Main",200,"Symmetric bimodal",984,"OLS",TRUE
"Main",200,"Symmetric bimodal",984,"Semiparametric",TRUE
"Main",500,"Skew-normal",250,"OLS",TRUE
"Main",500,"Skew-normal",250,"Semiparametric",TRUE
"Main",200,"Asymmetric mixture",272,"OLS",TRUE
"Main",200,"Asymmetric mixture",272,"Semiparametric",TRUE
"Main",200,"Asymmetric mixture",101,"OLS",TRUE
"Main",200,"Asymmetric mixture",101,"Semiparametric",TRUE
"Main",200,"Symmetric bimodal",914,"OLS",TRUE
"Main",200,"Symmetric bimodal",914,"Semiparametric",TRUE
"Main",500,"Gaussian",843,"OLS",TRUE
"Main",500,"Gaussian",843,"Semiparametric",TRUE
"Main",200,"Symmetric bimodal",683,"OLS",TRUE
"Main",200,"Symmetric bimodal",683,"Semiparametric",TRUE
"Main",500,"Symmetric bimodal",444,"OLS",TRUE
"Main",500,"Symmetric bimodal",444,"Semiparametric",TRUE
"Main",500,"Skew-normal",754,"OLS",TRUE
"Main",500,"Skew-normal",754,"Semiparametric",TRUE
"Main",200,"Skew-normal",523,"OLS",TRUE
"Main",200,"Skew-normal",523,"Semiparametric",TRUE
"Main",500,"Symmetric bimodal",69,"OLS",TRUE
"Main",500,"Symmetric bimodal",69,"Semiparametric",TRUE
"Main",500,"Asymmetric mixture",510,"OLS",TRUE
"Main",500,"Asymmetric mixture",510,"Semiparametric",TRUE
"Main",500,"Asymmetric mixture",707,"OLS",TRUE
"Main",500,"Asymmetric mixture",707,"Semiparametric",TRUE
"Main",200,"Asymmetric mixture",119,"OLS",TRUE
"Main",200,"Asymmetric mixture",119,"Semiparametric",TRUE
"Main",500,"Asymmetric mixture",615,"OLS",TRUE
"Main",500,"Asymmetric mixture",615,"Semiparametric",TRUE
"Main",500,"Asymmetric mixture",473,"OLS",TRUE
"Main",500,"Asymmetric mixture",473,"Semiparametric",TRUE
"Main",200,"Skew-normal",488,"OLS",TRUE
"Main",200,"Skew-normal",488,"Semiparametric",TRUE
"Main",200,"Gaussian",74,"OLS",TRUE
"Main",200,"Gaussian",74,"Semiparametric",TRUE
"Main",200,"Gaussian",204,"OLS",TRUE
"Main",200,"Gaussian",204,"Semiparametric",TRUE
"Main",500,"Skew-normal",231,"OLS",TRUE
"Main",500,"Skew-normal",231,"Semiparametric",TRUE
"Main",200,"Skew-normal",527,"OLS",TRUE
"Main",200,"Skew-normal",527,"Semiparametric",TRUE
"Main",500,"Gaussian",994,"OLS",TRUE
"Main",500,"Gaussian",994,"Semiparametric",TRUE
"Main",200,"Asymmetric mixture",575,"OLS",TRUE
"Main",200,"Asymmetric mixture",575,"Semiparametric",TRUE
"Main",200,"Gaussian",21,"OLS",TRUE
"Main",200,"Gaussian",21,"Semiparametric",TRUE
"Main",200,"Skew-normal",315,"OLS",TRUE
"Main",200,"Skew-normal",315,"Semiparametric",TRUE
"Main",500,"Symmetric bimodal",341,"OLS",TRUE
"Main",500,"Symmetric bimodal",341,"Semiparametric",TRUE
"Main",500,"Gaussian",750,"OLS",TRUE
"Main",500,"Gaussian",750,"Semiparametric",TRUE
"Main",500,"Skew-normal",836,"OLS",TRUE
"Main",500,"Skew-normal",836,"Semiparametric",TRUE
"Main",500,"Gaussian",577,"OLS",TRUE
"Main",500,"Gaussian",577,"Semiparametric",TRUE
"Main",500,"Gaussian",579,"OLS",TRUE
"Main",500,"Gaussian",579,"Semiparametric",TRUE
"Main",200,"Asymmetric mixture",153,"OLS",TRUE
"Main",200,"Asymmetric mixture",153,"Semiparametric",TRUE
"Main",200,"Symmetric bimodal",571,"OLS",TRUE
"Main",200,"Symmetric bimodal",571,"Semiparametric",FALSE
"Main",500,"Asymmetric mixture",41,"OLS",TRUE
"Main",500,"Asymmetric mixture",41,"Semiparametric",TRUE
"Main",200,"Symmetric bimodal",512,"OLS",TRUE
"Main",200,"Symmetric bimodal",512,"Semiparametric",TRUE
"Main",500,"Symmetric bimodal",278,"OLS",TRUE
"Main",500,"Symmetric bimodal",278,"Semiparametric",TRUE
"Main",500,"Skew-normal",853,"OLS",TRUE
"Main",500,"Skew-normal",853,"Semiparametric",TRUE
"Main",500,"Gaussian",285,"OLS",TRUE
"Main",500,"Gaussian",285,"Semiparametric",TRUE
"Main",200,"Symmetric bimodal",690,"OLS",TRUE
"Main",200,"Symmetric bimodal",690,"Semiparametric",TRUE
"Main",500,"Symmetric bimodal",238,"OLS",TRUE
"Main",500,"Symmetric bimodal",238,"Semiparametric",TRUE
"Main",200,"Symmetric bimodal",25,"OLS",TRUE
"Main",200,"Symmetric bimodal",25,"Semiparametric",TRUE
"Main",200,"Gaussian",653,"OLS",TRUE
"Main",200,"Gaussian",653,"Semiparametric",TRUE
"Main",200,"Symmetric bimodal",948,"OLS",TRUE
"Main",200,"Symmetric bimodal",948,"Semiparametric",TRUE
"Main",500,"Skew-normal",371,"OLS",TRUE
"Main",500,"Skew-normal",371,"Semiparametric",TRUE
"Main",200,"Asymmetric mixture",275,"OLS",TRUE
"Main",200,"Asymmetric mixture",275,"Semiparametric",TRUE
"Main",500,"Symmetric bimodal",88,"OLS",TRUE
"Main",500,"Symmetric bimodal",88,"Semiparametric",TRUE
"Main",200,"Symmetric bimodal",721,"OLS",TRUE
"Main",200,"Symmetric bimodal",721,"Semiparametric",TRUE
"Main",500,"Asymmetric mixture",441,"OLS",TRUE
"Main",500,"Asymmetric mixture",441,"Semiparametric",TRUE
"Main",500,"Gaussian",947,"OLS",TRUE
"Main",500,"Gaussian",947,"Semiparametric",TRUE
"Main",500,"Gaussian",172,"OLS",TRUE
"Main",500,"Gaussian",172,"Semiparametric",TRUE
"Main",200,"Skew-normal",589,"OLS",TRUE
"Main",200,"Skew-normal",589,"Semiparametric",TRUE
"Main",500,"Skew-normal",801,"OLS",TRUE
"Main",500,"Skew-normal",801,"Semiparametric",TRUE
"Main",500,"Gaussian",889,"OLS",TRUE
"Main",500,"Gaussian",889,"Semiparametric",TRUE
"Main",500,"Symmetric bimodal",592,"OLS",TRUE
"Main",500,"Symmetric bimodal",592,"Semiparametric",TRUE
"Main",500,"Gaussian",85,"OLS",TRUE
"Main",500,"Gaussian",85,"Semiparametric",TRUE
"Main",200,"Gaussian",862,"OLS",TRUE
"Main",200,"Gaussian",862,"Semiparametric",TRUE
"Main",200,"Symmetric bimodal",754,"OLS",TRUE
"Main",200,"Symmetric bimodal",754,"Semiparametric",FALSE
"Main",500,"Skew-normal",369,"OLS",TRUE
"Main",500,"Skew-normal",369,"Semiparametric",TRUE
"Main",500,"Asymmetric mixture",803,"OLS",TRUE
"Main",500,"Asymmetric mixture",803,"Semiparametric",TRUE
"Main",200,"Skew-normal",204,"OLS",TRUE
"Main",200,"Skew-normal",204,"Semiparametric",TRUE
"Main",500,"Symmetric bimodal",184,"OLS",TRUE
"Main",500,"Symmetric bimodal",184,"Semiparametric",TRUE
"Main",500,"Symmetric bimodal",398,"OLS",TRUE
"Main",500,"Symmetric bimodal",398,"Semiparametric",TRUE
"Main",200,"Gaussian",300,"OLS",TRUE
"Main",200,"Gaussian",300,"Semiparametric",TRUE
"Main",200,"Gaussian",977,"OLS",TRUE
"Main",200,"Gaussian",977,"Semiparametric",TRUE
"Main",200,"Asymmetric mixture",553,"OLS",TRUE
"Main",200,"Asymmetric mixture",553,"Semiparametric",TRUE
"Main",500,"Gaussian",990,"OLS",TRUE
"Main",500,"Gaussian",990,"Semiparametric",TRUE
"Main",200,"Asymmetric mixture",927,"OLS",TRUE
"Main",200,"Asymmetric mixture",927,"Semiparametric",TRUE
"Main",500,"Gaussian",456,"OLS",TRUE
"Main",500,"Gaussian",456,"Semiparametric",TRUE
"Main",500,"Asymmetric mixture",588,"OLS",TRUE
"Main",500,"Asymmetric mixture",588,"Semiparametric",TRUE
"Main",200,"Symmetric bimodal",245,"OLS",TRUE
"Main",200,"Symmetric bimodal",245,"Semiparametric",TRUE
"Main",500,"Asymmetric mixture",732,"OLS",TRUE
"Main",500,"Asymmetric mixture",732,"Semiparametric",TRUE
"Main",200,"Symmetric bimodal",348,"OLS",TRUE
"Main",200,"Symmetric bimodal",348,"Semiparametric",FALSE
"Main",500,"Gaussian",321,"OLS",TRUE
"Main",500,"Gaussian",321,"Semiparametric",TRUE
"Main",200,"Asymmetric mixture",181,"OLS",TRUE
"Main",200,"Asymmetric mixture",181,"Semiparametric",TRUE
"Main",500,"Skew-normal",188,"OLS",TRUE
"Main",500,"Skew-normal",188,"Semiparametric",TRUE
"Main",200,"Skew-normal",748,"OLS",TRUE
"Main",200,"Skew-normal",748,"Semiparametric",TRUE
"Main",200,"Skew-normal",713,"OLS",TRUE
"Main",200,"Skew-normal",713,"Semiparametric",TRUE
"Main",200,"Skew-normal",624,"OLS",TRUE
"Main",200,"Skew-normal",624,"Semiparametric",TRUE
"Main",500,"Gaussian",463,"OLS",TRUE
"Main",500,"Gaussian",463,"Semiparametric",TRUE
"Main",200,"Asymmetric mixture",394,"OLS",TRUE
"Main",200,"Asymmetric mixture",394,"Semiparametric",TRUE
"Main",200,"Asymmetric mixture",55,"OLS",TRUE
"Main",200,"Asymmetric mixture",55,"Semiparametric",TRUE
"Main",200,"Symmetric bimodal",841,"OLS",TRUE
"Main",200,"Symmetric bimodal",841,"Semiparametric",FALSE
"Main",500,"Gaussian",910,"OLS",TRUE
"Main",500,"Gaussian",910,"Semiparametric",TRUE
"Main",200,"Skew-normal",211,"OLS",TRUE
"Main",200,"Skew-normal",211,"Semiparametric",TRUE
"Main",200,"Gaussian",752,"OLS",TRUE
"Main",200,"Gaussian",752,"Semiparametric",TRUE
"Main",500,"Gaussian",845,"OLS",TRUE
"Main",500,"Gaussian",845,"Semiparametric",TRUE
"Main",200,"Symmetric bimodal",756,"OLS",TRUE
"Main",200,"Symmetric bimodal",756,"Semiparametric",TRUE
"Main",500,"Gaussian",201,"OLS",TRUE
"Main",500,"Gaussian",201,"Semiparametric",TRUE
"Main",500,"Symmetric bimodal",754,"OLS",TRUE
"Main",500,"Symmetric bimodal",754,"Semiparametric",TRUE
"Main",500,"Gaussian",901,"OLS",TRUE
"Main",500,"Gaussian",901,"Semiparametric",TRUE
"Main",200,"Skew-normal",218,"OLS",TRUE
"Main",200,"Skew-normal",218,"Semiparametric",TRUE
"Main",200,"Asymmetric mixture",796,"OLS",TRUE
"Main",200,"Asymmetric mixture",796,"Semiparametric",TRUE
"Main",500,"Asymmetric mixture",698,"OLS",TRUE
"Main",500,"Asymmetric mixture",698,"Semiparametric",TRUE
"Main",500,"Skew-normal",795,"OLS",TRUE
"Main",500,"Skew-normal",795,"Semiparametric",TRUE
"Main",500,"Symmetric bimodal",772,"OLS",TRUE
"Main",500,"Symmetric bimodal",772,"Semiparametric",TRUE
"Main",500,"Skew-normal",855,"OLS",TRUE
"Main",500,"Skew-normal",855,"Semiparametric",TRUE
"Main",200,"Asymmetric mixture",898,"OLS",TRUE
"Main",200,"Asymmetric mixture",898,"Semiparametric",TRUE
"Main",500,"Asymmetric mixture",869,"OLS",TRUE
"Main",500,"Asymmetric mixture",869,"Semiparametric",TRUE
"Main",500,"Skew-normal",321,"OLS",TRUE
"Main",500,"Skew-normal",321,"Semiparametric",TRUE
"Main",200,"Gaussian",845,"OLS",TRUE
"Main",200,"Gaussian",845,"Semiparametric",TRUE
"Main",500,"Symmetric bimodal",798,"OLS",TRUE
"Main",500,"Symmetric bimodal",798,"Semiparametric",TRUE
"Main",500,"Skew-normal",872,"OLS",TRUE
"Main",500,"Skew-normal",872,"Semiparametric",TRUE
"Main",500,"Gaussian",894,"OLS",TRUE
"Main",500,"Gaussian",894,"Semiparametric",TRUE
"Main",200,"Symmetric bimodal",600,"OLS",TRUE
"Main",200,"Symmetric bimodal",600,"Semiparametric",TRUE
"Main",200,"Skew-normal",240,"OLS",TRUE
"Main",200,"Skew-normal",240,"Semiparametric",TRUE
"Main",500,"Symmetric bimodal",56,"OLS",TRUE
"Main",500,"Symmetric bimodal",56,"Semiparametric",TRUE
"Main",200,"Skew-normal",44,"OLS",TRUE
"Main",200,"Skew-normal",44,"Semiparametric",TRUE
"Main",500,"Asymmetric mixture",791,"OLS",TRUE
"Main",500,"Asymmetric mixture",791,"Semiparametric",TRUE
"Main",200,"Asymmetric mixture",753,"OLS",TRUE
"Main",200,"Asymmetric mixture",753,"Semiparametric",TRUE
"Main",500,"Gaussian",844,"OLS",TRUE
"Main",500,"Gaussian",844,"Semiparametric",TRUE
"Main",200,"Skew-normal",640,"OLS",TRUE
"Main",200,"Skew-normal",640,"Semiparametric",TRUE
"Main",500,"Skew-normal",52,"OLS",TRUE
"Main",500,"Skew-normal",52,"Semiparametric",TRUE
"Main",500,"Asymmetric mixture",101,"OLS",TRUE
"Main",500,"Asymmetric mixture",101,"Semiparametric",TRUE
"Main",500,"Gaussian",881,"OLS",TRUE
"Main",500,"Gaussian",881,"Semiparametric",TRUE
"Main",500,"Asymmetric mixture",650,"OLS",TRUE
"Main",500,"Asymmetric mixture",650,"Semiparametric",TRUE
"Main",200,"Asymmetric mixture",291,"OLS",TRUE
"Main",200,"Asymmetric mixture",291,"Semiparametric",TRUE
"Main",200,"Symmetric bimodal",978,"OLS",TRUE
"Main",200,"Symmetric bimodal",978,"Semiparametric",FALSE
"Main",500,"Skew-normal",13,"OLS",TRUE
"Main",500,"Skew-normal",13,"Semiparametric",TRUE
"Main",500,"Asymmetric mixture",450,"OLS",TRUE
"Main",500,"Asymmetric mixture",450,"Semiparametric",TRUE
"Main",500,"Asymmetric mixture",383,"OLS",TRUE
"Main",500,"Asymmetric mixture",383,"Semiparametric",TRUE
"Main",200,"Skew-normal",535,"OLS",TRUE
"Main",200,"Skew-normal",535,"Semiparametric",TRUE
"Main",200,"Skew-normal",438,"OLS",TRUE
"Main",200,"Skew-normal",438,"Semiparametric",TRUE
"Main",500,"Symmetric bimodal",343,"OLS",TRUE
"Main",500,"Symmetric bimodal",343,"Semiparametric",TRUE
"Main",500,"Symmetric bimodal",55,"OLS",TRUE
"Main",500,"Symmetric bimodal",55,"Semiparametric",TRUE
"Main",500,"Symmetric bimodal",718,"OLS",TRUE
"Main",500,"Symmetric bimodal",718,"Semiparametric",TRUE
"Main",500,"Asymmetric mixture",51,"OLS",TRUE
"Main",500,"Asymmetric mixture",51,"Semiparametric",TRUE
"Main",500,"Gaussian",194,"OLS",TRUE
"Main",500,"Gaussian",194,"Semiparametric",TRUE
"Main",500,"Asymmetric mixture",810,"OLS",TRUE
"Main",500,"Asymmetric mixture",810,"Semiparametric",TRUE
"Main",500,"Asymmetric mixture",253,"OLS",TRUE
"Main",500,"Asymmetric mixture",253,"Semiparametric",TRUE
"Main",500,"Skew-normal",769,"OLS",TRUE
"Main",500,"Skew-normal",769,"Semiparametric",TRUE
"Main",200,"Gaussian",131,"OLS",TRUE
"Main",200,"Gaussian",131,"Semiparametric",TRUE
"Main",200,"Skew-normal",656,"OLS",TRUE
"Main",200,"Skew-normal",656,"Semiparametric",TRUE
"Main",200,"Symmetric bimodal",502,"OLS",TRUE
"Main",200,"Symmetric bimodal",502,"Semiparametric",TRUE
"Main",500,"Asymmetric mixture",686,"OLS",TRUE
"Main",500,"Asymmetric mixture",686,"Semiparametric",TRUE
"Main",200,"Asymmetric mixture",709,"OLS",TRUE
"Main",200,"Asymmetric mixture",709,"Semiparametric",TRUE
"Main",500,"Symmetric bimodal",175,"OLS",TRUE
"Main",500,"Symmetric bimodal",175,"Semiparametric",TRUE
"Main",200,"Symmetric bimodal",72,"OLS",TRUE
"Main",200,"Symmetric bimodal",72,"Semiparametric",TRUE
"Main",500,"Asymmetric mixture",270,"OLS",TRUE
"Main",500,"Asymmetric mixture",270,"Semiparametric",TRUE
"Main",200,"Symmetric bimodal",595,"OLS",TRUE
"Main",200,"Symmetric bimodal",595,"Semiparametric",TRUE
"Main",500,"Symmetric bimodal",677,"OLS",TRUE
"Main",500,"Symmetric bimodal",677,"Semiparametric",TRUE
"Main",200,"Skew-normal",710,"OLS",TRUE
"Main",200,"Skew-normal",710,"Semiparametric",TRUE
"Main",200,"Skew-normal",799,"OLS",TRUE
"Main",200,"Skew-normal",799,"Semiparametric",TRUE
"Main",500,"Gaussian",102,"OLS",TRUE
"Main",500,"Gaussian",102,"Semiparametric",TRUE
"Main",500,"Skew-normal",243,"OLS",TRUE
"Main",500,"Skew-normal",243,"Semiparametric",TRUE
"Main",200,"Asymmetric mixture",571,"OLS",TRUE
"Main",200,"Asymmetric mixture",571,"Semiparametric",TRUE
"Main",200,"Gaussian",703,"OLS",TRUE
"Main",200,"Gaussian",703,"Semiparametric",TRUE
"Main",500,"Asymmetric mixture",166,"OLS",TRUE
"Main",500,"Asymmetric mixture",166,"Semiparametric",TRUE
"Main",200,"Gaussian",95,"OLS",TRUE
"Main",200,"Gaussian",95,"Semiparametric",TRUE
"Main",500,"Gaussian",495,"OLS",TRUE
"Main",500,"Gaussian",495,"Semiparametric",TRUE
"Main",200,"Asymmetric mixture",84,"OLS",TRUE
"Main",200,"Asymmetric mixture",84,"Semiparametric",TRUE
"Main",500,"Skew-normal",72,"OLS",TRUE
"Main",500,"Skew-normal",72,"Semiparametric",TRUE
"Main",200,"Symmetric bimodal",66,"OLS",TRUE
"Main",200,"Symmetric bimodal",66,"Semiparametric",TRUE
"Main",500,"Asymmetric mixture",893,"OLS",TRUE
"Main",500,"Asymmetric mixture",893,"Semiparametric",TRUE
"Main",200,"Symmetric bimodal",258,"OLS",TRUE
"Main",200,"Symmetric bimodal",258,"Semiparametric",TRUE
"Main",500,"Gaussian",605,"OLS",TRUE
"Main",500,"Gaussian",605,"Semiparametric",TRUE
"Main",500,"Skew-normal",146,"OLS",TRUE
"Main",500,"Skew-normal",146,"Semiparametric",TRUE
"Main",200,"Gaussian",280,"OLS",TRUE
"Main",200,"Gaussian",280,"Semiparametric",TRUE
"Main",500,"Asymmetric mixture",980,"OLS",TRUE
"Main",500,"Asymmetric mixture",980,"Semiparametric",TRUE
"Main",500,"Symmetric bimodal",257,"OLS",TRUE
"Main",500,"Symmetric bimodal",257,"Semiparametric",TRUE
"Main",500,"Skew-normal",41,"OLS",TRUE
"Main",500,"Skew-normal",41,"Semiparametric",TRUE
"Main",500,"Skew-normal",844,"OLS",TRUE
"Main",500,"Skew-normal",844,"Semiparametric",TRUE
"Main",200,"Skew-normal",925,"OLS",TRUE
"Main",200,"Skew-normal",925,"Semiparametric",TRUE
"Main",200,"Gaussian",388,"OLS",TRUE
"Main",200,"Gaussian",388,"Semiparametric",TRUE
"Main",500,"Skew-normal",149,"OLS",TRUE
"Main",500,"Skew-normal",149,"Semiparametric",TRUE
"Main",200,"Gaussian",990,"OLS",TRUE
"Main",200,"Gaussian",990,"Semiparametric",TRUE
"Main",500,"Symmetric bimodal",675,"OLS",TRUE
"Main",500,"Symmetric bimodal",675,"Semiparametric",TRUE
"Main",200,"Skew-normal",690,"OLS",TRUE
"Main",200,"Skew-normal",690,"Semiparametric",TRUE
"Main",500,"Gaussian",52,"OLS",TRUE
"Main",500,"Gaussian",52,"Semiparametric",TRUE
"Main",200,"Gaussian",962,"OLS",TRUE
"Main",200,"Gaussian",962,"Semiparametric",TRUE
"Main",200,"Symmetric bimodal",239,"OLS",TRUE
"Main",200,"Symmetric bimodal",239,"Semiparametric",TRUE
"Main",200,"Asymmetric mixture",430,"OLS",TRUE
"Main",200,"Asymmetric mixture",430,"Semiparametric",FALSE
"Main",500,"Gaussian",776,"OLS",TRUE
"Main",500,"Gaussian",776,"Semiparametric",TRUE
"Main",500,"Asymmetric mixture",574,"OLS",TRUE
"Main",500,"Asymmetric mixture",574,"Semiparametric",TRUE
"Main",500,"Skew-normal",200,"OLS",TRUE
"Main",500,"Skew-normal",200,"Semiparametric",TRUE
"Main",200,"Symmetric bimodal",536,"OLS",TRUE
"Main",200,"Symmetric bimodal",536,"Semiparametric",TRUE
"Main",500,"Symmetric bimodal",632,"OLS",TRUE
"Main",500,"Symmetric bimodal",632,"Semiparametric",TRUE
"Main",200,"Gaussian",851,"OLS",TRUE
"Main",200,"Gaussian",851,"Semiparametric",TRUE
"Main",200,"Asymmetric mixture",17,"OLS",TRUE
"Main",200,"Asymmetric mixture",17,"Semiparametric",TRUE
"Main",500,"Asymmetric mixture",528,"OLS",TRUE
"Main",500,"Asymmetric mixture",528,"Semiparametric",TRUE
"Main",200,"Gaussian",922,"OLS",TRUE
"Main",200,"Gaussian",922,"Semiparametric",TRUE
"Main",500,"Skew-normal",284,"OLS",TRUE
"Main",500,"Skew-normal",284,"Semiparametric",TRUE
"Main",200,"Symmetric bimodal",464,"OLS",TRUE
"Main",200,"Symmetric bimodal",464,"Semiparametric",TRUE
"Main",500,"Gaussian",154,"OLS",TRUE
"Main",500,"Gaussian",154,"Semiparametric",TRUE
"Main",200,"Gaussian",195,"OLS",TRUE
"Main",200,"Gaussian",195,"Semiparametric",TRUE
"Main",200,"Skew-normal",775,"OLS",TRUE
"Main",200,"Skew-normal",775,"Semiparametric",TRUE
"Main",200,"Skew-normal",774,"OLS",TRUE
"Main",200,"Skew-normal",774,"Semiparametric",TRUE
"Main",500,"Asymmetric mixture",488,"OLS",TRUE
"Main",500,"Asymmetric mixture",488,"Semiparametric",TRUE
"Main",500,"Skew-normal",19,"OLS",TRUE
"Main",500,"Skew-normal",19,"Semiparametric",TRUE
"Main",500,"Asymmetric mixture",393,"OLS",TRUE
"Main",500,"Asymmetric mixture",393,"Semiparametric",TRUE
"Main",200,"Gaussian",343,"OLS",TRUE
"Main",200,"Gaussian",343,"Semiparametric",TRUE
"Main",200,"Gaussian",291,"OLS",TRUE
"Main",200,"Gaussian",291,"Semiparametric",TRUE
"Main",200,"Asymmetric mixture",718,"OLS",TRUE
"Main",200,"Asymmetric mixture",718,"Semiparametric",TRUE
"Main",200,"Gaussian",158,"OLS",TRUE
"Main",200,"Gaussian",158,"Semiparametric",TRUE
"Main",500,"Gaussian",475,"OLS",TRUE
"Main",500,"Gaussian",475,"Semiparametric",TRUE
"Main",500,"Symmetric bimodal",423,"OLS",TRUE
"Main",500,"Symmetric bimodal",423,"Semiparametric",TRUE
"Main",200,"Gaussian",409,"OLS",TRUE
"Main",200,"Gaussian",409,"Semiparametric",TRUE
"Main",500,"Asymmetric mixture",924,"OLS",TRUE
"Main",500,"Asymmetric mixture",924,"Semiparametric",TRUE
"Main",200,"Skew-normal",978,"OLS",TRUE
"Main",200,"Skew-normal",978,"Semiparametric",TRUE
"Main",500,"Skew-normal",118,"OLS",TRUE
"Main",500,"Skew-normal",118,"Semiparametric",TRUE
"Main",200,"Gaussian",268,"OLS",TRUE
"Main",200,"Gaussian",268,"Semiparametric",TRUE
"Main",200,"Asymmetric mixture",595,"OLS",TRUE
"Main",200,"Asymmetric mixture",595,"Semiparametric",TRUE
"Main",500,"Gaussian",192,"OLS",TRUE
"Main",500,"Gaussian",192,"Semiparametric",TRUE
"Main",500,"Gaussian",265,"OLS",TRUE
"Main",500,"Gaussian",265,"Semiparametric",TRUE
"Main",200,"Symmetric bimodal",280,"OLS",TRUE
"Main",200,"Symmetric bimodal",280,"Semiparametric",TRUE
"Main",200,"Asymmetric mixture",741,"OLS",TRUE
"Main",200,"Asymmetric mixture",741,"Semiparametric",TRUE
"Main",500,"Symmetric bimodal",619,"OLS",TRUE
"Main",500,"Symmetric bimodal",619,"Semiparametric",TRUE
"Main",200,"Symmetric bimodal",680,"OLS",TRUE
"Main",200,"Symmetric bimodal",680,"Semiparametric",TRUE
"Main",200,"Symmetric bimodal",924,"OLS",TRUE
"Main",200,"Symmetric bimodal",924,"Semiparametric",TRUE
"Main",500,"Gaussian",661,"OLS",TRUE
"Main",500,"Gaussian",661,"Semiparametric",TRUE
"Main",200,"Skew-normal",417,"OLS",TRUE
"Main",200,"Skew-normal",417,"Semiparametric",TRUE
"Main",500,"Asymmetric mixture",740,"OLS",TRUE
"Main",500,"Asymmetric mixture",740,"Semiparametric",TRUE
"Main",500,"Gaussian",771,"OLS",TRUE
"Main",500,"Gaussian",771,"Semiparametric",TRUE
"Main",200,"Skew-normal",368,"OLS",TRUE
"Main",200,"Skew-normal",368,"Semiparametric",TRUE
"Main",500,"Symmetric bimodal",680,"OLS",TRUE
"Main",500,"Symmetric bimodal",680,"Semiparametric",TRUE
"Main",500,"Skew-normal",930,"OLS",TRUE
"Main",500,"Skew-normal",930,"Semiparametric",TRUE
"Main",200,"Skew-normal",849,"OLS",TRUE
"Main",200,"Skew-normal",849,"Semiparametric",TRUE
"Main",500,"Asymmetric mixture",946,"OLS",TRUE
"Main",500,"Asymmetric mixture",946,"Semiparametric",TRUE
"Main",500,"Symmetric bimodal",399,"OLS",TRUE
"Main",500,"Symmetric bimodal",399,"Semiparametric",TRUE
"Main",500,"Gaussian",43,"OLS",TRUE
"Main",500,"Gaussian",43,"Semiparametric",TRUE
"Main",200,"Asymmetric mixture",455,"OLS",TRUE
"Main",200,"Asymmetric mixture",455,"Semiparametric",FALSE
"Main",500,"Gaussian",59,"OLS",TRUE
"Main",500,"Gaussian",59,"Semiparametric",TRUE
"Main",200,"Gaussian",312,"OLS",TRUE
"Main",200,"Gaussian",312,"Semiparametric",TRUE
"Main",500,"Skew-normal",790,"OLS",TRUE
"Main",500,"Skew-normal",790,"Semiparametric",TRUE
"Main",200,"Symmetric bimodal",767,"OLS",TRUE
"Main",200,"Symmetric bimodal",767,"Semiparametric",TRUE
"Main",200,"Gaussian",737,"OLS",TRUE
"Main",200,"Gaussian",737,"Semiparametric",TRUE
"Main",500,"Asymmetric mixture",882,"OLS",TRUE
"Main",500,"Asymmetric mixture",882,"Semiparametric",TRUE
"Main",500,"Symmetric bimodal",432,"OLS",TRUE
"Main",500,"Symmetric bimodal",432,"Semiparametric",TRUE
"Main",200,"Gaussian",514,"OLS",TRUE
"Main",200,"Gaussian",514,"Semiparametric",TRUE
"Main",500,"Symmetric bimodal",948,"OLS",TRUE
"Main",500,"Symmetric bimodal",948,"Semiparametric",TRUE
"Main",200,"Gaussian",515,"OLS",TRUE
"Main",200,"Gaussian",515,"Semiparametric",TRUE
"Main",500,"Symmetric bimodal",410,"OLS",TRUE
"Main",500,"Symmetric bimodal",410,"Semiparametric",TRUE
"Main",500,"Skew-normal",538,"OLS",TRUE
"Main",500,"Skew-normal",538,"Semiparametric",TRUE
"Main",200,"Symmetric bimodal",572,"OLS",TRUE
"Main",200,"Symmetric bimodal",572,"Semiparametric",TRUE
"Main",200,"Skew-normal",695,"OLS",TRUE
"Main",200,"Skew-normal",695,"Semiparametric",TRUE
"Main",500,"Symmetric bimodal",931,"OLS",TRUE
"Main",500,"Symmetric bimodal",931,"Semiparametric",TRUE
"Main",200,"Symmetric bimodal",540,"OLS",TRUE
"Main",200,"Symmetric bimodal",540,"Semiparametric",TRUE
"Main",500,"Asymmetric mixture",922,"OLS",TRUE
"Main",500,"Asymmetric mixture",922,"Semiparametric",TRUE
"Main",500,"Skew-normal",418,"OLS",TRUE
"Main",500,"Skew-normal",418,"Semiparametric",TRUE
"Main",500,"Skew-normal",395,"OLS",TRUE
"Main",500,"Skew-normal",395,"Semiparametric",TRUE
"Main",200,"Symmetric bimodal",556,"OLS",TRUE
"Main",200,"Symmetric bimodal",556,"Semiparametric",TRUE
"Main",500,"Gaussian",931,"OLS",TRUE
"Main",500,"Gaussian",931,"Semiparametric",TRUE
"Main",500,"Gaussian",404,"OLS",TRUE
"Main",500,"Gaussian",404,"Semiparametric",TRUE
"Main",200,"Gaussian",105,"OLS",TRUE
"Main",200,"Gaussian",105,"Semiparametric",TRUE
"Main",200,"Symmetric bimodal",999,"OLS",TRUE
"Main",200,"Symmetric bimodal",999,"Semiparametric",TRUE
"Main",200,"Gaussian",263,"OLS",TRUE
"Main",200,"Gaussian",263,"Semiparametric",TRUE
"Main",500,"Symmetric bimodal",568,"OLS",TRUE
"Main",500,"Symmetric bimodal",568,"Semiparametric",TRUE
"Main",200,"Asymmetric mixture",846,"OLS",TRUE
"Main",200,"Asymmetric mixture",846,"Semiparametric",TRUE
"Main",200,"Asymmetric mixture",167,"OLS",TRUE
"Main",200,"Asymmetric mixture",167,"Semiparametric",TRUE
"Main",200,"Skew-normal",976,"OLS",TRUE
"Main",200,"Skew-normal",976,"Semiparametric",TRUE
"Main",500,"Skew-normal",718,"OLS",TRUE
"Main",500,"Skew-normal",718,"Semiparametric",TRUE
"Main",200,"Skew-normal",346,"OLS",TRUE
"Main",200,"Skew-normal",346,"Semiparametric",TRUE
"Main",500,"Gaussian",903,"OLS",TRUE
"Main",500,"Gaussian",903,"Semiparametric",TRUE
"Main",200,"Gaussian",127,"OLS",TRUE
"Main",200,"Gaussian",127,"Semiparametric",TRUE
"Main",200,"Skew-normal",822,"OLS",TRUE
"Main",200,"Skew-normal",822,"Semiparametric",TRUE
"Main",200,"Asymmetric mixture",627,"OLS",TRUE
"Main",200,"Asymmetric mixture",627,"Semiparametric",TRUE
"Main",500,"Symmetric bimodal",259,"OLS",TRUE
"Main",500,"Symmetric bimodal",259,"Semiparametric",TRUE
"Main",200,"Skew-normal",860,"OLS",TRUE
"Main",200,"Skew-normal",860,"Semiparametric",TRUE
"Main",200,"Skew-normal",111,"OLS",TRUE
"Main",200,"Skew-normal",111,"Semiparametric",TRUE
"Main",200,"Gaussian",798,"OLS",TRUE
"Main",200,"Gaussian",798,"Semiparametric",TRUE
"Main",200,"Skew-normal",25,"OLS",TRUE
"Main",200,"Skew-normal",25,"Semiparametric",TRUE
"Main",500,"Asymmetric mixture",401,"OLS",TRUE
"Main",500,"Asymmetric mixture",401,"Semiparametric",TRUE
"Main",500,"Skew-normal",918,"OLS",TRUE
"Main",500,"Skew-normal",918,"Semiparametric",TRUE
"Main",200,"Asymmetric mixture",482,"OLS",TRUE
"Main",200,"Asymmetric mixture",482,"Semiparametric",TRUE
"Main",200,"Gaussian",953,"OLS",TRUE
"Main",200,"Gaussian",953,"Semiparametric",TRUE
"Main",500,"Skew-normal",424,"OLS",TRUE
"Main",500,"Skew-normal",424,"Semiparametric",TRUE
"Main",500,"Symmetric bimodal",85,"OLS",TRUE
"Main",500,"Symmetric bimodal",85,"Semiparametric",TRUE
"Main",500,"Asymmetric mixture",60,"OLS",TRUE
"Main",500,"Asymmetric mixture",60,"Semiparametric",TRUE
"Main",200,"Gaussian",232,"OLS",TRUE
"Main",200,"Gaussian",232,"Semiparametric",TRUE
"Main",500,"Gaussian",411,"OLS",TRUE
"Main",500,"Gaussian",411,"Semiparametric",TRUE
"Main",500,"Symmetric bimodal",177,"OLS",TRUE
"Main",500,"Symmetric bimodal",177,"Semiparametric",TRUE
"Main",500,"Symmetric bimodal",148,"OLS",TRUE
"Main",500,"Symmetric bimodal",148,"Semiparametric",TRUE
"Main",200,"Skew-normal",22,"OLS",TRUE
"Main",200,"Skew-normal",22,"Semiparametric",TRUE
"Main",200,"Asymmetric mixture",204,"OLS",TRUE
"Main",200,"Asymmetric mixture",204,"Semiparametric",TRUE
"Main",200,"Symmetric bimodal",273,"OLS",TRUE
"Main",200,"Symmetric bimodal",273,"Semiparametric",TRUE
"Main",500,"Symmetric bimodal",156,"OLS",TRUE
"Main",500,"Symmetric bimodal",156,"Semiparametric",TRUE
"Main",200,"Skew-normal",32,"OLS",TRUE
"Main",200,"Skew-normal",32,"Semiparametric",TRUE
"Main",500,"Gaussian",623,"OLS",TRUE
"Main",500,"Gaussian",623,"Semiparametric",TRUE
"Main",200,"Symmetric bimodal",475,"OLS",TRUE
"Main",200,"Symmetric bimodal",475,"Semiparametric",FALSE
"Main",500,"Symmetric bimodal",943,"OLS",TRUE
"Main",500,"Symmetric bimodal",943,"Semiparametric",TRUE
"Main",500,"Asymmetric mixture",970,"OLS",TRUE
"Main",500,"Asymmetric mixture",970,"Semiparametric",TRUE
"Main",500,"Symmetric bimodal",608,"OLS",TRUE
"Main",500,"Symmetric bimodal",608,"Semiparametric",TRUE
"Main",200,"Gaussian",904,"OLS",TRUE
"Main",200,"Gaussian",904,"Semiparametric",TRUE
"Main",500,"Asymmetric mixture",636,"OLS",TRUE
"Main",500,"Asymmetric mixture",636,"Semiparametric",TRUE
"Main",200,"Asymmetric mixture",148,"OLS",TRUE
"Main",200,"Asymmetric mixture",148,"Semiparametric",TRUE
"Main",200,"Symmetric bimodal",813,"OLS",TRUE
"Main",200,"Symmetric bimodal",813,"Semiparametric",TRUE
"Main",500,"Skew-normal",439,"OLS",TRUE
"Main",500,"Skew-normal",439,"Semiparametric",TRUE
"Main",500,"Symmetric bimodal",339,"OLS",TRUE
"Main",500,"Symmetric bimodal",339,"Semiparametric",TRUE
"Main",500,"Asymmetric mixture",995,"OLS",TRUE
"Main",500,"Asymmetric mixture",995,"Semiparametric",TRUE
"Main",200,"Symmetric bimodal",526,"OLS",TRUE
"Main",200,"Symmetric bimodal",526,"Semiparametric",TRUE
"Main",500,"Asymmetric mixture",230,"OLS",TRUE
"Main",500,"Asymmetric mixture",230,"Semiparametric",TRUE
"Main",200,"Symmetric bimodal",605,"OLS",TRUE
"Main",200,"Symmetric bimodal",605,"Semiparametric",TRUE
"Main",200,"Asymmetric mixture",576,"OLS",TRUE
"Main",200,"Asymmetric mixture",576,"Semiparametric",TRUE
"Main",500,"Symmetric bimodal",10,"OLS",TRUE
"Main",500,"Symmetric bimodal",10,"Semiparametric",TRUE
"Main",200,"Asymmetric mixture",554,"OLS",TRUE
"Main",200,"Asymmetric mixture",554,"Semiparametric",TRUE
"Main",500,"Asymmetric mixture",690,"OLS",TRUE
"Main",500,"Asymmetric mixture",690,"Semiparametric",TRUE
"Main",200,"Symmetric bimodal",604,"OLS",TRUE
"Main",200,"Symmetric bimodal",604,"Semiparametric",TRUE
"Main",500,"Skew-normal",23,"OLS",TRUE
"Main",500,"Skew-normal",23,"Semiparametric",TRUE
"Main",500,"Symmetric bimodal",25,"OLS",TRUE
"Main",500,"Symmetric bimodal",25,"Semiparametric",TRUE
"Main",200,"Skew-normal",876,"OLS",TRUE
"Main",200,"Skew-normal",876,"Semiparametric",TRUE
"Main",500,"Skew-normal",100,"OLS",TRUE
"Main",500,"Skew-normal",100,"Semiparametric",TRUE
"Main",500,"Symmetric bimodal",851,"OLS",TRUE
"Main",500,"Symmetric bimodal",851,"Semiparametric",TRUE
"Main",500,"Gaussian",397,"OLS",TRUE
"Main",500,"Gaussian",397,"Semiparametric",TRUE
"Main",200,"Symmetric bimodal",163,"OLS",TRUE
"Main",200,"Symmetric bimodal",163,"Semiparametric",TRUE
"Main",500,"Symmetric bimodal",510,"OLS",TRUE
"Main",500,"Symmetric bimodal",510,"Semiparametric",TRUE
"Main",500,"Symmetric bimodal",797,"OLS",TRUE
"Main",500,"Symmetric bimodal",797,"Semiparametric",TRUE
"Main",200,"Symmetric bimodal",234,"OLS",TRUE
"Main",200,"Symmetric bimodal",234,"Semiparametric",TRUE
"Main",200,"Asymmetric mixture",87,"OLS",TRUE
"Main",200,"Asymmetric mixture",87,"Semiparametric",FALSE
"Main",200,"Symmetric bimodal",140,"OLS",TRUE
"Main",200,"Symmetric bimodal",140,"Semiparametric",FALSE
"Main",500,"Gaussian",441,"OLS",TRUE
"Main",500,"Gaussian",441,"Semiparametric",TRUE
"Main",200,"Asymmetric mixture",800,"OLS",TRUE
"Main",200,"Asymmetric mixture",800,"Semiparametric",FALSE
"Main",200,"Symmetric bimodal",202,"OLS",TRUE
"Main",200,"Symmetric bimodal",202,"Semiparametric",TRUE
"Main",500,"Symmetric bimodal",969,"OLS",TRUE
"Main",500,"Symmetric bimodal",969,"Semiparametric",TRUE
"Main",500,"Asymmetric mixture",448,"OLS",TRUE
"Main",500,"Asymmetric mixture",448,"Semiparametric",TRUE
"Main",200,"Skew-normal",213,"OLS",TRUE
"Main",200,"Skew-normal",213,"Semiparametric",TRUE
"Main",200,"Gaussian",556,"OLS",TRUE
"Main",200,"Gaussian",556,"Semiparametric",TRUE
"Main",500,"Skew-normal",588,"OLS",TRUE
"Main",500,"Skew-normal",588,"Semiparametric",TRUE
"Main",200,"Asymmetric mixture",707,"OLS",TRUE
"Main",200,"Asymmetric mixture",707,"Semiparametric",TRUE
"Main",200,"Symmetric bimodal",547,"OLS",TRUE
"Main",200,"Symmetric bimodal",547,"Semiparametric",TRUE
"Main",200,"Skew-normal",613,"OLS",TRUE
"Main",200,"Skew-normal",613,"Semiparametric",TRUE
"Main",200,"Symmetric bimodal",899,"OLS",TRUE
"Main",200,"Symmetric bimodal",899,"Semiparametric",TRUE
"Main",500,"Skew-normal",495,"OLS",TRUE
"Main",500,"Skew-normal",495,"Semiparametric",TRUE
"Main",500,"Skew-normal",69,"OLS",TRUE
"Main",500,"Skew-normal",69,"Semiparametric",TRUE
"Main",200,"Symmetric bimodal",693,"OLS",TRUE
"Main",200,"Symmetric bimodal",693,"Semiparametric",FALSE
"Main",200,"Gaussian",230,"OLS",TRUE
"Main",200,"Gaussian",230,"Semiparametric",TRUE
"Main",200,"Asymmetric mixture",271,"OLS",TRUE
"Main",200,"Asymmetric mixture",271,"Semiparametric",FALSE
"Main",200,"Gaussian",629,"OLS",TRUE
"Main",200,"Gaussian",629,"Semiparametric",TRUE
"Main",200,"Skew-normal",965,"OLS",TRUE
"Main",200,"Skew-normal",965,"Semiparametric",TRUE
"Main",500,"Asymmetric mixture",37,"OLS",TRUE
"Main",500,"Asymmetric mixture",37,"Semiparametric",TRUE
"Main",500,"Asymmetric mixture",561,"OLS",TRUE
"Main",500,"Asymmetric mixture",561,"Semiparametric",TRUE
"Main",200,"Asymmetric mixture",693,"OLS",TRUE
"Main",200,"Asymmetric mixture",693,"Semiparametric",FALSE
"Main",500,"Gaussian",625,"OLS",TRUE
"Main",500,"Gaussian",625,"Semiparametric",TRUE
"Main",200,"Gaussian",921,"OLS",TRUE
"Main",200,"Gaussian",921,"Semiparametric",TRUE
"Main",500,"Gaussian",438,"OLS",TRUE
"Main",500,"Gaussian",438,"Semiparametric",TRUE
"Main",500,"Skew-normal",437,"OLS",TRUE
"Main",500,"Skew-normal",437,"Semiparametric",TRUE
"Main",200,"Gaussian",592,"OLS",TRUE
"Main",200,"Gaussian",592,"Semiparametric",TRUE
"Main",500,"Skew-normal",834,"OLS",TRUE
"Main",500,"Skew-normal",834,"Semiparametric",TRUE
"Main",200,"Symmetric bimodal",271,"OLS",TRUE
"Main",200,"Symmetric bimodal",271,"Semiparametric",TRUE
"Main",500,"Skew-normal",433,"OLS",TRUE
"Main",500,"Skew-normal",433,"Semiparametric",TRUE
"Main",500,"Skew-normal",535,"OLS",TRUE
"Main",500,"Skew-normal",535,"Semiparametric",TRUE
"Main",200,"Skew-normal",59,"OLS",TRUE
"Main",200,"Skew-normal",59,"Semiparametric",TRUE
"Main",200,"Skew-normal",770,"OLS",TRUE
"Main",200,"Skew-normal",770,"Semiparametric",TRUE
"Main",200,"Symmetric bimodal",720,"OLS",TRUE
"Main",200,"Symmetric bimodal",720,"Semiparametric",TRUE
"Main",200,"Skew-normal",467,"OLS",TRUE
"Main",200,"Skew-normal",467,"Semiparametric",TRUE
"Main",200,"Asymmetric mixture",606,"OLS",TRUE
"Main",200,"Asymmetric mixture",606,"Semiparametric",TRUE
"Main",500,"Skew-normal",570,"OLS",TRUE
"Main",500,"Skew-normal",570,"Semiparametric",TRUE
"Main",200,"Asymmetric mixture",790,"OLS",TRUE
"Main",200,"Asymmetric mixture",790,"Semiparametric",TRUE
"Main",200,"Asymmetric mixture",419,"OLS",TRUE
"Main",200,"Asymmetric mixture",419,"Semiparametric",TRUE
"Main",500,"Skew-normal",840,"OLS",TRUE
"Main",500,"Skew-normal",840,"Semiparametric",TRUE
"Main",200,"Symmetric bimodal",450,"OLS",TRUE
"Main",200,"Symmetric bimodal",450,"Semiparametric",TRUE
"Main",200,"Skew-normal",499,"OLS",TRUE
"Main",200,"Skew-normal",499,"Semiparametric",TRUE
"Main",200,"Asymmetric mixture",402,"OLS",TRUE
"Main",200,"Asymmetric mixture",402,"Semiparametric",TRUE
"Main",500,"Asymmetric mixture",524,"OLS",TRUE
"Main",500,"Asymmetric mixture",524,"Semiparametric",TRUE
"Main",500,"Symmetric bimodal",862,"OLS",TRUE
"Main",500,"Symmetric bimodal",862,"Semiparametric",TRUE
"Main",200,"Symmetric bimodal",421,"OLS",TRUE
"Main",200,"Symmetric bimodal",421,"Semiparametric",TRUE
"Main",200,"Symmetric bimodal",289,"OLS",TRUE
"Main",200,"Symmetric bimodal",289,"Semiparametric",TRUE
"Main",500,"Asymmetric mixture",919,"OLS",TRUE
"Main",500,"Asymmetric mixture",919,"Semiparametric",TRUE
"Main",200,"Asymmetric mixture",85,"OLS",TRUE
"Main",200,"Asymmetric mixture",85,"Semiparametric",TRUE
"Main",200,"Asymmetric mixture",463,"OLS",TRUE
"Main",200,"Asymmetric mixture",463,"Semiparametric",TRUE
"Main",500,"Asymmetric mixture",890,"OLS",TRUE
"Main",500,"Asymmetric mixture",890,"Semiparametric",TRUE
"Main",500,"Symmetric bimodal",726,"OLS",TRUE
"Main",500,"Symmetric bimodal",726,"Semiparametric",TRUE
"Main",500,"Skew-normal",262,"OLS",TRUE
"Main",500,"Skew-normal",262,"Semiparametric",TRUE
"Main",200,"Skew-normal",319,"OLS",TRUE
"Main",200,"Skew-normal",319,"Semiparametric",TRUE
"Main",500,"Asymmetric mixture",984,"OLS",TRUE
"Main",500,"Asymmetric mixture",984,"Semiparametric",TRUE
"Main",200,"Asymmetric mixture",39,"OLS",TRUE
"Main",200,"Asymmetric mixture",39,"Semiparametric",TRUE
"Main",200,"Asymmetric mixture",390,"OLS",TRUE
"Main",200,"Asymmetric mixture",390,"Semiparametric",TRUE
"Main",200,"Symmetric bimodal",185,"OLS",TRUE
"Main",200,"Symmetric bimodal",185,"Semiparametric",TRUE
"Main",200,"Symmetric bimodal",927,"OLS",TRUE
"Main",200,"Symmetric bimodal",927,"Semiparametric",TRUE
"Main",500,"Skew-normal",792,"OLS",TRUE
"Main",500,"Skew-normal",792,"Semiparametric",TRUE
"Main",200,"Asymmetric mixture",666,"OLS",TRUE
"Main",200,"Asymmetric mixture",666,"Semiparametric",TRUE
"Main",200,"Skew-normal",567,"OLS",TRUE
"Main",200,"Skew-normal",567,"Semiparametric",TRUE
"Main",200,"Gaussian",464,"OLS",TRUE
"Main",200,"Gaussian",464,"Semiparametric",TRUE
"Main",200,"Gaussian",415,"OLS",TRUE
"Main",200,"Gaussian",415,"Semiparametric",TRUE
"Main",200,"Asymmetric mixture",324,"OLS",TRUE
"Main",200,"Asymmetric mixture",324,"Semiparametric",TRUE
"Main",500,"Symmetric bimodal",555,"OLS",TRUE
"Main",500,"Symmetric bimodal",555,"Semiparametric",TRUE
"Main",200,"Gaussian",824,"OLS",TRUE
"Main",200,"Gaussian",824,"Semiparametric",TRUE
"Main",200,"Gaussian",887,"OLS",TRUE
"Main",200,"Gaussian",887,"Semiparametric",TRUE
"Main",500,"Gaussian",39,"OLS",TRUE
"Main",500,"Gaussian",39,"Semiparametric",TRUE
"Main",500,"Asymmetric mixture",436,"OLS",TRUE
"Main",500,"Asymmetric mixture",436,"Semiparametric",TRUE
"Main",200,"Skew-normal",262,"OLS",TRUE
"Main",200,"Skew-normal",262,"Semiparametric",TRUE
"Main",500,"Asymmetric mixture",757,"OLS",TRUE
"Main",500,"Asymmetric mixture",757,"Semiparametric",TRUE
"Main",200,"Skew-normal",598,"OLS",TRUE
"Main",200,"Skew-normal",598,"Semiparametric",TRUE
"Main",500,"Asymmetric mixture",623,"OLS",TRUE
"Main",500,"Asymmetric mixture",623,"Semiparametric",TRUE
"Main",200,"Gaussian",722,"OLS",TRUE
"Main",200,"Gaussian",722,"Semiparametric",TRUE
"Main",200,"Asymmetric mixture",266,"OLS",TRUE
"Main",200,"Asymmetric mixture",266,"Semiparametric",TRUE
"Main",200,"Gaussian",886,"OLS",TRUE
"Main",200,"Gaussian",886,"Semiparametric",TRUE
"Main",500,"Skew-normal",939,"OLS",TRUE
"Main",500,"Skew-normal",939,"Semiparametric",TRUE
"Main",500,"Symmetric bimodal",252,"OLS",TRUE
"Main",500,"Symmetric bimodal",252,"Semiparametric",TRUE
"Main",500,"Gaussian",160,"OLS",TRUE
"Main",500,"Gaussian",160,"Semiparametric",TRUE
"Main",200,"Skew-normal",709,"OLS",TRUE
"Main",200,"Skew-normal",709,"Semiparametric",TRUE
"Main",200,"Gaussian",992,"OLS",TRUE
"Main",200,"Gaussian",992,"Semiparametric",TRUE
"Main",500,"Gaussian",905,"OLS",TRUE
"Main",500,"Gaussian",905,"Semiparametric",TRUE
"Main",500,"Gaussian",509,"OLS",TRUE
"Main",500,"Gaussian",509,"Semiparametric",TRUE
"Main",500,"Asymmetric mixture",452,"OLS",TRUE
"Main",500,"Asymmetric mixture",452,"Semiparametric",TRUE
"Main",200,"Skew-normal",313,"OLS",TRUE
"Main",200,"Skew-normal",313,"Semiparametric",TRUE
"Main",200,"Symmetric bimodal",260,"OLS",TRUE
"Main",200,"Symmetric bimodal",260,"Semiparametric",TRUE
"Main",200,"Gaussian",957,"OLS",TRUE
"Main",200,"Gaussian",957,"Semiparametric",TRUE
"Main",200,"Asymmetric mixture",408,"OLS",TRUE
"Main",200,"Asymmetric mixture",408,"Semiparametric",TRUE
"Main",200,"Gaussian",876,"OLS",TRUE
"Main",200,"Gaussian",876,"Semiparametric",TRUE
"Main",200,"Gaussian",621,"OLS",TRUE
"Main",200,"Gaussian",621,"Semiparametric",TRUE
"Main",500,"Symmetric bimodal",105,"OLS",TRUE
"Main",500,"Symmetric bimodal",105,"Semiparametric",TRUE
"Main",500,"Skew-normal",780,"OLS",TRUE
"Main",500,"Skew-normal",780,"Semiparametric",TRUE
"Main",200,"Asymmetric mixture",321,"OLS",TRUE
"Main",200,"Asymmetric mixture",321,"Semiparametric",TRUE
"Main",200,"Symmetric bimodal",139,"OLS",TRUE
"Main",200,"Symmetric bimodal",139,"Semiparametric",TRUE
"Main",200,"Asymmetric mixture",905,"OLS",TRUE
"Main",200,"Asymmetric mixture",905,"Semiparametric",TRUE
"Main",200,"Asymmetric mixture",629,"OLS",TRUE
"Main",200,"Asymmetric mixture",629,"Semiparametric",TRUE
"Main",200,"Symmetric bimodal",315,"OLS",TRUE
"Main",200,"Symmetric bimodal",315,"Semiparametric",TRUE
"Main",500,"Skew-normal",171,"OLS",TRUE
"Main",500,"Skew-normal",171,"Semiparametric",TRUE
"Main",500,"Skew-normal",266,"OLS",TRUE
"Main",500,"Skew-normal",266,"Semiparametric",TRUE
"Main",200,"Gaussian",616,"OLS",TRUE
"Main",200,"Gaussian",616,"Semiparametric",TRUE
"Main",500,"Symmetric bimodal",99,"OLS",TRUE
"Main",500,"Symmetric bimodal",99,"Semiparametric",TRUE
"Main",200,"Skew-normal",451,"OLS",TRUE
"Main",200,"Skew-normal",451,"Semiparametric",TRUE
"Main",500,"Skew-normal",996,"OLS",TRUE
"Main",500,"Skew-normal",996,"Semiparametric",TRUE
"Main",200,"Skew-normal",272,"OLS",TRUE
"Main",200,"Skew-normal",272,"Semiparametric",TRUE
"Main",500,"Gaussian",320,"OLS",TRUE
"Main",500,"Gaussian",320,"Semiparametric",TRUE
"Main",200,"Skew-normal",829,"OLS",TRUE
"Main",200,"Skew-normal",829,"Semiparametric",TRUE
"Main",200,"Skew-normal",518,"OLS",TRUE
"Main",200,"Skew-normal",518,"Semiparametric",TRUE
"Main",200,"Skew-normal",173,"OLS",TRUE
"Main",200,"Skew-normal",173,"Semiparametric",TRUE
"Main",200,"Skew-normal",30,"OLS",TRUE
"Main",200,"Skew-normal",30,"Semiparametric",TRUE
"Main",200,"Symmetric bimodal",345,"OLS",TRUE
"Main",200,"Symmetric bimodal",345,"Semiparametric",TRUE
"Main",500,"Symmetric bimodal",912,"OLS",TRUE
"Main",500,"Symmetric bimodal",912,"Semiparametric",TRUE
"Main",500,"Skew-normal",281,"OLS",TRUE
"Main",500,"Skew-normal",281,"Semiparametric",TRUE
"Main",200,"Symmetric bimodal",773,"OLS",TRUE
"Main",200,"Symmetric bimodal",773,"Semiparametric",TRUE
"Main",200,"Asymmetric mixture",195,"OLS",TRUE
"Main",200,"Asymmetric mixture",195,"Semiparametric",TRUE
"Main",200,"Asymmetric mixture",64,"OLS",TRUE
"Main",200,"Asymmetric mixture",64,"Semiparametric",TRUE
"Main",500,"Skew-normal",479,"OLS",TRUE
"Main",500,"Skew-normal",479,"Semiparametric",TRUE
"Main",500,"Asymmetric mixture",210,"OLS",TRUE
"Main",500,"Asymmetric mixture",210,"Semiparametric",TRUE
"Main",200,"Asymmetric mixture",74,"OLS",TRUE
"Main",200,"Asymmetric mixture",74,"Semiparametric",TRUE
"Main",500,"Skew-normal",885,"OLS",TRUE
"Main",500,"Skew-normal",885,"Semiparametric",TRUE
"Main",200,"Gaussian",543,"OLS",TRUE
"Main",200,"Gaussian",543,"Semiparametric",TRUE
"Main",500,"Skew-normal",447,"OLS",TRUE
"Main",500,"Skew-normal",447,"Semiparametric",TRUE
"Main",200,"Symmetric bimodal",623,"OLS",TRUE
"Main",200,"Symmetric bimodal",623,"Semiparametric",TRUE
"Main",200,"Symmetric bimodal",546,"OLS",TRUE
"Main",200,"Symmetric bimodal",546,"Semiparametric",TRUE
"Main",200,"Symmetric bimodal",81,"OLS",TRUE
"Main",200,"Symmetric bimodal",81,"Semiparametric",TRUE
"Main",500,"Skew-normal",420,"OLS",TRUE
"Main",500,"Skew-normal",420,"Semiparametric",TRUE
"Main",500,"Gaussian",147,"OLS",TRUE
"Main",500,"Gaussian",147,"Semiparametric",TRUE
"Main",500,"Symmetric bimodal",433,"OLS",TRUE
"Main",500,"Symmetric bimodal",433,"Semiparametric",TRUE
"Main",200,"Asymmetric mixture",519,"OLS",TRUE
"Main",200,"Asymmetric mixture",519,"Semiparametric",TRUE
"Main",500,"Gaussian",656,"OLS",TRUE
"Main",500,"Gaussian",656,"Semiparametric",TRUE
"Main",500,"Skew-normal",341,"OLS",TRUE
"Main",500,"Skew-normal",341,"Semiparametric",TRUE
"Main",200,"Symmetric bimodal",82,"OLS",TRUE
"Main",200,"Symmetric bimodal",82,"Semiparametric",TRUE
"Main",200,"Gaussian",630,"OLS",TRUE
"Main",200,"Gaussian",630,"Semiparametric",TRUE
"Main",500,"Gaussian",333,"OLS",TRUE
"Main",500,"Gaussian",333,"Semiparametric",TRUE
"Main",500,"Symmetric bimodal",456,"OLS",TRUE
"Main",500,"Symmetric bimodal",456,"Semiparametric",TRUE
"Main",500,"Asymmetric mixture",406,"OLS",TRUE
"Main",500,"Asymmetric mixture",406,"Semiparametric",TRUE
"Main",500,"Symmetric bimodal",201,"OLS",TRUE
"Main",500,"Symmetric bimodal",201,"Semiparametric",TRUE
"Main",500,"Gaussian",567,"OLS",TRUE
"Main",500,"Gaussian",567,"Semiparametric",TRUE
"Main",200,"Symmetric bimodal",370,"OLS",TRUE
"Main",200,"Symmetric bimodal",370,"Semiparametric",FALSE
"Main",200,"Symmetric bimodal",329,"OLS",TRUE
"Main",200,"Symmetric bimodal",329,"Semiparametric",TRUE
"Main",200,"Skew-normal",33,"OLS",TRUE
"Main",200,"Skew-normal",33,"Semiparametric",TRUE
"Main",500,"Skew-normal",238,"OLS",TRUE
"Main",500,"Skew-normal",238,"Semiparametric",TRUE
"Main",500,"Skew-normal",971,"OLS",TRUE
"Main",500,"Skew-normal",971,"Semiparametric",TRUE
"Main",500,"Skew-normal",195,"OLS",TRUE
"Main",500,"Skew-normal",195,"Semiparametric",TRUE
"Main",200,"Skew-normal",198,"OLS",TRUE
"Main",200,"Skew-normal",198,"Semiparametric",TRUE
"Main",200,"Asymmetric mixture",691,"OLS",TRUE
"Main",200,"Asymmetric mixture",691,"Semiparametric",TRUE
"Main",500,"Asymmetric mixture",77,"OLS",TRUE
"Main",500,"Asymmetric mixture",77,"Semiparametric",TRUE
"Main",500,"Gaussian",650,"OLS",TRUE
"Main",500,"Gaussian",650,"Semiparametric",TRUE
"Main",200,"Asymmetric mixture",639,"OLS",TRUE
"Main",200,"Asymmetric mixture",639,"Semiparametric",FALSE
"Main",200,"Asymmetric mixture",520,"OLS",TRUE
"Main",200,"Asymmetric mixture",520,"Semiparametric",TRUE
"Main",200,"Gaussian",137,"OLS",TRUE
"Main",200,"Gaussian",137,"Semiparametric",TRUE
"Main",500,"Symmetric bimodal",124,"OLS",TRUE
"Main",500,"Symmetric bimodal",124,"Semiparametric",TRUE
"Main",500,"Skew-normal",731,"OLS",TRUE
"Main",500,"Skew-normal",731,"Semiparametric",TRUE
"Main",500,"Symmetric bimodal",505,"OLS",TRUE
"Main",500,"Symmetric bimodal",505,"Semiparametric",TRUE
"Main",200,"Gaussian",12,"OLS",TRUE
"Main",200,"Gaussian",12,"Semiparametric",TRUE
"Main",200,"Skew-normal",959,"OLS",TRUE
"Main",200,"Skew-normal",959,"Semiparametric",TRUE
"Main",200,"Symmetric bimodal",458,"OLS",TRUE
"Main",200,"Symmetric bimodal",458,"Semiparametric",TRUE
"Main",200,"Gaussian",590,"OLS",TRUE
"Main",200,"Gaussian",590,"Semiparametric",TRUE
"Main",200,"Skew-normal",154,"OLS",TRUE
"Main",200,"Skew-normal",154,"Semiparametric",TRUE
"Main",200,"Asymmetric mixture",369,"OLS",TRUE
"Main",200,"Asymmetric mixture",369,"Semiparametric",FALSE
"Main",200,"Skew-normal",886,"OLS",TRUE
"Main",200,"Skew-normal",886,"Semiparametric",TRUE
"Main",200,"Symmetric bimodal",561,"OLS",TRUE
"Main",200,"Symmetric bimodal",561,"Semiparametric",TRUE
"Main",200,"Skew-normal",231,"OLS",TRUE
"Main",200,"Skew-normal",231,"Semiparametric",TRUE
"Main",200,"Symmetric bimodal",686,"OLS",TRUE
"Main",200,"Symmetric bimodal",686,"Semiparametric",TRUE
"Main",200,"Asymmetric mixture",495,"OLS",TRUE
"Main",200,"Asymmetric mixture",495,"Semiparametric",FALSE
"Main",200,"Symmetric bimodal",644,"OLS",TRUE
"Main",200,"Symmetric bimodal",644,"Semiparametric",TRUE
"Main",200,"Asymmetric mixture",858,"OLS",TRUE
"Main",200,"Asymmetric mixture",858,"Semiparametric",TRUE
"Main",500,"Skew-normal",65,"OLS",TRUE
"Main",500,"Skew-normal",65,"Semiparametric",TRUE
"Main",200,"Gaussian",700,"OLS",TRUE
"Main",200,"Gaussian",700,"Semiparametric",TRUE
"Main",200,"Asymmetric mixture",909,"OLS",TRUE
"Main",200,"Asymmetric mixture",909,"Semiparametric",FALSE
"Main",200,"Asymmetric mixture",621,"OLS",TRUE
"Main",200,"Asymmetric mixture",621,"Semiparametric",TRUE
"Main",200,"Skew-normal",592,"OLS",TRUE
"Main",200,"Skew-normal",592,"Semiparametric",TRUE
"Main",500,"Gaussian",974,"OLS",TRUE
"Main",500,"Gaussian",974,"Semiparametric",TRUE
"Main",200,"Gaussian",171,"OLS",TRUE
"Main",200,"Gaussian",171,"Semiparametric",TRUE
"Main",200,"Skew-normal",932,"OLS",TRUE
"Main",200,"Skew-normal",932,"Semiparametric",TRUE
"Main",500,"Gaussian",294,"OLS",TRUE
"Main",500,"Gaussian",294,"Semiparametric",TRUE
"Main",500,"Symmetric bimodal",720,"OLS",TRUE
"Main",500,"Symmetric bimodal",720,"Semiparametric",TRUE
"Main",200,"Gaussian",145,"OLS",TRUE
"Main",200,"Gaussian",145,"Semiparametric",TRUE
"Main",500,"Asymmetric mixture",397,"OLS",TRUE
"Main",500,"Asymmetric mixture",397,"Semiparametric",TRUE
"Main",500,"Gaussian",785,"OLS",TRUE
"Main",500,"Gaussian",785,"Semiparametric",TRUE
"Main",500,"Asymmetric mixture",9,"OLS",TRUE
"Main",500,"Asymmetric mixture",9,"Semiparametric",TRUE
"Main",200,"Skew-normal",895,"OLS",TRUE
"Main",200,"Skew-normal",895,"Semiparametric",TRUE
"Main",500,"Asymmetric mixture",549,"OLS",TRUE
"Main",500,"Asymmetric mixture",549,"Semiparametric",TRUE
"Main",500,"Gaussian",651,"OLS",TRUE
"Main",500,"Gaussian",651,"Semiparametric",TRUE
"Main",500,"Symmetric bimodal",345,"OLS",TRUE
"Main",500,"Symmetric bimodal",345,"Semiparametric",TRUE
"Main",200,"Asymmetric mixture",708,"OLS",TRUE
"Main",200,"Asymmetric mixture",708,"Semiparametric",TRUE
"Main",200,"Gaussian",414,"OLS",TRUE
"Main",200,"Gaussian",414,"Semiparametric",TRUE
"Main",500,"Symmetric bimodal",526,"OLS",TRUE
"Main",500,"Symmetric bimodal",526,"Semiparametric",TRUE
"Main",500,"Symmetric bimodal",650,"OLS",TRUE
"Main",500,"Symmetric bimodal",650,"Semiparametric",TRUE
"Main",200,"Gaussian",972,"OLS",TRUE
"Main",200,"Gaussian",972,"Semiparametric",TRUE
"Main",200,"Skew-normal",141,"OLS",TRUE
"Main",200,"Skew-normal",141,"Semiparametric",TRUE
"Main",200,"Symmetric bimodal",945,"OLS",TRUE
"Main",200,"Symmetric bimodal",945,"Semiparametric",TRUE
"Main",500,"Symmetric bimodal",788,"OLS",TRUE
"Main",500,"Symmetric bimodal",788,"Semiparametric",TRUE
"Main",200,"Symmetric bimodal",321,"OLS",TRUE
"Main",200,"Symmetric bimodal",321,"Semiparametric",TRUE
"Main",200,"Asymmetric mixture",867,"OLS",TRUE
"Main",200,"Asymmetric mixture",867,"Semiparametric",TRUE
"Main",500,"Symmetric bimodal",695,"OLS",TRUE
"Main",500,"Symmetric bimodal",695,"Semiparametric",TRUE
"Main",200,"Skew-normal",904,"OLS",TRUE
"Main",200,"Skew-normal",904,"Semiparametric",TRUE
"Main",500,"Gaussian",306,"OLS",TRUE
"Main",500,"Gaussian",306,"Semiparametric",TRUE
"Main",200,"Skew-normal",504,"OLS",TRUE
"Main",200,"Skew-normal",504,"Semiparametric",TRUE
"Main",200,"Gaussian",314,"OLS",TRUE
"Main",200,"Gaussian",314,"Semiparametric",TRUE
"Main",200,"Asymmetric mixture",663,"OLS",TRUE
"Main",200,"Asymmetric mixture",663,"Semiparametric",TRUE
"Main",500,"Asymmetric mixture",342,"OLS",TRUE
"Main",500,"Asymmetric mixture",342,"Semiparametric",TRUE
"Main",500,"Gaussian",199,"OLS",TRUE
"Main",500,"Gaussian",199,"Semiparametric",TRUE
"Main",500,"Symmetric bimodal",101,"OLS",TRUE
"Main",500,"Symmetric bimodal",101,"Semiparametric",TRUE
"Main",500,"Skew-normal",696,"OLS",TRUE
"Main",500,"Skew-normal",696,"Semiparametric",TRUE
"Main",200,"Asymmetric mixture",988,"OLS",TRUE
"Main",200,"Asymmetric mixture",988,"Semiparametric",TRUE
"Main",500,"Skew-normal",666,"OLS",TRUE
"Main",500,"Skew-normal",666,"Semiparametric",TRUE
"Main",200,"Gaussian",353,"OLS",TRUE
"Main",200,"Gaussian",353,"Semiparametric",TRUE
"Main",500,"Symmetric bimodal",587,"OLS",TRUE
"Main",500,"Symmetric bimodal",587,"Semiparametric",TRUE
"Main",200,"Symmetric bimodal",919,"OLS",TRUE
"Main",200,"Symmetric bimodal",919,"Semiparametric",FALSE
"Main",500,"Gaussian",548,"OLS",TRUE
"Main",500,"Gaussian",548,"Semiparametric",TRUE
"Main",500,"Gaussian",887,"OLS",TRUE
"Main",500,"Gaussian",887,"Semiparametric",TRUE
"Main",500,"Asymmetric mixture",63,"OLS",TRUE
"Main",500,"Asymmetric mixture",63,"Semiparametric",TRUE
"Main",200,"Asymmetric mixture",325,"OLS",TRUE
"Main",200,"Asymmetric mixture",325,"Semiparametric",TRUE
"Main",200,"Gaussian",775,"OLS",TRUE
"Main",200,"Gaussian",775,"Semiparametric",TRUE
"Main",200,"Gaussian",973,"OLS",TRUE
"Main",200,"Gaussian",973,"Semiparametric",TRUE
"Main",500,"Skew-normal",15,"OLS",TRUE
"Main",500,"Skew-normal",15,"Semiparametric",TRUE
"Main",200,"Skew-normal",248,"OLS",TRUE
"Main",200,"Skew-normal",248,"Semiparametric",TRUE
"Main",500,"Skew-normal",746,"OLS",TRUE
"Main",500,"Skew-normal",746,"Semiparametric",TRUE
"Main",200,"Gaussian",68,"OLS",TRUE
"Main",200,"Gaussian",68,"Semiparametric",TRUE
"Main",200,"Gaussian",574,"OLS",TRUE
"Main",200,"Gaussian",574,"Semiparametric",TRUE
"Main",200,"Gaussian",290,"OLS",TRUE
"Main",200,"Gaussian",290,"Semiparametric",TRUE
"Main",200,"Asymmetric mixture",594,"OLS",TRUE
"Main",200,"Asymmetric mixture",594,"Semiparametric",TRUE
"Main",200,"Asymmetric mixture",14,"OLS",TRUE
"Main",200,"Asymmetric mixture",14,"Semiparametric",TRUE
"Main",200,"Symmetric bimodal",509,"OLS",TRUE
"Main",200,"Symmetric bimodal",509,"Semiparametric",TRUE
"Main",500,"Gaussian",188,"OLS",TRUE
"Main",500,"Gaussian",188,"Semiparametric",TRUE
"Main",500,"Gaussian",823,"OLS",TRUE
"Main",500,"Gaussian",823,"Semiparametric",TRUE
"Main",200,"Gaussian",175,"OLS",TRUE
"Main",200,"Gaussian",175,"Semiparametric",TRUE
"Main",200,"Asymmetric mixture",642,"OLS",TRUE
"Main",200,"Asymmetric mixture",642,"Semiparametric",TRUE
"Main",500,"Symmetric bimodal",235,"OLS",TRUE
"Main",500,"Symmetric bimodal",235,"Semiparametric",TRUE
"Main",500,"Skew-normal",653,"OLS",TRUE
"Main",500,"Skew-normal",653,"Semiparametric",TRUE
"Main",500,"Symmetric bimodal",832,"OLS",TRUE
"Main",500,"Symmetric bimodal",832,"Semiparametric",TRUE
"Main",200,"Symmetric bimodal",627,"OLS",TRUE
"Main",200,"Symmetric bimodal",627,"Semiparametric",TRUE
"Main",200,"Gaussian",847,"OLS",TRUE
"Main",200,"Gaussian",847,"Semiparametric",TRUE
"Main",200,"Symmetric bimodal",836,"OLS",TRUE
"Main",200,"Symmetric bimodal",836,"Semiparametric",TRUE
"Main",200,"Skew-normal",252,"OLS",TRUE
"Main",200,"Skew-normal",252,"Semiparametric",TRUE
"Main",500,"Asymmetric mixture",735,"OLS",TRUE
"Main",500,"Asymmetric mixture",735,"Semiparametric",TRUE
"Main",200,"Symmetric bimodal",293,"OLS",TRUE
"Main",200,"Symmetric bimodal",293,"Semiparametric",TRUE
"Main",500,"Asymmetric mixture",559,"OLS",TRUE
"Main",500,"Asymmetric mixture",559,"Semiparametric",TRUE
"Main",500,"Asymmetric mixture",191,"OLS",TRUE
"Main",500,"Asymmetric mixture",191,"Semiparametric",TRUE
"Main",200,"Symmetric bimodal",741,"OLS",TRUE
"Main",200,"Symmetric bimodal",741,"Semiparametric",FALSE
"Main",500,"Asymmetric mixture",380,"OLS",TRUE
"Main",500,"Asymmetric mixture",380,"Semiparametric",TRUE
"Main",200,"Skew-normal",612,"OLS",TRUE
"Main",200,"Skew-normal",612,"Semiparametric",TRUE
"Main",500,"Asymmetric mixture",745,"OLS",TRUE
"Main",500,"Asymmetric mixture",745,"Semiparametric",TRUE
"Main",200,"Asymmetric mixture",478,"OLS",TRUE
"Main",200,"Asymmetric mixture",478,"Semiparametric",FALSE
"Main",200,"Asymmetric mixture",234,"OLS",TRUE
"Main",200,"Asymmetric mixture",234,"Semiparametric",TRUE
"Main",500,"Gaussian",945,"OLS",TRUE
"Main",500,"Gaussian",945,"Semiparametric",TRUE
"Main",200,"Gaussian",980,"OLS",TRUE
"Main",200,"Gaussian",980,"Semiparametric",TRUE
"Main",500,"Symmetric bimodal",33,"OLS",TRUE
"Main",500,"Symmetric bimodal",33,"Semiparametric",TRUE
"Main",200,"Skew-normal",462,"OLS",TRUE
"Main",200,"Skew-normal",462,"Semiparametric",TRUE
"Main",200,"Symmetric bimodal",334,"OLS",TRUE
"Main",200,"Symmetric bimodal",334,"Semiparametric",TRUE
"Main",200,"Gaussian",346,"OLS",TRUE
"Main",200,"Gaussian",346,"Semiparametric",TRUE
"Main",200,"Symmetric bimodal",92,"OLS",TRUE
"Main",200,"Symmetric bimodal",92,"Semiparametric",FALSE
"Main",500,"Asymmetric mixture",765,"OLS",TRUE
"Main",500,"Asymmetric mixture",765,"Semiparametric",TRUE
"Main",200,"Symmetric bimodal",198,"OLS",TRUE
"Main",200,"Symmetric bimodal",198,"Semiparametric",TRUE
"Main",200,"Gaussian",810,"OLS",TRUE
"Main",200,"Gaussian",810,"Semiparametric",TRUE
"Main",500,"Symmetric bimodal",354,"OLS",TRUE
"Main",500,"Symmetric bimodal",354,"Semiparametric",TRUE
"Main",200,"Skew-normal",795,"OLS",TRUE
"Main",200,"Skew-normal",795,"Semiparametric",TRUE
"Main",200,"Asymmetric mixture",103,"OLS",TRUE
"Main",200,"Asymmetric mixture",103,"Semiparametric",TRUE
"Main",500,"Asymmetric mixture",983,"OLS",TRUE
"Main",500,"Asymmetric mixture",983,"Semiparametric",TRUE
"Main",500,"Asymmetric mixture",410,"OLS",TRUE
"Main",500,"Asymmetric mixture",410,"Semiparametric",TRUE
"Main",500,"Skew-normal",924,"OLS",TRUE
"Main",500,"Skew-normal",924,"Semiparametric",TRUE
"Main",200,"Gaussian",126,"OLS",TRUE
"Main",200,"Gaussian",126,"Semiparametric",TRUE
"Main",500,"Gaussian",331,"OLS",TRUE
"Main",500,"Gaussian",331,"Semiparametric",TRUE
"Main",200,"Asymmetric mixture",734,"OLS",TRUE
"Main",200,"Asymmetric mixture",734,"Semiparametric",TRUE
"Main",200,"Symmetric bimodal",870,"OLS",TRUE
"Main",200,"Symmetric bimodal",870,"Semiparametric",TRUE
"Main",500,"Asymmetric mixture",278,"OLS",TRUE
"Main",500,"Asymmetric mixture",278,"Semiparametric",TRUE
"Main",500,"Skew-normal",646,"OLS",TRUE
"Main",500,"Skew-normal",646,"Semiparametric",TRUE
"Main",200,"Asymmetric mixture",19,"OLS",TRUE
"Main",200,"Asymmetric mixture",19,"Semiparametric",FALSE
"Main",500,"Skew-normal",117,"OLS",TRUE
"Main",500,"Skew-normal",117,"Semiparametric",TRUE
"Main",500,"Symmetric bimodal",897,"OLS",TRUE
"Main",500,"Symmetric bimodal",897,"Semiparametric",TRUE
"Main",500,"Symmetric bimodal",763,"OLS",TRUE
"Main",500,"Symmetric bimodal",763,"Semiparametric",TRUE
"Main",200,"Skew-normal",391,"OLS",TRUE
"Main",200,"Skew-normal",391,"Semiparametric",TRUE
"Main",200,"Skew-normal",19,"OLS",TRUE
"Main",200,"Skew-normal",19,"Semiparametric",TRUE
"Main",200,"Asymmetric mixture",254,"OLS",TRUE
"Main",200,"Asymmetric mixture",254,"Semiparametric",FALSE
"Main",200,"Gaussian",239,"OLS",TRUE
"Main",200,"Gaussian",239,"Semiparametric",TRUE
"Main",200,"Skew-normal",35,"OLS",TRUE
"Main",200,"Skew-normal",35,"Semiparametric",TRUE
"Main",200,"Gaussian",705,"OLS",TRUE
"Main",200,"Gaussian",705,"Semiparametric",TRUE
"Main",200,"Skew-normal",923,"OLS",TRUE
"Main",200,"Skew-normal",923,"Semiparametric",TRUE
"Main",200,"Skew-normal",250,"OLS",TRUE
"Main",200,"Skew-normal",250,"Semiparametric",TRUE
"Main",200,"Gaussian",606,"OLS",TRUE
"Main",200,"Gaussian",606,"Semiparametric",TRUE
"Main",500,"Gaussian",553,"OLS",TRUE
"Main",500,"Gaussian",553,"Semiparametric",TRUE
"Main",500,"Gaussian",71,"OLS",TRUE
"Main",500,"Gaussian",71,"Semiparametric",TRUE
"Main",500,"Asymmetric mixture",523,"OLS",TRUE
"Main",500,"Asymmetric mixture",523,"Semiparametric",TRUE
"Main",500,"Gaussian",319,"OLS",TRUE
"Main",500,"Gaussian",319,"Semiparametric",TRUE
"Main",500,"Asymmetric mixture",684,"OLS",TRUE
"Main",500,"Asymmetric mixture",684,"Semiparametric",TRUE
"Main",500,"Asymmetric mixture",819,"OLS",TRUE
"Main",500,"Asymmetric mixture",819,"Semiparametric",TRUE
"Main",200,"Asymmetric mixture",276,"OLS",TRUE
"Main",200,"Asymmetric mixture",276,"Semiparametric",FALSE
"Main",500,"Asymmetric mixture",730,"OLS",TRUE
"Main",500,"Asymmetric mixture",730,"Semiparametric",TRUE
"Main",500,"Gaussian",825,"OLS",TRUE
"Main",500,"Gaussian",825,"Semiparametric",TRUE
"Main",500,"Skew-normal",527,"OLS",TRUE
"Main",500,"Skew-normal",527,"Semiparametric",TRUE
"Main",200,"Skew-normal",859,"OLS",TRUE
"Main",200,"Skew-normal",859,"Semiparametric",TRUE
"Main",500,"Asymmetric mixture",601,"OLS",TRUE
"Main",500,"Asymmetric mixture",601,"Semiparametric",TRUE
"Main",500,"Gaussian",783,"OLS",TRUE
"Main",500,"Gaussian",783,"Semiparametric",TRUE
"Main",200,"Skew-normal",797,"OLS",TRUE
"Main",200,"Skew-normal",797,"Semiparametric",TRUE
"Main",200,"Skew-normal",780,"OLS",TRUE
"Main",200,"Skew-normal",780,"Semiparametric",TRUE
"Main",500,"Gaussian",497,"OLS",TRUE
"Main",500,"Gaussian",497,"Semiparametric",TRUE
"Main",500,"Asymmetric mixture",569,"OLS",TRUE
"Main",500,"Asymmetric mixture",569,"Semiparametric",TRUE
"Main",200,"Skew-normal",638,"OLS",TRUE
"Main",200,"Skew-normal",638,"Semiparametric",TRUE
"Main",500,"Skew-normal",438,"OLS",TRUE
"Main",500,"Skew-normal",438,"Semiparametric",TRUE
"Main",500,"Gaussian",11,"OLS",TRUE
"Main",500,"Gaussian",11,"Semiparametric",TRUE
"Main",500,"Symmetric bimodal",806,"OLS",TRUE
"Main",500,"Symmetric bimodal",806,"Semiparametric",TRUE
"Main",500,"Skew-normal",368,"OLS",TRUE
"Main",500,"Skew-normal",368,"Semiparametric",TRUE
"Main",200,"Gaussian",614,"OLS",TRUE
"Main",200,"Gaussian",614,"Semiparametric",TRUE
"Main",200,"Skew-normal",127,"OLS",TRUE
"Main",200,"Skew-normal",127,"Semiparametric",TRUE
"Main",500,"Asymmetric mixture",241,"OLS",TRUE
"Main",500,"Asymmetric mixture",241,"Semiparametric",TRUE
"Main",200,"Gaussian",933,"OLS",TRUE
"Main",200,"Gaussian",933,"Semiparametric",TRUE
"Main",200,"Asymmetric mixture",786,"OLS",TRUE
"Main",200,"Asymmetric mixture",786,"Semiparametric",TRUE
"Main",500,"Symmetric bimodal",145,"OLS",TRUE
"Main",500,"Symmetric bimodal",145,"Semiparametric",TRUE
"Main",500,"Skew-normal",908,"OLS",TRUE
"Main",500,"Skew-normal",908,"Semiparametric",TRUE
"Main",200,"Gaussian",173,"OLS",TRUE
"Main",200,"Gaussian",173,"Semiparametric",TRUE
"Main",200,"Symmetric bimodal",555,"OLS",TRUE
"Main",200,"Symmetric bimodal",555,"Semiparametric",TRUE
"Main",500,"Asymmetric mixture",575,"OLS",TRUE
"Main",500,"Asymmetric mixture",575,"Semiparametric",TRUE
"Main",500,"Symmetric bimodal",319,"OLS",TRUE
"Main",500,"Symmetric bimodal",319,"Semiparametric",TRUE
"Main",200,"Gaussian",462,"OLS",TRUE
"Main",200,"Gaussian",462,"Semiparametric",TRUE
"Main",500,"Gaussian",599,"OLS",TRUE
"Main",500,"Gaussian",599,"Semiparametric",TRUE
"Main",500,"Gaussian",177,"OLS",TRUE
"Main",500,"Gaussian",177,"Semiparametric",TRUE
"Main",500,"Symmetric bimodal",904,"OLS",TRUE
"Main",500,"Symmetric bimodal",904,"Semiparametric",TRUE
"Main",200,"Symmetric bimodal",409,"OLS",TRUE
"Main",200,"Symmetric bimodal",409,"Semiparametric",TRUE
"Main",200,"Asymmetric mixture",706,"OLS",TRUE
"Main",200,"Asymmetric mixture",706,"Semiparametric",TRUE
"Main",500,"Skew-normal",126,"OLS",TRUE
"Main",500,"Skew-normal",126,"Semiparametric",TRUE
"Main",500,"Gaussian",450,"OLS",TRUE
"Main",500,"Gaussian",450,"Semiparametric",TRUE
"Main",200,"Skew-normal",91,"OLS",TRUE
"Main",200,"Skew-normal",91,"Semiparametric",TRUE
"Main",200,"Asymmetric mixture",702,"OLS",TRUE
"Main",200,"Asymmetric mixture",702,"Semiparametric",TRUE
"Main",500,"Symmetric bimodal",295,"OLS",TRUE
"Main",500,"Symmetric bimodal",295,"Semiparametric",TRUE
"Main",200,"Gaussian",806,"OLS",TRUE
"Main",200,"Gaussian",806,"Semiparametric",TRUE
"Main",200,"Gaussian",361,"OLS",TRUE
"Main",200,"Gaussian",361,"Semiparametric",TRUE
"Main",200,"Gaussian",107,"OLS",TRUE
"Main",200,"Gaussian",107,"Semiparametric",TRUE
"Main",200,"Skew-normal",945,"OLS",TRUE
"Main",200,"Skew-normal",945,"Semiparametric",TRUE
"Main",500,"Gaussian",292,"OLS",TRUE
"Main",500,"Gaussian",292,"Semiparametric",TRUE
"Main",200,"Symmetric bimodal",337,"OLS",TRUE
"Main",200,"Symmetric bimodal",337,"Semiparametric",TRUE
"Main",500,"Gaussian",238,"OLS",TRUE
"Main",500,"Gaussian",238,"Semiparametric",TRUE
